user_id,ad_source,platform,country,total_revenue,purchase_count,first_purchase_date,last_purchase_date,ltv_usd
AFF_AFF001_AU_0001,affiliate,ios,AU,102.25,1,2025-01-01,2025-01-01,102.25
AFF_AFF001_AU_0025,affiliate,android,AU,123.7,1,2025-01-09,2025-01-09,123.7
AFF_AFF001_AU_0117,affiliate,ios,AU,95.52,1,2025-02-07,2025-02-07,95.52
AFF_AFF001_AU_0181,affiliate,android,AU,106.22,1,2025-02-24,2025-02-24,106.22
AFF_AFF001_AU_0328,affiliate,ios,AU,113.54,1,2025-04-09,2025-04-09,113.54
AFF_AFF001_AU_0337,affiliate,android,AU,91.07,1,2025-04-10,2025-04-10,91.07
AFF_AFF001_AU_0360,affiliate,ios,AU,96.36,1,2025-04-16,2025-04-16,96.36
AFF_AFF001_AU_0521,affiliate,android,AU,95.71,1,2025-05-31,2025-05-31,95.71
AFF_AFF001_AU_0580,affiliate,ios,AU,93.04,1,2025-06-17,2025-06-17,93.04
AFF_AFF001_AU_0641,affiliate,ios,AU,102.5,1,2025-07-05,2025-07-05,102.5
AFF_AFF001_BR_0194,affiliate,ios,BR,43.5,1,2025-02-28,2025-02-28,43.5
AFF_AFF001_BR_0295,affiliate,ios,BR,33.4,1,2025-03-30,2025-03-30,33.4
AFF_AFF001_BR_0493,affiliate,android,BR,28.73,1,2025-05-23,2025-05-23,28.73
AFF_AFF001_BR_0497,affiliate,ios,BR,35.96,1,2025-05-24,2025-05-24,35.96
AFF_AFF001_BR_0705,affiliate,ios,BR,36.98,1,2025-07-24,2025-07-24,36.98
AFF_AFF001_CA_0051,affiliate,ios,CA,94.91,1,2025-01-17,2025-01-17,94.91
AFF_AFF001_CA_0104,affiliate,ios,CA,74.35,1,2025-02-03,2025-02-03,74.35
AFF_AFF001_CA_0174,affiliate,ios,CA,98.18,1,2025-02-22,2025-02-22,98.18
AFF_AFF001_CA_0302,affiliate,android,CA,78.93,1,2025-04-01,2025-04-01,78.93
AFF_AFF001_CA_0304,affiliate,ios,CA,78.73,1,2025-04-02,2025-04-02,78.73
AFF_AFF001_CA_0309,affiliate,android,CA,80.23,1,2025-04-03,2025-04-03,80.23
AFF_AFF001_CA_0392,affiliate,ios,CA,78.48,1,2025-04-25,2025-04-25,78.48
AFF_AFF001_CA_0428,affiliate,android,CA,67.42,1,2025-05-05,2025-05-05,67.42
AFF_AFF001_CA_0557,affiliate,android,CA,73.88,1,2025-06-10,2025-06-10,73.88
AFF_AFF001_CA_0572,affiliate,ios,CA,73.81,1,2025-06-14,2025-06-14,73.81
AFF_AFF001_DE_0006,affiliate,ios,DE,60.6,1,2025-01-02,2025-01-02,60.6
AFF_AFF001_DE_0065,affiliate,android,DE,92.89,1,2025-01-20,2025-01-20,92.89
AFF_AFF001_DE_0118,affiliate,ios,DE,110.18,1,2025-02-07,2025-02-07,110.18
AFF_AFF001_DE_0344,affiliate,ios,DE,76.27,1,2025-04-12,2025-04-12,76.27
AFF_AFF001_DE_0348,affiliate,android,DE,101.91,1,2025-04-13,2025-04-13,101.91
AFF_AFF001_DE_0349,affiliate,android,DE,86.2,1,2025-04-13,2025-04-13,86.2
AFF_AFF001_DE_0409,affiliate,ios,DE,61.26,1,2025-04-30,2025-04-30,61.26
AFF_AFF001_DE_0410,affiliate,android,DE,61.06,1,2025-04-30,2025-04-30,61.06
AFF_AFF001_DE_0474,affiliate,android,DE,68.51,1,2025-05-18,2025-05-18,68.51
AFF_AFF001_DE_0478,affiliate,ios,DE,65.92,1,2025-05-19,2025-05-19,65.92
AFF_AFF001_DE_0540,affiliate,ios,DE,107.8,1,2025-06-05,2025-06-05,107.8
AFF_AFF001_DE_0616,affiliate,ios,DE,82.61,1,2025-06-28,2025-06-28,82.61
AFF_AFF001_DE_0698,affiliate,ios,DE,118.13,1,2025-07-22,2025-07-22,118.13
AFF_AFF001_FR_0096,affiliate,ios,FR,69.76,1,2025-01-30,2025-01-30,69.76
AFF_AFF001_FR_0182,affiliate,android,FR,90.18,1,2025-02-25,2025-02-25,90.18
AFF_AFF001_FR_0277,affiliate,ios,FR,57.41,1,2025-03-24,2025-03-24,57.41
AFF_AFF001_FR_0453,affiliate,android,FR,76.16,1,2025-05-13,2025-05-13,76.16
AFF_AFF001_FR_0462,affiliate,ios,FR,60.31,1,2025-05-15,2025-05-15,60.31
AFF_AFF001_GB_0296,affiliate,ios,GB,88.88,1,2025-03-30,2025-03-30,88.88
AFF_AFF001_GB_0404,affiliate,ios,GB,90.81,1,2025-04-29,2025-04-29,90.81
AFF_AFF001_GB_0541,affiliate,android,GB,138.85,1,2025-06-05,2025-06-05,138.85
AFF_AFF001_GB_0570,affiliate,ios,GB,116.35,1,2025-06-13,2025-06-13,116.35
AFF_AFF001_GB_0689,affiliate,ios,GB,105.53,1,2025-07-18,2025-07-18,105.53
AFF_AFF001_GB_0805,affiliate,ios,GB,106.63,1,2025-08-22,2025-08-22,106.63
AFF_AFF001_NL_0184,affiliate,android,NL,60.44,1,2025-02-26,2025-02-26,60.44
AFF_AFF001_NL_0318,affiliate,android,NL,82.84,1,2025-04-06,2025-04-06,82.84
AFF_AFF001_NL_0456,affiliate,android,NL,11.02,1,2025-05-14,2025-05-14,11.02
AFF_AFF001_NL_0687,affiliate,ios,NL,79.56,1,2025-07-18,2025-07-18,79.56
AFF_AFF001_PL_0287,affiliate,ios,PL,40.96,1,2025-03-28,2025-03-28,40.96
AFF_AFF001_PL_0785,affiliate,ios,PL,54.51,1,2025-08-17,2025-08-17,54.51
AFF_AFF001_PL_0804,affiliate,ios,PL,66.13,1,2025-08-21,2025-08-21,66.13
AFF_AFF001_SE_0027,affiliate,android,SE,107.44,1,2025-01-10,2025-01-10,107.44
AFF_AFF001_SE_0189,affiliate,ios,SE,104.1,1,2025-02-27,2025-02-27,104.1
AFF_AFF001_SE_0320,affiliate,android,SE,88.24,1,2025-04-07,2025-04-07,88.24
AFF_AFF001_SE_0323,affiliate,android,SE,68.99,1,2025-04-08,2025-04-08,68.99
AFF_AFF001_SE_0420,affiliate,ios,SE,114.23,1,2025-05-03,2025-05-03,114.23
AFF_AFF001_SE_0593,affiliate,ios,SE,44.54,1,2025-06-20,2025-06-20,44.54
AFF_AFF001_SE_0819,affiliate,ios,SE,94.04,1,2025-08-27,2025-08-27,94.04
AFF_AFF001_US_0050,affiliate,ios,US,84.67,1,2025-01-17,2025-01-17,84.67
AFF_AFF001_US_0079,affiliate,ios,US,73.33,1,2025-01-24,2025-01-24,73.33
AFF_AFF001_US_0081,affiliate,ios,US,115.63,1,2025-01-25,2025-01-25,115.63
AFF_AFF001_US_0222,affiliate,android,US,75.02,1,2025-03-09,2025-03-09,75.02
AFF_AFF001_US_0233,affiliate,android,US,90.01,1,2025-03-12,2025-03-12,90.01
AFF_AFF001_US_0260,affiliate,ios,US,89.41,1,2025-03-21,2025-03-21,89.41
AFF_AFF001_US_0361,affiliate,android,US,63.99,1,2025-04-17,2025-04-17,63.99
AFF_AFF001_US_0439,affiliate,ios,US,89.47,1,2025-05-08,2025-05-08,89.47
AFF_AFF001_US_0518,affiliate,android,US,89.27,1,2025-05-30,2025-05-30,89.27
AFF_AFF001_US_0525,affiliate,android,US,76.38,1,2025-06-01,2025-06-01,76.38
AFF_AFF001_US_0546,affiliate,ios,US,74.23,1,2025-06-07,2025-06-07,74.23
AFF_AFF001_US_0581,affiliate,ios,US,84.61,1,2025-06-17,2025-06-17,84.61
AFF_AFF001_US_0678,affiliate,ios,US,100.53,1,2025-07-16,2025-07-16,100.53
AFF_AFF001_US_0691,affiliate,android,US,110.87,1,2025-07-19,2025-07-19,110.87
AFF_AFF001_US_0706,affiliate,android,US,115.69,1,2025-07-24,2025-07-24,115.69
AFF_AFF001_US_0727,affiliate,ios,US,89.19,1,2025-07-31,2025-07-31,89.19
AFF_AFF001_US_0756,affiliate,ios,US,96.61,1,2025-08-10,2025-08-10,96.61
AFF_AFF001_US_0764,affiliate,ios,US,62.35,1,2025-08-12,2025-08-12,62.35
AFF_AFF001_US_0789,affiliate,ios,US,97.36,1,2025-08-18,2025-08-18,97.36
AFF_AFF002_AU_0056,affiliate,ios,AU,87.31,1,2025-01-19,2025-01-19,87.31
AFF_AFF002_AU_0127,affiliate,android,AU,57.89,1,2025-02-10,2025-02-10,57.89
AFF_AFF002_AU_0288,affiliate,ios,AU,104.09,1,2025-03-29,2025-03-29,104.09
AFF_AFF002_AU_0300,affiliate,android,AU,104.73,1,2025-04-01,2025-04-01,104.73
AFF_AFF002_AU_0306,affiliate,ios,AU,101.71,1,2025-04-03,2025-04-03,101.71
AFF_AFF002_AU_0468,affiliate,android,AU,124.86,1,2025-05-17,2025-05-17,124.86
AFF_AFF002_AU_0592,affiliate,ios,AU,79.87,1,2025-06-20,2025-06-20,79.87
AFF_AFF002_AU_0707,affiliate,android,AU,54.61,1,2025-07-24,2025-07-24,54.61
AFF_AFF002_AU_0812,affiliate,android,AU,62.12,1,2025-08-24,2025-08-24,62.12
AFF_AFF002_BR_0121,affiliate,ios,BR,48.83,1,2025-02-09,2025-02-09,48.83
AFF_AFF002_BR_0282,affiliate,android,BR,49.6,1,2025-03-26,2025-03-26,49.6
AFF_AFF002_BR_0676,affiliate,ios,BR,37.44,1,2025-07-15,2025-07-15,37.44
AFF_AFF002_BR_0765,affiliate,android,BR,46.11,1,2025-08-12,2025-08-12,46.11
AFF_AFF002_CA_0198,affiliate,ios,CA,83.41,1,2025-03-01,2025-03-01,83.41
AFF_AFF002_CA_0621,affiliate,ios,CA,78.0,1,2025-06-29,2025-06-29,78.0
AFF_AFF002_CA_0626,affiliate,android,CA,81.78,1,2025-06-30,2025-06-30,81.78
AFF_AFF002_DE_0164,affiliate,ios,DE,23.61,1,2025-02-20,2025-02-20,23.61
AFF_AFF002_DE_0247,affiliate,ios,DE,91.92,1,2025-03-17,2025-03-17,91.92
AFF_AFF002_DE_0336,affiliate,android,DE,73.49,1,2025-04-10,2025-04-10,73.49
AFF_AFF002_DE_0391,affiliate,ios,DE,51.78,1,2025-04-25,2025-04-25,51.78
AFF_AFF002_DE_0401,affiliate,ios,DE,62.8,1,2025-04-27,2025-04-27,62.8
AFF_AFF002_DE_0424,affiliate,ios,DE,97.77,1,2025-05-05,2025-05-05,97.77
AFF_AFF002_DE_0458,affiliate,ios,DE,67.28,1,2025-05-14,2025-05-14,67.28
AFF_AFF002_DE_0465,affiliate,android,DE,50.11,1,2025-05-16,2025-05-16,50.11
AFF_AFF002_DE_0574,affiliate,ios,DE,71.08,1,2025-06-15,2025-06-15,71.08
AFF_AFF002_DE_0598,affiliate,ios,DE,72.16,1,2025-06-22,2025-06-22,72.16
AFF_AFF002_DE_0630,affiliate,android,DE,78.74,1,2025-07-01,2025-07-01,78.74
AFF_AFF002_DE_0800,affiliate,ios,DE,91.92,1,2025-08-20,2025-08-20,91.92
AFF_AFF002_DE_0830,affiliate,android,DE,78.33,1,2025-08-29,2025-08-29,78.33
AFF_AFF002_FR_0054,affiliate,ios,FR,71.46,1,2025-01-18,2025-01-18,71.46
AFF_AFF002_FR_0154,affiliate,ios,FR,90.26,1,2025-02-17,2025-02-17,90.26
AFF_AFF002_FR_0180,affiliate,android,FR,64.79,1,2025-02-24,2025-02-24,64.79
AFF_AFF002_FR_0200,affiliate,android,FR,81.3,1,2025-03-02,2025-03-02,81.3
AFF_AFF002_FR_0278,affiliate,ios,FR,87.52,1,2025-03-25,2025-03-25,87.52
AFF_AFF002_FR_0353,affiliate,ios,FR,66.55,1,2025-04-14,2025-04-14,66.55
AFF_AFF002_FR_0714,affiliate,ios,FR,84.28,1,2025-07-26,2025-07-26,84.28
AFF_AFF002_FR_0803,affiliate,ios,FR,69.37,1,2025-08-21,2025-08-21,69.37
AFF_AFF002_GB_0084,affiliate,ios,GB,101.96,1,2025-01-27,2025-01-27,101.96
AFF_AFF002_GB_0136,affiliate,ios,GB,104.53,1,2025-02-13,2025-02-13,104.53
AFF_AFF002_GB_0205,affiliate,ios,GB,63.51,1,2025-03-03,2025-03-03,63.51
AFF_AFF002_GB_0224,affiliate,ios,GB,67.99,1,2025-03-09,2025-03-09,67.99
AFF_AFF002_GB_0327,affiliate,android,GB,60.87,1,2025-04-08,2025-04-08,60.87
AFF_AFF002_GB_0530,affiliate,ios,GB,92.07,1,2025-06-03,2025-06-03,92.07
AFF_AFF002_GB_0545,affiliate,ios,GB,141.67,1,2025-06-07,2025-06-07,141.67
AFF_AFF002_GB_0552,affiliate,android,GB,92.55,1,2025-06-09,2025-06-09,92.55
AFF_AFF002_GB_0558,affiliate,ios,GB,67.79,1,2025-06-10,2025-06-10,67.79
AFF_AFF002_GB_0669,affiliate,ios,GB,102.65,1,2025-07-14,2025-07-14,102.65
AFF_AFF002_GB_0771,affiliate,android,GB,132.1,1,2025-08-14,2025-08-14,132.1
AFF_AFF002_NL_0021,affiliate,ios,NL,54.75,1,2025-01-08,2025-01-08,54.75
AFF_AFF002_NL_0112,affiliate,ios,NL,71.69,1,2025-02-06,2025-02-06,71.69
AFF_AFF002_NL_0586,affiliate,ios,NL,61.92,1,2025-06-18,2025-06-18,61.92
AFF_AFF002_PL_0123,affiliate,ios,PL,19.35,1,2025-02-09,2025-02-09,19.35
AFF_AFF002_PL_0216,affiliate,ios,PL,60.88,1,2025-03-06,2025-03-06,60.88
AFF_AFF002_PL_0422,affiliate,ios,PL,35.99,1,2025-05-04,2025-05-04,35.99
AFF_AFF002_SE_0257,affiliate,android,SE,60.93,1,2025-03-19,2025-03-19,60.93
AFF_AFF002_SE_0272,affiliate,android,SE,57.36,1,2025-03-23,2025-03-23,57.36
AFF_AFF002_SE_0317,affiliate,ios,SE,98.66,1,2025-04-06,2025-04-06,98.66
AFF_AFF002_SE_0747,affiliate,ios,SE,102.14,1,2025-08-07,2025-08-07,102.14
AFF_AFF002_US_0038,affiliate,ios,US,89.61,1,2025-01-13,2025-01-13,89.61
AFF_AFF002_US_0058,affiliate,ios,US,43.69,1,2025-01-19,2025-01-19,43.69
AFF_AFF002_US_0062,affiliate,android,US,86.09,1,2025-01-20,2025-01-20,86.09
AFF_AFF002_US_0074,affiliate,ios,US,68.14,1,2025-01-22,2025-01-22,68.14
AFF_AFF002_US_0095,affiliate,android,US,93.33,1,2025-01-30,2025-01-30,93.33
AFF_AFF002_US_0145,affiliate,ios,US,98.05,1,2025-02-15,2025-02-15,98.05
AFF_AFF002_US_0151,affiliate,android,US,68.57,1,2025-02-16,2025-02-16,68.57
AFF_AFF002_US_0203,affiliate,ios,US,139.61,1,2025-03-03,2025-03-03,139.61
AFF_AFF002_US_0238,affiliate,android,US,109.31,1,2025-03-14,2025-03-14,109.31
AFF_AFF002_US_0239,affiliate,android,US,107.62,1,2025-03-15,2025-03-15,107.62
AFF_AFF002_US_0273,affiliate,ios,US,75.13,1,2025-03-24,2025-03-24,75.13
AFF_AFF002_US_0283,affiliate,ios,US,127.93,1,2025-03-27,2025-03-27,127.93
AFF_AFF002_US_0298,affiliate,ios,US,71.13,1,2025-03-31,2025-03-31,71.13
AFF_AFF002_US_0331,affiliate,ios,US,57.45,1,2025-04-09,2025-04-09,57.45
AFF_AFF002_US_0350,affiliate,ios,US,99.9,1,2025-04-14,2025-04-14,99.9
AFF_AFF002_US_0397,affiliate,android,US,75.68,1,2025-04-26,2025-04-26,75.68
AFF_AFF002_US_0417,affiliate,android,US,43.35,1,2025-05-03,2025-05-03,43.35
AFF_AFF002_US_0431,affiliate,ios,US,97.9,1,2025-05-06,2025-05-06,97.9
AFF_AFF002_US_0441,affiliate,ios,US,130.24,1,2025-05-09,2025-05-09,130.24
AFF_AFF002_US_0537,affiliate,android,US,73.99,1,2025-06-05,2025-06-05,73.99
AFF_AFF002_US_0548,affiliate,ios,US,101.48,1,2025-06-08,2025-06-08,101.48
AFF_AFF002_US_0663,affiliate,ios,US,85.22,1,2025-07-12,2025-07-12,85.22
AFF_AFF002_US_0733,affiliate,ios,US,52.46,1,2025-08-02,2025-08-02,52.46
AFF_AFF002_US_0734,affiliate,android,US,95.93,1,2025-08-02,2025-08-02,95.93
AFF_AFF002_US_0741,affiliate,ios,US,65.53,1,2025-08-05,2025-08-05,65.53
AFF_AFF002_US_0745,affiliate,ios,US,76.64,1,2025-08-07,2025-08-07,76.64
AFF_AFF002_US_0772,affiliate,ios,US,93.28,1,2025-08-14,2025-08-14,93.28
AFF_AFF002_US_0776,affiliate,android,US,100.21,1,2025-08-15,2025-08-15,100.21
AFF_AFF003_AU_0206,affiliate,ios,AU,92.48,1,2025-03-04,2025-03-04,92.48
AFF_AFF003_AU_0243,affiliate,ios,AU,60.48,1,2025-03-16,2025-03-16,60.48
AFF_AFF003_AU_0542,affiliate,ios,AU,84.13,1,2025-06-06,2025-06-06,84.13
AFF_AFF003_AU_0597,affiliate,android,AU,83.66,1,2025-06-22,2025-06-22,83.66
AFF_AFF003_AU_0682,affiliate,android,AU,109.07,1,2025-07-17,2025-07-17,109.07
AFF_AFF003_AU_0718,affiliate,ios,AU,115.19,1,2025-07-27,2025-07-27,115.19
AFF_AFF003_AU_0759,affiliate,ios,AU,62.8,1,2025-08-11,2025-08-11,62.8
AFF_AFF003_BR_0098,affiliate,ios,BR,31.54,1,2025-01-31,2025-01-31,31.54
AFF_AFF003_BR_0379,affiliate,ios,BR,54.11,1,2025-04-22,2025-04-22,54.11
AFF_AFF003_BR_0649,affiliate,ios,BR,19.42,1,2025-07-08,2025-07-08,19.42
AFF_AFF003_CA_0569,affiliate,ios,CA,42.2,1,2025-06-13,2025-06-13,42.2
AFF_AFF003_CA_0647,affiliate,android,CA,97.28,1,2025-07-07,2025-07-07,97.28
AFF_AFF003_CA_0674,affiliate,ios,CA,89.99,1,2025-07-15,2025-07-15,89.99
AFF_AFF003_CA_0788,affiliate,ios,CA,54.8,1,2025-08-18,2025-08-18,54.8
AFF_AFF003_DE_0008,affiliate,android,DE,69.53,1,2025-01-03,2025-01-03,69.53
AFF_AFF003_DE_0076,affiliate,ios,DE,92.21,1,2025-01-23,2025-01-23,92.21
AFF_AFF003_DE_0231,affiliate,android,DE,72.61,1,2025-03-11,2025-03-11,72.61
AFF_AFF003_DE_0367,affiliate,android,DE,122.74,1,2025-04-18,2025-04-18,122.74
AFF_AFF003_DE_0371,affiliate,ios,DE,79.49,1,2025-04-19,2025-04-19,79.49
AFF_AFF003_DE_0415,affiliate,ios,DE,92.54,1,2025-05-02,2025-05-02,92.54
AFF_AFF003_DE_0443,affiliate,android,DE,78.39,1,2025-05-09,2025-05-09,78.39
AFF_AFF003_DE_0651,affiliate,ios,DE,77.84,1,2025-07-09,2025-07-09,77.84
AFF_AFF003_DE_0692,affiliate,android,DE,90.39,1,2025-07-19,2025-07-19,90.39
AFF_AFF003_DE_0719,affiliate,android,DE,68.25,1,2025-07-28,2025-07-28,68.25
AFF_AFF003_DE_0793,affiliate,ios,DE,87.54,1,2025-08-19,2025-08-19,87.54
AFF_AFF003_FR_0012,affiliate,android,FR,75.08,1,2025-01-04,2025-01-04,75.08
AFF_AFF003_FR_0135,affiliate,ios,FR,89.44,1,2025-02-13,2025-02-13,89.44
AFF_AFF003_FR_0147,affiliate,ios,FR,67.45,1,2025-02-15,2025-02-15,67.45
AFF_AFF003_FR_0167,affiliate,ios,FR,83.28,1,2025-02-20,2025-02-20,83.28
AFF_AFF003_FR_0255,affiliate,android,FR,38.5,1,2025-03-19,2025-03-19,38.5
AFF_AFF003_FR_0280,affiliate,android,FR,75.85,1,2025-03-26,2025-03-26,75.85
AFF_AFF003_FR_0286,affiliate,android,FR,71.14,1,2025-03-28,2025-03-28,71.14
AFF_AFF003_FR_0448,affiliate,android,FR,73.41,1,2025-05-11,2025-05-11,73.41
AFF_AFF003_FR_0466,affiliate,ios,FR,71.72,1,2025-05-16,2025-05-16,71.72
AFF_AFF003_FR_0486,affiliate,android,FR,101.33,1,2025-05-21,2025-05-21,101.33
AFF_AFF003_FR_0490,affiliate,ios,FR,108.18,1,2025-05-22,2025-05-22,108.18
AFF_AFF003_FR_0704,affiliate,ios,FR,86.02,1,2025-07-23,2025-07-23,86.02
AFF_AFF003_FR_0831,affiliate,android,FR,93.83,1,2025-08-30,2025-08-30,93.83
AFF_AFF003_GB_0015,affiliate,ios,GB,54.83,1,2025-01-06,2025-01-06,54.83
AFF_AFF003_GB_0023,affiliate,ios,GB,130.37,1,2025-01-09,2025-01-09,130.37
AFF_AFF003_GB_0024,affiliate,android,GB,103.07,1,2025-01-09,2025-01-09,103.07
AFF_AFF003_GB_0187,affiliate,ios,GB,94.06,1,2025-02-26,2025-02-26,94.06
AFF_AFF003_GB_0249,affiliate,ios,GB,120.01,1,2025-03-17,2025-03-17,120.01
AFF_AFF003_GB_0324,affiliate,ios,GB,74.89,1,2025-04-08,2025-04-08,74.89
AFF_AFF003_GB_0359,affiliate,ios,GB,92.91,1,2025-04-16,2025-04-16,92.91
AFF_AFF003_GB_0385,affiliate,android,GB,92.17,1,2025-04-23,2025-04-23,92.17
AFF_AFF003_GB_0388,affiliate,ios,GB,98.63,1,2025-04-24,2025-04-24,98.63
AFF_AFF003_GB_0481,affiliate,ios,GB,100.97,1,2025-05-20,2025-05-20,100.97
AFF_AFF003_GB_0613,affiliate,android,GB,104.3,1,2025-06-27,2025-06-27,104.3
AFF_AFF003_GB_0701,affiliate,android,GB,95.18,1,2025-07-22,2025-07-22,95.18
AFF_AFF003_GB_0781,affiliate,android,GB,97.51,1,2025-08-16,2025-08-16,97.51
AFF_AFF003_GB_0835,affiliate,android,GB,126.83,1,2025-08-30,2025-08-30,126.83
AFF_AFF003_NL_0426,affiliate,ios,NL,66.71,1,2025-05-05,2025-05-05,66.71
AFF_AFF003_NL_0463,affiliate,ios,NL,57.15,1,2025-05-16,2025-05-16,57.15
AFF_AFF003_NL_0619,affiliate,android,NL,48.91,1,2025-06-29,2025-06-29,48.91
AFF_AFF003_NL_0753,affiliate,android,NL,67.51,1,2025-08-09,2025-08-09,67.51
AFF_AFF003_SE_0028,affiliate,ios,SE,83.51,1,2025-01-10,2025-01-10,83.51
AFF_AFF003_SE_0124,affiliate,android,SE,61.97,1,2025-02-09,2025-02-09,61.97
AFF_AFF003_SE_0492,affiliate,ios,SE,78.82,1,2025-05-23,2025-05-23,78.82
AFF_AFF003_US_0007,affiliate,android,US,72.24,1,2025-01-03,2025-01-03,72.24
AFF_AFF003_US_0059,affiliate,ios,US,35.74,1,2025-01-19,2025-01-19,35.74
AFF_AFF003_US_0063,affiliate,android,US,95.94,1,2025-01-20,2025-01-20,95.94
AFF_AFF003_US_0077,affiliate,ios,US,59.85,1,2025-01-23,2025-01-23,59.85
AFF_AFF003_US_0080,affiliate,android,US,108.31,1,2025-01-25,2025-01-25,108.31
AFF_AFF003_US_0087,affiliate,ios,US,103.81,1,2025-01-27,2025-01-27,103.81
AFF_AFF003_US_0225,affiliate,ios,US,75.99,1,2025-03-10,2025-03-10,75.99
AFF_AFF003_US_0252,affiliate,ios,US,34.6,1,2025-03-18,2025-03-18,34.6
AFF_AFF003_US_0284,affiliate,android,US,69.28,1,2025-03-27,2025-03-27,69.28
AFF_AFF003_US_0364,affiliate,android,US,86.34,1,2025-04-18,2025-04-18,86.34
AFF_AFF003_US_0418,affiliate,ios,US,128.79,1,2025-05-03,2025-05-03,128.79
AFF_AFF003_US_0506,affiliate,android,US,73.47,1,2025-05-26,2025-05-26,73.47
AFF_AFF003_US_0519,affiliate,ios,US,103.44,1,2025-05-30,2025-05-30,103.44
AFF_AFF003_US_0523,affiliate,ios,US,51.83,1,2025-05-31,2025-05-31,51.83
AFF_AFF003_US_0600,affiliate,ios,US,106.33,1,2025-06-22,2025-06-22,106.33
AFF_AFF003_US_0629,affiliate,ios,US,81.42,1,2025-07-01,2025-07-01,81.42
AFF_AFF003_US_0724,affiliate,ios,US,121.16,1,2025-07-29,2025-07-29,121.16
AFF_AFF003_US_0726,affiliate,ios,US,57.67,1,2025-07-30,2025-07-30,57.67
AFF_AFF003_US_0740,affiliate,android,US,98.81,1,2025-08-05,2025-08-05,98.81
AFF_AFF003_US_0760,affiliate,ios,US,56.03,1,2025-08-11,2025-08-11,56.03
AFF_AFF003_US_0769,affiliate,ios,US,55.73,1,2025-08-13,2025-08-13,55.73
AFF_AFF003_US_0774,affiliate,android,US,126.04,1,2025-08-14,2025-08-14,126.04
AFF_AFF003_US_0837,affiliate,ios,US,81.24,1,2025-08-31,2025-08-31,81.24
AFF_AFF004_AU_0450,affiliate,ios,AU,87.57,1,2025-05-12,2025-05-12,87.57
AFF_AFF004_AU_0577,affiliate,ios,AU,78.4,1,2025-06-16,2025-06-16,78.4
AFF_AFF004_AU_0710,affiliate,ios,AU,45.14,1,2025-07-25,2025-07-25,45.14
AFF_AFF004_BR_0511,affiliate,ios,BR,30.06,1,2025-05-27,2025-05-27,30.06
AFF_AFF004_BR_0823,affiliate,ios,BR,41.01,1,2025-08-28,2025-08-28,41.01
AFF_AFF004_CA_0033,affiliate,ios,CA,79.17,1,2025-01-12,2025-01-12,79.17
AFF_AFF004_CA_0246,affiliate,android,CA,91.29,1,2025-03-17,2025-03-17,91.29
AFF_AFF004_CA_0502,affiliate,android,CA,42.31,1,2025-05-25,2025-05-25,42.31
AFF_AFF004_CA_0633,affiliate,android,CA,102.08,1,2025-07-03,2025-07-03,102.08
AFF_AFF004_CA_0729,affiliate,android,CA,45.73,1,2025-07-31,2025-07-31,45.73
AFF_AFF004_DE_0039,affiliate,ios,DE,45.93,1,2025-01-13,2025-01-13,45.93
AFF_AFF004_DE_0052,affiliate,ios,DE,92.97,1,2025-01-17,2025-01-17,92.97
AFF_AFF004_DE_0071,affiliate,android,DE,37.03,1,2025-01-22,2025-01-22,37.03
AFF_AFF004_DE_0103,affiliate,ios,DE,80.44,1,2025-02-03,2025-02-03,80.44
AFF_AFF004_DE_0179,affiliate,android,DE,58.6,1,2025-02-24,2025-02-24,58.6
AFF_AFF004_DE_0193,affiliate,ios,DE,63.97,1,2025-02-28,2025-02-28,63.97
AFF_AFF004_DE_0211,affiliate,ios,DE,68.42,1,2025-03-05,2025-03-05,68.42
AFF_AFF004_DE_0362,affiliate,ios,DE,54.31,1,2025-04-17,2025-04-17,54.31
AFF_AFF004_DE_0374,affiliate,ios,DE,77.7,1,2025-04-20,2025-04-20,77.7
AFF_AFF004_DE_0376,affiliate,android,DE,123.37,1,2025-04-21,2025-04-21,123.37
AFF_AFF004_DE_0378,affiliate,ios,DE,95.7,1,2025-04-22,2025-04-22,95.7
AFF_AFF004_DE_0440,affiliate,ios,DE,71.91,1,2025-05-08,2025-05-08,71.91
AFF_AFF004_DE_0596,affiliate,ios,DE,80.76,1,2025-06-22,2025-06-22,80.76
AFF_AFF004_DE_0638,affiliate,android,DE,111.84,1,2025-07-04,2025-07-04,111.84
AFF_AFF004_DE_0684,affiliate,ios,DE,79.01,1,2025-07-17,2025-07-17,79.01
AFF_AFF004_DE_0827,affiliate,ios,DE,97.2,1,2025-08-29,2025-08-29,97.2
AFF_AFF004_FR_0138,affiliate,ios,FR,93.71,1,2025-02-13,2025-02-13,93.71
AFF_AFF004_FR_0140,affiliate,android,FR,55.58,1,2025-02-14,2025-02-14,55.58
AFF_AFF004_FR_0406,affiliate,ios,FR,67.85,1,2025-04-29,2025-04-29,67.85
AFF_AFF004_FR_0712,affiliate,ios,FR,98.88,1,2025-07-26,2025-07-26,98.88
AFF_AFF004_FR_0836,affiliate,android,FR,53.9,1,2025-08-31,2025-08-31,53.9
AFF_AFF004_GB_0072,affiliate,ios,GB,94.2,1,2025-01-22,2025-01-22,94.2
AFF_AFF004_GB_0091,affiliate,ios,GB,118.75,1,2025-01-29,2025-01-29,118.75
AFF_AFF004_GB_0195,affiliate,ios,GB,108.52,1,2025-02-28,2025-02-28,108.52
AFF_AFF004_GB_0204,affiliate,ios,GB,65.09,1,2025-03-03,2025-03-03,65.09
AFF_AFF004_GB_0352,affiliate,ios,GB,125.69,1,2025-04-14,2025-04-14,125.69
AFF_AFF004_GB_0394,affiliate,ios,GB,73.83,1,2025-04-25,2025-04-25,73.83
AFF_AFF004_GB_0461,affiliate,android,GB,115.11,1,2025-05-15,2025-05-15,115.11
AFF_AFF004_GB_0472,affiliate,android,GB,93.19,1,2025-05-18,2025-05-18,93.19
AFF_AFF004_GB_0498,affiliate,ios,GB,42.08,1,2025-05-24,2025-05-24,42.08
AFF_AFF004_GB_0709,affiliate,ios,GB,85.93,1,2025-07-25,2025-07-25,85.93
AFF_AFF004_GB_0763,affiliate,android,GB,37.76,1,2025-08-12,2025-08-12,37.76
AFF_AFF004_GB_0813,affiliate,ios,GB,66.79,1,2025-08-25,2025-08-25,66.79
AFF_AFF004_NL_0016,affiliate,android,NL,54.47,1,2025-01-06,2025-01-06,54.47
AFF_AFF004_NL_0148,affiliate,android,NL,70.17,1,2025-02-15,2025-02-15,70.17
AFF_AFF004_NL_0185,affiliate,ios,NL,40.25,1,2025-02-26,2025-02-26,40.25
AFF_AFF004_NL_0248,affiliate,ios,NL,33.8,1,2025-03-17,2025-03-17,33.8
AFF_AFF004_NL_0483,affiliate,ios,NL,58.53,1,2025-05-20,2025-05-20,58.53
AFF_AFF004_NL_0650,affiliate,android,NL,52.08,1,2025-07-08,2025-07-08,52.08
AFF_AFF004_PL_0119,affiliate,android,PL,33.5,1,2025-02-08,2025-02-08,33.5
AFF_AFF004_PL_0162,affiliate,ios,PL,59.39,1,2025-02-19,2025-02-19,59.39
AFF_AFF004_PL_0264,affiliate,ios,PL,42.87,1,2025-03-22,2025-03-22,42.87
AFF_AFF004_PL_0271,affiliate,ios,PL,66.55,1,2025-03-23,2025-03-23,66.55
AFF_AFF004_PL_0455,affiliate,ios,PL,52.89,1,2025-05-13,2025-05-13,52.89
AFF_AFF004_SE_0009,affiliate,ios,SE,96.45,1,2025-01-03,2025-01-03,96.45
AFF_AFF004_SE_0496,affiliate,ios,SE,111.76,1,2025-05-24,2025-05-24,111.76
AFF_AFF004_SE_0512,affiliate,ios,SE,101.66,1,2025-05-28,2025-05-28,101.66
AFF_AFF004_SE_0568,affiliate,android,SE,108.67,1,2025-06-13,2025-06-13,108.67
AFF_AFF004_SE_0817,affiliate,ios,SE,50.26,1,2025-08-27,2025-08-27,50.26
AFF_AFF004_US_0002,affiliate,ios,US,117.36,1,2025-01-01,2025-01-01,117.36
AFF_AFF004_US_0020,affiliate,android,US,98.56,1,2025-01-08,2025-01-08,98.56
AFF_AFF004_US_0030,affiliate,ios,US,92.34,1,2025-01-11,2025-01-11,92.34
AFF_AFF004_US_0088,affiliate,ios,US,75.13,1,2025-01-28,2025-01-28,75.13
AFF_AFF004_US_0126,affiliate,ios,US,91.64,1,2025-02-10,2025-02-10,91.64
AFF_AFF004_US_0159,affiliate,android,US,88.7,1,2025-02-18,2025-02-18,88.7
AFF_AFF004_US_0173,affiliate,ios,US,96.55,1,2025-02-22,2025-02-22,96.55
AFF_AFF004_US_0197,affiliate,ios,US,59.62,1,2025-03-01,2025-03-01,59.62
AFF_AFF004_US_0215,affiliate,android,US,92.02,1,2025-03-06,2025-03-06,92.02
AFF_AFF004_US_0237,affiliate,ios,US,47.54,1,2025-03-14,2025-03-14,47.54
AFF_AFF004_US_0253,affiliate,ios,US,140.2,1,2025-03-19,2025-03-19,140.2
AFF_AFF004_US_0285,affiliate,ios,US,99.41,1,2025-03-27,2025-03-27,99.41
AFF_AFF004_US_0291,affiliate,android,US,58.4,1,2025-03-29,2025-03-29,58.4
AFF_AFF004_US_0310,affiliate,ios,US,105.19,1,2025-04-04,2025-04-04,105.19
AFF_AFF004_US_0408,affiliate,android,US,76.27,1,2025-04-29,2025-04-29,76.27
AFF_AFF004_US_0429,affiliate,ios,US,110.2,1,2025-05-06,2025-05-06,110.2
AFF_AFF004_US_0457,affiliate,ios,US,76.63,1,2025-05-14,2025-05-14,76.63
AFF_AFF004_US_0459,affiliate,ios,US,117.77,1,2025-05-14,2025-05-14,117.77
AFF_AFF004_US_0469,affiliate,android,US,106.95,1,2025-05-17,2025-05-17,106.95
AFF_AFF004_US_0516,affiliate,android,US,95.91,1,2025-05-29,2025-05-29,95.91
AFF_AFF004_US_0534,affiliate,android,US,71.2,1,2025-06-04,2025-06-04,71.2
AFF_AFF004_US_0585,affiliate,ios,US,91.89,1,2025-06-18,2025-06-18,91.89
AFF_AFF004_US_0589,affiliate,ios,US,120.37,1,2025-06-19,2025-06-19,120.37
AFF_AFF004_US_0648,affiliate,android,US,56.28,1,2025-07-07,2025-07-07,56.28
AFF_AFF004_US_0725,affiliate,android,US,105.15,1,2025-07-30,2025-07-30,105.15
AFF_AFF004_US_0780,affiliate,ios,US,93.27,1,2025-08-16,2025-08-16,93.27
AFF_AFF004_US_0782,affiliate,ios,US,78.68,1,2025-08-16,2025-08-16,78.68
AFF_AFF005_AU_0053,affiliate,ios,AU,108.03,1,2025-01-17,2025-01-17,108.03
AFF_AFF005_AU_0130,affiliate,ios,AU,122.13,1,2025-02-11,2025-02-11,122.13
AFF_AFF005_AU_0160,affiliate,ios,AU,107.97,1,2025-02-19,2025-02-19,107.97
AFF_AFF005_AU_0241,affiliate,android,AU,93.88,1,2025-03-15,2025-03-15,93.88
AFF_AFF005_AU_0413,affiliate,ios,AU,75.52,1,2025-05-01,2025-05-01,75.52
AFF_AFF005_AU_0549,affiliate,ios,AU,70.86,1,2025-06-08,2025-06-08,70.86
AFF_AFF005_BR_0218,affiliate,ios,BR,43.91,1,2025-03-07,2025-03-07,43.91
AFF_AFF005_BR_0301,affiliate,ios,BR,41.36,1,2025-04-01,2025-04-01,41.36
AFF_AFF005_BR_0643,affiliate,ios,BR,25.92,1,2025-07-06,2025-07-06,25.92
AFF_AFF005_CA_0067,affiliate,ios,CA,80.92,1,2025-01-21,2025-01-21,80.92
AFF_AFF005_CA_0166,affiliate,ios,CA,87.3,1,2025-02-20,2025-02-20,87.3
AFF_AFF005_CA_0210,affiliate,ios,CA,55.98,1,2025-03-05,2025-03-05,55.98
AFF_AFF005_CA_0346,affiliate,android,CA,96.4,1,2025-04-13,2025-04-13,96.4
AFF_AFF005_CA_0400,affiliate,ios,CA,80.34,1,2025-04-27,2025-04-27,80.34
AFF_AFF005_CA_0607,affiliate,ios,CA,119.13,1,2025-06-25,2025-06-25,119.13
AFF_AFF005_CA_0640,affiliate,ios,CA,67.99,1,2025-07-05,2025-07-05,67.99
AFF_AFF005_CA_0653,affiliate,ios,CA,65.09,1,2025-07-09,2025-07-09,65.09
AFF_AFF005_CA_0736,affiliate,android,CA,56.21,1,2025-08-03,2025-08-03,56.21
AFF_AFF005_DE_0156,affiliate,ios,DE,110.8,1,2025-02-17,2025-02-17,110.8
AFF_AFF005_DE_0161,affiliate,ios,DE,76.86,1,2025-02-19,2025-02-19,76.86
AFF_AFF005_DE_0261,affiliate,ios,DE,45.56,1,2025-03-21,2025-03-21,45.56
AFF_AFF005_DE_0297,affiliate,ios,DE,90.76,1,2025-03-31,2025-03-31,90.76
AFF_AFF005_DE_0307,affiliate,ios,DE,102.67,1,2025-04-03,2025-04-03,102.67
AFF_AFF005_DE_0321,affiliate,ios,DE,51.05,1,2025-04-07,2025-04-07,51.05
AFF_AFF005_DE_0539,affiliate,android,DE,97.91,1,2025-06-05,2025-06-05,97.91
AFF_AFF005_DE_0667,affiliate,android,DE,82.99,1,2025-07-13,2025-07-13,82.99
AFF_AFF005_DE_0732,affiliate,ios,DE,81.39,1,2025-08-01,2025-08-01,81.39
AFF_AFF005_DE_0828,affiliate,ios,DE,80.62,1,2025-08-29,2025-08-29,80.62
AFF_AFF005_FR_0176,affiliate,ios,FR,53.85,1,2025-02-22,2025-02-22,53.85
AFF_AFF005_FR_0305,affiliate,ios,FR,89.8,1,2025-04-02,2025-04-02,89.8
AFF_AFF005_FR_0444,affiliate,android,FR,48.66,1,2025-05-09,2025-05-09,48.66
AFF_AFF005_FR_0618,affiliate,ios,FR,82.07,1,2025-06-29,2025-06-29,82.07
AFF_AFF005_FR_0639,affiliate,ios,FR,85.33,1,2025-07-04,2025-07-04,85.33
AFF_AFF005_FR_0708,affiliate,android,FR,65.57,1,2025-07-25,2025-07-25,65.57
AFF_AFF005_FR_0722,affiliate,android,FR,67.19,1,2025-07-29,2025-07-29,67.19
AFF_AFF005_FR_0766,affiliate,ios,FR,92.17,1,2025-08-12,2025-08-12,92.17
AFF_AFF005_FR_0773,affiliate,android,FR,71.24,1,2025-08-14,2025-08-14,71.24
AFF_AFF005_GB_0662,affiliate,ios,GB,60.43,1,2025-07-12,2025-07-12,60.43
AFF_AFF005_GB_0672,affiliate,ios,GB,60.23,1,2025-07-14,2025-07-14,60.23
AFF_AFF005_GB_0694,affiliate,ios,GB,81.54,1,2025-07-20,2025-07-20,81.54
AFF_AFF005_GB_0784,affiliate,ios,GB,91.31,1,2025-08-17,2025-08-17,91.31
AFF_AFF005_GB_0786,affiliate,android,GB,90.77,1,2025-08-17,2025-08-17,90.77
AFF_AFF005_GB_0808,affiliate,ios,GB,115.0,1,2025-08-23,2025-08-23,115.0
AFF_AFF005_GB_0824,affiliate,ios,GB,118.76,1,2025-08-28,2025-08-28,118.76
AFF_AFF005_NL_0060,affiliate,ios,NL,63.44,1,2025-01-19,2025-01-19,63.44
AFF_AFF005_NL_0075,affiliate,android,NL,46.56,1,2025-01-23,2025-01-23,46.56
AFF_AFF005_NL_0105,affiliate,ios,NL,54.54,1,2025-02-03,2025-02-03,54.54
AFF_AFF005_NL_0139,affiliate,ios,NL,77.52,1,2025-02-13,2025-02-13,77.52
AFF_AFF005_NL_0229,affiliate,ios,NL,71.18,1,2025-03-10,2025-03-10,71.18
AFF_AFF005_NL_0314,affiliate,ios,NL,66.61,1,2025-04-05,2025-04-05,66.61
AFF_AFF005_NL_0601,affiliate,ios,NL,54.86,1,2025-06-23,2025-06-23,54.86
AFF_AFF005_NL_0622,affiliate,ios,NL,67.84,1,2025-06-30,2025-06-30,67.84
AFF_AFF005_PL_0412,affiliate,android,PL,47.19,1,2025-05-01,2025-05-01,47.19
AFF_AFF005_PL_0491,affiliate,android,PL,41.91,1,2025-05-23,2025-05-23,41.91
AFF_AFF005_SE_0341,affiliate,android,SE,90.94,1,2025-04-11,2025-04-11,90.94
AFF_AFF005_SE_0505,affiliate,ios,SE,86.8,1,2025-05-25,2025-05-25,86.8
AFF_AFF005_SE_0533,affiliate,ios,SE,94.69,1,2025-06-04,2025-06-04,94.69
AFF_AFF005_SE_0547,affiliate,ios,SE,70.3,1,2025-06-07,2025-06-07,70.3
AFF_AFF005_US_0010,affiliate,ios,US,59.06,1,2025-01-03,2025-01-03,59.06
AFF_AFF005_US_0031,affiliate,ios,US,40.55,1,2025-01-11,2025-01-11,40.55
AFF_AFF005_US_0070,affiliate,ios,US,99.44,1,2025-01-22,2025-01-22,99.44
AFF_AFF005_US_0101,affiliate,android,US,75.79,1,2025-02-02,2025-02-02,75.79
AFF_AFF005_US_0142,affiliate,ios,US,107.21,1,2025-02-14,2025-02-14,107.21
AFF_AFF005_US_0275,affiliate,ios,US,107.1,1,2025-03-24,2025-03-24,107.1
AFF_AFF005_US_0316,affiliate,ios,US,96.99,1,2025-04-06,2025-04-06,96.99
AFF_AFF005_US_0339,affiliate,android,US,65.06,1,2025-04-11,2025-04-11,65.06
AFF_AFF005_US_0383,affiliate,ios,US,56.16,1,2025-04-23,2025-04-23,56.16
AFF_AFF005_US_0390,affiliate,android,US,101.77,1,2025-04-25,2025-04-25,101.77
AFF_AFF005_US_0398,affiliate,ios,US,109.78,1,2025-04-26,2025-04-26,109.78
AFF_AFF005_US_0402,affiliate,ios,US,96.26,1,2025-04-28,2025-04-28,96.26
AFF_AFF005_US_0405,affiliate,ios,US,86.04,1,2025-04-29,2025-04-29,86.04
AFF_AFF005_US_0430,affiliate,ios,US,100.28,1,2025-05-06,2025-05-06,100.28
AFF_AFF005_US_0473,affiliate,ios,US,75.13,1,2025-05-18,2025-05-18,75.13
AFF_AFF005_US_0494,affiliate,ios,US,87.02,1,2025-05-23,2025-05-23,87.02
AFF_AFF005_US_0543,affiliate,ios,US,69.22,1,2025-06-06,2025-06-06,69.22
AFF_AFF005_US_0582,affiliate,android,US,93.44,1,2025-06-17,2025-06-17,93.44
AFF_AFF005_US_0590,affiliate,android,US,118.19,1,2025-06-20,2025-06-20,118.19
AFF_AFF005_US_0609,affiliate,android,US,85.03,1,2025-06-26,2025-06-26,85.03
AFF_AFF005_US_0610,affiliate,ios,US,67.64,1,2025-06-26,2025-06-26,67.64
AFF_AFF005_US_0615,affiliate,ios,US,99.41,1,2025-06-28,2025-06-28,99.41
AFF_AFF005_US_0656,affiliate,ios,US,96.0,1,2025-07-10,2025-07-10,96.0
AFF_AFF005_US_0664,affiliate,ios,US,88.93,1,2025-07-13,2025-07-13,88.93
AFF_AFF005_US_0810,affiliate,android,US,91.72,1,2025-08-24,2025-08-24,91.72
AFF_AFF006_AU_0334,affiliate,ios,AU,96.35,1,2025-04-10,2025-04-10,96.35
AFF_AFF006_BR_0011,affiliate,ios,BR,53.31,1,2025-01-04,2025-01-04,53.31
AFF_AFF006_BR_0791,affiliate,android,BR,36.74,1,2025-08-19,2025-08-19,36.74
AFF_AFF006_CA_0128,affiliate,ios,CA,88.44,1,2025-02-10,2025-02-10,88.44
AFF_AFF006_CA_0133,affiliate,ios,CA,44.25,1,2025-02-12,2025-02-12,44.25
AFF_AFF006_CA_0134,affiliate,ios,CA,106.16,1,2025-02-12,2025-02-12,106.16
AFF_AFF006_CA_0303,affiliate,ios,CA,60.91,1,2025-04-01,2025-04-01,60.91
AFF_AFF006_CA_0384,affiliate,android,CA,74.31,1,2025-04-23,2025-04-23,74.31
AFF_AFF006_CA_0419,affiliate,ios,CA,74.63,1,2025-05-03,2025-05-03,74.63
AFF_AFF006_CA_0452,affiliate,android,CA,61.27,1,2025-05-13,2025-05-13,61.27
AFF_AFF006_CA_0514,affiliate,ios,CA,69.05,1,2025-05-28,2025-05-28,69.05
AFF_AFF006_CA_0517,affiliate,ios,CA,68.94,1,2025-05-29,2025-05-29,68.94
AFF_AFF006_CA_0602,affiliate,android,CA,85.94,1,2025-06-23,2025-06-23,85.94
AFF_AFF006_CA_0625,affiliate,ios,CA,83.12,1,2025-06-30,2025-06-30,83.12
AFF_AFF006_CA_0659,affiliate,android,CA,64.37,1,2025-07-11,2025-07-11,64.37
AFF_AFF006_CA_0743,affiliate,ios,CA,92.98,1,2025-08-06,2025-08-06,92.98
AFF_AFF006_CA_0820,affiliate,android,CA,76.79,1,2025-08-27,2025-08-27,76.79
AFF_AFF006_DE_0061,affiliate,android,DE,94.83,1,2025-01-20,2025-01-20,94.83
AFF_AFF006_DE_0234,affiliate,ios,DE,79.36,1,2025-03-12,2025-03-12,79.36
AFF_AFF006_DE_0279,affiliate,ios,DE,103.03,1,2025-03-25,2025-03-25,103.03
AFF_AFF006_DE_0435,affiliate,android,DE,103.66,1,2025-05-07,2025-05-07,103.66
AFF_AFF006_DE_0522,affiliate,android,DE,84.17,1,2025-05-31,2025-05-31,84.17
AFF_AFF006_DE_0556,affiliate,android,DE,63.47,1,2025-06-10,2025-06-10,63.47
AFF_AFF006_DE_0573,affiliate,ios,DE,64.46,1,2025-06-14,2025-06-14,64.46
AFF_AFF006_DE_0790,affiliate,ios,DE,71.19,1,2025-08-18,2025-08-18,71.19
AFF_AFF006_FR_0013,affiliate,ios,FR,80.29,1,2025-01-05,2025-01-05,80.29
AFF_AFF006_FR_0035,affiliate,ios,FR,107.37,1,2025-01-12,2025-01-12,107.37
AFF_AFF006_FR_0120,affiliate,ios,FR,104.97,1,2025-02-08,2025-02-08,104.97
AFF_AFF006_FR_0395,affiliate,android,FR,71.89,1,2025-04-26,2025-04-26,71.89
AFF_AFF006_FR_0562,affiliate,android,FR,83.46,1,2025-06-11,2025-06-11,83.46
AFF_AFF006_FR_0661,affiliate,ios,FR,68.94,1,2025-07-12,2025-07-12,68.94
AFF_AFF006_FR_0750,affiliate,android,FR,75.32,1,2025-08-08,2025-08-08,75.32
AFF_AFF006_FR_0768,affiliate,ios,FR,56.13,1,2025-08-13,2025-08-13,56.13
AFF_AFF006_GB_0049,affiliate,ios,GB,93.39,1,2025-01-17,2025-01-17,93.39
AFF_AFF006_GB_0106,affiliate,ios,GB,63.63,1,2025-02-04,2025-02-04,63.63
AFF_AFF006_GB_0149,affiliate,ios,GB,53.85,1,2025-02-16,2025-02-16,53.85
AFF_AFF006_GB_0299,affiliate,android,GB,54.36,1,2025-04-01,2025-04-01,54.36
AFF_AFF006_GB_0363,affiliate,android,GB,66.18,1,2025-04-17,2025-04-17,66.18
AFF_AFF006_GB_0373,affiliate,ios,GB,60.48,1,2025-04-20,2025-04-20,60.48
AFF_AFF006_GB_0393,affiliate,ios,GB,62.54,1,2025-04-25,2025-04-25,62.54
AFF_AFF006_GB_0487,affiliate,ios,GB,122.37,1,2025-05-21,2025-05-21,122.37
AFF_AFF006_GB_0566,affiliate,ios,GB,99.61,1,2025-06-12,2025-06-12,99.61
AFF_AFF006_GB_0576,affiliate,ios,GB,135.8,1,2025-06-16,2025-06-16,135.8
AFF_AFF006_GB_0623,affiliate,ios,GB,100.8,1,2025-06-30,2025-06-30,100.8
AFF_AFF006_GB_0717,affiliate,ios,GB,64.88,1,2025-07-27,2025-07-27,64.88
AFF_AFF006_GB_0799,affiliate,ios,GB,90.35,1,2025-08-20,2025-08-20,90.35
AFF_AFF006_NL_0358,affiliate,ios,NL,58.94,1,2025-04-15,2025-04-15,58.94
AFF_AFF006_NL_0370,affiliate,android,NL,56.22,1,2025-04-19,2025-04-19,56.22
AFF_AFF006_NL_0480,affiliate,ios,NL,50.55,1,2025-05-19,2025-05-19,50.55
AFF_AFF006_NL_0637,affiliate,ios,NL,62.16,1,2025-07-03,2025-07-03,62.16
AFF_AFF006_NL_0742,affiliate,ios,NL,53.86,1,2025-08-06,2025-08-06,53.86
AFF_AFF006_NL_0816,affiliate,ios,NL,57.75,1,2025-08-26,2025-08-26,57.75
AFF_AFF006_PL_0041,affiliate,ios,PL,64.62,1,2025-01-14,2025-01-14,64.62
AFF_AFF006_PL_0132,affiliate,android,PL,41.81,1,2025-02-12,2025-02-12,41.81
AFF_AFF006_PL_0175,affiliate,ios,PL,24.52,1,2025-02-22,2025-02-22,24.52
AFF_AFF006_PL_0575,affiliate,ios,PL,68.93,1,2025-06-15,2025-06-15,68.93
AFF_AFF006_SE_0196,affiliate,ios,SE,81.47,1,2025-03-01,2025-03-01,81.47
AFF_AFF006_SE_0208,affiliate,ios,SE,82.5,1,2025-03-05,2025-03-05,82.5
AFF_AFF006_SE_0731,affiliate,ios,SE,91.03,1,2025-08-01,2025-08-01,91.03
AFF_AFF006_US_0018,affiliate,ios,US,90.12,1,2025-01-07,2025-01-07,90.12
AFF_AFF006_US_0066,affiliate,ios,US,98.84,1,2025-01-21,2025-01-21,98.84
AFF_AFF006_US_0086,affiliate,ios,US,107.54,1,2025-01-27,2025-01-27,107.54
AFF_AFF006_US_0116,affiliate,ios,US,72.26,1,2025-02-07,2025-02-07,72.26
AFF_AFF006_US_0153,affiliate,android,US,135.45,1,2025-02-17,2025-02-17,135.45
AFF_AFF006_US_0170,affiliate,android,US,88.39,1,2025-02-21,2025-02-21,88.39
AFF_AFF006_US_0220,affiliate,ios,US,84.34,1,2025-03-08,2025-03-08,84.34
AFF_AFF006_US_0223,affiliate,ios,US,89.16,1,2025-03-09,2025-03-09,89.16
AFF_AFF006_US_0256,affiliate,ios,US,78.63,1,2025-03-19,2025-03-19,78.63
AFF_AFF006_US_0311,affiliate,android,US,71.16,1,2025-04-04,2025-04-04,71.16
AFF_AFF006_US_0340,affiliate,android,US,98.69,1,2025-04-11,2025-04-11,98.69
AFF_AFF006_US_0432,affiliate,ios,US,112.86,1,2025-05-06,2025-05-06,112.86
AFF_AFF006_US_0436,affiliate,ios,US,95.79,1,2025-05-07,2025-05-07,95.79
AFF_AFF006_US_0488,affiliate,ios,US,89.46,1,2025-05-21,2025-05-21,89.46
AFF_AFF006_US_0507,affiliate,ios,US,81.02,1,2025-05-26,2025-05-26,81.02
AFF_AFF006_US_0571,affiliate,android,US,61.5,1,2025-06-13,2025-06-13,61.5
AFF_AFF006_US_0606,affiliate,ios,US,107.74,1,2025-06-25,2025-06-25,107.74
AFF_AFF006_US_0608,affiliate,ios,US,101.67,1,2025-06-26,2025-06-26,101.67
AFF_AFF006_US_0617,affiliate,android,US,102.92,1,2025-06-29,2025-06-29,102.92
AFF_AFF006_US_0728,affiliate,ios,US,67.73,1,2025-07-31,2025-07-31,67.73
AFF_AFF006_US_0825,affiliate,android,US,96.12,1,2025-08-28,2025-08-28,96.12
AFF_AFF007_AU_0242,affiliate,ios,AU,104.16,1,2025-03-15,2025-03-15,104.16
AFF_AFF007_AU_0454,affiliate,ios,AU,93.2,1,2025-05-13,2025-05-13,93.2
AFF_AFF007_AU_0464,affiliate,ios,AU,59.15,1,2025-05-16,2025-05-16,59.15
AFF_AFF007_AU_0559,affiliate,ios,AU,114.98,1,2025-06-10,2025-06-10,114.98
AFF_AFF007_AU_0642,affiliate,ios,AU,81.94,1,2025-07-06,2025-07-06,81.94
AFF_AFF007_AU_0832,affiliate,ios,AU,76.92,1,2025-08-30,2025-08-30,76.92
AFF_AFF007_BR_0100,affiliate,ios,BR,63.85,1,2025-02-01,2025-02-01,63.85
AFF_AFF007_BR_0254,affiliate,ios,BR,37.68,1,2025-03-19,2025-03-19,37.68
AFF_AFF007_BR_0587,affiliate,ios,BR,64.34,1,2025-06-19,2025-06-19,64.34
AFF_AFF007_BR_0603,affiliate,ios,BR,58.6,1,2025-06-24,2025-06-24,58.6
AFF_AFF007_BR_0605,affiliate,ios,BR,48.95,1,2025-06-24,2025-06-24,48.95
AFF_AFF007_BR_0654,affiliate,ios,BR,38.27,1,2025-07-10,2025-07-10,38.27
AFF_AFF007_CA_0045,affiliate,android,CA,88.18,1,2025-01-15,2025-01-15,88.18
AFF_AFF007_CA_0094,affiliate,android,CA,34.04,1,2025-01-30,2025-01-30,34.04
AFF_AFF007_CA_0108,affiliate,ios,CA,93.03,1,2025-02-05,2025-02-05,93.03
AFF_AFF007_CA_0143,affiliate,ios,CA,54.24,1,2025-02-14,2025-02-14,54.24
AFF_AFF007_CA_0177,affiliate,ios,CA,91.39,1,2025-02-23,2025-02-23,91.39
AFF_AFF007_CA_0192,affiliate,ios,CA,68.34,1,2025-02-28,2025-02-28,68.34
AFF_AFF007_CA_0235,affiliate,ios,CA,110.27,1,2025-03-13,2025-03-13,110.27
AFF_AFF007_CA_0351,affiliate,ios,CA,104.09,1,2025-04-14,2025-04-14,104.09
AFF_AFF007_CA_0380,affiliate,ios,CA,52.46,1,2025-04-22,2025-04-22,52.46
AFF_AFF007_CA_0399,affiliate,ios,CA,91.89,1,2025-04-26,2025-04-26,91.89
AFF_AFF007_CA_0538,affiliate,ios,CA,82.7,1,2025-06-05,2025-06-05,82.7
AFF_AFF007_CA_0567,affiliate,android,CA,72.82,1,2025-06-12,2025-06-12,72.82
AFF_AFF007_CA_0595,affiliate,ios,CA,88.46,1,2025-06-21,2025-06-21,88.46
AFF_AFF007_CA_0624,affiliate,ios,CA,74.61,1,2025-06-30,2025-06-30,74.61
AFF_AFF007_CA_0685,affiliate,ios,CA,91.2,1,2025-07-17,2025-07-17,91.2
AFF_AFF007_CA_0703,affiliate,android,CA,86.57,1,2025-07-23,2025-07-23,86.57
AFF_AFF007_CA_0746,affiliate,android,CA,106.66,1,2025-08-07,2025-08-07,106.66
AFF_AFF007_CA_0794,affiliate,ios,CA,60.1,1,2025-08-19,2025-08-19,60.1
AFF_AFF007_DE_0048,affiliate,ios,DE,108.54,1,2025-01-16,2025-01-16,108.54
AFF_AFF007_DE_0131,affiliate,android,DE,26.09,1,2025-02-11,2025-02-11,26.09
AFF_AFF007_DE_0152,affiliate,android,DE,68.42,1,2025-02-17,2025-02-17,68.42
AFF_AFF007_DE_0326,affiliate,ios,DE,94.92,1,2025-04-08,2025-04-08,94.92
AFF_AFF007_DE_0381,affiliate,ios,DE,98.22,1,2025-04-22,2025-04-22,98.22
AFF_AFF007_DE_0433,affiliate,android,DE,64.06,1,2025-05-07,2025-05-07,64.06
AFF_AFF007_DE_0536,affiliate,android,DE,79.47,1,2025-06-04,2025-06-04,79.47
AFF_AFF007_DE_0555,affiliate,android,DE,77.72,1,2025-06-10,2025-06-10,77.72
AFF_AFF007_DE_0561,affiliate,ios,DE,82.15,1,2025-06-11,2025-06-11,82.15
AFF_AFF007_DE_0634,affiliate,ios,DE,69.0,1,2025-07-03,2025-07-03,69.0
AFF_AFF007_DE_0739,affiliate,ios,DE,57.04,1,2025-08-04,2025-08-04,57.04
AFF_AFF007_DE_0777,affiliate,ios,DE,92.58,1,2025-08-15,2025-08-15,92.58
AFF_AFF007_DE_0822,affiliate,ios,DE,51.06,1,2025-08-28,2025-08-28,51.06
AFF_AFF007_FR_0467,affiliate,ios,FR,84.92,1,2025-05-16,2025-05-16,84.92
AFF_AFF007_FR_0495,affiliate,ios,FR,78.61,1,2025-05-23,2025-05-23,78.61
AFF_AFF007_FR_0730,affiliate,ios,FR,110.46,1,2025-08-01,2025-08-01,110.46
AFF_AFF007_FR_0779,affiliate,android,FR,78.7,1,2025-08-16,2025-08-16,78.7
AFF_AFF007_GB_0190,affiliate,android,GB,105.13,1,2025-02-27,2025-02-27,105.13
AFF_AFF007_GB_0330,affiliate,ios,GB,61.13,1,2025-04-09,2025-04-09,61.13
AFF_AFF007_GB_0375,affiliate,android,GB,88.01,1,2025-04-21,2025-04-21,88.01
AFF_AFF007_GB_0515,affiliate,android,GB,125.61,1,2025-05-29,2025-05-29,125.61
AFF_AFF007_GB_0632,affiliate,ios,GB,68.17,1,2025-07-02,2025-07-02,68.17
AFF_AFF007_GB_0658,affiliate,ios,GB,94.47,1,2025-07-11,2025-07-11,94.47
AFF_AFF007_GB_0688,affiliate,ios,GB,116.83,1,2025-07-18,2025-07-18,116.83
AFF_AFF007_GB_0700,affiliate,ios,GB,159.97,1,2025-07-22,2025-07-22,159.97
AFF_AFF007_NL_0040,affiliate,ios,NL,69.17,1,2025-01-14,2025-01-14,69.17
AFF_AFF007_NL_0144,affiliate,ios,NL,48.27,1,2025-02-14,2025-02-14,48.27
AFF_AFF007_NL_0250,affiliate,ios,NL,73.4,1,2025-03-18,2025-03-18,73.4
AFF_AFF007_NL_0565,affiliate,android,NL,84.48,1,2025-06-12,2025-06-12,84.48
AFF_AFF007_NL_0628,affiliate,ios,NL,58.57,1,2025-07-01,2025-07-01,58.57
AFF_AFF007_NL_0657,affiliate,ios,NL,75.64,1,2025-07-11,2025-07-11,75.64
AFF_AFF007_NL_0723,affiliate,ios,NL,57.07,1,2025-07-29,2025-07-29,57.07
AFF_AFF007_PL_0029,affiliate,ios,PL,16.81,1,2025-01-11,2025-01-11,16.81
AFF_AFF007_PL_0387,affiliate,ios,PL,49.75,1,2025-04-24,2025-04-24,49.75
AFF_AFF007_PL_0509,affiliate,android,PL,43.45,1,2025-05-27,2025-05-27,43.45
AFF_AFF007_PL_0510,affiliate,ios,PL,34.28,1,2025-05-27,2025-05-27,34.28
AFF_AFF007_PL_0758,affiliate,ios,PL,39.17,1,2025-08-11,2025-08-11,39.17
AFF_AFF007_PL_0783,affiliate,ios,PL,49.46,1,2025-08-16,2025-08-16,49.46
AFF_AFF007_SE_0347,affiliate,android,SE,86.81,1,2025-04-13,2025-04-13,86.81
AFF_AFF007_SE_0666,affiliate,ios,SE,86.64,1,2025-07-13,2025-07-13,86.64
AFF_AFF007_US_0014,affiliate,ios,US,86.83,1,2025-01-05,2025-01-05,86.83
AFF_AFF007_US_0026,affiliate,ios,US,102.5,1,2025-01-10,2025-01-10,102.5
AFF_AFF007_US_0093,affiliate,ios,US,98.45,1,2025-01-30,2025-01-30,98.45
AFF_AFF007_US_0171,affiliate,android,US,99.2,1,2025-02-21,2025-02-21,99.2
AFF_AFF007_US_0209,affiliate,ios,US,100.34,1,2025-03-05,2025-03-05,100.34
AFF_AFF007_US_0236,affiliate,android,US,70.03,1,2025-03-13,2025-03-13,70.03
AFF_AFF007_US_0266,affiliate,android,US,108.92,1,2025-03-22,2025-03-22,108.92
AFF_AFF007_US_0325,affiliate,ios,US,81.67,1,2025-04-08,2025-04-08,81.67
AFF_AFF007_US_0386,affiliate,ios,US,70.53,1,2025-04-23,2025-04-23,70.53
AFF_AFF007_US_0407,affiliate,ios,US,73.02,1,2025-04-29,2025-04-29,73.02
AFF_AFF007_US_0438,affiliate,ios,US,68.45,1,2025-05-08,2025-05-08,68.45
AFF_AFF007_US_0485,affiliate,ios,US,72.09,1,2025-05-20,2025-05-20,72.09
AFF_AFF007_US_0526,affiliate,android,US,83.57,1,2025-06-02,2025-06-02,83.57
AFF_AFF007_US_0528,affiliate,android,US,128.71,1,2025-06-02,2025-06-02,128.71
AFF_AFF007_US_0551,affiliate,ios,US,78.76,1,2025-06-09,2025-06-09,78.76
AFF_AFF007_US_0636,affiliate,ios,US,101.06,1,2025-07-03,2025-07-03,101.06
AFF_AFF007_US_0679,affiliate,android,US,76.35,1,2025-07-16,2025-07-16,76.35
AFF_AFF007_US_0693,affiliate,ios,US,71.9,1,2025-07-20,2025-07-20,71.9
AFF_AFF007_US_0697,affiliate,ios,US,78.1,1,2025-07-21,2025-07-21,78.1
AFF_AFF007_US_0702,affiliate,android,US,95.58,1,2025-07-22,2025-07-22,95.58
AFF_AFF007_US_0761,affiliate,ios,US,74.91,1,2025-08-11,2025-08-11,74.91
AFF_AFF007_US_0802,affiliate,android,US,96.55,1,2025-08-21,2025-08-21,96.55
AFF_AFF008_AU_0017,affiliate,android,AU,102.57,1,2025-01-07,2025-01-07,102.57
AFF_AFF008_AU_0125,affiliate,android,AU,121.36,1,2025-02-09,2025-02-09,121.36
AFF_AFF008_AU_0270,affiliate,ios,AU,88.86,1,2025-03-23,2025-03-23,88.86
AFF_AFF008_AU_0335,affiliate,ios,AU,104.12,1,2025-04-10,2025-04-10,104.12
AFF_AFF008_AU_0482,affiliate,ios,AU,100.22,1,2025-05-20,2025-05-20,100.22
AFF_AFF008_AU_0584,affiliate,ios,AU,100.25,1,2025-06-18,2025-06-18,100.25
AFF_AFF008_AU_0818,affiliate,android,AU,57.23,1,2025-08-27,2025-08-27,57.23
AFF_AFF008_BR_0090,affiliate,android,BR,44.11,1,2025-01-28,2025-01-28,44.11
AFF_AFF008_BR_0240,affiliate,android,BR,46.35,1,2025-03-15,2025-03-15,46.35
AFF_AFF008_BR_0276,affiliate,ios,BR,43.93,1,2025-03-24,2025-03-24,43.93
AFF_AFF008_BR_0414,affiliate,ios,BR,40.62,1,2025-05-02,2025-05-02,40.62
AFF_AFF008_BR_0591,affiliate,android,BR,51.99,1,2025-06-20,2025-06-20,51.99
AFF_AFF008_BR_0683,affiliate,ios,BR,29.04,1,2025-07-17,2025-07-17,29.04
AFF_AFF008_BR_0755,affiliate,ios,BR,54.1,1,2025-08-10,2025-08-10,54.1
AFF_AFF008_BR_0775,affiliate,android,BR,57.29,1,2025-08-15,2025-08-15,57.29
AFF_AFF008_CA_0034,affiliate,ios,CA,126.03,1,2025-01-12,2025-01-12,126.03
AFF_AFF008_CA_0089,affiliate,ios,CA,86.75,1,2025-01-28,2025-01-28,86.75
AFF_AFF008_CA_0155,affiliate,ios,CA,96.06,1,2025-02-17,2025-02-17,96.06
AFF_AFF008_CA_0550,affiliate,ios,CA,74.21,1,2025-06-09,2025-06-09,74.21
AFF_AFF008_CA_0646,affiliate,android,CA,81.75,1,2025-07-07,2025-07-07,81.75
AFF_AFF008_CA_0677,affiliate,ios,CA,54.38,1,2025-07-16,2025-07-16,54.38
AFF_AFF008_CA_0715,affiliate,android,CA,48.31,1,2025-07-27,2025-07-27,48.31
AFF_AFF008_DE_0003,affiliate,ios,DE,64.11,1,2025-01-01,2025-01-01,64.11
AFF_AFF008_DE_0085,affiliate,ios,DE,84.4,1,2025-01-27,2025-01-27,84.4
AFF_AFF008_DE_0345,affiliate,ios,DE,40.29,1,2025-04-13,2025-04-13,40.29
AFF_AFF008_DE_0447,affiliate,ios,DE,39.39,1,2025-05-10,2025-05-10,39.39
AFF_AFF008_DE_0484,affiliate,ios,DE,55.05,1,2025-05-20,2025-05-20,55.05
AFF_AFF008_DE_0660,affiliate,android,DE,98.48,1,2025-07-11,2025-07-11,98.48
AFF_AFF008_DE_0762,affiliate,android,DE,94.37,1,2025-08-11,2025-08-11,94.37
AFF_AFF008_FR_0069,affiliate,ios,FR,59.12,1,2025-01-21,2025-01-21,59.12
AFF_AFF008_FR_0165,affiliate,ios,FR,68.44,1,2025-02-20,2025-02-20,68.44
AFF_AFF008_FR_0332,affiliate,android,FR,44.77,1,2025-04-09,2025-04-09,44.77
AFF_AFF008_FR_0479,affiliate,android,FR,40.27,1,2025-05-19,2025-05-19,40.27
AFF_AFF008_FR_0508,affiliate,ios,FR,89.74,1,2025-05-27,2025-05-27,89.74
AFF_AFF008_FR_0535,affiliate,ios,FR,55.31,1,2025-06-04,2025-06-04,55.31
AFF_AFF008_FR_0655,affiliate,android,FR,92.21,1,2025-07-10,2025-07-10,92.21
AFF_AFF008_FR_0681,affiliate,ios,FR,57.51,1,2025-07-16,2025-07-16,57.51
AFF_AFF008_FR_0695,affiliate,ios,FR,65.64,1,2025-07-21,2025-07-21,65.64
AFF_AFF008_GB_0232,affiliate,ios,GB,102.49,1,2025-03-12,2025-03-12,102.49
AFF_AFF008_GB_0396,affiliate,ios,GB,108.87,1,2025-04-26,2025-04-26,108.87
AFF_AFF008_GB_0470,affiliate,ios,GB,85.61,1,2025-05-17,2025-05-17,85.61
AFF_AFF008_GB_0504,affiliate,ios,GB,92.02,1,2025-05-25,2025-05-25,92.02
AFF_AFF008_GB_0588,affiliate,ios,GB,83.54,1,2025-06-19,2025-06-19,83.54
AFF_AFF008_GB_0631,affiliate,ios,GB,89.92,1,2025-07-02,2025-07-02,89.92
AFF_AFF008_NL_0113,affiliate,android,NL,92.42,1,2025-02-06,2025-02-06,92.42
AFF_AFF008_NL_0244,affiliate,ios,NL,112.3,1,2025-03-16,2025-03-16,112.3
AFF_AFF008_NL_0274,affiliate,ios,NL,51.84,1,2025-03-24,2025-03-24,51.84
AFF_AFF008_NL_0322,affiliate,ios,NL,41.67,1,2025-04-07,2025-04-07,41.67
AFF_AFF008_NL_0389,affiliate,android,NL,55.19,1,2025-04-24,2025-04-24,55.19
AFF_AFF008_NL_0445,affiliate,ios,NL,59.01,1,2025-05-10,2025-05-10,59.01
AFF_AFF008_NL_0471,affiliate,android,NL,59.73,1,2025-05-18,2025-05-18,59.73
AFF_AFF008_NL_0680,affiliate,ios,NL,79.67,1,2025-07-16,2025-07-16,79.67
AFF_AFF008_PL_0416,affiliate,android,PL,43.83,1,2025-05-02,2025-05-02,43.83
AFF_AFF008_SE_0044,affiliate,ios,SE,82.38,1,2025-01-14,2025-01-14,82.38
AFF_AFF008_SE_0057,affiliate,ios,SE,92.12,1,2025-01-19,2025-01-19,92.12
AFF_AFF008_SE_0289,affiliate,ios,SE,73.13,1,2025-03-29,2025-03-29,73.13
AFF_AFF008_SE_0294,affiliate,android,SE,30.37,1,2025-03-30,2025-03-30,30.37
AFF_AFF008_SE_0355,affiliate,ios,SE,30.01,1,2025-04-15,2025-04-15,30.01
AFF_AFF008_SE_0411,affiliate,ios,SE,52.66,1,2025-05-01,2025-05-01,52.66
AFF_AFF008_SE_0737,affiliate,ios,SE,47.89,1,2025-08-03,2025-08-03,47.89
AFF_AFF008_SE_0807,affiliate,android,SE,88.91,1,2025-08-23,2025-08-23,88.91
AFF_AFF008_US_0055,affiliate,android,US,144.16,1,2025-01-18,2025-01-18,144.16
AFF_AFF008_US_0073,affiliate,android,US,82.12,1,2025-01-22,2025-01-22,82.12
AFF_AFF008_US_0078,affiliate,ios,US,89.87,1,2025-01-24,2025-01-24,89.87
AFF_AFF008_US_0092,affiliate,android,US,72.43,1,2025-01-29,2025-01-29,72.43
AFF_AFF008_US_0097,affiliate,android,US,110.6,1,2025-01-31,2025-01-31,110.6
AFF_AFF008_US_0110,affiliate,android,US,78.92,1,2025-02-05,2025-02-05,78.92
AFF_AFF008_US_0111,affiliate,ios,US,74.97,1,2025-02-06,2025-02-06,74.97
AFF_AFF008_US_0150,affiliate,ios,US,89.32,1,2025-02-16,2025-02-16,89.32
AFF_AFF008_US_0157,affiliate,ios,US,71.17,1,2025-02-18,2025-02-18,71.17
AFF_AFF008_US_0168,affiliate,ios,US,63.48,1,2025-02-21,2025-02-21,63.48
AFF_AFF008_US_0213,affiliate,ios,US,49.02,1,2025-03-06,2025-03-06,49.02
AFF_AFF008_US_0219,affiliate,android,US,105.65,1,2025-03-07,2025-03-07,105.65
AFF_AFF008_US_0227,affiliate,ios,US,81.64,1,2025-03-10,2025-03-10,81.64
AFF_AFF008_US_0258,affiliate,ios,US,79.15,1,2025-03-20,2025-03-20,79.15
AFF_AFF008_US_0269,affiliate,ios,US,96.71,1,2025-03-23,2025-03-23,96.71
AFF_AFF008_US_0281,affiliate,ios,US,88.73,1,2025-03-26,2025-03-26,88.73
AFF_AFF008_US_0293,affiliate,ios,US,119.56,1,2025-03-30,2025-03-30,119.56
AFF_AFF008_US_0357,affiliate,ios,US,33.65,1,2025-04-15,2025-04-15,33.65
AFF_AFF008_US_0372,affiliate,android,US,68.38,1,2025-04-20,2025-04-20,68.38
AFF_AFF008_US_0382,affiliate,ios,US,80.43,1,2025-04-22,2025-04-22,80.43
AFF_AFF008_US_0434,affiliate,ios,US,85.82,1,2025-05-07,2025-05-07,85.82
AFF_AFF008_US_0449,affiliate,ios,US,79.68,1,2025-05-11,2025-05-11,79.68
AFF_AFF008_US_0513,affiliate,ios,US,90.18,1,2025-05-28,2025-05-28,90.18
AFF_AFF008_US_0520,affiliate,ios,US,76.97,1,2025-05-31,2025-05-31,76.97
AFF_AFF008_US_0531,affiliate,ios,US,107.31,1,2025-06-03,2025-06-03,107.31
AFF_AFF008_US_0579,affiliate,android,US,83.01,1,2025-06-17,2025-06-17,83.01
AFF_AFF008_US_0614,affiliate,ios,US,58.67,1,2025-06-27,2025-06-27,58.67
AFF_AFF008_US_0627,affiliate,android,US,86.66,1,2025-07-01,2025-07-01,86.66
AFF_AFF008_US_0670,affiliate,ios,US,93.87,1,2025-07-14,2025-07-14,93.87
AFF_AFF008_US_0675,affiliate,ios,US,83.2,1,2025-07-15,2025-07-15,83.2
AFF_AFF008_US_0699,affiliate,ios,US,127.41,1,2025-07-22,2025-07-22,127.41
AFF_AFF008_US_0716,affiliate,android,US,108.64,1,2025-07-27,2025-07-27,108.64
AFF_AFF008_US_0754,affiliate,ios,US,81.73,1,2025-08-09,2025-08-09,81.73
AFF_AFF008_US_0834,affiliate,ios,US,114.91,1,2025-08-30,2025-08-30,114.91
AFF_AFF009_AU_0083,affiliate,android,AU,113.79,1,2025-01-26,2025-01-26,113.79
AFF_AFF009_AU_0245,affiliate,android,AU,87.13,1,2025-03-16,2025-03-16,87.13
AFF_AFF009_AU_0308,affiliate,ios,AU,121.52,1,2025-04-03,2025-04-03,121.52
AFF_AFF009_AU_0315,affiliate,android,AU,63.19,1,2025-04-06,2025-04-06,63.19
AFF_AFF009_AU_0476,affiliate,ios,AU,68.37,1,2025-05-19,2025-05-19,68.37
AFF_AFF009_AU_0604,affiliate,android,AU,56.33,1,2025-06-24,2025-06-24,56.33
AFF_AFF009_AU_0652,affiliate,ios,AU,88.56,1,2025-07-09,2025-07-09,88.56
AFF_AFF009_AU_0713,affiliate,ios,AU,58.4,1,2025-07-26,2025-07-26,58.4
AFF_AFF009_AU_0720,affiliate,ios,AU,58.83,1,2025-07-28,2025-07-28,58.83
AFF_AFF009_AU_0752,affiliate,ios,AU,45.77,1,2025-08-09,2025-08-09,45.77
AFF_AFF009_AU_0821,affiliate,android,AU,88.03,1,2025-08-27,2025-08-27,88.03
AFF_AFF009_BR_0047,affiliate,ios,BR,54.61,1,2025-01-16,2025-01-16,54.61
AFF_AFF009_BR_0265,affiliate,ios,BR,43.5,1,2025-03-22,2025-03-22,43.5
AFF_AFF009_BR_0442,affiliate,ios,BR,52.75,1,2025-05-09,2025-05-09,52.75
AFF_AFF009_BR_0500,affiliate,ios,BR,37.04,1,2025-05-24,2025-05-24,37.04
AFF_AFF009_CA_0263,affiliate,android,CA,105.7,1,2025-03-21,2025-03-21,105.7
AFF_AFF009_CA_0446,affiliate,ios,CA,89.43,1,2025-05-10,2025-05-10,89.43
AFF_AFF009_CA_0798,affiliate,ios,CA,65.22,1,2025-08-20,2025-08-20,65.22
AFF_AFF009_CA_0809,affiliate,ios,CA,84.53,1,2025-08-23,2025-08-23,84.53
AFF_AFF009_DE_0019,affiliate,ios,DE,45.48,1,2025-01-08,2025-01-08,45.48
AFF_AFF009_DE_0082,affiliate,ios,DE,48.08,1,2025-01-26,2025-01-26,48.08
AFF_AFF009_DE_0115,affiliate,ios,DE,59.26,1,2025-02-06,2025-02-06,59.26
AFF_AFF009_DE_0169,affiliate,android,DE,71.0,1,2025-02-21,2025-02-21,71.0
AFF_AFF009_DE_0178,affiliate,ios,DE,31.13,1,2025-02-23,2025-02-23,31.13
AFF_AFF009_DE_0333,affiliate,ios,DE,69.31,1,2025-04-10,2025-04-10,69.31
AFF_AFF009_DE_0437,affiliate,ios,DE,70.53,1,2025-05-07,2025-05-07,70.53
AFF_AFF009_DE_0460,affiliate,android,DE,112.61,1,2025-05-15,2025-05-15,112.61
AFF_AFF009_DE_0620,affiliate,ios,DE,68.92,1,2025-06-29,2025-06-29,68.92
AFF_AFF009_DE_0635,affiliate,ios,DE,87.15,1,2025-07-03,2025-07-03,87.15
AFF_AFF009_DE_0770,affiliate,ios,DE,64.41,1,2025-08-14,2025-08-14,64.41
AFF_AFF009_DE_0829,affiliate,ios,DE,67.88,1,2025-08-29,2025-08-29,67.88
AFF_AFF009_FR_0109,affiliate,android,FR,96.46,1,2025-02-05,2025-02-05,96.46
AFF_AFF009_FR_0201,affiliate,android,FR,59.8,1,2025-03-02,2025-03-02,59.8
AFF_AFF009_FR_0319,affiliate,ios,FR,118.68,1,2025-04-06,2025-04-06,118.68
AFF_AFF009_FR_0338,affiliate,ios,FR,80.15,1,2025-04-11,2025-04-11,80.15
AFF_AFF009_FR_0366,affiliate,ios,FR,69.29,1,2025-04-18,2025-04-18,69.29
AFF_AFF009_FR_0501,affiliate,ios,FR,108.36,1,2025-05-25,2025-05-25,108.36
AFF_AFF009_FR_0503,affiliate,ios,FR,64.32,1,2025-05-25,2025-05-25,64.32
AFF_AFF009_FR_0757,affiliate,ios,FR,87.43,1,2025-08-10,2025-08-10,87.43
AFF_AFF009_GB_0037,affiliate,android,GB,88.98,1,2025-01-13,2025-01-13,88.98
AFF_AFF009_GB_0146,affiliate,ios,GB,107.04,1,2025-02-15,2025-02-15,107.04
AFF_AFF009_GB_0230,affiliate,android,GB,73.0,1,2025-03-11,2025-03-11,73.0
AFF_AFF009_GB_0403,affiliate,ios,GB,54.42,1,2025-04-28,2025-04-28,54.42
AFF_AFF009_GB_0423,affiliate,android,GB,121.74,1,2025-05-04,2025-05-04,121.74
AFF_AFF009_GB_0594,affiliate,ios,GB,118.39,1,2025-06-21,2025-06-21,118.39
AFF_AFF009_GB_0612,affiliate,android,GB,68.85,1,2025-06-26,2025-06-26,68.85
AFF_AFF009_GB_0749,affiliate,ios,GB,102.11,1,2025-08-08,2025-08-08,102.11
AFF_AFF009_NL_0221,affiliate,ios,NL,44.91,1,2025-03-08,2025-03-08,44.91
AFF_AFF009_NL_0529,affiliate,ios,NL,52.52,1,2025-06-03,2025-06-03,52.52
AFF_AFF009_NL_0665,affiliate,ios,NL,68.82,1,2025-07-13,2025-07-13,68.82
AFF_AFF009_PL_0172,affiliate,android,PL,47.63,1,2025-02-22,2025-02-22,47.63
AFF_AFF009_PL_0191,affiliate,ios,PL,42.16,1,2025-02-27,2025-02-27,42.16
AFF_AFF009_PL_0212,affiliate,android,PL,47.13,1,2025-03-05,2025-03-05,47.13
AFF_AFF009_PL_0563,affiliate,ios,PL,53.96,1,2025-06-11,2025-06-11,53.96
AFF_AFF009_PL_0686,affiliate,ios,PL,45.43,1,2025-07-18,2025-07-18,45.43
AFF_AFF009_PL_0826,affiliate,android,PL,66.64,1,2025-08-29,2025-08-29,66.64
AFF_AFF009_SE_0046,affiliate,android,SE,85.94,1,2025-01-15,2025-01-15,85.94
AFF_AFF009_SE_0158,affiliate,ios,SE,70.26,1,2025-02-18,2025-02-18,70.26
AFF_AFF009_SE_0188,affiliate,android,SE,132.87,1,2025-02-27,2025-02-27,132.87
AFF_AFF009_SE_0202,affiliate,ios,SE,82.99,1,2025-03-03,2025-03-03,82.99
AFF_AFF009_SE_0259,affiliate,android,SE,96.63,1,2025-03-20,2025-03-20,96.63
AFF_AFF009_SE_0313,affiliate,ios,SE,68.74,1,2025-04-05,2025-04-05,68.74
AFF_AFF009_SE_0425,affiliate,ios,SE,67.91,1,2025-05-05,2025-05-05,67.91
AFF_AFF009_SE_0532,affiliate,ios,SE,62.72,1,2025-06-04,2025-06-04,62.72
AFF_AFF009_SE_0553,affiliate,ios,SE,95.44,1,2025-06-09,2025-06-09,95.44
AFF_AFF009_US_0036,affiliate,android,US,43.78,1,2025-01-13,2025-01-13,43.78
AFF_AFF009_US_0107,affiliate,ios,US,112.01,1,2025-02-04,2025-02-04,112.01
AFF_AFF009_US_0137,affiliate,ios,US,52.63,1,2025-02-13,2025-02-13,52.63
AFF_AFF009_US_0226,affiliate,ios,US,71.27,1,2025-03-10,2025-03-10,71.27
AFF_AFF009_US_0268,affiliate,ios,US,127.72,1,2025-03-22,2025-03-22,127.72
AFF_AFF009_US_0292,affiliate,ios,US,115.68,1,2025-03-30,2025-03-30,115.68
AFF_AFF009_US_0427,affiliate,ios,US,85.21,1,2025-05-05,2025-05-05,85.21
AFF_AFF009_US_0475,affiliate,ios,US,64.25,1,2025-05-18,2025-05-18,64.25
AFF_AFF009_US_0524,affiliate,ios,US,54.65,1,2025-06-01,2025-06-01,54.65
AFF_AFF009_US_0599,affiliate,ios,US,82.13,1,2025-06-22,2025-06-22,82.13
AFF_AFF009_US_0611,affiliate,android,US,68.66,1,2025-06-26,2025-06-26,68.66
AFF_AFF009_US_0690,affiliate,ios,US,30.63,1,2025-07-19,2025-07-19,30.63
AFF_AFF009_US_0744,affiliate,ios,US,77.92,1,2025-08-07,2025-08-07,77.92
AFF_AFF009_US_0806,affiliate,ios,US,102.35,1,2025-08-22,2025-08-22,102.35
AFF_AFF010_AU_0032,affiliate,ios,AU,115.8,1,2025-01-11,2025-01-11,115.8
AFF_AFF010_AU_0043,affiliate,android,AU,50.37,1,2025-01-14,2025-01-14,50.37
AFF_AFF010_AU_0099,affiliate,android,AU,95.14,1,2025-02-01,2025-02-01,95.14
AFF_AFF010_AU_0114,affiliate,android,AU,72.56,1,2025-02-06,2025-02-06,72.56
AFF_AFF010_AU_0554,affiliate,android,AU,121.69,1,2025-06-09,2025-06-09,121.69
AFF_AFF010_AU_0738,affiliate,ios,AU,78.34,1,2025-08-04,2025-08-04,78.34
AFF_AFF010_BR_0354,affiliate,ios,BR,44.61,1,2025-04-15,2025-04-15,44.61
AFF_AFF010_BR_0645,affiliate,ios,BR,42.33,1,2025-07-07,2025-07-07,42.33
AFF_AFF010_CA_0163,affiliate,ios,CA,83.46,1,2025-02-19,2025-02-19,83.46
AFF_AFF010_CA_0183,affiliate,ios,CA,103.1,1,2025-02-25,2025-02-25,103.1
AFF_AFF010_CA_0186,affiliate,ios,CA,83.48,1,2025-02-26,2025-02-26,83.48
AFF_AFF010_CA_0312,affiliate,ios,CA,68.56,1,2025-04-04,2025-04-04,68.56
AFF_AFF010_CA_0787,affiliate,ios,CA,65.61,1,2025-08-18,2025-08-18,65.61
AFF_AFF010_CA_0797,affiliate,ios,CA,109.99,1,2025-08-20,2025-08-20,109.99
AFF_AFF010_DE_0451,affiliate,android,DE,95.62,1,2025-05-12,2025-05-12,95.62
AFF_AFF010_FR_0004,affiliate,ios,FR,62.55,1,2025-01-01,2025-01-01,62.55
AFF_AFF010_FR_0129,affiliate,android,FR,74.07,1,2025-02-11,2025-02-11,74.07
AFF_AFF010_FR_0560,affiliate,ios,FR,92.83,1,2025-06-11,2025-06-11,92.83
AFF_AFF010_FR_0792,affiliate,ios,FR,73.48,1,2025-08-19,2025-08-19,73.48
AFF_AFF010_FR_0796,affiliate,ios,FR,97.95,1,2025-08-20,2025-08-20,97.95
AFF_AFF010_FR_0814,affiliate,ios,FR,92.04,1,2025-08-25,2025-08-25,92.04
AFF_AFF010_GB_0122,affiliate,android,GB,89.69,1,2025-02-09,2025-02-09,89.69
AFF_AFF010_GB_0228,affiliate,ios,GB,108.15,1,2025-03-10,2025-03-10,108.15
AFF_AFF010_GB_0377,affiliate,android,GB,111.97,1,2025-04-21,2025-04-21,111.97
AFF_AFF010_GB_0578,affiliate,ios,GB,87.53,1,2025-06-17,2025-06-17,87.53
AFF_AFF010_GB_0668,affiliate,android,GB,90.43,1,2025-07-13,2025-07-13,90.43
AFF_AFF010_GB_0801,affiliate,ios,GB,88.16,1,2025-08-21,2025-08-21,88.16
AFF_AFF010_GB_0815,affiliate,android,GB,94.36,1,2025-08-26,2025-08-26,94.36
AFF_AFF010_NL_0527,affiliate,ios,NL,85.05,1,2025-06-02,2025-06-02,85.05
AFF_AFF010_NL_0696,affiliate,ios,NL,50.35,1,2025-07-21,2025-07-21,50.35
AFF_AFF010_NL_0735,affiliate,ios,NL,78.99,1,2025-08-03,2025-08-03,78.99
AFF_AFF010_NL_0833,affiliate,android,NL,95.63,1,2025-08-30,2025-08-30,95.63
AFF_AFF010_PL_0068,affiliate,ios,PL,51.76,1,2025-01-21,2025-01-21,51.76
AFF_AFF010_PL_0217,affiliate,android,PL,45.88,1,2025-03-06,2025-03-06,45.88
AFF_AFF010_PL_0267,affiliate,ios,PL,58.23,1,2025-03-22,2025-03-22,58.23
AFF_AFF010_PL_0477,affiliate,android,PL,41.03,1,2025-05-19,2025-05-19,41.03
AFF_AFF010_PL_0583,affiliate,ios,PL,39.25,1,2025-06-18,2025-06-18,39.25
AFF_AFF010_PL_0671,affiliate,android,PL,50.75,1,2025-07-14,2025-07-14,50.75
AFF_AFF010_PL_0711,affiliate,ios,PL,63.18,1,2025-07-25,2025-07-25,63.18
AFF_AFF010_SE_0207,affiliate,android,SE,108.3,1,2025-03-04,2025-03-04,108.3
AFF_AFF010_SE_0251,affiliate,android,SE,58.12,1,2025-03-18,2025-03-18,58.12
AFF_AFF010_SE_0290,affiliate,ios,SE,110.98,1,2025-03-29,2025-03-29,110.98
AFF_AFF010_SE_0343,affiliate,android,SE,71.02,1,2025-04-12,2025-04-12,71.02
AFF_AFF010_SE_0365,affiliate,android,SE,63.55,1,2025-04-18,2025-04-18,63.55
AFF_AFF010_SE_0369,affiliate,android,SE,55.12,1,2025-04-19,2025-04-19,55.12
AFF_AFF010_SE_0421,affiliate,ios,SE,102.85,1,2025-05-03,2025-05-03,102.85
AFF_AFF010_SE_0544,affiliate,ios,SE,53.6,1,2025-06-06,2025-06-06,53.6
AFF_AFF010_SE_0564,affiliate,android,SE,118.02,1,2025-06-12,2025-06-12,118.02
AFF_AFF010_SE_0644,affiliate,ios,SE,73.43,1,2025-07-07,2025-07-07,73.43
AFF_AFF010_SE_0673,affiliate,ios,SE,79.86,1,2025-07-15,2025-07-15,79.86
AFF_AFF010_SE_0721,affiliate,android,SE,79.45,1,2025-07-28,2025-07-28,79.45
AFF_AFF010_SE_0767,affiliate,ios,SE,86.27,1,2025-08-13,2025-08-13,86.27
AFF_AFF010_SE_0795,affiliate,ios,SE,90.83,1,2025-08-19,2025-08-19,90.83
AFF_AFF010_US_0005,affiliate,ios,US,89.72,1,2025-01-02,2025-01-02,89.72
AFF_AFF010_US_0022,affiliate,ios,US,67.07,1,2025-01-09,2025-01-09,67.07
AFF_AFF010_US_0042,affiliate,ios,US,103.56,1,2025-01-14,2025-01-14,103.56
AFF_AFF010_US_0064,affiliate,ios,US,95.92,1,2025-01-20,2025-01-20,95.92
AFF_AFF010_US_0102,affiliate,ios,US,89.33,1,2025-02-02,2025-02-02,89.33
AFF_AFF010_US_0141,affiliate,ios,US,74.31,1,2025-02-14,2025-02-14,74.31
AFF_AFF010_US_0199,affiliate,android,US,63.38,1,2025-03-02,2025-03-02,63.38
AFF_AFF010_US_0214,affiliate,ios,US,65.86,1,2025-03-06,2025-03-06,65.86
AFF_AFF010_US_0262,affiliate,android,US,86.57,1,2025-03-21,2025-03-21,86.57
AFF_AFF010_US_0329,affiliate,ios,US,86.63,1,2025-04-09,2025-04-09,86.63
AFF_AFF010_US_0342,affiliate,ios,US,65.51,1,2025-04-12,2025-04-12,65.51
AFF_AFF010_US_0356,affiliate,ios,US,133.68,1,2025-04-15,2025-04-15,133.68
AFF_AFF010_US_0368,affiliate,ios,US,93.78,1,2025-04-19,2025-04-19,93.78
AFF_AFF010_US_0489,affiliate,ios,US,75.47,1,2025-05-22,2025-05-22,75.47
AFF_AFF010_US_0499,affiliate,ios,US,112.0,1,2025-05-24,2025-05-24,112.0
AFF_AFF010_US_0748,affiliate,android,US,98.63,1,2025-08-07,2025-08-07,98.63
AFF_AFF010_US_0751,affiliate,ios,US,85.54,1,2025-08-08,2025-08-08,85.54
AFF_AFF010_US_0778,affiliate,ios,US,80.25,1,2025-08-15,2025-08-15,80.25
AFF_AFF010_US_0811,affiliate,ios,US,137.05,1,2025-08-24,2025-08-24,137.05
u_10001,instagram,android,PL,12.64,2,2025-01-01,2025-01-14,18.96
u_10002,twitter,ios,SE,274.02,4,2025-01-01,2025-01-15,685.05
u_10003,instagram,ios,FR,165.96,3,2025-01-01,2025-02-24,331.92
u_10004,tiktok,android,DE,154.7,5,2025-01-01,2025-06-18,464.1
u_10005,facebook,ios,FR,78.53,7,2025-01-01,2025-12-14,314.12
u_10006,facebook,android,PL,471.51,6,2025-01-01,2025-02-18,1650.28
u_10007,facebook,ios,IT,166.0,3,2025-01-01,2025-01-03,332.0
u_10008,google_ads,android,IE,86.83,2,2025-01-01,2025-01-05,130.24
u_10009,facebook,android,IE,246.0,5,2025-01-01,2025-03-24,738.0
u_10010,google_ads,android,DE,175.51,3,2025-01-01,2025-03-22,351.02
u_10011,google_ads,android,SE,38.96,2,2025-01-02,2025-01-11,58.44
u_10012,google_ads,android,DE,180.5,5,2025-01-02,2025-03-29,541.5
u_10013,instagram,ios,NL,101.22,3,2025-01-02,2025-01-23,202.44
u_10014,tiktok,android,PL,104.14,3,2025-01-02,2025-05-02,208.28
u_10015,twitter,ios,ES,143.03,5,2025-01-02,2025-01-31,429.09
u_10016,google_ads,ios,SE,194.68,3,2025-01-02,2025-06-25,389.36
u_10017,tiktok,android,NL,148.11,3,2025-01-02,2025-04-25,296.22
u_10018,facebook,android,ES,122.43,2,2025-01-02,2025-01-30,183.64
u_10019,instagram,android,FR,225.7,4,2025-01-02,2025-04-22,564.25
u_10020,twitter,android,DE,139.97,3,2025-01-02,2025-05-25,279.94
u_10021,google_ads,ios,PL,200.82,5,2025-01-02,2025-02-21,602.46
u_10022,tiktok,ios,ES,212.3,3,2025-01-02,2025-06-12,424.6
u_10023,google_ads,android,IT,124.78,3,2025-01-02,2025-03-17,249.56
u_10024,facebook,android,NL,152.37,4,2025-01-02,2025-08-13,380.92
u_10025,instagram,ios,IE,205.02,4,2025-01-02,2025-02-26,512.55
u_10026,instagram,android,DE,218.11,5,2025-01-02,2025-12-11,654.33
u_10027,tiktok,ios,DE,80.73,2,2025-01-03,2025-01-04,121.1
u_10028,facebook,ios,SE,64.4,4,2025-01-03,2025-12-13,161.0
u_10029,facebook,ios,PT,162.44,3,2025-01-03,2025-05-14,324.88
u_10030,instagram,ios,PT,133.53,5,2025-01-03,2025-05-17,400.59
u_10031,google_ads,android,FR,248.56,4,2025-01-03,2025-07-13,621.4
u_10032,google_ads,android,BE,171.24,3,2025-01-03,2025-10-09,342.48
u_10033,instagram,android,DE,12.55,2,2025-01-03,2025-01-12,18.83
u_10034,instagram,ios,NL,100.27,2,2025-01-03,2025-04-15,150.4
u_10035,twitter,ios,SE,57.49,3,2025-01-03,2025-06-27,114.98
u_10036,google_ads,ios,DE,82.42,5,2025-01-03,2025-06-11,247.26
u_10037,google_ads,ios,PT,116.42,5,2025-01-03,2025-10-25,349.26
u_10038,instagram,ios,DE,48.3,1,2025-01-03,2025-01-03,48.3
u_10039,tiktok,android,NL,162.13,5,2025-01-03,2025-09-25,486.39
u_10040,facebook,android,ES,90.96,2,2025-01-03,2025-01-22,136.44
u_10041,google_ads,android,SE,47.75,1,2025-01-03,2025-01-03,47.75
u_10042,tiktok,ios,NL,27.18,2,2025-01-03,2025-10-03,40.77
u_10043,tiktok,android,ES,197.18,5,2025-01-03,2025-06-03,591.54
u_10044,twitter,ios,FR,272.63,5,2025-01-03,2025-03-30,817.89
u_10045,tiktok,ios,SE,42.57,3,2025-01-04,2025-02-08,85.14
u_10046,google_ads,android,FR,139.61,2,2025-01-04,2025-02-21,209.42
u_10047,tiktok,ios,BE,109.39,4,2025-01-04,2025-11-13,273.48
u_10048,google_ads,ios,IT,121.69,2,2025-01-04,2025-09-12,182.54
u_10049,instagram,ios,SE,41.41,2,2025-01-04,2025-01-08,62.11
u_10050,tiktok,android,IE,157.01,5,2025-01-04,2025-07-30,471.03
u_10051,instagram,ios,PT,109.33,2,2025-01-04,2025-03-08,164.0
u_10052,google_ads,ios,FR,150.91,2,2025-01-04,2025-01-18,226.36
u_10053,instagram,ios,PL,86.97,6,2025-01-04,2025-08-20,304.4
u_10054,google_ads,ios,DE,157.1,4,2025-01-04,2025-11-01,392.75
u_10055,tiktok,android,DE,11.98,2,2025-01-04,2025-06-02,17.97
u_10056,facebook,android,DE,62.4,2,2025-01-04,2025-05-22,93.6
u_10057,facebook,android,SE,104.17,2,2025-01-04,2025-08-04,156.26
u_10058,twitter,android,IE,155.44,4,2025-01-04,2025-07-21,388.6
u_10059,tiktok,ios,DE,117.23,2,2025-01-05,2025-02-18,175.84
u_10060,twitter,ios,PT,177.18,4,2025-01-05,2025-11-30,442.95
u_10061,instagram,android,SE,125.12,3,2025-01-05,2025-02-09,250.24
u_10062,google_ads,ios,DE,80.16,2,2025-01-05,2025-01-29,120.24
u_10063,facebook,android,ES,132.51,4,2025-01-05,2025-07-09,331.28
u_10064,tiktok,android,DE,36.09,3,2025-01-05,2025-03-07,72.18
u_10065,instagram,ios,DE,49.69,1,2025-01-05,2025-01-05,49.69
u_10066,instagram,android,ES,321.76,5,2025-01-05,2025-01-21,965.28
u_10067,google_ads,ios,SE,306.07,6,2025-01-05,2025-03-14,1071.24
u_10068,tiktok,ios,PL,72.17,5,2025-01-05,2025-10-23,216.51
u_10069,google_ads,android,NL,150.8,5,2025-01-05,2025-04-04,452.4
u_10070,google_ads,ios,SE,86.12,4,2025-01-05,2025-12-20,215.3
u_10071,tiktok,ios,ES,51.65,2,2025-01-06,2025-02-11,77.47
u_10072,google_ads,android,DE,146.71,4,2025-01-06,2025-05-29,366.78
u_10073,google_ads,android,NL,61.21,1,2025-01-06,2025-01-06,61.21
u_10074,google_ads,android,SE,44.79,1,2025-01-06,2025-01-06,44.79
u_10075,google_ads,ios,DE,130.68,2,2025-01-06,2025-01-24,196.02
u_10076,tiktok,ios,ES,113.09,4,2025-01-06,2025-09-12,282.73
u_10077,twitter,android,BE,292.89,4,2025-01-06,2025-03-10,732.22
u_10078,instagram,android,PL,43.86,4,2025-01-06,2025-02-07,109.65
u_10079,google_ads,android,IT,151.29,3,2025-01-06,2025-03-26,302.58
u_10080,instagram,android,SE,98.03,4,2025-01-06,2025-10-29,245.08
u_10081,tiktok,android,SE,89.43,2,2025-01-06,2025-01-29,134.15
u_10082,google_ads,ios,ES,19.58,3,2025-01-06,2025-05-15,39.16
u_10083,twitter,ios,PL,35.22,2,2025-01-06,2025-07-07,52.83
u_10084,instagram,android,PL,166.91,6,2025-01-06,2025-11-23,584.18
u_10085,instagram,ios,ES,173.19,4,2025-01-07,2025-02-19,432.98
u_10086,tiktok,android,FR,134.77,4,2025-01-07,2025-09-30,336.92
u_10087,instagram,ios,BE,43.79,3,2025-01-07,2025-08-04,87.58
u_10088,google_ads,ios,BE,184.31,3,2025-01-07,2025-09-10,368.62
u_10089,google_ads,ios,PT,320.26,4,2025-01-07,2025-06-02,800.65
u_10090,twitter,android,PL,107.4,2,2025-01-07,2025-01-10,161.1
u_10091,google_ads,android,FR,56.74,2,2025-01-07,2025-01-21,85.11
u_10092,instagram,android,DE,40.69,2,2025-01-07,2025-01-28,61.04
u_10093,facebook,ios,DE,42.72,1,2025-01-07,2025-01-07,42.72
u_10094,instagram,ios,DE,65.98,4,2025-01-07,2025-03-03,164.95
u_10095,google_ads,android,PL,170.09,4,2025-01-07,2025-06-10,425.22
u_10096,tiktok,android,IT,149.86,3,2025-01-07,2025-01-20,299.72
u_10097,google_ads,ios,DE,124.57,2,2025-01-07,2025-07-30,186.86
u_10098,twitter,android,SE,108.08,2,2025-01-07,2025-11-18,162.12
u_10099,tiktok,ios,FR,71.2,2,2025-01-07,2025-01-11,106.8
u_10100,facebook,ios,BE,120.75,3,2025-01-07,2025-05-02,241.5
u_10101,google_ads,android,IT,133.65,5,2025-01-08,2025-11-17,400.95
u_10102,instagram,android,SE,66.77,2,2025-01-08,2025-01-20,100.16
u_10103,tiktok,ios,PL,257.03,6,2025-01-08,2025-02-16,899.6
u_10104,google_ads,ios,IE,52.14,1,2025-01-08,2025-01-08,52.14
u_10105,tiktok,android,SE,216.45,5,2025-01-08,2025-12-14,649.35
u_10106,google_ads,ios,DE,206.51,3,2025-01-08,2025-07-26,413.02
u_10107,facebook,android,ES,13.97,1,2025-01-08,2025-01-08,13.97
u_10108,facebook,ios,IT,103.53,3,2025-01-08,2025-06-03,207.06
u_10109,twitter,android,PT,72.69,2,2025-01-08,2025-02-20,109.04
u_10110,facebook,android,ES,102.51,2,2025-01-08,2025-01-23,153.77
u_10111,instagram,ios,ES,74.92,4,2025-01-08,2025-05-13,187.3
u_10112,google_ads,android,PT,67.08,2,2025-01-08,2025-01-26,100.62
u_10113,instagram,ios,DE,120.87,3,2025-01-08,2025-07-28,241.74
u_10114,instagram,android,DE,185.82,3,2025-01-09,2025-01-18,371.64
u_10115,google_ads,ios,FR,38.38,1,2025-01-09,2025-01-09,38.38
u_10116,tiktok,ios,NL,63.31,2,2025-01-09,2025-01-14,94.96
u_10117,instagram,ios,SE,165.88,5,2025-01-09,2025-09-15,497.64
u_10118,instagram,ios,IE,220.05,4,2025-01-09,2025-04-17,550.12
u_10119,tiktok,ios,PT,127.77,5,2025-01-09,2025-03-17,383.31
u_10120,twitter,android,PL,91.45,2,2025-01-09,2025-06-29,137.18
u_10121,facebook,ios,FR,33.15,1,2025-01-09,2025-01-09,33.15
u_10122,twitter,ios,FR,68.0,2,2025-01-09,2025-01-22,102.0
u_10123,facebook,ios,PT,151.24,2,2025-01-09,2025-11-17,226.86
u_10124,instagram,ios,FR,136.91,2,2025-01-09,2025-08-24,205.36
u_10125,google_ads,ios,DE,69.53,1,2025-01-09,2025-01-09,69.53
u_10126,twitter,ios,IT,197.14,4,2025-01-09,2025-11-29,492.85
u_10127,tiktok,android,IE,100.84,2,2025-01-09,2025-05-17,151.26
u_10128,facebook,android,BE,75.37,3,2025-01-09,2025-05-06,150.74
u_10129,google_ads,android,SE,12.57,2,2025-01-09,2025-01-12,18.86
u_10130,google_ads,android,PT,62.99,1,2025-01-10,2025-01-10,62.99
u_10131,facebook,ios,DE,51.91,2,2025-01-10,2025-06-25,77.86
u_10132,instagram,android,DE,410.63,5,2025-01-10,2025-06-26,1231.89
u_10133,tiktok,ios,DE,70.95,1,2025-01-10,2025-01-10,70.95
u_10134,facebook,ios,SE,85.83,6,2025-01-10,2025-11-11,300.4
u_10135,google_ads,ios,IE,64.31,2,2025-01-10,2025-02-20,96.46
u_10136,instagram,android,DE,176.91,3,2025-01-10,2025-06-14,353.82
u_10137,tiktok,android,IT,170.71,4,2025-01-10,2025-01-30,426.78
u_10138,google_ads,android,FR,150.21,5,2025-01-10,2025-06-07,450.63
u_10139,google_ads,ios,NL,28.05,1,2025-01-10,2025-01-10,28.05
u_10140,facebook,android,PL,68.32,3,2025-01-10,2025-01-22,136.64
u_10141,google_ads,android,BE,120.46,4,2025-01-10,2025-09-19,301.15
u_10142,instagram,android,DE,193.21,4,2025-01-10,2025-05-27,483.02
u_10143,tiktok,ios,IE,57.95,1,2025-01-10,2025-01-10,57.95
u_10144,facebook,android,IT,184.51,4,2025-01-10,2025-12-09,461.28
u_10145,google_ads,ios,BE,91.93,3,2025-01-10,2025-07-22,183.86
u_10146,twitter,ios,IT,155.91,3,2025-01-11,2025-05-01,311.82
u_10147,google_ads,android,BE,94.02,4,2025-01-11,2025-04-10,235.05
u_10148,twitter,android,DE,161.29,4,2025-01-11,2025-02-21,403.22
u_10149,facebook,android,IE,344.9,7,2025-01-11,2025-12-04,1379.6
u_10150,instagram,android,IT,223.98,3,2025-01-11,2025-10-16,447.96
u_10151,facebook,android,ES,206.83,5,2025-01-11,2025-12-09,620.49
u_10152,facebook,android,DE,90.34,2,2025-01-11,2025-08-16,135.51
u_10153,facebook,ios,ES,25.29,2,2025-01-11,2025-03-01,37.94
u_10154,twitter,ios,BE,56.46,1,2025-01-11,2025-01-11,56.46
u_10155,google_ads,ios,DE,234.9,4,2025-01-11,2025-11-10,587.25
u_10156,tiktok,android,PL,20.09,1,2025-01-11,2025-01-11,20.09
u_10157,google_ads,ios,FR,45.85,4,2025-01-11,2025-04-08,114.62
u_10158,tiktok,ios,SE,83.53,2,2025-01-12,2025-01-29,125.3
u_10159,tiktok,android,SE,152.4,4,2025-01-12,2025-04-02,381.0
u_10160,google_ads,ios,DE,78.82,1,2025-01-12,2025-01-12,78.82
u_10161,google_ads,android,BE,207.53,3,2025-01-12,2025-04-22,415.06
u_10162,google_ads,android,DE,74.76,2,2025-01-12,2025-01-16,112.14
u_10163,facebook,ios,DE,129.61,3,2025-01-12,2025-04-02,259.22
u_10164,google_ads,android,PL,164.95,5,2025-01-12,2025-12-16,494.85
u_10165,google_ads,android,DE,68.67,2,2025-01-12,2025-06-30,103.0
u_10166,instagram,ios,DE,46.56,2,2025-01-12,2025-01-19,69.84
u_10167,instagram,ios,PL,82.4,2,2025-01-12,2025-10-15,123.6
u_10168,tiktok,android,PL,175.01,5,2025-01-12,2025-11-06,525.03
u_10169,tiktok,android,ES,415.97,6,2025-01-13,2025-02-26,1455.9
u_10170,facebook,android,ES,168.34,3,2025-01-13,2025-09-16,336.68
u_10171,google_ads,android,DE,197.82,3,2025-01-13,2025-01-26,395.64
u_10172,google_ads,android,ES,99.22,2,2025-01-13,2025-01-15,148.83
u_10173,facebook,android,SE,306.36,4,2025-01-13,2025-04-07,765.9
u_10174,tiktok,android,IE,65.99,2,2025-01-13,2025-10-25,98.98
u_10175,twitter,android,PL,92.71,2,2025-01-13,2025-02-03,139.06
u_10176,facebook,android,IT,50.29,3,2025-01-13,2025-10-27,100.58
u_10177,facebook,ios,ES,120.82,3,2025-01-13,2025-10-11,241.64
u_10178,google_ads,ios,BE,21.5,1,2025-01-13,2025-01-13,21.5
u_10179,instagram,android,FR,22.39,1,2025-01-13,2025-01-13,22.39
u_10180,twitter,android,PT,357.36,6,2025-01-13,2025-12-12,1250.76
u_10181,tiktok,android,PL,105.47,2,2025-01-13,2025-11-30,158.2
u_10182,tiktok,android,DE,101.71,3,2025-01-13,2025-07-08,203.42
u_10183,facebook,ios,FR,121.14,2,2025-01-13,2025-02-14,181.71
u_10184,google_ads,ios,ES,97.69,2,2025-01-13,2025-02-12,146.54
u_10185,google_ads,ios,FR,32.11,1,2025-01-14,2025-01-14,32.11
u_10186,instagram,android,DE,14.47,1,2025-01-14,2025-01-14,14.47
u_10187,google_ads,ios,IT,112.59,2,2025-01-14,2025-09-30,168.88
u_10188,google_ads,ios,ES,16.35,1,2025-01-14,2025-01-14,16.35
u_10189,facebook,android,FR,113.76,6,2025-01-14,2025-05-20,398.16
u_10190,google_ads,android,SE,37.51,1,2025-01-14,2025-01-14,37.51
u_10191,twitter,ios,DE,29.56,2,2025-01-14,2025-02-02,44.34
u_10192,google_ads,android,DE,95.12,3,2025-01-14,2025-05-13,190.24
u_10193,google_ads,android,BE,43.75,1,2025-01-14,2025-01-14,43.75
u_10194,tiktok,ios,BE,81.81,2,2025-01-14,2025-11-14,122.72
u_10195,google_ads,android,DE,49.23,2,2025-01-14,2025-01-15,73.84
u_10196,google_ads,ios,PT,48.86,2,2025-01-15,2025-08-25,73.29
u_10197,facebook,ios,FR,154.22,2,2025-01-15,2025-02-16,231.33
u_10198,instagram,android,NL,207.56,3,2025-01-15,2025-07-02,415.12
u_10199,instagram,android,BE,41.15,2,2025-01-15,2025-01-21,61.72
u_10200,twitter,android,BE,95.13,3,2025-01-15,2025-05-28,190.26
u_10201,facebook,ios,NL,120.72,3,2025-01-15,2025-01-28,241.44
u_10202,tiktok,ios,NL,36.7,2,2025-01-15,2025-03-10,55.05
u_10203,instagram,android,SE,138.49,4,2025-01-15,2025-06-29,346.22
u_10204,google_ads,android,IT,105.99,2,2025-01-15,2025-01-27,158.98
u_10205,tiktok,android,FR,285.02,4,2025-01-15,2025-11-03,712.55
u_10206,google_ads,android,IT,71.89,2,2025-01-15,2025-03-28,107.84
u_10207,instagram,ios,IE,61.71,3,2025-01-15,2025-07-09,123.42
u_10208,twitter,ios,PL,108.87,2,2025-01-15,2025-02-24,163.3
u_10209,instagram,ios,PT,108.91,3,2025-01-15,2025-04-21,217.82
u_10210,google_ads,ios,SE,241.39,3,2025-01-15,2025-06-09,482.78
u_10211,tiktok,ios,PT,24.1,1,2025-01-15,2025-01-15,24.1
u_10212,instagram,android,DE,101.03,3,2025-01-15,2025-05-15,202.06
u_10213,instagram,ios,NL,161.35,5,2025-01-15,2025-08-23,484.05
u_10214,google_ads,android,DE,119.67,3,2025-01-15,2025-07-10,239.34
u_10215,tiktok,ios,PT,66.93,2,2025-01-15,2025-01-29,100.4
u_10216,instagram,ios,FR,53.33,1,2025-01-16,2025-01-16,53.33
u_10217,instagram,ios,IE,240.7,4,2025-01-16,2025-02-01,601.75
u_10218,twitter,ios,IE,33.21,3,2025-01-16,2025-05-14,66.42
u_10219,twitter,android,FR,13.72,1,2025-01-16,2025-01-16,13.72
u_10220,twitter,ios,FR,18.84,3,2025-01-16,2025-04-19,37.68
u_10221,google_ads,android,BE,40.46,5,2025-01-16,2025-04-26,121.38
u_10222,instagram,ios,PL,117.87,4,2025-01-16,2025-12-13,294.68
u_10223,google_ads,ios,DE,109.09,3,2025-01-16,2025-04-16,218.18
u_10224,google_ads,ios,FR,105.97,2,2025-01-16,2025-01-20,158.95
u_10225,tiktok,ios,FR,94.99,4,2025-01-16,2025-09-26,237.48
u_10226,facebook,ios,ES,56.95,1,2025-01-16,2025-01-16,56.95
u_10227,google_ads,ios,FR,44.35,1,2025-01-16,2025-01-16,44.35
u_10228,google_ads,ios,FR,35.62,2,2025-01-16,2025-04-03,53.43
u_10229,tiktok,android,PL,164.49,4,2025-01-16,2025-11-16,411.22
u_10230,google_ads,ios,PT,47.74,1,2025-01-16,2025-01-16,47.74
u_10231,twitter,android,PT,196.39,4,2025-01-16,2025-04-22,490.98
u_10232,tiktok,android,PL,6.99,1,2025-01-16,2025-01-16,6.99
u_10233,tiktok,ios,FR,171.73,2,2025-01-16,2025-11-04,257.59
u_10234,google_ads,android,DE,40.26,1,2025-01-16,2025-01-16,40.26
u_10235,instagram,android,NL,65.77,2,2025-01-17,2025-04-29,98.66
u_10236,instagram,android,DE,274.05,6,2025-01-17,2025-09-24,959.18
u_10237,facebook,android,PL,47.44,1,2025-01-17,2025-01-17,47.44
u_10238,tiktok,android,FR,65.41,2,2025-01-17,2025-02-28,98.12
u_10239,twitter,android,IT,41.34,3,2025-01-17,2025-04-02,82.68
u_10240,twitter,android,FR,46.37,2,2025-01-17,2025-06-16,69.55
u_10241,tiktok,ios,BE,16.91,1,2025-01-17,2025-01-17,16.91
u_10242,twitter,android,DE,60.97,2,2025-01-17,2025-04-06,91.46
u_10243,google_ads,ios,IE,107.68,3,2025-01-17,2025-10-04,215.36
u_10244,google_ads,android,IT,69.78,2,2025-01-17,2025-11-01,104.67
u_10245,twitter,ios,BE,94.2,2,2025-01-17,2025-10-17,141.3
u_10246,tiktok,ios,BE,57.44,1,2025-01-17,2025-01-17,57.44
u_10247,google_ads,ios,FR,60.15,3,2025-01-17,2025-05-25,120.3
u_10248,facebook,android,DE,59.15,4,2025-01-17,2025-03-11,147.88
u_10249,twitter,android,IT,134.76,2,2025-01-17,2025-02-14,202.14
u_10250,instagram,ios,ES,199.86,4,2025-01-17,2025-10-05,499.65
u_10251,twitter,ios,IT,54.74,2,2025-01-17,2025-01-25,82.11
u_10252,facebook,ios,SE,109.61,4,2025-01-17,2025-12-13,274.02
u_10253,twitter,android,DE,83.96,2,2025-01-18,2025-08-03,125.94
u_10254,google_ads,ios,PL,51.04,2,2025-01-18,2025-03-07,76.56
u_10255,facebook,android,IT,32.43,1,2025-01-18,2025-01-18,32.43
u_10256,google_ads,android,FR,82.88,3,2025-01-18,2025-10-07,165.76
u_10257,google_ads,android,IT,85.55,2,2025-01-18,2025-03-19,128.32
u_10258,tiktok,android,BE,128.92,2,2025-01-18,2025-04-10,193.38
u_10259,facebook,android,NL,57.1,1,2025-01-18,2025-01-18,57.1
u_10260,facebook,ios,IE,40.29,2,2025-01-18,2025-02-06,60.44
u_10261,facebook,android,IE,67.59,1,2025-01-18,2025-01-18,67.59
u_10262,facebook,ios,PL,164.27,4,2025-01-18,2025-09-04,410.68
u_10263,google_ads,android,FR,58.3,3,2025-01-18,2025-10-13,116.6
u_10264,facebook,ios,DE,44.14,2,2025-01-18,2025-03-30,66.21
u_10265,google_ads,android,IT,206.67,4,2025-01-18,2025-05-11,516.67
u_10266,google_ads,ios,FR,185.57,3,2025-01-18,2025-12-15,371.14
u_10267,tiktok,android,SE,48.02,2,2025-01-18,2025-07-01,72.03
u_10268,tiktok,ios,ES,58.98,3,2025-01-18,2025-03-27,117.96
u_10269,google_ads,android,NL,61.71,2,2025-01-18,2025-01-20,92.56
u_10270,google_ads,ios,ES,93.43,2,2025-01-19,2025-09-02,140.15
u_10271,google_ads,android,DE,125.92,2,2025-01-19,2025-04-03,188.88
u_10272,instagram,ios,NL,31.61,1,2025-01-19,2025-01-19,31.61
u_10273,google_ads,ios,SE,37.67,1,2025-01-19,2025-01-19,37.67
u_10274,instagram,android,PT,87.57,2,2025-01-19,2025-05-05,131.35
u_10275,facebook,ios,NL,30.39,1,2025-01-19,2025-01-19,30.39
u_10276,instagram,android,ES,26.81,2,2025-01-19,2025-07-12,40.21
u_10277,tiktok,ios,BE,92.03,3,2025-01-19,2025-04-01,184.06
u_10278,tiktok,ios,SE,138.19,2,2025-01-19,2025-02-24,207.28
u_10279,instagram,ios,DE,67.95,2,2025-01-19,2025-11-15,101.93
u_10280,instagram,android,NL,283.47,4,2025-01-20,2025-08-18,708.68
u_10281,google_ads,android,IE,28.65,1,2025-01-20,2025-01-20,28.65
u_10282,tiktok,ios,IT,86.83,2,2025-01-20,2025-05-08,130.24
u_10283,instagram,ios,ES,119.08,2,2025-01-20,2025-04-14,178.62
u_10284,instagram,android,ES,26.76,1,2025-01-20,2025-01-20,26.76
u_10285,twitter,ios,FR,25.88,1,2025-01-20,2025-01-20,25.88
u_10286,instagram,android,DE,119.01,4,2025-01-20,2025-12-03,297.53
u_10287,tiktok,android,FR,68.26,2,2025-01-20,2025-05-19,102.39
u_10288,instagram,ios,ES,43.39,1,2025-01-20,2025-01-20,43.39
u_10289,instagram,android,PL,217.56,3,2025-01-20,2025-11-26,435.12
u_10290,facebook,ios,DE,25.41,1,2025-01-20,2025-01-20,25.41
u_10291,instagram,android,IE,12.65,2,2025-01-20,2025-02-15,18.98
u_10292,facebook,ios,ES,20.0,1,2025-01-20,2025-01-20,20.0
u_10293,google_ads,ios,DE,58.74,1,2025-01-20,2025-01-20,58.74
u_10294,google_ads,ios,PL,207.72,6,2025-01-20,2025-11-10,727.02
u_10295,twitter,android,ES,97.99,2,2025-01-20,2025-04-19,146.98
u_10296,google_ads,android,IT,66.54,2,2025-01-21,2025-12-01,99.81
u_10297,google_ads,ios,PL,185.5,4,2025-01-21,2025-04-10,463.75
u_10298,google_ads,ios,PT,121.87,2,2025-01-21,2025-08-26,182.8
u_10299,google_ads,ios,PT,202.76,4,2025-01-21,2025-10-04,506.9
u_10300,instagram,android,BE,127.25,3,2025-01-21,2025-04-06,254.5
u_10301,google_ads,ios,BE,28.7,1,2025-01-21,2025-01-21,28.7
u_10302,instagram,android,DE,83.83,3,2025-01-21,2025-05-07,167.66
u_10303,tiktok,android,DE,96.75,3,2025-01-21,2025-08-08,193.5
u_10304,twitter,android,DE,137.23,3,2025-01-21,2025-11-13,274.46
u_10305,google_ads,android,FR,57.38,1,2025-01-21,2025-01-21,57.38
u_10306,google_ads,ios,ES,315.61,4,2025-01-21,2025-03-26,789.03
u_10307,instagram,android,IT,186.73,5,2025-01-21,2025-11-25,560.19
u_10308,twitter,ios,SE,65.58,2,2025-01-21,2025-05-08,98.37
u_10309,facebook,ios,ES,82.16,2,2025-01-21,2025-04-10,123.24
u_10310,instagram,ios,NL,58.0,4,2025-01-21,2025-06-24,145.0
u_10311,instagram,android,FR,45.1,1,2025-01-21,2025-01-21,45.1
u_10312,google_ads,ios,SE,191.94,2,2025-01-22,2025-04-17,287.91
u_10313,instagram,android,PL,158.75,3,2025-01-22,2025-11-19,317.5
u_10314,instagram,ios,BE,228.11,3,2025-01-22,2025-03-06,456.22
u_10315,instagram,ios,DE,62.65,2,2025-01-22,2025-02-11,93.98
u_10316,facebook,ios,PL,115.81,3,2025-01-22,2025-03-23,231.62
u_10317,twitter,ios,FR,72.05,2,2025-01-22,2025-11-24,108.07
u_10318,facebook,android,ES,55.06,2,2025-01-22,2025-02-04,82.59
u_10319,facebook,android,SE,52.16,1,2025-01-22,2025-01-22,52.16
u_10320,twitter,ios,DE,18.57,1,2025-01-22,2025-01-22,18.57
u_10321,google_ads,ios,SE,30.17,1,2025-01-22,2025-01-22,30.17
u_10322,instagram,ios,FR,123.19,3,2025-01-22,2025-12-10,246.38
u_10323,facebook,ios,DE,100.88,4,2025-01-22,2025-10-03,252.2
u_10324,instagram,ios,SE,20.49,1,2025-01-22,2025-01-22,20.49
u_10325,google_ads,ios,NL,191.98,3,2025-01-22,2025-03-12,383.96
u_10326,google_ads,android,PT,130.87,4,2025-01-23,2025-12-15,327.18
u_10327,google_ads,ios,FR,30.26,1,2025-01-23,2025-01-23,30.26
u_10328,google_ads,android,DE,61.11,2,2025-01-23,2025-02-04,91.66
u_10329,twitter,android,PL,113.95,2,2025-01-23,2025-08-20,170.92
u_10330,google_ads,android,IT,102.14,2,2025-01-23,2025-01-24,153.21
u_10331,google_ads,android,FR,137.41,3,2025-01-23,2025-02-02,274.82
u_10332,google_ads,ios,IT,108.7,3,2025-01-23,2025-08-15,217.4
u_10333,facebook,android,IT,26.09,2,2025-01-23,2025-02-06,39.14
u_10334,google_ads,android,IT,176.38,5,2025-01-23,2025-11-25,529.14
u_10335,tiktok,android,SE,370.21,5,2025-01-23,2025-10-14,1110.63
u_10336,tiktok,android,PT,185.11,4,2025-01-23,2025-12-31,462.78
u_10337,tiktok,android,DE,67.38,1,2025-01-23,2025-01-23,67.38
u_10338,google_ads,android,PL,248.49,2,2025-01-24,2025-08-02,372.74
u_10339,facebook,android,PL,92.75,2,2025-01-24,2025-08-12,139.12
u_10340,instagram,android,PT,37.3,2,2025-01-24,2025-05-25,55.95
u_10341,twitter,ios,ES,125.9,5,2025-01-24,2025-10-26,377.7
u_10342,facebook,ios,ES,97.62,3,2025-01-24,2025-04-04,195.24
u_10343,google_ads,android,IE,44.73,1,2025-01-24,2025-01-24,44.73
u_10344,instagram,ios,PL,172.83,2,2025-01-24,2025-09-23,259.24
u_10345,facebook,ios,BE,38.35,1,2025-01-24,2025-01-24,38.35
u_10346,instagram,ios,IE,35.03,1,2025-01-24,2025-01-24,35.03
u_10347,facebook,android,ES,98.84,3,2025-01-24,2025-08-05,197.68
u_10348,google_ads,android,DE,55.26,1,2025-01-24,2025-01-24,55.26
u_10349,tiktok,android,IE,61.41,1,2025-01-24,2025-01-24,61.41
u_10350,google_ads,android,FR,37.0,1,2025-01-24,2025-01-24,37.0
u_10351,google_ads,android,DE,61.19,2,2025-01-24,2025-04-28,91.78
u_10352,facebook,android,PL,167.56,3,2025-01-24,2025-03-29,335.12
u_10353,facebook,ios,SE,78.45,2,2025-01-24,2025-12-21,117.68
u_10354,google_ads,ios,PL,89.23,3,2025-01-25,2025-02-03,178.46
u_10355,google_ads,ios,FR,42.61,1,2025-01-25,2025-01-25,42.61
u_10356,instagram,android,PL,48.12,2,2025-01-25,2025-09-06,72.18
u_10357,google_ads,ios,ES,161.12,2,2025-01-25,2025-04-21,241.68
u_10358,google_ads,android,IT,189.09,3,2025-01-25,2025-11-05,378.18
u_10359,tiktok,android,ES,34.1,1,2025-01-25,2025-01-25,34.1
u_10360,google_ads,ios,DE,94.14,3,2025-01-25,2025-05-01,188.28
u_10361,google_ads,android,PL,107.71,2,2025-01-25,2025-01-31,161.56
u_10362,instagram,ios,DE,213.3,5,2025-01-25,2025-05-19,639.9
u_10363,facebook,ios,PL,51.37,1,2025-01-25,2025-01-25,51.37
u_10364,instagram,ios,NL,141.61,3,2025-01-25,2025-10-05,283.22
u_10365,google_ads,android,DE,41.15,2,2025-01-25,2025-02-21,61.72
u_10366,google_ads,ios,DE,249.1,3,2025-01-26,2025-10-10,498.2
u_10367,instagram,ios,DE,54.79,1,2025-01-26,2025-01-26,54.79
u_10368,google_ads,android,FR,138.52,3,2025-01-26,2025-05-07,277.04
u_10369,facebook,ios,NL,67.0,2,2025-01-26,2025-02-23,100.5
u_10370,google_ads,ios,PT,83.26,1,2025-01-26,2025-01-26,83.26
u_10371,google_ads,android,ES,343.25,5,2025-01-26,2025-09-24,1029.75
u_10372,google_ads,android,IE,60.51,2,2025-01-26,2025-05-01,90.76
u_10373,facebook,ios,NL,43.0,1,2025-01-26,2025-01-26,43.0
u_10374,facebook,android,IE,42.15,1,2025-01-26,2025-01-26,42.15
u_10375,facebook,android,IT,36.52,3,2025-01-26,2025-04-30,73.04
u_10376,facebook,android,PL,44.11,1,2025-01-27,2025-01-27,44.11
u_10377,google_ads,ios,IT,87.11,2,2025-01-27,2025-06-13,130.66
u_10378,google_ads,android,PT,175.84,3,2025-01-27,2025-11-22,351.68
u_10379,google_ads,android,NL,123.21,3,2025-01-27,2025-07-28,246.42
u_10380,twitter,android,DE,76.73,2,2025-01-27,2025-05-08,115.1
u_10381,google_ads,ios,IE,138.3,4,2025-01-27,2025-07-07,345.75
u_10382,facebook,ios,DE,52.53,2,2025-01-27,2025-03-14,78.8
u_10383,tiktok,ios,ES,38.58,1,2025-01-27,2025-01-27,38.58
u_10384,google_ads,android,BE,68.15,2,2025-01-27,2025-02-22,102.22
u_10385,instagram,android,DE,126.0,3,2025-01-27,2025-10-04,252.0
u_10386,google_ads,ios,IT,402.23,6,2025-01-27,2025-12-05,1407.8
u_10387,google_ads,android,PL,64.17,1,2025-01-27,2025-01-27,64.17
u_10388,facebook,ios,DE,73.46,2,2025-01-28,2025-04-22,110.19
u_10389,instagram,android,SE,284.02,4,2025-01-28,2025-10-25,710.05
u_10390,google_ads,ios,IT,13.45,1,2025-01-28,2025-01-28,13.45
u_10391,tiktok,ios,PL,12.88,1,2025-01-28,2025-01-28,12.88
u_10392,twitter,ios,IE,72.21,3,2025-01-28,2025-04-10,144.42
u_10393,instagram,ios,BE,101.51,2,2025-01-28,2025-08-08,152.27
u_10394,google_ads,ios,BE,43.55,1,2025-01-28,2025-01-28,43.55
u_10395,tiktok,android,SE,135.62,3,2025-01-28,2025-02-20,271.24
u_10396,facebook,ios,PL,27.19,1,2025-01-28,2025-01-28,27.19
u_10397,facebook,android,NL,107.59,2,2025-01-28,2025-02-15,161.38
u_10398,google_ads,android,FR,45.97,1,2025-01-28,2025-01-28,45.97
u_10399,twitter,android,FR,61.76,3,2025-01-28,2025-05-24,123.52
u_10400,google_ads,ios,BE,100.8,3,2025-01-28,2025-04-10,201.6
u_10401,instagram,android,SE,77.06,1,2025-01-28,2025-01-28,77.06
u_10402,facebook,ios,FR,19.1,1,2025-01-28,2025-01-28,19.1
u_10403,tiktok,ios,DE,30.59,2,2025-01-28,2025-10-16,45.88
u_10404,twitter,android,DE,147.62,2,2025-01-29,2025-07-29,221.43
u_10405,google_ads,ios,ES,200.72,3,2025-01-29,2025-04-06,401.44
u_10406,instagram,ios,IT,64.89,2,2025-01-29,2025-12-01,97.34
u_10407,tiktok,ios,PT,102.66,3,2025-01-29,2025-06-30,205.32
u_10408,google_ads,ios,DE,40.12,1,2025-01-29,2025-01-29,40.12
u_10409,instagram,ios,IE,42.31,1,2025-01-29,2025-01-29,42.31
u_10410,facebook,ios,PL,77.94,2,2025-01-29,2025-12-06,116.91
u_10411,google_ads,ios,FR,121.04,3,2025-01-29,2025-06-18,242.08
u_10412,instagram,ios,BE,50.86,2,2025-01-29,2025-03-14,76.29
u_10413,google_ads,android,SE,125.66,2,2025-01-29,2025-06-28,188.49
u_10414,google_ads,ios,IT,45.77,1,2025-01-29,2025-01-29,45.77
u_10415,tiktok,android,NL,32.72,2,2025-01-29,2025-07-31,49.08
u_10416,instagram,android,IT,16.18,1,2025-01-29,2025-01-29,16.18
u_10417,instagram,ios,PL,18.81,2,2025-01-29,2025-02-15,28.21
u_10418,twitter,android,IT,54.83,2,2025-01-29,2025-02-05,82.24
u_10419,google_ads,android,FR,83.9,2,2025-01-29,2025-08-14,125.85
u_10420,twitter,ios,PT,91.3,3,2025-01-29,2025-08-05,182.6
u_10421,tiktok,android,DE,82.02,3,2025-01-30,2025-10-10,164.04
u_10422,twitter,ios,PT,266.41,4,2025-01-30,2025-10-17,666.03
u_10423,google_ads,android,PL,96.46,5,2025-01-30,2025-06-04,289.38
u_10424,tiktok,android,IT,140.01,3,2025-01-30,2025-10-22,280.02
u_10425,google_ads,ios,ES,11.98,2,2025-01-30,2025-02-25,17.97
u_10426,google_ads,android,BE,113.76,3,2025-01-30,2025-09-06,227.52
u_10427,facebook,ios,FR,13.51,1,2025-01-30,2025-01-30,13.51
u_10428,facebook,android,IE,22.47,1,2025-01-30,2025-01-30,22.47
u_10429,google_ads,android,PL,45.05,1,2025-01-30,2025-01-30,45.05
u_10430,google_ads,ios,NL,35.44,1,2025-01-31,2025-01-31,35.44
u_10431,instagram,android,BE,147.21,3,2025-01-31,2025-03-02,294.42
u_10432,facebook,ios,SE,141.32,2,2025-01-31,2025-05-20,211.98
u_10433,google_ads,android,NL,137.78,2,2025-01-31,2025-11-14,206.67
u_10434,facebook,ios,BE,94.72,2,2025-01-31,2025-10-14,142.08
u_10435,facebook,ios,ES,26.25,1,2025-01-31,2025-01-31,26.25
u_10436,instagram,android,SE,126.86,4,2025-01-31,2025-08-14,317.15
u_10437,facebook,android,ES,52.33,2,2025-01-31,2025-10-20,78.5
u_10438,google_ads,android,IT,80.96,2,2025-01-31,2025-10-23,121.44
u_10439,google_ads,android,IT,39.21,1,2025-01-31,2025-01-31,39.21
u_10440,google_ads,ios,BE,85.04,2,2025-01-31,2025-02-21,127.56
u_10441,twitter,android,ES,57.88,1,2025-01-31,2025-01-31,57.88
u_10442,tiktok,android,IE,58.08,1,2025-01-31,2025-01-31,58.08
u_10443,google_ads,ios,NL,22.73,3,2025-01-31,2025-03-20,45.46
u_10444,facebook,android,PT,112.24,2,2025-01-31,2025-08-09,168.36
u_10445,google_ads,android,SE,70.56,2,2025-01-31,2025-03-27,105.84
u_10446,google_ads,ios,FR,63.8,1,2025-01-31,2025-01-31,63.8
u_10447,tiktok,android,FR,40.21,1,2025-01-31,2025-01-31,40.21
u_10448,google_ads,android,NL,72.08,2,2025-01-31,2025-06-08,108.12
u_10449,instagram,android,BE,104.02,2,2025-01-31,2025-02-14,156.03
u_10450,facebook,ios,ES,6.99,1,2025-02-01,2025-02-01,6.99
u_10451,google_ads,android,PT,47.69,1,2025-02-01,2025-02-01,47.69
u_10452,google_ads,ios,IT,83.36,2,2025-02-01,2025-02-25,125.04
u_10453,instagram,ios,DE,43.92,1,2025-02-01,2025-02-01,43.92
u_10454,google_ads,ios,ES,109.26,2,2025-02-01,2025-02-08,163.89
u_10455,google_ads,android,NL,45.07,1,2025-02-01,2025-02-01,45.07
u_10456,tiktok,android,DE,220.13,4,2025-02-01,2025-03-05,550.33
u_10457,facebook,android,DE,37.25,1,2025-02-01,2025-02-01,37.25
u_10458,facebook,android,FR,186.15,3,2025-02-01,2025-03-06,372.3
u_10459,google_ads,android,ES,210.72,3,2025-02-01,2025-03-22,421.44
u_10460,tiktok,android,PT,13.41,2,2025-02-01,2025-03-10,20.12
u_10461,facebook,android,FR,187.43,4,2025-02-01,2025-06-09,468.58
u_10462,instagram,ios,IT,166.45,3,2025-02-02,2025-09-24,332.9
u_10463,facebook,ios,PL,102.84,2,2025-02-02,2025-03-02,154.26
u_10464,instagram,android,IE,146.04,2,2025-02-02,2025-02-26,219.06
u_10465,facebook,ios,NL,76.49,2,2025-02-02,2025-02-06,114.73
u_10466,instagram,android,FR,36.94,1,2025-02-02,2025-02-02,36.94
u_10467,google_ads,ios,IE,41.94,1,2025-02-02,2025-02-02,41.94
u_10468,tiktok,android,DE,74.12,5,2025-02-02,2025-09-28,222.36
u_10469,facebook,ios,ES,63.73,3,2025-02-02,2025-10-13,127.46
u_10470,instagram,android,FR,23.27,1,2025-02-02,2025-02-02,23.27
u_10471,google_ads,ios,DE,86.73,2,2025-02-02,2025-12-02,130.1
u_10472,instagram,ios,PL,211.81,3,2025-02-02,2025-11-17,423.62
u_10473,facebook,android,PT,44.28,1,2025-02-02,2025-02-02,44.28
u_10474,instagram,android,SE,91.73,3,2025-02-03,2025-05-14,183.46
u_10475,facebook,ios,DE,74.9,2,2025-02-03,2025-02-06,112.35
u_10476,facebook,ios,IE,14.6,1,2025-02-03,2025-02-03,14.6
u_10477,google_ads,ios,IT,98.05,3,2025-02-03,2025-04-26,196.1
u_10478,tiktok,android,ES,224.77,3,2025-02-03,2025-12-16,449.54
u_10479,google_ads,android,IE,130.67,2,2025-02-03,2025-10-24,196.0
u_10480,tiktok,android,IE,46.17,1,2025-02-03,2025-02-03,46.17
u_10481,google_ads,ios,FR,99.44,2,2025-02-03,2025-04-24,149.16
u_10482,facebook,ios,ES,28.78,4,2025-02-03,2025-07-12,71.95
u_10483,twitter,android,PT,116.78,3,2025-02-03,2025-05-19,233.56
u_10484,tiktok,android,NL,42.3,1,2025-02-03,2025-02-03,42.3
u_10485,tiktok,android,IT,56.24,2,2025-02-03,2025-11-06,84.36
u_10486,instagram,ios,SE,99.48,2,2025-02-03,2025-03-17,149.22
u_10487,twitter,android,PT,143.99,3,2025-02-03,2025-05-05,287.98
u_10488,instagram,ios,PL,25.83,1,2025-02-03,2025-02-03,25.83
u_10489,tiktok,ios,SE,50.04,2,2025-02-03,2025-07-29,75.06
u_10490,google_ads,android,DE,52.73,1,2025-02-03,2025-02-03,52.73
u_10491,instagram,ios,DE,72.97,2,2025-02-03,2025-10-18,109.46
u_10492,instagram,android,PL,61.01,2,2025-02-04,2025-05-06,91.52
u_10493,google_ads,ios,DE,209.72,4,2025-02-04,2025-09-23,524.3
u_10494,tiktok,ios,PL,112.55,2,2025-02-04,2025-03-02,168.82
u_10495,google_ads,ios,IE,19.1,1,2025-02-04,2025-02-04,19.1
u_10496,google_ads,ios,PL,62.97,2,2025-02-04,2025-03-04,94.46
u_10497,google_ads,android,SE,62.68,2,2025-02-04,2025-02-27,94.02
u_10498,facebook,ios,IE,50.77,1,2025-02-04,2025-02-04,50.77
u_10499,instagram,android,DE,49.63,1,2025-02-04,2025-02-04,49.63
u_10500,tiktok,ios,IE,48.44,1,2025-02-04,2025-02-04,48.44
u_10501,facebook,android,DE,68.8,1,2025-02-04,2025-02-04,68.8
u_10502,google_ads,ios,PT,46.29,2,2025-02-04,2025-05-12,69.44
u_10503,google_ads,android,IT,65.88,2,2025-02-04,2025-04-25,98.82
u_10504,google_ads,ios,NL,19.86,2,2025-02-04,2025-03-04,29.79
u_10505,google_ads,android,NL,46.33,1,2025-02-04,2025-02-04,46.33
u_10506,tiktok,android,SE,146.64,3,2025-02-04,2025-12-14,293.28
u_10507,tiktok,android,BE,152.57,3,2025-02-04,2025-07-06,305.14
u_10508,facebook,android,PL,93.6,2,2025-02-04,2025-06-03,140.4
u_10509,instagram,ios,ES,116.35,4,2025-02-04,2025-10-06,290.88
u_10510,google_ads,ios,SE,80.6,2,2025-02-04,2025-05-31,120.9
u_10511,google_ads,android,DE,80.87,2,2025-02-04,2025-03-10,121.3
u_10512,instagram,ios,NL,61.66,2,2025-02-04,2025-02-15,92.49
u_10513,facebook,ios,PL,52.72,1,2025-02-04,2025-02-04,52.72
u_10514,twitter,ios,BE,125.92,2,2025-02-04,2025-10-21,188.88
u_10515,tiktok,ios,NL,25.02,2,2025-02-04,2025-02-16,37.53
u_10516,google_ads,ios,IT,100.3,3,2025-02-04,2025-08-01,200.6
u_10517,google_ads,ios,NL,164.92,4,2025-02-04,2025-11-20,412.3
u_10518,google_ads,ios,IE,131.64,4,2025-02-04,2025-04-22,329.1
u_10519,google_ads,ios,DE,29.63,1,2025-02-04,2025-02-04,29.63
u_10520,tiktok,android,ES,203.34,3,2025-02-05,2025-09-03,406.68
u_10521,tiktok,android,PT,50.33,1,2025-02-05,2025-02-05,50.33
u_10522,instagram,ios,IT,82.19,2,2025-02-05,2025-02-28,123.28
u_10523,twitter,ios,FR,56.31,1,2025-02-05,2025-02-05,56.31
u_10524,google_ads,ios,PL,169.55,3,2025-02-05,2025-03-10,339.1
u_10525,twitter,ios,SE,55.02,1,2025-02-05,2025-02-05,55.02
u_10526,facebook,ios,PL,278.25,5,2025-02-05,2025-12-19,834.75
u_10527,facebook,ios,DE,44.85,1,2025-02-05,2025-02-05,44.85
u_10528,facebook,ios,PL,186.54,3,2025-02-05,2025-03-08,373.08
u_10529,tiktok,android,IT,54.95,2,2025-02-05,2025-04-29,82.43
u_10530,twitter,android,BE,111.09,3,2025-02-06,2025-08-07,222.18
u_10531,facebook,ios,IE,112.15,2,2025-02-06,2025-10-12,168.23
u_10532,tiktok,ios,DE,89.03,2,2025-02-06,2025-07-02,133.55
u_10533,google_ads,ios,PL,52.07,2,2025-02-06,2025-12-24,78.1
u_10534,facebook,ios,DE,98.11,2,2025-02-06,2025-06-14,147.16
u_10535,facebook,android,SE,43.89,1,2025-02-06,2025-02-06,43.89
u_10536,facebook,android,NL,91.41,2,2025-02-06,2025-05-26,137.12
u_10537,google_ads,android,SE,31.02,1,2025-02-06,2025-02-06,31.02
u_10538,google_ads,android,PL,74.35,3,2025-02-06,2025-03-14,148.7
u_10539,google_ads,android,IE,149.03,5,2025-02-06,2025-09-15,447.09
u_10540,instagram,ios,ES,29.07,1,2025-02-06,2025-02-06,29.07
u_10541,twitter,ios,NL,296.4,4,2025-02-06,2025-12-27,741.0
u_10542,tiktok,android,IE,7.72,1,2025-02-06,2025-02-06,7.72
u_10543,google_ads,ios,PT,61.19,1,2025-02-06,2025-02-06,61.19
u_10544,google_ads,android,SE,25.78,1,2025-02-07,2025-02-07,25.78
u_10545,facebook,android,NL,35.36,1,2025-02-07,2025-02-07,35.36
u_10546,twitter,ios,FR,18.01,2,2025-02-07,2025-04-03,27.02
u_10547,instagram,android,FR,127.32,2,2025-02-07,2025-02-12,190.98
u_10548,facebook,android,NL,114.22,2,2025-02-07,2025-02-16,171.33
u_10549,facebook,ios,PL,94.2,2,2025-02-07,2025-06-01,141.3
u_10550,facebook,ios,IT,151.39,4,2025-02-07,2025-09-29,378.48
u_10551,instagram,ios,DE,149.69,3,2025-02-07,2025-05-15,299.38
u_10552,google_ads,ios,DE,53.83,2,2025-02-07,2025-05-27,80.74
u_10553,twitter,android,PL,117.33,3,2025-02-07,2025-09-27,234.66
u_10554,google_ads,android,BE,62.25,2,2025-02-07,2025-04-17,93.38
u_10555,facebook,ios,IE,20.97,1,2025-02-07,2025-02-07,20.97
u_10556,tiktok,ios,ES,113.16,3,2025-02-07,2025-10-14,226.32
u_10557,instagram,ios,SE,16.11,2,2025-02-07,2025-02-18,24.16
u_10558,tiktok,ios,PL,178.35,3,2025-02-08,2025-04-25,356.7
u_10559,facebook,android,NL,24.59,1,2025-02-08,2025-02-08,24.59
u_10560,instagram,android,PL,52.23,1,2025-02-08,2025-02-08,52.23
u_10561,facebook,ios,DE,97.04,2,2025-02-08,2025-04-11,145.56
u_10562,google_ads,android,PL,33.92,1,2025-02-08,2025-02-08,33.92
u_10563,tiktok,ios,IT,107.39,2,2025-02-08,2025-06-14,161.08
u_10564,facebook,ios,NL,93.69,2,2025-02-08,2025-09-10,140.54
u_10565,google_ads,android,IT,52.72,1,2025-02-08,2025-02-08,52.72
u_10566,facebook,android,DE,42.09,2,2025-02-08,2025-04-30,63.14
u_10567,google_ads,ios,ES,75.03,2,2025-02-08,2025-02-14,112.54
u_10568,google_ads,ios,DE,165.0,4,2025-02-08,2025-12-15,412.5
u_10569,tiktok,ios,ES,153.37,3,2025-02-09,2025-06-15,306.74
u_10570,twitter,android,NL,115.08,2,2025-02-09,2025-03-08,172.62
u_10571,google_ads,ios,IE,47.28,1,2025-02-09,2025-02-09,47.28
u_10572,google_ads,android,ES,116.36,2,2025-02-09,2025-02-16,174.54
u_10573,google_ads,ios,SE,82.61,1,2025-02-09,2025-02-09,82.61
u_10574,instagram,ios,NL,33.69,1,2025-02-09,2025-02-09,33.69
u_10575,google_ads,ios,DE,131.97,3,2025-02-09,2025-05-22,263.94
u_10576,facebook,ios,PT,26.31,1,2025-02-09,2025-02-09,26.31
u_10577,google_ads,ios,NL,176.32,4,2025-02-09,2025-06-12,440.8
u_10578,facebook,ios,FR,63.98,1,2025-02-09,2025-02-09,63.98
u_10579,google_ads,ios,NL,107.62,2,2025-02-09,2025-07-16,161.43
u_10580,facebook,android,FR,49.5,1,2025-02-09,2025-02-09,49.5
u_10581,tiktok,ios,ES,65.54,1,2025-02-09,2025-02-09,65.54
u_10582,google_ads,android,DE,134.76,3,2025-02-09,2025-11-01,269.52
u_10583,google_ads,ios,BE,54.44,2,2025-02-09,2025-04-15,81.66
u_10584,instagram,ios,IT,228.94,3,2025-02-09,2025-09-24,457.88
u_10585,instagram,android,PT,58.06,2,2025-02-10,2025-04-09,87.09
u_10586,google_ads,android,BE,34.55,1,2025-02-10,2025-02-10,34.55
u_10587,tiktok,ios,IE,65.77,1,2025-02-10,2025-02-10,65.77
u_10588,twitter,android,PL,164.74,3,2025-02-10,2025-12-10,329.48
u_10589,twitter,android,SE,47.11,2,2025-02-10,2025-03-26,70.66
u_10590,google_ads,ios,DE,90.03,2,2025-02-10,2025-03-11,135.05
u_10591,instagram,android,SE,99.07,4,2025-02-10,2025-09-04,247.68
u_10592,google_ads,android,PT,37.6,1,2025-02-10,2025-02-10,37.6
u_10593,twitter,ios,SE,40.68,1,2025-02-10,2025-02-10,40.68
u_10594,facebook,ios,PT,45.8,3,2025-02-10,2025-03-05,91.6
u_10595,tiktok,ios,DE,27.34,1,2025-02-10,2025-02-10,27.34
u_10596,twitter,android,PT,53.95,3,2025-02-10,2025-05-23,107.9
u_10597,google_ads,ios,SE,147.81,2,2025-02-11,2025-07-15,221.72
u_10598,tiktok,ios,FR,51.4,1,2025-02-11,2025-02-11,51.4
u_10599,instagram,ios,PT,63.53,2,2025-02-11,2025-07-17,95.3
u_10600,tiktok,android,PL,28.92,2,2025-02-11,2025-08-06,43.38
u_10601,google_ads,ios,PL,19.28,2,2025-02-11,2025-03-08,28.92
u_10602,instagram,android,NL,31.65,1,2025-02-11,2025-02-11,31.65
u_10603,tiktok,android,DE,35.46,3,2025-02-11,2025-06-04,70.92
u_10604,instagram,ios,BE,54.89,1,2025-02-11,2025-02-11,54.89
u_10605,facebook,android,FR,284.9,3,2025-02-11,2025-05-19,569.8
u_10606,google_ads,ios,PT,103.85,3,2025-02-11,2025-12-29,207.7
u_10607,google_ads,android,DE,53.22,1,2025-02-11,2025-02-11,53.22
u_10608,twitter,ios,DE,192.1,3,2025-02-11,2025-08-07,384.2
u_10609,google_ads,ios,BE,58.63,1,2025-02-11,2025-02-11,58.63
u_10610,instagram,android,DE,64.47,1,2025-02-11,2025-02-11,64.47
u_10611,facebook,ios,IT,47.1,1,2025-02-11,2025-02-11,47.1
u_10612,google_ads,ios,IT,171.43,3,2025-02-12,2025-03-21,342.86
u_10613,google_ads,android,PL,150.88,2,2025-02-12,2025-06-28,226.32
u_10614,google_ads,android,SE,351.32,4,2025-02-12,2025-10-30,878.3
u_10615,google_ads,android,NL,153.55,3,2025-02-12,2025-06-16,307.1
u_10616,facebook,ios,IE,81.84,2,2025-02-12,2025-05-12,122.76
u_10617,instagram,android,IT,103.39,2,2025-02-12,2025-05-24,155.08
u_10618,google_ads,android,FR,57.71,2,2025-02-12,2025-09-03,86.56
u_10619,google_ads,ios,SE,69.81,1,2025-02-12,2025-02-12,69.81
u_10620,google_ads,android,FR,38.7,1,2025-02-12,2025-02-12,38.7
u_10621,google_ads,ios,ES,73.46,2,2025-02-12,2025-03-06,110.19
u_10622,google_ads,ios,PT,56.73,1,2025-02-12,2025-02-12,56.73
u_10623,twitter,android,BE,131.76,2,2025-02-12,2025-04-08,197.64
u_10624,google_ads,android,IE,230.88,3,2025-02-12,2025-12-08,461.76
u_10625,instagram,ios,IT,52.95,1,2025-02-12,2025-02-12,52.95
u_10626,facebook,android,DE,104.17,2,2025-02-12,2025-07-10,156.26
u_10627,google_ads,ios,SE,62.48,1,2025-02-12,2025-02-12,62.48
u_10628,facebook,android,PT,70.43,2,2025-02-12,2025-05-30,105.65
u_10629,google_ads,android,FR,57.17,2,2025-02-12,2025-05-24,85.76
u_10630,google_ads,ios,DE,31.31,2,2025-02-13,2025-07-12,46.96
u_10631,google_ads,ios,NL,95.68,2,2025-02-13,2025-04-18,143.52
u_10632,google_ads,android,FR,35.63,1,2025-02-13,2025-02-13,35.63
u_10633,instagram,android,SE,44.85,2,2025-02-13,2025-02-21,67.28
u_10634,google_ads,ios,PT,60.45,1,2025-02-13,2025-02-13,60.45
u_10635,instagram,ios,DE,125.21,2,2025-02-13,2025-03-02,187.82
u_10636,twitter,android,DE,147.33,2,2025-02-13,2025-02-18,221.0
u_10637,instagram,android,ES,30.93,2,2025-02-13,2025-02-15,46.4
u_10638,instagram,ios,DE,69.93,2,2025-02-13,2025-03-21,104.9
u_10639,instagram,ios,IE,51.22,1,2025-02-13,2025-02-13,51.22
u_10640,google_ads,android,NL,82.19,3,2025-02-13,2025-10-28,164.38
u_10641,google_ads,android,FR,59.34,1,2025-02-13,2025-02-13,59.34
u_10642,google_ads,ios,FR,99.38,3,2025-02-13,2025-06-01,198.76
u_10643,tiktok,ios,ES,124.15,2,2025-02-13,2025-05-25,186.23
u_10644,google_ads,android,PT,21.53,1,2025-02-13,2025-02-13,21.53
u_10645,google_ads,ios,FR,34.87,1,2025-02-14,2025-02-14,34.87
u_10646,google_ads,android,ES,114.33,3,2025-02-14,2025-04-02,228.66
u_10647,instagram,android,SE,100.65,2,2025-02-14,2025-02-23,150.98
u_10648,tiktok,ios,PT,145.17,2,2025-02-14,2025-06-13,217.76
u_10649,instagram,ios,PT,37.52,1,2025-02-14,2025-02-14,37.52
u_10650,instagram,ios,SE,47.21,1,2025-02-14,2025-02-14,47.21
u_10651,instagram,ios,IT,55.67,1,2025-02-14,2025-02-14,55.67
u_10652,twitter,ios,ES,127.68,3,2025-02-14,2025-07-09,255.36
u_10653,facebook,android,PT,19.01,2,2025-02-14,2025-08-10,28.52
u_10654,facebook,ios,NL,18.71,1,2025-02-14,2025-02-14,18.71
u_10655,facebook,android,SE,35.87,1,2025-02-14,2025-02-14,35.87
u_10656,instagram,ios,PT,266.11,3,2025-02-14,2025-06-12,532.22
u_10657,tiktok,android,PT,150.5,2,2025-02-14,2025-07-04,225.75
u_10658,facebook,ios,FR,49.33,2,2025-02-14,2025-04-05,74.0
u_10659,google_ads,ios,BE,91.22,2,2025-02-15,2025-12-06,136.83
u_10660,instagram,ios,ES,53.85,1,2025-02-15,2025-02-15,53.85
u_10661,google_ads,android,NL,200.86,3,2025-02-15,2025-06-09,401.72
u_10662,instagram,ios,FR,55.67,1,2025-02-15,2025-02-15,55.67
u_10663,tiktok,android,FR,73.83,4,2025-02-15,2025-09-05,184.58
u_10664,instagram,ios,BE,36.7,1,2025-02-15,2025-02-15,36.7
u_10665,facebook,ios,NL,52.02,1,2025-02-15,2025-02-15,52.02
u_10666,instagram,ios,FR,98.03,2,2025-02-15,2025-04-21,147.05
u_10667,tiktok,android,ES,27.83,4,2025-02-15,2025-07-03,69.57
u_10668,facebook,ios,BE,34.23,1,2025-02-15,2025-02-15,34.23
u_10669,tiktok,ios,PL,41.97,1,2025-02-15,2025-02-15,41.97
u_10670,tiktok,ios,SE,79.66,4,2025-02-15,2025-09-18,199.15
u_10671,google_ads,android,DE,106.39,3,2025-02-16,2025-08-20,212.78
u_10672,instagram,ios,PL,120.99,2,2025-02-16,2025-02-18,181.48
u_10673,facebook,ios,ES,36.63,1,2025-02-16,2025-02-16,36.63
u_10674,instagram,ios,PL,114.07,2,2025-02-16,2025-03-13,171.1
u_10675,google_ads,android,BE,34.42,1,2025-02-16,2025-02-16,34.42
u_10676,twitter,android,PL,242.91,4,2025-02-16,2025-05-28,607.28
u_10677,google_ads,android,PL,199.94,3,2025-02-16,2025-06-20,399.88
u_10678,facebook,android,DE,111.91,3,2025-02-16,2025-03-15,223.82
u_10679,facebook,ios,IT,27.01,1,2025-02-16,2025-02-16,27.01
u_10680,google_ads,android,IT,11.98,2,2025-02-16,2025-03-24,17.97
u_10681,instagram,android,FR,16.88,1,2025-02-16,2025-02-16,16.88
u_10682,instagram,android,DE,48.88,2,2025-02-16,2025-03-17,73.32
u_10683,google_ads,ios,BE,75.08,2,2025-02-16,2025-07-10,112.62
u_10684,tiktok,android,PT,93.05,2,2025-02-16,2025-03-06,139.57
u_10685,google_ads,ios,FR,99.35,2,2025-02-16,2025-05-02,149.02
u_10686,instagram,ios,BE,14.19,1,2025-02-16,2025-02-16,14.19
u_10687,twitter,ios,PL,33.41,1,2025-02-16,2025-02-16,33.41
u_10688,facebook,ios,IT,112.15,2,2025-02-16,2025-04-18,168.23
u_10689,google_ads,android,DE,234.1,5,2025-02-17,2025-11-18,702.3
u_10690,instagram,android,IE,46.8,1,2025-02-17,2025-02-17,46.8
u_10691,twitter,ios,PT,86.47,2,2025-02-17,2025-08-14,129.7
u_10692,tiktok,ios,FR,67.93,2,2025-02-17,2025-11-03,101.9
u_10693,tiktok,android,DE,46.43,1,2025-02-17,2025-02-17,46.43
u_10694,google_ads,ios,DE,242.28,3,2025-02-17,2025-06-22,484.56
u_10695,tiktok,ios,PL,63.86,2,2025-02-17,2025-04-12,95.79
u_10696,instagram,android,PL,21.39,3,2025-02-17,2025-05-07,42.78
u_10697,google_ads,android,FR,11.98,2,2025-02-17,2025-10-06,17.97
u_10698,google_ads,android,NL,60.11,1,2025-02-17,2025-02-17,60.11
u_10699,google_ads,android,PL,31.88,1,2025-02-17,2025-02-17,31.88
u_10700,google_ads,android,PT,192.8,5,2025-02-17,2025-10-20,578.4
u_10701,facebook,android,BE,42.07,2,2025-02-17,2025-08-28,63.1
u_10702,google_ads,ios,IE,152.23,3,2025-02-17,2025-10-07,304.46
u_10703,google_ads,android,DE,155.02,3,2025-02-18,2025-10-18,310.04
u_10704,tiktok,android,DE,110.12,2,2025-02-18,2025-03-11,165.18
u_10705,facebook,ios,IT,158.59,3,2025-02-18,2025-09-13,317.18
u_10706,instagram,android,DE,21.8,1,2025-02-18,2025-02-18,21.8
u_10707,twitter,android,DE,247.91,3,2025-02-18,2025-12-26,495.82
u_10708,tiktok,android,BE,26.41,2,2025-02-18,2025-02-23,39.62
u_10709,google_ads,android,ES,50.73,2,2025-02-18,2025-02-25,76.1
u_10710,facebook,android,FR,51.81,1,2025-02-18,2025-02-18,51.81
u_10711,google_ads,android,PL,132.87,3,2025-02-18,2025-12-08,265.74
u_10712,facebook,android,ES,43.53,1,2025-02-18,2025-02-18,43.53
u_10713,google_ads,ios,SE,82.08,2,2025-02-18,2025-12-22,123.12
u_10714,tiktok,ios,PL,136.48,3,2025-02-18,2025-07-19,272.96
u_10715,google_ads,ios,IE,12.36,1,2025-02-18,2025-02-18,12.36
u_10716,instagram,ios,FR,20.03,1,2025-02-18,2025-02-18,20.03
u_10717,instagram,android,DE,41.21,1,2025-02-18,2025-02-18,41.21
u_10718,facebook,ios,FR,61.46,2,2025-02-18,2025-11-16,92.19
u_10719,instagram,ios,PL,55.57,1,2025-02-18,2025-02-18,55.57
u_10720,tiktok,ios,FR,73.97,1,2025-02-19,2025-02-19,73.97
u_10721,tiktok,android,SE,66.19,2,2025-02-19,2025-05-27,99.28
u_10722,instagram,ios,DE,68.09,1,2025-02-19,2025-02-19,68.09
u_10723,facebook,android,DE,74.81,2,2025-02-19,2025-04-24,112.22
u_10724,instagram,android,DE,41.1,1,2025-02-19,2025-02-19,41.1
u_10725,google_ads,android,FR,69.17,2,2025-02-19,2025-11-29,103.76
u_10726,facebook,android,FR,17.32,1,2025-02-19,2025-02-19,17.32
u_10727,facebook,android,DE,82.87,2,2025-02-19,2025-05-29,124.3
u_10728,instagram,ios,FR,48.53,1,2025-02-19,2025-02-19,48.53
u_10729,facebook,ios,SE,197.47,3,2025-02-19,2025-10-04,394.94
u_10730,facebook,ios,ES,26.27,1,2025-02-19,2025-02-19,26.27
u_10731,google_ads,ios,FR,45.0,1,2025-02-19,2025-02-19,45.0
u_10732,google_ads,ios,BE,132.3,3,2025-02-19,2025-11-01,264.6
u_10733,google_ads,android,PT,42.39,1,2025-02-19,2025-02-19,42.39
u_10734,instagram,ios,DE,108.93,2,2025-02-19,2025-09-10,163.4
u_10735,tiktok,android,DE,46.8,1,2025-02-19,2025-02-19,46.8
u_10736,google_ads,android,BE,53.91,2,2025-02-20,2025-03-09,80.86
u_10737,facebook,android,IT,45.63,3,2025-02-20,2025-06-04,91.26
u_10738,tiktok,android,PT,158.6,2,2025-02-20,2025-04-11,237.9
u_10739,tiktok,android,PL,40.75,1,2025-02-20,2025-02-20,40.75
u_10740,twitter,ios,IT,158.31,3,2025-02-20,2025-08-31,316.62
u_10741,instagram,android,ES,43.75,1,2025-02-20,2025-02-20,43.75
u_10742,google_ads,ios,PT,61.91,1,2025-02-20,2025-02-20,61.91
u_10743,tiktok,ios,IT,81.95,2,2025-02-20,2025-06-12,122.93
u_10744,twitter,android,DE,31.05,1,2025-02-20,2025-02-20,31.05
u_10745,google_ads,android,ES,116.33,4,2025-02-20,2025-05-29,290.82
u_10746,facebook,ios,PT,90.41,3,2025-02-20,2025-11-25,180.82
u_10747,google_ads,android,SE,79.13,2,2025-02-20,2025-07-16,118.7
u_10748,instagram,android,DE,152.28,4,2025-02-20,2025-09-22,380.7
u_10749,instagram,ios,IE,84.22,2,2025-02-20,2025-08-04,126.33
u_10750,google_ads,ios,NL,49.05,1,2025-02-20,2025-02-20,49.05
u_10751,google_ads,ios,NL,38.4,2,2025-02-20,2025-09-10,57.6
u_10752,instagram,ios,NL,47.57,1,2025-02-21,2025-02-21,47.57
u_10753,twitter,ios,DE,97.13,2,2025-02-21,2025-03-19,145.7
u_10754,google_ads,ios,IE,38.07,2,2025-02-21,2025-07-02,57.1
u_10755,twitter,android,FR,149.54,3,2025-02-21,2025-10-17,299.08
u_10756,facebook,android,DE,34.9,1,2025-02-21,2025-02-21,34.9
u_10757,google_ads,android,FR,242.56,4,2025-02-21,2025-05-15,606.4
u_10758,facebook,android,PL,83.23,2,2025-02-21,2025-04-04,124.84
u_10759,tiktok,ios,DE,60.97,3,2025-02-21,2025-07-10,121.94
u_10760,twitter,android,IT,49.19,2,2025-02-21,2025-03-18,73.78
u_10761,tiktok,ios,DE,49.11,2,2025-02-21,2025-05-18,73.66
u_10762,instagram,android,BE,39.75,1,2025-02-21,2025-02-21,39.75
u_10763,facebook,android,FR,54.12,1,2025-02-21,2025-02-21,54.12
u_10764,google_ads,ios,BE,74.8,2,2025-02-21,2025-05-11,112.2
u_10765,google_ads,android,DE,158.22,2,2025-02-21,2025-03-01,237.33
u_10766,facebook,android,PL,150.8,3,2025-02-21,2025-08-22,301.6
u_10767,google_ads,ios,BE,10.12,1,2025-02-21,2025-02-21,10.12
u_10768,instagram,android,SE,65.99,1,2025-02-21,2025-02-21,65.99
u_10769,instagram,ios,IT,78.65,3,2025-02-22,2025-05-23,157.3
u_10770,google_ads,android,DE,42.13,2,2025-02-22,2025-04-27,63.2
u_10771,instagram,ios,BE,89.94,2,2025-02-22,2025-11-11,134.91
u_10772,instagram,android,NL,86.42,3,2025-02-22,2025-07-31,172.84
u_10773,google_ads,android,DE,104.56,3,2025-02-22,2025-07-23,209.12
u_10774,tiktok,ios,DE,144.31,2,2025-02-22,2025-04-14,216.46
u_10775,twitter,ios,IT,43.76,1,2025-02-22,2025-02-22,43.76
u_10776,twitter,android,SE,49.39,1,2025-02-22,2025-02-22,49.39
u_10777,google_ads,ios,IT,14.55,2,2025-02-22,2025-09-29,21.83
u_10778,google_ads,ios,DE,45.25,2,2025-02-22,2025-05-01,67.88
u_10779,google_ads,android,ES,61.12,1,2025-02-22,2025-02-22,61.12
u_10780,google_ads,android,DE,61.46,1,2025-02-22,2025-02-22,61.46
u_10781,google_ads,ios,DE,340.13,4,2025-02-23,2025-11-17,850.32
u_10782,facebook,ios,PT,38.36,1,2025-02-23,2025-02-23,38.36
u_10783,facebook,android,PT,128.72,3,2025-02-23,2025-08-28,257.44
u_10784,tiktok,ios,BE,140.95,2,2025-02-23,2025-07-16,211.42
u_10785,instagram,android,NL,52.47,1,2025-02-23,2025-02-23,52.47
u_10786,facebook,android,DE,132.79,2,2025-02-23,2025-11-16,199.18
u_10787,facebook,ios,DE,23.06,2,2025-02-23,2025-06-04,34.59
u_10788,tiktok,ios,IT,120.38,3,2025-02-23,2025-07-06,240.76
u_10789,instagram,ios,FR,56.81,3,2025-02-23,2025-07-17,113.62
u_10790,tiktok,android,FR,51.7,1,2025-02-23,2025-02-23,51.7
u_10791,instagram,ios,IT,74.79,2,2025-02-23,2025-06-19,112.18
u_10792,instagram,ios,DE,6.99,1,2025-02-23,2025-02-23,6.99
u_10793,instagram,android,NL,39.21,1,2025-02-23,2025-02-23,39.21
u_10794,tiktok,android,NL,70.14,2,2025-02-23,2025-06-11,105.21
u_10795,facebook,android,BE,38.66,2,2025-02-24,2025-03-01,57.99
u_10796,google_ads,android,SE,78.93,5,2025-02-24,2025-08-16,236.79
u_10797,tiktok,ios,IE,92.09,2,2025-02-24,2025-03-30,138.14
u_10798,google_ads,android,DE,86.4,2,2025-02-24,2025-03-23,129.6
u_10799,google_ads,ios,DE,37.84,1,2025-02-24,2025-02-24,37.84
u_10800,facebook,android,IT,115.22,2,2025-02-24,2025-06-06,172.83
u_10801,facebook,android,FR,124.46,2,2025-02-24,2025-09-08,186.69
u_10802,google_ads,ios,DE,207.59,4,2025-02-24,2025-11-16,518.98
u_10803,google_ads,android,DE,136.14,5,2025-02-24,2025-06-18,408.42
u_10804,facebook,android,SE,31.96,4,2025-02-24,2025-10-31,79.9
u_10805,google_ads,ios,SE,36.9,1,2025-02-25,2025-02-25,36.9
u_10806,google_ads,ios,DE,138.33,4,2025-02-25,2025-07-19,345.83
u_10807,facebook,android,FR,45.37,1,2025-02-25,2025-02-25,45.37
u_10808,facebook,android,ES,80.11,2,2025-02-25,2025-07-08,120.16
u_10809,google_ads,android,PT,43.2,1,2025-02-25,2025-02-25,43.2
u_10810,facebook,android,DE,42.69,1,2025-02-25,2025-02-25,42.69
u_10811,facebook,android,ES,76.58,2,2025-02-25,2025-06-21,114.87
u_10812,google_ads,android,PL,143.73,3,2025-02-25,2025-11-14,287.46
u_10813,google_ads,android,IE,247.21,4,2025-02-25,2025-08-23,618.02
u_10814,google_ads,android,DE,153.8,4,2025-02-25,2025-11-09,384.5
u_10815,google_ads,ios,FR,47.76,1,2025-02-26,2025-02-26,47.76
u_10816,instagram,ios,IT,63.2,1,2025-02-26,2025-02-26,63.2
u_10817,instagram,android,PL,29.78,1,2025-02-26,2025-02-26,29.78
u_10818,google_ads,ios,NL,113.08,2,2025-02-26,2025-03-30,169.62
u_10819,instagram,ios,IE,82.93,2,2025-02-26,2025-07-12,124.4
u_10820,facebook,ios,SE,15.49,1,2025-02-26,2025-02-26,15.49
u_10821,twitter,ios,IT,36.39,1,2025-02-26,2025-02-26,36.39
u_10822,instagram,android,PT,45.33,1,2025-02-26,2025-02-26,45.33
u_10823,instagram,android,DE,79.87,2,2025-02-26,2025-03-01,119.8
u_10824,google_ads,android,DE,31.3,1,2025-02-26,2025-02-26,31.3
u_10825,google_ads,ios,FR,15.75,1,2025-02-26,2025-02-26,15.75
u_10826,google_ads,android,SE,41.12,1,2025-02-26,2025-02-26,41.12
u_10827,facebook,android,FR,62.79,1,2025-02-27,2025-02-27,62.79
u_10828,google_ads,android,FR,25.42,1,2025-02-27,2025-02-27,25.42
u_10829,instagram,android,ES,25.67,1,2025-02-27,2025-02-27,25.67
u_10830,google_ads,android,IT,55.3,1,2025-02-27,2025-02-27,55.3
u_10831,google_ads,ios,DE,34.53,2,2025-02-27,2025-05-25,51.8
u_10832,google_ads,ios,PT,23.4,1,2025-02-27,2025-02-27,23.4
u_10833,instagram,ios,PT,48.42,1,2025-02-27,2025-02-27,48.42
u_10834,instagram,ios,IT,49.36,1,2025-02-27,2025-02-27,49.36
u_10835,instagram,ios,ES,134.38,2,2025-02-27,2025-08-20,201.57
u_10836,twitter,ios,DE,196.07,3,2025-02-27,2025-10-12,392.14
u_10837,google_ads,ios,DE,32.84,1,2025-02-27,2025-02-27,32.84
u_10838,tiktok,android,DE,86.25,2,2025-02-27,2025-11-14,129.38
u_10839,google_ads,android,PL,31.07,1,2025-02-27,2025-02-27,31.07
u_10840,instagram,android,ES,40.09,1,2025-02-28,2025-02-28,40.09
u_10841,google_ads,ios,FR,57.89,2,2025-02-28,2025-05-03,86.84
u_10842,instagram,android,PL,23.24,1,2025-02-28,2025-02-28,23.24
u_10843,tiktok,android,FR,63.12,1,2025-02-28,2025-02-28,63.12
u_10844,tiktok,android,PT,80.55,2,2025-02-28,2025-03-03,120.82
u_10845,google_ads,ios,IT,36.9,2,2025-02-28,2025-06-25,55.35
u_10846,google_ads,android,IT,63.43,2,2025-02-28,2025-07-08,95.14
u_10847,twitter,android,ES,46.84,1,2025-02-28,2025-02-28,46.84
u_10848,instagram,android,FR,14.17,2,2025-02-28,2025-07-23,21.26
u_10849,tiktok,ios,DE,55.35,2,2025-02-28,2025-07-18,83.02
u_10850,google_ads,android,BE,53.47,2,2025-02-28,2025-03-27,80.2
u_10851,google_ads,android,DE,80.92,2,2025-02-28,2025-12-06,121.38
u_10852,facebook,ios,PT,17.75,1,2025-03-01,2025-03-01,17.75
u_10853,tiktok,ios,SE,101.82,2,2025-03-01,2025-08-27,152.73
u_10854,google_ads,ios,PL,77.16,3,2025-03-01,2025-06-02,154.32
u_10855,twitter,ios,PL,49.72,1,2025-03-01,2025-03-01,49.72
u_10856,google_ads,ios,FR,27.21,2,2025-03-01,2025-07-17,40.82
u_10857,google_ads,ios,FR,23.6,1,2025-03-01,2025-03-01,23.6
u_10858,instagram,android,PL,20.37,3,2025-03-01,2025-10-11,40.74
u_10859,tiktok,android,FR,82.07,1,2025-03-01,2025-03-01,82.07
u_10860,google_ads,ios,IE,67.61,1,2025-03-01,2025-03-01,67.61
u_10861,instagram,ios,NL,35.85,3,2025-03-01,2025-05-31,71.7
u_10862,google_ads,android,ES,18.77,1,2025-03-01,2025-03-01,18.77
u_10863,google_ads,ios,DE,53.5,2,2025-03-01,2025-03-12,80.25
u_10864,google_ads,android,IE,25.18,1,2025-03-01,2025-03-01,25.18
u_10865,twitter,ios,PT,39.11,2,2025-03-02,2025-04-12,58.66
u_10866,tiktok,android,BE,101.81,2,2025-03-02,2025-03-27,152.72
u_10867,google_ads,ios,DE,130.09,2,2025-03-02,2025-11-29,195.14
u_10868,facebook,android,PL,39.13,1,2025-03-02,2025-03-02,39.13
u_10869,instagram,ios,PL,33.65,1,2025-03-02,2025-03-02,33.65
u_10870,google_ads,android,SE,55.67,1,2025-03-02,2025-03-02,55.67
u_10871,facebook,android,ES,86.76,2,2025-03-02,2025-03-08,130.14
u_10872,twitter,android,IE,53.12,2,2025-03-02,2025-05-18,79.68
u_10873,facebook,ios,SE,118.94,2,2025-03-02,2025-03-21,178.41
u_10874,google_ads,android,BE,165.57,4,2025-03-02,2025-07-02,413.92
u_10875,instagram,ios,DE,54.41,2,2025-03-02,2025-06-12,81.61
u_10876,tiktok,android,DE,35.55,1,2025-03-02,2025-03-02,35.55
u_10877,instagram,ios,PL,71.24,1,2025-03-02,2025-03-02,71.24
u_10878,google_ads,android,DE,92.71,3,2025-03-02,2025-11-26,185.42
u_10879,instagram,ios,BE,23.26,1,2025-03-03,2025-03-03,23.26
u_10880,google_ads,android,PL,97.75,2,2025-03-03,2025-06-27,146.62
u_10881,facebook,android,FR,104.3,3,2025-03-03,2025-12-09,208.6
u_10882,google_ads,android,SE,44.76,2,2025-03-03,2025-08-29,67.14
u_10883,facebook,android,DE,153.68,4,2025-03-03,2025-11-26,384.2
u_10884,google_ads,ios,FR,137.94,2,2025-03-03,2025-06-19,206.91
u_10885,facebook,ios,FR,37.14,1,2025-03-03,2025-03-03,37.14
u_10886,instagram,android,PT,47.2,2,2025-03-03,2025-09-04,70.8
u_10887,google_ads,ios,ES,45.73,1,2025-03-03,2025-03-03,45.73
u_10888,instagram,android,DE,71.19,1,2025-03-03,2025-03-03,71.19
u_10889,tiktok,ios,PL,118.31,3,2025-03-03,2025-07-20,236.62
u_10890,google_ads,ios,PL,29.02,1,2025-03-03,2025-03-03,29.02
u_10891,facebook,ios,FR,52.08,1,2025-03-03,2025-03-03,52.08
u_10892,tiktok,ios,FR,46.86,1,2025-03-03,2025-03-03,46.86
u_10893,tiktok,android,FR,55.43,1,2025-03-04,2025-03-04,55.43
u_10894,instagram,ios,NL,41.83,1,2025-03-04,2025-03-04,41.83
u_10895,google_ads,ios,FR,138.3,2,2025-03-04,2025-03-19,207.45
u_10896,google_ads,ios,NL,94.95,4,2025-03-04,2025-08-12,237.38
u_10897,tiktok,android,DE,151.22,2,2025-03-04,2025-03-24,226.83
u_10898,google_ads,android,DE,176.47,4,2025-03-04,2025-11-28,441.18
u_10899,google_ads,android,IT,24.86,2,2025-03-04,2025-10-27,37.29
u_10900,instagram,ios,BE,54.65,2,2025-03-04,2025-08-12,81.98
u_10901,google_ads,ios,BE,6.99,1,2025-03-04,2025-03-04,6.99
u_10902,instagram,android,FR,42.14,1,2025-03-04,2025-03-04,42.14
u_10903,instagram,ios,ES,287.82,5,2025-03-04,2025-09-17,863.46
u_10904,google_ads,ios,IT,246.43,4,2025-03-04,2025-10-30,616.08
u_10905,tiktok,ios,SE,98.76,2,2025-03-04,2025-06-22,148.14
u_10906,twitter,ios,DE,91.61,2,2025-03-04,2025-05-13,137.42
u_10907,tiktok,android,FR,56.18,1,2025-03-05,2025-03-05,56.18
u_10908,google_ads,ios,PT,82.7,3,2025-03-05,2025-11-11,165.4
u_10909,google_ads,android,FR,22.55,1,2025-03-05,2025-03-05,22.55
u_10910,facebook,ios,PL,145.41,3,2025-03-05,2025-10-30,290.82
u_10911,tiktok,ios,ES,291.3,4,2025-03-05,2025-05-21,728.25
u_10912,google_ads,ios,NL,107.8,3,2025-03-05,2025-07-01,215.6
u_10913,twitter,android,ES,39.99,1,2025-03-05,2025-03-05,39.99
u_10914,google_ads,ios,IE,122.45,3,2025-03-05,2025-06-03,244.9
u_10915,facebook,android,ES,10.52,1,2025-03-05,2025-03-05,10.52
u_10916,google_ads,ios,SE,82.3,3,2025-03-05,2025-04-07,164.6
u_10917,google_ads,android,IE,130.74,2,2025-03-05,2025-06-06,196.11
u_10918,instagram,android,SE,46.25,1,2025-03-05,2025-03-05,46.25
u_10919,instagram,ios,DE,72.73,2,2025-03-05,2025-09-16,109.1
u_10920,facebook,android,NL,49.62,1,2025-03-05,2025-03-05,49.62
u_10921,instagram,ios,PL,196.71,3,2025-03-06,2025-04-17,393.42
u_10922,google_ads,ios,BE,36.82,1,2025-03-06,2025-03-06,36.82
u_10923,instagram,ios,PT,39.71,1,2025-03-06,2025-03-06,39.71
u_10924,google_ads,android,BE,61.72,1,2025-03-06,2025-03-06,61.72
u_10925,instagram,android,PL,13.96,1,2025-03-06,2025-03-06,13.96
u_10926,facebook,android,NL,95.9,2,2025-03-06,2025-06-05,143.85
u_10927,tiktok,android,IE,6.99,1,2025-03-06,2025-03-06,6.99
u_10928,facebook,android,SE,52.27,1,2025-03-06,2025-03-06,52.27
u_10929,facebook,ios,DE,51.34,2,2025-03-06,2025-12-16,77.01
u_10930,tiktok,ios,BE,42.47,1,2025-03-06,2025-03-06,42.47
u_10931,tiktok,ios,IE,57.48,2,2025-03-06,2025-03-23,86.22
u_10932,tiktok,ios,FR,41.19,1,2025-03-06,2025-03-06,41.19
u_10933,facebook,ios,IT,85.21,2,2025-03-06,2025-05-12,127.82
u_10934,instagram,ios,DE,91.24,2,2025-03-06,2025-03-16,136.86
u_10935,tiktok,ios,IE,30.64,1,2025-03-06,2025-03-06,30.64
u_10936,google_ads,ios,PT,16.89,1,2025-03-07,2025-03-07,16.89
u_10937,twitter,android,PT,156.38,2,2025-03-07,2025-04-04,234.57
u_10938,facebook,ios,DE,134.81,2,2025-03-07,2025-10-01,202.22
u_10939,facebook,ios,SE,52.53,1,2025-03-07,2025-03-07,52.53
u_10940,google_ads,ios,IE,29.7,1,2025-03-07,2025-03-07,29.7
u_10941,google_ads,android,SE,111.48,2,2025-03-07,2025-07-04,167.22
u_10942,twitter,ios,DE,32.19,1,2025-03-07,2025-03-07,32.19
u_10943,instagram,android,SE,53.07,2,2025-03-07,2025-12-29,79.6
u_10944,google_ads,android,DE,16.94,2,2025-03-07,2025-09-10,25.41
u_10945,facebook,ios,ES,138.4,3,2025-03-07,2025-12-01,276.8
u_10946,google_ads,ios,NL,69.43,2,2025-03-08,2025-05-06,104.15
u_10947,tiktok,android,IE,72.23,2,2025-03-08,2025-09-21,108.34
u_10948,google_ads,android,DE,126.51,4,2025-03-08,2025-09-01,316.28
u_10949,instagram,android,NL,27.77,1,2025-03-08,2025-03-08,27.77
u_10950,google_ads,ios,PL,25.2,2,2025-03-08,2025-05-08,37.8
u_10951,google_ads,ios,BE,24.03,1,2025-03-08,2025-03-08,24.03
u_10952,google_ads,ios,IT,116.56,2,2025-03-08,2025-04-22,174.84
u_10953,google_ads,ios,IT,66.93,1,2025-03-08,2025-03-08,66.93
u_10954,google_ads,android,NL,66.34,1,2025-03-08,2025-03-08,66.34
u_10955,instagram,android,BE,31.7,1,2025-03-08,2025-03-08,31.7
u_10956,google_ads,android,ES,58.41,2,2025-03-08,2025-09-26,87.62
u_10957,facebook,android,BE,56.5,2,2025-03-08,2025-04-13,84.75
u_10958,twitter,android,FR,133.19,2,2025-03-08,2025-07-01,199.78
u_10959,facebook,android,PL,48.8,2,2025-03-08,2025-09-10,73.2
u_10960,tiktok,android,FR,45.12,1,2025-03-08,2025-03-08,45.12
u_10961,google_ads,android,IT,125.77,2,2025-03-08,2025-08-05,188.66
u_10962,google_ads,android,IT,21.07,1,2025-03-08,2025-03-08,21.07
u_10963,facebook,ios,IT,40.56,1,2025-03-08,2025-03-08,40.56
u_10964,twitter,android,DE,184.68,3,2025-03-08,2025-09-07,369.36
u_10965,tiktok,ios,NL,22.07,1,2025-03-09,2025-03-09,22.07
u_10966,instagram,ios,FR,157.18,3,2025-03-09,2025-04-26,314.36
u_10967,tiktok,ios,PT,148.85,2,2025-03-09,2025-05-23,223.27
u_10968,tiktok,android,NL,116.19,2,2025-03-09,2025-08-21,174.28
u_10969,instagram,android,DE,9.6,1,2025-03-09,2025-03-09,9.6
u_10970,facebook,ios,SE,140.71,3,2025-03-09,2025-10-31,281.42
u_10971,facebook,ios,IT,12.68,1,2025-03-09,2025-03-09,12.68
u_10972,google_ads,ios,NL,77.34,2,2025-03-10,2025-04-24,116.01
u_10973,twitter,ios,DE,43.5,2,2025-03-10,2025-07-04,65.25
u_10974,google_ads,ios,ES,369.13,5,2025-03-10,2025-12-13,1107.39
u_10975,google_ads,android,ES,243.46,3,2025-03-10,2025-08-31,486.92
u_10976,instagram,ios,ES,121.81,3,2025-03-10,2025-10-12,243.62
u_10977,google_ads,ios,SE,20.43,1,2025-03-10,2025-03-10,20.43
u_10978,tiktok,android,DE,62.07,2,2025-03-10,2025-07-16,93.1
u_10979,google_ads,ios,NL,61.63,1,2025-03-10,2025-03-10,61.63
u_10980,google_ads,android,ES,43.56,1,2025-03-10,2025-03-10,43.56
u_10981,google_ads,ios,PT,64.78,2,2025-03-10,2025-07-28,97.17
u_10982,facebook,android,ES,37.05,1,2025-03-10,2025-03-10,37.05
u_10983,instagram,android,NL,64.21,1,2025-03-10,2025-03-10,64.21
u_10984,google_ads,ios,NL,41.8,2,2025-03-10,2025-03-17,62.7
u_10985,tiktok,ios,DE,142.2,2,2025-03-10,2025-07-23,213.3
u_10986,google_ads,android,DE,119.51,2,2025-03-11,2025-07-27,179.26
u_10987,instagram,android,PT,63.95,2,2025-03-11,2025-07-22,95.93
u_10988,instagram,ios,SE,192.02,5,2025-03-11,2025-07-12,576.06
u_10989,google_ads,ios,BE,69.6,2,2025-03-11,2025-11-10,104.4
u_10990,google_ads,ios,IT,71.7,2,2025-03-11,2025-10-30,107.55
u_10991,tiktok,android,SE,174.55,2,2025-03-11,2025-03-12,261.83
u_10992,instagram,ios,FR,16.51,1,2025-03-11,2025-03-11,16.51
u_10993,tiktok,android,PT,107.56,3,2025-03-11,2025-11-23,215.12
u_10994,instagram,android,IT,43.19,1,2025-03-11,2025-03-11,43.19
u_10995,google_ads,android,NL,60.57,1,2025-03-11,2025-03-11,60.57
u_10996,google_ads,ios,ES,32.83,1,2025-03-11,2025-03-11,32.83
u_10997,google_ads,ios,ES,61.06,1,2025-03-11,2025-03-11,61.06
u_10998,instagram,android,FR,123.93,2,2025-03-11,2025-03-17,185.9
u_10999,tiktok,android,DE,107.73,2,2025-03-11,2025-04-23,161.6
u_11000,facebook,android,IE,92.99,2,2025-03-11,2025-12-25,139.48
u_11001,google_ads,android,FR,54.09,2,2025-03-11,2025-03-26,81.14
u_11002,tiktok,android,BE,148.33,3,2025-03-12,2025-12-31,296.66
u_11003,twitter,android,PT,82.96,4,2025-03-12,2025-12-19,207.4
u_11004,google_ads,ios,IT,68.77,1,2025-03-12,2025-03-12,68.77
u_11005,tiktok,android,PL,34.18,1,2025-03-12,2025-03-12,34.18
u_11006,instagram,android,IT,75.36,2,2025-03-12,2025-09-04,113.04
u_11007,tiktok,android,DE,60.45,2,2025-03-12,2025-04-09,90.68
u_11008,tiktok,android,IT,72.29,1,2025-03-12,2025-03-12,72.29
u_11009,google_ads,android,DE,89.91,2,2025-03-12,2025-05-09,134.86
u_11010,facebook,android,NL,50.13,1,2025-03-12,2025-03-12,50.13
u_11011,twitter,android,SE,109.19,6,2025-03-12,2025-08-06,382.16
u_11012,google_ads,ios,IT,48.95,1,2025-03-12,2025-03-12,48.95
u_11013,google_ads,ios,ES,86.41,2,2025-03-12,2025-03-20,129.62
u_11014,google_ads,android,PL,61.24,1,2025-03-12,2025-03-12,61.24
u_11015,tiktok,ios,NL,65.86,1,2025-03-12,2025-03-12,65.86
u_11016,tiktok,android,FR,94.93,2,2025-03-12,2025-08-12,142.4
u_11017,tiktok,ios,FR,47.01,2,2025-03-12,2025-05-11,70.52
u_11018,google_ads,ios,BE,130.0,2,2025-03-13,2025-06-28,195.0
u_11019,facebook,android,NL,47.87,1,2025-03-13,2025-03-13,47.87
u_11020,google_ads,ios,FR,67.31,2,2025-03-13,2025-06-07,100.96
u_11021,instagram,ios,DE,61.41,2,2025-03-13,2025-09-15,92.12
u_11022,twitter,android,PL,81.05,1,2025-03-13,2025-03-13,81.05
u_11023,tiktok,ios,FR,33.05,1,2025-03-13,2025-03-13,33.05
u_11024,google_ads,ios,PT,35.13,1,2025-03-13,2025-03-13,35.13
u_11025,google_ads,ios,BE,125.81,2,2025-03-13,2025-05-07,188.72
u_11026,google_ads,android,IT,46.92,1,2025-03-13,2025-03-13,46.92
u_11027,facebook,android,FR,19.21,1,2025-03-13,2025-03-13,19.21
u_11028,google_ads,android,SE,77.85,1,2025-03-14,2025-03-14,77.85
u_11029,google_ads,android,PL,24.69,1,2025-03-14,2025-03-14,24.69
u_11030,tiktok,android,FR,119.82,2,2025-03-14,2025-12-04,179.73
u_11031,facebook,ios,IT,81.16,2,2025-03-14,2025-05-11,121.74
u_11032,instagram,android,IE,119.6,2,2025-03-14,2025-03-17,179.4
u_11033,instagram,ios,PT,60.24,1,2025-03-14,2025-03-14,60.24
u_11034,instagram,ios,PT,38.09,1,2025-03-14,2025-03-14,38.09
u_11035,tiktok,ios,IE,79.46,2,2025-03-14,2025-08-06,119.19
u_11036,google_ads,ios,SE,35.35,2,2025-03-14,2025-08-08,53.03
u_11037,tiktok,android,PL,77.63,1,2025-03-14,2025-03-14,77.63
u_11038,tiktok,ios,NL,76.1,1,2025-03-14,2025-03-14,76.1
u_11039,tiktok,android,SE,45.38,1,2025-03-14,2025-03-14,45.38
u_11040,twitter,android,DE,28.42,1,2025-03-14,2025-03-14,28.42
u_11041,tiktok,android,BE,81.89,2,2025-03-14,2025-11-20,122.84
u_11042,tiktok,ios,DE,45.01,2,2025-03-15,2025-04-10,67.52
u_11043,facebook,android,ES,110.69,3,2025-03-15,2025-06-13,221.38
u_11044,facebook,ios,IT,211.23,4,2025-03-15,2025-10-09,528.07
u_11045,instagram,ios,ES,206.8,4,2025-03-15,2025-08-24,517.0
u_11046,google_ads,android,PL,105.88,2,2025-03-15,2025-04-17,158.82
u_11047,twitter,ios,NL,6.99,1,2025-03-15,2025-03-15,6.99
u_11048,google_ads,android,SE,129.9,3,2025-03-15,2025-10-31,259.8
u_11049,twitter,ios,SE,177.64,3,2025-03-16,2025-12-03,355.28
u_11050,tiktok,android,SE,81.39,2,2025-03-16,2025-09-09,122.08
u_11051,instagram,ios,NL,52.67,1,2025-03-16,2025-03-16,52.67
u_11052,tiktok,android,PT,22.94,2,2025-03-16,2025-05-20,34.41
u_11053,google_ads,android,IT,66.08,1,2025-03-16,2025-03-16,66.08
u_11054,instagram,ios,ES,219.23,3,2025-03-16,2025-04-14,438.46
u_11055,facebook,ios,PL,81.09,2,2025-03-16,2025-03-25,121.64
u_11056,instagram,android,IE,153.77,2,2025-03-16,2025-06-01,230.66
u_11057,facebook,android,IE,62.76,2,2025-03-17,2025-08-15,94.14
u_11058,google_ads,android,PL,40.47,1,2025-03-17,2025-03-17,40.47
u_11059,facebook,android,IT,156.75,3,2025-03-17,2025-04-14,313.5
u_11060,google_ads,android,BE,18.21,1,2025-03-17,2025-03-17,18.21
u_11061,google_ads,android,ES,117.42,2,2025-03-17,2025-03-25,176.13
u_11062,google_ads,android,DE,48.41,1,2025-03-17,2025-03-17,48.41
u_11063,google_ads,android,SE,40.42,1,2025-03-17,2025-03-17,40.42
u_11064,facebook,android,PL,39.73,1,2025-03-17,2025-03-17,39.73
u_11065,facebook,ios,ES,41.38,2,2025-03-17,2025-05-20,62.07
u_11066,instagram,ios,FR,50.32,3,2025-03-17,2025-04-11,100.64
u_11067,tiktok,ios,NL,113.03,2,2025-03-17,2025-03-28,169.54
u_11068,google_ads,ios,NL,73.27,3,2025-03-17,2025-05-13,146.54
u_11069,instagram,android,SE,52.65,1,2025-03-17,2025-03-17,52.65
u_11070,google_ads,android,ES,69.21,2,2025-03-17,2025-07-14,103.82
u_11071,facebook,android,SE,47.36,2,2025-03-17,2025-04-04,71.04
u_11072,google_ads,android,DE,23.92,1,2025-03-17,2025-03-17,23.92
u_11073,google_ads,ios,DE,308.65,5,2025-03-17,2025-10-20,925.95
u_11074,google_ads,android,SE,103.5,3,2025-03-17,2025-08-27,207.0
u_11075,facebook,ios,ES,41.01,2,2025-03-17,2025-08-30,61.52
u_11076,instagram,ios,DE,73.57,2,2025-03-18,2025-05-17,110.35
u_11077,google_ads,ios,DE,93.43,2,2025-03-18,2025-04-07,140.15
u_11078,facebook,ios,BE,40.31,2,2025-03-18,2025-06-30,60.46
u_11079,instagram,ios,IE,97.12,2,2025-03-18,2025-08-11,145.68
u_11080,google_ads,android,PL,97.62,3,2025-03-18,2025-05-28,195.24
u_11081,google_ads,android,FR,103.02,2,2025-03-18,2025-04-22,154.53
u_11082,tiktok,ios,PL,38.53,1,2025-03-18,2025-03-18,38.53
u_11083,facebook,ios,PL,35.16,2,2025-03-18,2025-06-19,52.74
u_11084,tiktok,android,ES,36.79,2,2025-03-18,2025-05-13,55.18
u_11085,facebook,ios,FR,25.84,1,2025-03-18,2025-03-18,25.84
u_11086,facebook,android,IE,73.17,1,2025-03-18,2025-03-18,73.17
u_11087,google_ads,android,IT,55.29,2,2025-03-19,2025-07-04,82.94
u_11088,instagram,ios,PL,131.62,3,2025-03-19,2025-06-03,263.24
u_11089,facebook,ios,PT,114.33,2,2025-03-19,2025-11-04,171.5
u_11090,tiktok,ios,ES,89.92,2,2025-03-19,2025-04-05,134.88
u_11091,twitter,ios,DE,60.15,2,2025-03-19,2025-08-22,90.22
u_11092,google_ads,android,ES,55.35,1,2025-03-19,2025-03-19,55.35
u_11093,facebook,ios,FR,82.28,3,2025-03-19,2025-09-25,164.56
u_11094,instagram,ios,FR,53.96,1,2025-03-19,2025-03-19,53.96
u_11095,tiktok,android,ES,32.89,1,2025-03-19,2025-03-19,32.89
u_11096,google_ads,ios,PL,37.0,1,2025-03-19,2025-03-19,37.0
u_11097,google_ads,ios,ES,15.38,2,2025-03-19,2025-05-11,23.07
u_11098,twitter,android,SE,95.03,3,2025-03-19,2025-06-19,190.06
u_11099,instagram,ios,IT,48.78,2,2025-03-20,2025-05-22,73.17
u_11100,instagram,ios,SE,7.15,1,2025-03-20,2025-03-20,7.15
u_11101,instagram,android,FR,56.52,1,2025-03-20,2025-03-20,56.52
u_11102,instagram,android,FR,35.95,1,2025-03-20,2025-03-20,35.95
u_11103,google_ads,android,NL,171.83,2,2025-03-20,2025-09-21,257.74
u_11104,instagram,ios,SE,28.99,1,2025-03-20,2025-03-20,28.99
u_11105,twitter,ios,SE,52.11,1,2025-03-20,2025-03-20,52.11
u_11106,facebook,ios,DE,133.85,2,2025-03-20,2025-09-19,200.77
u_11107,google_ads,ios,FR,71.49,1,2025-03-20,2025-03-20,71.49
u_11108,google_ads,android,ES,55.19,1,2025-03-20,2025-03-20,55.19
u_11109,google_ads,android,DE,15.22,1,2025-03-20,2025-03-20,15.22
u_11110,twitter,android,FR,45.61,1,2025-03-20,2025-03-20,45.61
u_11111,facebook,android,FR,24.38,1,2025-03-20,2025-03-20,24.38
u_11112,tiktok,ios,IE,41.19,1,2025-03-20,2025-03-20,41.19
u_11113,twitter,android,SE,43.19,1,2025-03-20,2025-03-20,43.19
u_11114,google_ads,android,BE,46.09,2,2025-03-20,2025-07-25,69.14
u_11115,twitter,ios,NL,47.73,1,2025-03-21,2025-03-21,47.73
u_11116,google_ads,ios,PT,17.89,1,2025-03-21,2025-03-21,17.89
u_11117,google_ads,android,BE,11.88,1,2025-03-21,2025-03-21,11.88
u_11118,facebook,ios,ES,57.41,1,2025-03-21,2025-03-21,57.41
u_11119,google_ads,android,IE,43.56,1,2025-03-21,2025-03-21,43.56
u_11120,facebook,ios,DE,49.17,1,2025-03-21,2025-03-21,49.17
u_11121,tiktok,android,FR,166.94,2,2025-03-21,2025-06-07,250.41
u_11122,tiktok,android,DE,48.56,2,2025-03-21,2025-08-10,72.84
u_11123,twitter,ios,FR,56.98,2,2025-03-21,2025-08-18,85.47
u_11124,google_ads,android,DE,43.15,2,2025-03-21,2025-04-30,64.72
u_11125,tiktok,android,BE,43.18,2,2025-03-21,2025-05-02,64.77
u_11126,facebook,ios,PL,58.84,1,2025-03-21,2025-03-21,58.84
u_11127,facebook,android,DE,122.05,2,2025-03-21,2025-11-21,183.08
u_11128,tiktok,ios,FR,46.02,1,2025-03-21,2025-03-21,46.02
u_11129,twitter,ios,DE,24.47,2,2025-03-21,2025-10-23,36.7
u_11130,google_ads,android,NL,57.74,1,2025-03-21,2025-03-21,57.74
u_11131,google_ads,android,BE,78.35,2,2025-03-21,2025-08-15,117.52
u_11132,google_ads,ios,IE,23.8,1,2025-03-21,2025-03-21,23.8
u_11133,facebook,android,BE,31.54,1,2025-03-22,2025-03-22,31.54
u_11134,twitter,android,ES,56.9,1,2025-03-22,2025-03-22,56.9
u_11135,facebook,android,IE,78.66,1,2025-03-22,2025-03-22,78.66
u_11136,instagram,ios,PL,102.92,2,2025-03-22,2025-10-24,154.38
u_11137,facebook,ios,PL,138.15,2,2025-03-22,2025-05-28,207.23
u_11138,google_ads,android,IT,60.99,2,2025-03-22,2025-07-16,91.48
u_11139,instagram,android,IT,109.93,2,2025-03-22,2025-10-28,164.9
u_11140,tiktok,ios,ES,61.17,1,2025-03-22,2025-03-22,61.17
u_11141,tiktok,android,SE,120.67,3,2025-03-22,2025-11-12,241.34
u_11142,instagram,android,DE,90.33,2,2025-03-22,2025-04-24,135.5
u_11143,facebook,ios,PL,72.26,1,2025-03-23,2025-03-23,72.26
u_11144,tiktok,android,ES,76.13,2,2025-03-23,2025-08-14,114.2
u_11145,facebook,ios,PL,74.53,2,2025-03-23,2025-04-01,111.8
u_11146,twitter,android,FR,72.83,2,2025-03-23,2025-10-01,109.24
u_11147,instagram,ios,IE,157.17,4,2025-03-23,2025-10-28,392.92
u_11148,google_ads,ios,DE,57.94,1,2025-03-23,2025-03-23,57.94
u_11149,twitter,android,SE,54.21,1,2025-03-23,2025-03-23,54.21
u_11150,google_ads,ios,ES,103.61,2,2025-03-23,2025-06-01,155.42
u_11151,google_ads,ios,PL,13.64,2,2025-03-23,2025-09-02,20.46
u_11152,google_ads,android,DE,118.87,4,2025-03-23,2025-09-25,297.18
u_11153,tiktok,android,DE,39.4,1,2025-03-23,2025-03-23,39.4
u_11154,tiktok,android,ES,161.43,3,2025-03-23,2025-12-14,322.86
u_11155,facebook,ios,DE,99.74,3,2025-03-24,2025-05-14,199.48
u_11156,facebook,android,FR,40.77,2,2025-03-24,2025-04-17,61.16
u_11157,google_ads,android,BE,69.95,2,2025-03-24,2025-06-23,104.93
u_11158,google_ads,ios,FR,97.72,2,2025-03-24,2025-07-05,146.58
u_11159,tiktok,ios,NL,73.86,2,2025-03-24,2025-06-04,110.79
u_11160,twitter,ios,DE,53.06,1,2025-03-24,2025-03-24,53.06
u_11161,instagram,android,IE,43.15,1,2025-03-24,2025-03-24,43.15
u_11162,instagram,android,SE,98.45,2,2025-03-24,2025-08-29,147.68
u_11163,instagram,android,DE,18.67,1,2025-03-24,2025-03-24,18.67
u_11164,google_ads,android,DE,38.42,1,2025-03-24,2025-03-24,38.42
u_11165,tiktok,android,PL,122.47,3,2025-03-24,2025-09-09,244.94
u_11166,tiktok,android,DE,72.55,2,2025-03-24,2025-04-17,108.82
u_11167,tiktok,android,SE,131.78,2,2025-03-25,2025-06-08,197.67
u_11168,instagram,ios,ES,124.5,3,2025-03-25,2025-12-12,249.0
u_11169,google_ads,ios,FR,107.55,3,2025-03-25,2025-04-21,215.1
u_11170,tiktok,android,ES,202.64,3,2025-03-25,2025-09-15,405.28
u_11171,google_ads,android,ES,13.88,2,2025-03-25,2025-05-23,20.82
u_11172,instagram,android,PT,143.89,2,2025-03-25,2025-09-21,215.83
u_11173,facebook,android,NL,30.06,1,2025-03-25,2025-03-25,30.06
u_11174,facebook,android,FR,48.02,1,2025-03-25,2025-03-25,48.02
u_11175,google_ads,android,NL,58.8,1,2025-03-25,2025-03-25,58.8
u_11176,google_ads,android,ES,54.69,1,2025-03-25,2025-03-25,54.69
u_11177,google_ads,ios,ES,61.04,1,2025-03-25,2025-03-25,61.04
u_11178,instagram,android,DE,107.0,2,2025-03-25,2025-05-05,160.5
u_11179,facebook,ios,ES,43.43,2,2025-03-25,2025-11-23,65.14
u_11180,tiktok,ios,DE,65.08,1,2025-03-26,2025-03-26,65.08
u_11181,tiktok,ios,PL,65.01,1,2025-03-26,2025-03-26,65.01
u_11182,instagram,android,IT,79.17,2,2025-03-26,2025-04-28,118.76
u_11183,facebook,android,BE,227.8,4,2025-03-26,2025-06-10,569.5
u_11184,instagram,android,NL,110.01,2,2025-03-26,2025-07-30,165.02
u_11185,tiktok,ios,ES,55.05,1,2025-03-26,2025-03-26,55.05
u_11186,tiktok,ios,IT,38.28,1,2025-03-26,2025-03-26,38.28
u_11187,twitter,android,IT,130.22,3,2025-03-26,2025-06-21,260.44
u_11188,twitter,android,SE,116.55,3,2025-03-26,2025-11-03,233.1
u_11189,twitter,android,ES,107.5,2,2025-03-26,2025-06-17,161.25
u_11190,google_ads,ios,ES,42.67,1,2025-03-26,2025-03-26,42.67
u_11191,facebook,android,PL,54.98,2,2025-03-26,2025-04-05,82.47
u_11192,tiktok,ios,FR,17.75,1,2025-03-26,2025-03-26,17.75
u_11193,google_ads,android,IT,37.63,1,2025-03-26,2025-03-26,37.63
u_11194,instagram,ios,PT,77.22,2,2025-03-27,2025-08-18,115.83
u_11195,tiktok,android,PT,73.63,2,2025-03-27,2025-04-28,110.44
u_11196,instagram,ios,DE,114.89,2,2025-03-27,2025-10-30,172.34
u_11197,instagram,android,PL,54.57,1,2025-03-27,2025-03-27,54.57
u_11198,instagram,ios,BE,48.03,1,2025-03-27,2025-03-27,48.03
u_11199,facebook,ios,BE,31.94,1,2025-03-27,2025-03-27,31.94
u_11200,instagram,android,FR,44.64,1,2025-03-27,2025-03-27,44.64
u_11201,instagram,android,PL,92.57,3,2025-03-27,2025-08-03,185.14
u_11202,google_ads,android,SE,88.81,2,2025-03-27,2025-09-19,133.22
u_11203,instagram,ios,ES,39.14,1,2025-03-27,2025-03-27,39.14
u_11204,google_ads,ios,IT,28.29,1,2025-03-27,2025-03-27,28.29
u_11205,instagram,android,SE,56.92,1,2025-03-27,2025-03-27,56.92
u_11206,tiktok,ios,ES,18.43,1,2025-03-27,2025-03-27,18.43
u_11207,google_ads,android,NL,37.36,1,2025-03-27,2025-03-27,37.36
u_11208,google_ads,android,DE,47.75,1,2025-03-28,2025-03-28,47.75
u_11209,google_ads,android,IT,59.9,1,2025-03-28,2025-03-28,59.9
u_11210,google_ads,ios,IE,47.27,1,2025-03-28,2025-03-28,47.27
u_11211,twitter,android,DE,66.96,1,2025-03-28,2025-03-28,66.96
u_11212,google_ads,android,PT,75.34,2,2025-03-28,2025-07-13,113.01
u_11213,google_ads,ios,BE,138.74,2,2025-03-28,2025-07-12,208.11
u_11214,tiktok,ios,NL,72.37,2,2025-03-28,2025-11-22,108.56
u_11215,tiktok,android,DE,47.89,1,2025-03-28,2025-03-28,47.89
u_11216,tiktok,ios,PT,103.55,2,2025-03-28,2025-08-03,155.32
u_11217,tiktok,ios,SE,32.26,1,2025-03-28,2025-03-28,32.26
u_11218,google_ads,android,DE,11.98,2,2025-03-28,2025-05-14,17.97
u_11219,instagram,ios,IT,132.5,2,2025-03-28,2025-04-25,198.75
u_11220,twitter,android,IE,84.41,2,2025-03-28,2025-07-12,126.62
u_11221,google_ads,android,DE,211.73,4,2025-03-28,2025-08-31,529.32
u_11222,tiktok,android,IE,149.52,2,2025-03-28,2025-08-01,224.28
u_11223,facebook,android,IT,51.85,1,2025-03-29,2025-03-29,51.85
u_11224,google_ads,android,IT,183.36,3,2025-03-29,2025-11-23,366.72
u_11225,facebook,ios,IT,80.26,3,2025-03-29,2025-06-22,160.52
u_11226,facebook,android,PL,87.59,2,2025-03-29,2025-05-16,131.38
u_11227,google_ads,android,BE,52.64,3,2025-03-29,2025-10-22,105.28
u_11228,instagram,ios,PL,60.73,1,2025-03-29,2025-03-29,60.73
u_11229,google_ads,ios,BE,22.9,2,2025-03-29,2025-09-01,34.35
u_11230,instagram,ios,FR,49.79,1,2025-03-29,2025-03-29,49.79
u_11231,google_ads,android,ES,13.49,1,2025-03-29,2025-03-29,13.49
u_11232,tiktok,ios,SE,27.97,2,2025-03-29,2025-12-18,41.96
u_11233,google_ads,ios,DE,21.1,1,2025-03-29,2025-03-29,21.1
u_11234,instagram,android,DE,51.67,2,2025-03-29,2025-12-12,77.5
u_11235,google_ads,android,ES,123.41,2,2025-03-30,2025-04-23,185.12
u_11236,google_ads,android,DE,18.19,1,2025-03-30,2025-03-30,18.19
u_11237,instagram,android,DE,31.83,1,2025-03-30,2025-03-30,31.83
u_11238,tiktok,ios,IE,38.13,1,2025-03-30,2025-03-30,38.13
u_11239,facebook,ios,BE,76.83,1,2025-03-30,2025-03-30,76.83
u_11240,google_ads,android,FR,107.4,2,2025-03-30,2025-04-01,161.1
u_11241,google_ads,ios,FR,42.83,1,2025-03-30,2025-03-30,42.83
u_11242,facebook,ios,SE,61.27,2,2025-03-30,2025-04-09,91.9
u_11243,instagram,ios,ES,134.66,2,2025-03-30,2025-04-02,201.99
u_11244,facebook,ios,IT,34.94,1,2025-03-30,2025-03-30,34.94
u_11245,twitter,ios,FR,32.6,1,2025-03-30,2025-03-30,32.6
u_11246,google_ads,ios,DE,64.29,2,2025-03-30,2025-12-29,96.44
u_11247,google_ads,android,PL,42.13,1,2025-03-30,2025-03-30,42.13
u_11248,tiktok,android,FR,56.67,2,2025-03-30,2025-04-18,85.0
u_11249,tiktok,ios,IT,161.84,2,2025-03-31,2025-04-20,242.76
u_11250,facebook,ios,DE,62.43,1,2025-03-31,2025-03-31,62.43
u_11251,facebook,android,FR,80.6,2,2025-03-31,2025-10-19,120.9
u_11252,google_ads,ios,SE,151.94,4,2025-03-31,2025-10-23,379.85
u_11253,google_ads,android,FR,197.36,2,2025-03-31,2025-04-28,296.04
u_11254,facebook,ios,NL,37.1,1,2025-03-31,2025-03-31,37.1
u_11255,twitter,android,ES,106.69,3,2025-03-31,2025-09-26,213.38
u_11256,google_ads,android,DE,49.4,1,2025-03-31,2025-03-31,49.4
u_11257,tiktok,android,FR,16.25,1,2025-03-31,2025-03-31,16.25
u_11258,tiktok,ios,IT,59.61,1,2025-03-31,2025-03-31,59.61
u_11259,instagram,ios,PL,11.2,1,2025-04-01,2025-04-01,11.2
u_11260,instagram,ios,SE,172.51,2,2025-04-01,2025-06-19,258.76
u_11261,google_ads,ios,IT,52.57,1,2025-04-01,2025-04-01,52.57
u_11262,facebook,ios,DE,80.34,3,2025-04-01,2025-10-08,160.68
u_11263,tiktok,ios,IT,99.45,2,2025-04-01,2025-08-28,149.18
u_11264,instagram,android,IT,133.81,2,2025-04-01,2025-06-09,200.72
u_11265,google_ads,android,BE,33.77,3,2025-04-01,2025-05-18,67.54
u_11266,facebook,ios,DE,33.76,1,2025-04-01,2025-04-01,33.76
u_11267,twitter,ios,PL,109.15,3,2025-04-01,2025-12-13,218.3
u_11268,google_ads,android,DE,14.24,2,2025-04-01,2025-04-23,21.36
u_11269,instagram,android,ES,19.97,1,2025-04-02,2025-04-02,19.97
u_11270,google_ads,ios,PL,41.23,1,2025-04-02,2025-04-02,41.23
u_11271,instagram,android,PL,56.99,1,2025-04-02,2025-04-02,56.99
u_11272,instagram,ios,SE,6.99,1,2025-04-02,2025-04-02,6.99
u_11273,google_ads,android,ES,79.81,2,2025-04-02,2025-06-25,119.72
u_11274,tiktok,android,DE,118.14,2,2025-04-02,2025-05-18,177.21
u_11275,instagram,ios,SE,143.8,2,2025-04-02,2025-04-27,215.7
u_11276,facebook,android,PT,44.04,1,2025-04-02,2025-04-02,44.04
u_11277,google_ads,android,IT,7.8,1,2025-04-02,2025-04-02,7.8
u_11278,facebook,ios,PL,18.33,2,2025-04-02,2025-12-31,27.49
u_11279,instagram,ios,IE,42.08,1,2025-04-02,2025-04-02,42.08
u_11280,instagram,android,ES,70.1,1,2025-04-02,2025-04-02,70.1
u_11281,facebook,ios,IT,27.75,1,2025-04-02,2025-04-02,27.75
u_11282,facebook,android,PL,219.06,3,2025-04-02,2025-05-26,438.12
u_11283,instagram,android,FR,60.26,3,2025-04-02,2025-09-19,120.52
u_11284,google_ads,android,DE,97.8,1,2025-04-03,2025-04-03,97.8
u_11285,instagram,android,FR,64.95,1,2025-04-03,2025-04-03,64.95
u_11286,instagram,android,ES,44.0,1,2025-04-03,2025-04-03,44.0
u_11287,google_ads,android,ES,49.12,1,2025-04-03,2025-04-03,49.12
u_11288,google_ads,android,NL,160.39,2,2025-04-03,2025-11-26,240.58
u_11289,tiktok,android,BE,45.68,2,2025-04-03,2025-07-28,68.52
u_11290,google_ads,ios,IT,64.25,1,2025-04-03,2025-04-03,64.25
u_11291,instagram,ios,PL,36.7,1,2025-04-03,2025-04-03,36.7
u_11292,google_ads,android,IE,56.35,1,2025-04-04,2025-04-04,56.35
u_11293,tiktok,ios,SE,118.15,2,2025-04-04,2025-07-05,177.23
u_11294,google_ads,android,PT,47.65,1,2025-04-04,2025-04-04,47.65
u_11295,facebook,ios,FR,115.42,5,2025-04-04,2025-10-29,346.26
u_11296,instagram,android,PL,31.8,1,2025-04-04,2025-04-04,31.8
u_11297,instagram,android,DE,93.14,2,2025-04-04,2025-11-29,139.71
u_11298,google_ads,ios,DE,50.8,3,2025-04-04,2025-11-09,101.6
u_11299,instagram,ios,PL,33.13,1,2025-04-04,2025-04-04,33.13
u_11300,tiktok,ios,PL,50.29,2,2025-04-04,2025-10-09,75.44
u_11301,google_ads,android,FR,100.11,1,2025-04-04,2025-04-04,100.11
u_11302,facebook,ios,SE,9.04,1,2025-04-04,2025-04-04,9.04
u_11303,facebook,ios,PL,49.46,2,2025-04-04,2025-05-18,74.19
u_11304,facebook,ios,PT,18.59,1,2025-04-04,2025-04-04,18.59
u_11305,instagram,android,ES,163.64,2,2025-04-04,2025-05-15,245.46
u_11306,instagram,ios,PL,68.15,2,2025-04-04,2025-12-04,102.22
u_11307,tiktok,ios,FR,45.09,2,2025-04-04,2025-08-29,67.64
u_11308,instagram,ios,FR,89.48,2,2025-04-05,2025-04-20,134.22
u_11309,instagram,ios,SE,32.9,1,2025-04-05,2025-04-05,32.9
u_11310,instagram,android,PL,62.42,3,2025-04-05,2025-08-23,124.84
u_11311,google_ads,ios,ES,74.25,1,2025-04-05,2025-04-05,74.25
u_11312,tiktok,android,PL,27.51,4,2025-04-05,2025-12-18,68.78
u_11313,instagram,android,DE,62.15,1,2025-04-05,2025-04-05,62.15
u_11314,instagram,android,PT,44.01,1,2025-04-05,2025-04-05,44.01
u_11315,facebook,ios,PL,12.61,1,2025-04-05,2025-04-05,12.61
u_11316,google_ads,ios,IT,32.87,1,2025-04-05,2025-04-05,32.87
u_11317,tiktok,android,DE,95.63,2,2025-04-05,2025-07-02,143.44
u_11318,facebook,ios,ES,44.09,1,2025-04-05,2025-04-05,44.09
u_11319,tiktok,android,SE,83.65,1,2025-04-05,2025-04-05,83.65
u_11320,facebook,android,ES,12.93,1,2025-04-05,2025-04-05,12.93
u_11321,tiktok,android,NL,20.29,1,2025-04-05,2025-04-05,20.29
u_11322,instagram,ios,SE,36.72,1,2025-04-06,2025-04-06,36.72
u_11323,google_ads,android,ES,45.69,1,2025-04-06,2025-04-06,45.69
u_11324,twitter,ios,PL,21.02,1,2025-04-06,2025-04-06,21.02
u_11325,tiktok,ios,DE,55.63,1,2025-04-06,2025-04-06,55.63
u_11326,google_ads,ios,PL,49.45,1,2025-04-06,2025-04-06,49.45
u_11327,instagram,android,DE,23.07,1,2025-04-06,2025-04-06,23.07
u_11328,twitter,android,IT,139.86,2,2025-04-06,2025-07-10,209.79
u_11329,instagram,android,FR,45.7,1,2025-04-06,2025-04-06,45.7
u_11330,google_ads,ios,DE,83.17,2,2025-04-06,2025-06-07,124.76
u_11331,instagram,ios,SE,26.1,1,2025-04-06,2025-04-06,26.1
u_11332,tiktok,ios,FR,39.31,1,2025-04-06,2025-04-06,39.31
u_11333,facebook,ios,NL,55.97,2,2025-04-06,2025-11-05,83.96
u_11334,facebook,ios,NL,38.06,2,2025-04-06,2025-05-25,57.09
u_11335,google_ads,ios,PL,27.06,2,2025-04-07,2025-09-03,40.59
u_11336,twitter,ios,DE,83.22,1,2025-04-07,2025-04-07,83.22
u_11337,instagram,android,IT,98.16,2,2025-04-07,2025-09-18,147.24
u_11338,facebook,ios,FR,50.33,2,2025-04-07,2025-04-09,75.5
u_11339,facebook,ios,PL,78.62,1,2025-04-07,2025-04-07,78.62
u_11340,facebook,android,ES,229.92,3,2025-04-07,2025-12-22,459.84
u_11341,instagram,android,IT,15.8,2,2025-04-07,2025-04-15,23.7
u_11342,tiktok,android,SE,93.17,4,2025-04-07,2025-09-23,232.92
u_11343,tiktok,android,DE,67.39,2,2025-04-07,2025-10-12,101.08
u_11344,twitter,android,SE,19.63,2,2025-04-08,2025-04-16,29.44
u_11345,instagram,android,SE,83.89,2,2025-04-08,2025-06-09,125.84
u_11346,instagram,ios,ES,67.24,2,2025-04-08,2025-04-30,100.86
u_11347,facebook,ios,PT,158.89,2,2025-04-08,2025-06-23,238.33
u_11348,tiktok,ios,FR,106.64,2,2025-04-08,2025-10-03,159.96
u_11349,instagram,android,BE,56.3,1,2025-04-08,2025-04-08,56.3
u_11350,facebook,android,DE,135.84,3,2025-04-08,2025-10-14,271.68
u_11351,tiktok,ios,PT,53.47,2,2025-04-08,2025-06-12,80.2
u_11352,tiktok,ios,NL,155.83,3,2025-04-08,2025-12-25,311.66
u_11353,facebook,android,SE,61.84,1,2025-04-08,2025-04-08,61.84
u_11354,tiktok,android,DE,19.92,1,2025-04-08,2025-04-08,19.92
u_11355,facebook,ios,DE,112.81,3,2025-04-08,2025-10-23,225.62
u_11356,facebook,android,ES,108.56,3,2025-04-08,2025-11-12,217.12
u_11357,tiktok,android,ES,37.34,1,2025-04-08,2025-04-08,37.34
u_11358,google_ads,android,DE,98.56,2,2025-04-09,2025-11-19,147.84
u_11359,facebook,android,SE,68.12,1,2025-04-09,2025-04-09,68.12
u_11360,twitter,android,PT,25.5,1,2025-04-09,2025-04-09,25.5
u_11361,google_ads,ios,IT,68.5,1,2025-04-09,2025-04-09,68.5
u_11362,twitter,ios,DE,28.98,2,2025-04-09,2025-11-14,43.47
u_11363,tiktok,android,PL,44.67,1,2025-04-09,2025-04-09,44.67
u_11364,tiktok,ios,SE,97.87,3,2025-04-09,2025-11-29,195.74
u_11365,google_ads,android,DE,44.55,1,2025-04-09,2025-04-09,44.55
u_11366,facebook,ios,PL,109.92,2,2025-04-09,2025-06-26,164.88
u_11367,google_ads,android,IE,36.07,1,2025-04-09,2025-04-09,36.07
u_11368,tiktok,ios,SE,20.72,2,2025-04-09,2025-11-19,31.08
u_11369,instagram,ios,DE,64.72,2,2025-04-09,2025-05-10,97.08
u_11370,google_ads,ios,PL,68.81,1,2025-04-09,2025-04-09,68.81
u_11371,google_ads,android,PL,146.33,3,2025-04-09,2025-10-19,292.66
u_11372,facebook,android,SE,71.03,3,2025-04-09,2025-12-23,142.06
u_11373,google_ads,ios,NL,39.19,1,2025-04-09,2025-04-09,39.19
u_11374,instagram,android,BE,56.42,1,2025-04-09,2025-04-09,56.42
u_11375,facebook,ios,NL,21.62,1,2025-04-09,2025-04-09,21.62
u_11376,facebook,android,BE,74.77,1,2025-04-09,2025-04-09,74.77
u_11377,instagram,android,BE,147.49,2,2025-04-09,2025-10-10,221.24
u_11378,twitter,ios,ES,37.52,1,2025-04-10,2025-04-10,37.52
u_11379,instagram,ios,ES,21.24,1,2025-04-10,2025-04-10,21.24
u_11380,instagram,ios,ES,95.31,3,2025-04-10,2025-06-01,190.62
u_11381,facebook,android,NL,135.65,3,2025-04-10,2025-08-15,271.3
u_11382,google_ads,android,PT,47.56,1,2025-04-10,2025-04-10,47.56
u_11383,google_ads,android,ES,40.64,1,2025-04-10,2025-04-10,40.64
u_11384,facebook,ios,ES,56.09,2,2025-04-10,2025-09-25,84.14
u_11385,facebook,ios,NL,110.16,3,2025-04-10,2025-10-20,220.32
u_11386,google_ads,ios,BE,197.59,3,2025-04-10,2025-12-29,395.18
u_11387,tiktok,android,FR,147.87,3,2025-04-10,2025-10-14,295.74
u_11388,google_ads,android,FR,29.08,2,2025-04-10,2025-04-28,43.62
u_11389,google_ads,ios,DE,45.43,1,2025-04-10,2025-04-10,45.43
u_11390,twitter,android,IE,12.29,2,2025-04-10,2025-05-06,18.43
u_11391,twitter,ios,DE,40.79,1,2025-04-10,2025-04-10,40.79
u_11392,instagram,ios,FR,40.9,2,2025-04-10,2025-06-24,61.35
u_11393,instagram,ios,PT,30.78,1,2025-04-10,2025-04-10,30.78
u_11394,instagram,android,DE,50.74,1,2025-04-10,2025-04-10,50.74
u_11395,google_ads,ios,IT,43.84,1,2025-04-10,2025-04-10,43.84
u_11396,twitter,android,NL,38.13,2,2025-04-10,2025-09-21,57.2
u_11397,google_ads,ios,SE,37.69,1,2025-04-10,2025-04-10,37.69
u_11398,facebook,ios,DE,32.3,1,2025-04-10,2025-04-10,32.3
u_11399,google_ads,ios,BE,123.46,2,2025-04-11,2025-05-16,185.19
u_11400,google_ads,android,NL,46.03,1,2025-04-11,2025-04-11,46.03
u_11401,facebook,ios,DE,252.88,4,2025-04-11,2025-11-22,632.2
u_11402,instagram,ios,NL,6.99,1,2025-04-11,2025-04-11,6.99
u_11403,instagram,android,IT,27.15,1,2025-04-11,2025-04-11,27.15
u_11404,tiktok,android,IT,128.67,4,2025-04-11,2025-11-17,321.67
u_11405,google_ads,ios,IE,33.84,1,2025-04-11,2025-04-11,33.84
u_11406,google_ads,android,FR,30.39,1,2025-04-11,2025-04-11,30.39
u_11407,google_ads,ios,NL,34.4,1,2025-04-11,2025-04-11,34.4
u_11408,tiktok,android,DE,86.76,2,2025-04-11,2025-12-19,130.14
u_11409,google_ads,android,NL,36.57,2,2025-04-11,2025-08-07,54.86
u_11410,facebook,android,DE,84.03,2,2025-04-11,2025-08-23,126.04
u_11411,facebook,android,PL,37.28,1,2025-04-12,2025-04-12,37.28
u_11412,tiktok,android,NL,51.88,1,2025-04-12,2025-04-12,51.88
u_11413,tiktok,ios,BE,13.56,1,2025-04-12,2025-04-12,13.56
u_11414,tiktok,ios,FR,22.11,2,2025-04-12,2025-06-19,33.16
u_11415,tiktok,ios,FR,94.62,2,2025-04-12,2025-09-25,141.93
u_11416,tiktok,ios,ES,62.58,1,2025-04-12,2025-04-12,62.58
u_11417,facebook,android,SE,44.08,1,2025-04-13,2025-04-13,44.08
u_11418,tiktok,ios,PT,48.35,1,2025-04-13,2025-04-13,48.35
u_11419,facebook,android,PL,158.9,2,2025-04-13,2025-09-25,238.35
u_11420,google_ads,ios,DE,43.01,2,2025-04-13,2025-08-31,64.52
u_11421,google_ads,ios,IT,43.02,1,2025-04-13,2025-04-13,43.02
u_11422,google_ads,android,PL,109.11,3,2025-04-13,2025-07-24,218.22
u_11423,google_ads,android,BE,48.73,3,2025-04-13,2025-11-28,97.46
u_11424,google_ads,android,FR,53.54,1,2025-04-13,2025-04-13,53.54
u_11425,google_ads,android,ES,112.64,4,2025-04-13,2025-12-24,281.6
u_11426,google_ads,ios,PL,100.54,3,2025-04-13,2025-07-05,201.08
u_11427,instagram,ios,DE,21.21,1,2025-04-14,2025-04-14,21.21
u_11428,google_ads,android,PL,87.34,1,2025-04-14,2025-04-14,87.34
u_11429,facebook,android,DE,14.62,2,2025-04-14,2025-10-31,21.93
u_11430,tiktok,ios,PT,164.25,2,2025-04-14,2025-12-11,246.38
u_11431,google_ads,ios,FR,43.24,1,2025-04-14,2025-04-14,43.24
u_11432,tiktok,android,IE,14.86,1,2025-04-14,2025-04-14,14.86
u_11433,google_ads,ios,FR,42.44,1,2025-04-14,2025-04-14,42.44
u_11434,instagram,ios,IT,14.14,1,2025-04-14,2025-04-14,14.14
u_11435,google_ads,android,FR,121.85,2,2025-04-14,2025-06-18,182.77
u_11436,google_ads,android,IT,53.99,1,2025-04-14,2025-04-14,53.99
u_11437,instagram,android,ES,34.92,1,2025-04-14,2025-04-14,34.92
u_11438,twitter,android,NL,38.97,1,2025-04-14,2025-04-14,38.97
u_11439,google_ads,android,ES,167.3,3,2025-04-15,2025-11-29,334.6
u_11440,facebook,android,ES,164.72,2,2025-04-15,2025-06-05,247.08
u_11441,google_ads,ios,NL,42.53,1,2025-04-15,2025-04-15,42.53
u_11442,instagram,ios,ES,56.01,1,2025-04-15,2025-04-15,56.01
u_11443,instagram,android,IT,42.21,1,2025-04-15,2025-04-15,42.21
u_11444,tiktok,android,PL,65.56,2,2025-04-15,2025-09-10,98.34
u_11445,tiktok,ios,ES,101.55,2,2025-04-15,2025-09-30,152.32
u_11446,google_ads,ios,ES,53.54,1,2025-04-15,2025-04-15,53.54
u_11447,facebook,ios,BE,76.79,2,2025-04-15,2025-06-29,115.18
u_11448,instagram,ios,PL,42.17,1,2025-04-15,2025-04-15,42.17
u_11449,google_ads,ios,FR,35.74,1,2025-04-15,2025-04-15,35.74
u_11450,instagram,ios,PT,63.24,1,2025-04-15,2025-04-15,63.24
u_11451,twitter,android,PL,148.12,2,2025-04-16,2025-06-19,222.18
u_11452,tiktok,android,DE,65.95,1,2025-04-16,2025-04-16,65.95
u_11453,instagram,ios,SE,38.67,1,2025-04-16,2025-04-16,38.67
u_11454,google_ads,android,NL,262.65,5,2025-04-16,2025-06-05,787.95
u_11455,google_ads,android,IT,81.9,2,2025-04-16,2025-06-09,122.85
u_11456,twitter,ios,SE,89.32,2,2025-04-16,2025-07-09,133.98
u_11457,tiktok,android,IT,45.54,1,2025-04-16,2025-04-16,45.54
u_11458,twitter,android,SE,98.16,4,2025-04-16,2025-12-23,245.4
u_11459,google_ads,android,ES,52.13,1,2025-04-16,2025-04-16,52.13
u_11460,tiktok,ios,DE,103.0,2,2025-04-16,2025-11-21,154.5
u_11461,tiktok,android,PT,65.28,1,2025-04-16,2025-04-16,65.28
u_11462,facebook,ios,BE,156.68,3,2025-04-16,2025-12-09,313.36
u_11463,google_ads,android,NL,52.02,1,2025-04-16,2025-04-16,52.02
u_11464,instagram,android,PL,119.69,3,2025-04-16,2025-09-29,239.38
u_11465,tiktok,android,SE,66.44,2,2025-04-17,2025-10-27,99.66
u_11466,instagram,android,PT,140.95,2,2025-04-17,2025-06-15,211.42
u_11467,twitter,ios,PL,101.21,2,2025-04-17,2025-04-19,151.82
u_11468,facebook,android,DE,29.71,1,2025-04-17,2025-04-17,29.71
u_11469,instagram,ios,SE,6.99,1,2025-04-17,2025-04-17,6.99
u_11470,instagram,ios,ES,35.21,1,2025-04-17,2025-04-17,35.21
u_11471,tiktok,ios,ES,57.6,1,2025-04-17,2025-04-17,57.6
u_11472,twitter,ios,SE,42.55,1,2025-04-17,2025-04-17,42.55
u_11473,google_ads,ios,IE,49.18,1,2025-04-17,2025-04-17,49.18
u_11474,facebook,android,DE,55.28,1,2025-04-17,2025-04-17,55.28
u_11475,tiktok,ios,ES,33.99,1,2025-04-17,2025-04-17,33.99
u_11476,facebook,ios,NL,39.79,2,2025-04-17,2025-10-23,59.68
u_11477,google_ads,android,DE,55.28,1,2025-04-17,2025-04-17,55.28
u_11478,tiktok,android,ES,29.49,1,2025-04-17,2025-04-17,29.49
u_11479,google_ads,ios,SE,166.56,2,2025-04-17,2025-07-13,249.84
u_11480,twitter,ios,PT,33.82,1,2025-04-17,2025-04-17,33.82
u_11481,tiktok,android,SE,45.32,1,2025-04-17,2025-04-17,45.32
u_11482,facebook,ios,PL,37.99,1,2025-04-18,2025-04-18,37.99
u_11483,tiktok,ios,IT,24.68,2,2025-04-18,2025-09-28,37.02
u_11484,twitter,ios,DE,137.88,2,2025-04-18,2025-12-25,206.82
u_11485,google_ads,android,ES,45.15,1,2025-04-18,2025-04-18,45.15
u_11486,tiktok,android,IE,105.24,2,2025-04-18,2025-11-07,157.86
u_11487,instagram,ios,SE,55.25,1,2025-04-18,2025-04-18,55.25
u_11488,tiktok,android,ES,132.12,2,2025-04-18,2025-06-07,198.18
u_11489,google_ads,android,FR,77.01,2,2025-04-18,2025-07-19,115.52
u_11490,instagram,android,IT,38.71,1,2025-04-18,2025-04-18,38.71
u_11491,instagram,ios,FR,33.13,1,2025-04-18,2025-04-18,33.13
u_11492,google_ads,android,DE,71.92,1,2025-04-18,2025-04-18,71.92
u_11493,twitter,android,SE,41.92,1,2025-04-19,2025-04-19,41.92
u_11494,tiktok,android,DE,18.0,1,2025-04-19,2025-04-19,18.0
u_11495,google_ads,android,IT,126.29,2,2025-04-19,2025-06-08,189.44
u_11496,facebook,ios,DE,26.56,1,2025-04-19,2025-04-19,26.56
u_11497,tiktok,android,FR,29.21,2,2025-04-19,2025-05-18,43.82
u_11498,instagram,android,NL,167.81,3,2025-04-19,2025-07-31,335.62
u_11499,google_ads,ios,IE,38.48,1,2025-04-19,2025-04-19,38.48
u_11500,tiktok,ios,PL,112.6,2,2025-04-19,2025-07-16,168.9
u_11501,tiktok,android,DE,51.15,1,2025-04-19,2025-04-19,51.15
u_11502,google_ads,ios,DE,45.28,1,2025-04-19,2025-04-19,45.28
u_11503,twitter,android,PT,203.19,3,2025-04-19,2025-06-11,406.38
u_11504,facebook,ios,FR,111.08,2,2025-04-20,2025-08-08,166.62
u_11505,tiktok,android,IE,78.73,2,2025-04-20,2025-10-21,118.1
u_11506,tiktok,ios,NL,62.09,1,2025-04-20,2025-04-20,62.09
u_11507,google_ads,android,IE,49.12,2,2025-04-20,2025-12-08,73.68
u_11508,facebook,android,SE,41.38,1,2025-04-20,2025-04-20,41.38
u_11509,facebook,android,SE,46.81,1,2025-04-20,2025-04-20,46.81
u_11510,facebook,ios,DE,123.33,2,2025-04-20,2025-09-13,185.0
u_11511,facebook,ios,IT,115.33,2,2025-04-20,2025-08-20,173.0
u_11512,tiktok,android,IT,27.47,1,2025-04-20,2025-04-20,27.47
u_11513,facebook,ios,IE,66.66,1,2025-04-20,2025-04-20,66.66
u_11514,google_ads,ios,NL,53.79,1,2025-04-20,2025-04-20,53.79
u_11515,twitter,android,PT,67.89,1,2025-04-20,2025-04-20,67.89
u_11516,facebook,android,IE,34.44,1,2025-04-20,2025-04-20,34.44
u_11517,tiktok,ios,PT,58.3,2,2025-04-21,2025-08-08,87.45
u_11518,google_ads,android,IE,37.87,1,2025-04-21,2025-04-21,37.87
u_11519,instagram,ios,ES,66.07,2,2025-04-21,2025-12-01,99.1
u_11520,tiktok,ios,DE,80.06,1,2025-04-21,2025-04-21,80.06
u_11521,instagram,ios,DE,30.46,1,2025-04-21,2025-04-21,30.46
u_11522,google_ads,android,DE,63.11,2,2025-04-21,2025-05-05,94.66
u_11523,tiktok,ios,IT,56.06,2,2025-04-21,2025-12-08,84.09
u_11524,google_ads,android,PL,83.17,2,2025-04-21,2025-12-12,124.76
u_11525,google_ads,ios,IE,60.72,2,2025-04-21,2025-07-02,91.08
u_11526,facebook,ios,PT,89.63,2,2025-04-21,2025-07-11,134.44
u_11527,facebook,android,BE,6.99,1,2025-04-21,2025-04-21,6.99
u_11528,facebook,ios,IT,51.83,2,2025-04-21,2025-04-29,77.74
u_11529,facebook,android,PL,21.39,3,2025-04-21,2025-06-23,42.78
u_11530,twitter,ios,BE,35.92,1,2025-04-21,2025-04-21,35.92
u_11531,instagram,android,PL,41.73,1,2025-04-21,2025-04-21,41.73
u_11532,instagram,android,NL,130.21,4,2025-04-21,2025-07-16,325.53
u_11533,facebook,ios,FR,29.27,2,2025-04-21,2025-07-14,43.9
u_11534,tiktok,android,FR,73.14,2,2025-04-22,2025-08-07,109.71
u_11535,facebook,ios,NL,85.29,2,2025-04-22,2025-04-30,127.94
u_11536,google_ads,ios,DE,10.28,1,2025-04-22,2025-04-22,10.28
u_11537,google_ads,ios,DE,6.99,1,2025-04-22,2025-04-22,6.99
u_11538,facebook,ios,DE,36.69,1,2025-04-22,2025-04-22,36.69
u_11539,instagram,ios,PL,81.59,2,2025-04-22,2025-08-08,122.38
u_11540,instagram,ios,DE,67.09,1,2025-04-22,2025-04-22,67.09
u_11541,tiktok,ios,SE,151.64,3,2025-04-22,2025-12-23,303.28
u_11542,tiktok,ios,PT,73.61,1,2025-04-22,2025-04-22,73.61
u_11543,tiktok,android,FR,43.16,2,2025-04-22,2025-05-03,64.74
u_11544,instagram,android,BE,172.62,2,2025-04-22,2025-07-15,258.93
u_11545,google_ads,ios,SE,199.99,4,2025-04-22,2025-10-21,499.98
u_11546,facebook,ios,IE,15.9,1,2025-04-22,2025-04-22,15.9
u_11547,facebook,android,IT,137.17,2,2025-04-22,2025-06-19,205.76
u_11548,google_ads,ios,ES,144.85,3,2025-04-23,2025-11-24,289.7
u_11549,twitter,ios,ES,101.17,2,2025-04-23,2025-07-22,151.76
u_11550,tiktok,ios,BE,18.75,1,2025-04-23,2025-04-23,18.75
u_11551,facebook,ios,SE,65.76,1,2025-04-23,2025-04-23,65.76
u_11552,tiktok,android,DE,52.66,1,2025-04-23,2025-04-23,52.66
u_11553,facebook,android,DE,71.66,1,2025-04-23,2025-04-23,71.66
u_11554,instagram,ios,ES,38.39,1,2025-04-23,2025-04-23,38.39
u_11555,instagram,ios,NL,153.7,3,2025-04-23,2025-07-03,307.4
u_11556,facebook,android,IT,17.22,2,2025-04-23,2025-07-13,25.83
u_11557,google_ads,ios,DE,99.92,3,2025-04-23,2025-05-28,199.84
u_11558,twitter,ios,ES,45.98,1,2025-04-24,2025-04-24,45.98
u_11559,tiktok,ios,DE,37.52,1,2025-04-24,2025-04-24,37.52
u_11560,instagram,ios,DE,128.44,2,2025-04-24,2025-05-18,192.66
u_11561,facebook,ios,FR,39.53,2,2025-04-24,2025-10-07,59.3
u_11562,facebook,ios,PL,54.15,1,2025-04-24,2025-04-24,54.15
u_11563,google_ads,ios,IT,60.09,1,2025-04-24,2025-04-24,60.09
u_11564,google_ads,android,DE,131.21,3,2025-04-24,2025-11-04,262.42
u_11565,facebook,ios,ES,162.5,3,2025-04-24,2025-12-27,325.0
u_11566,google_ads,ios,PL,43.97,1,2025-04-24,2025-04-24,43.97
u_11567,facebook,android,SE,64.7,1,2025-04-24,2025-04-24,64.7
u_11568,twitter,android,SE,49.88,1,2025-04-24,2025-04-24,49.88
u_11569,instagram,ios,PT,22.6,2,2025-04-24,2025-07-11,33.9
u_11570,tiktok,android,FR,52.67,1,2025-04-24,2025-04-24,52.67
u_11571,facebook,android,SE,138.86,2,2025-04-24,2025-11-15,208.29
u_11572,google_ads,ios,NL,49.62,1,2025-04-25,2025-04-25,49.62
u_11573,google_ads,android,NL,44.38,1,2025-04-25,2025-04-25,44.38
u_11574,facebook,android,DE,48.98,1,2025-04-25,2025-04-25,48.98
u_11575,google_ads,android,DE,121.74,2,2025-04-25,2025-09-07,182.61
u_11576,facebook,ios,BE,73.74,1,2025-04-25,2025-04-25,73.74
u_11577,instagram,ios,PL,70.14,1,2025-04-25,2025-04-25,70.14
u_11578,facebook,ios,BE,45.03,1,2025-04-25,2025-04-25,45.03
u_11579,instagram,android,DE,52.73,1,2025-04-25,2025-04-25,52.73
u_11580,instagram,ios,PT,46.86,1,2025-04-25,2025-04-25,46.86
u_11581,facebook,android,DE,55.39,2,2025-04-25,2025-10-07,83.08
u_11582,tiktok,ios,DE,37.75,1,2025-04-25,2025-04-25,37.75
u_11583,tiktok,android,ES,38.6,1,2025-04-25,2025-04-25,38.6
u_11584,facebook,ios,IE,145.36,2,2025-04-25,2025-12-02,218.04
u_11585,tiktok,ios,IT,65.58,1,2025-04-25,2025-04-25,65.58
u_11586,instagram,android,ES,65.92,1,2025-04-25,2025-04-25,65.92
u_11587,tiktok,android,BE,19.89,1,2025-04-25,2025-04-25,19.89
u_11588,google_ads,android,IE,42.62,1,2025-04-25,2025-04-25,42.62
u_11589,google_ads,android,IT,107.24,4,2025-04-26,2025-12-27,268.1
u_11590,instagram,android,FR,128.47,2,2025-04-26,2025-11-23,192.7
u_11591,google_ads,ios,PT,54.78,1,2025-04-26,2025-04-26,54.78
u_11592,google_ads,ios,FR,41.02,3,2025-04-26,2025-11-06,82.04
u_11593,google_ads,android,DE,36.04,1,2025-04-26,2025-04-26,36.04
u_11594,twitter,ios,DE,35.62,1,2025-04-26,2025-04-26,35.62
u_11595,facebook,ios,PT,62.33,1,2025-04-26,2025-04-26,62.33
u_11596,google_ads,android,PT,107.92,2,2025-04-26,2025-07-09,161.88
u_11597,instagram,android,FR,140.2,5,2025-04-26,2025-11-08,420.6
u_11598,instagram,android,IT,31.04,1,2025-04-26,2025-04-26,31.04
u_11599,instagram,android,PL,132.61,2,2025-04-26,2025-11-28,198.92
u_11600,tiktok,ios,NL,106.92,2,2025-04-26,2025-05-26,160.38
u_11601,google_ads,android,NL,74.49,2,2025-04-26,2025-07-13,111.73
u_11602,twitter,android,DE,52.66,1,2025-04-27,2025-04-27,52.66
u_11603,instagram,ios,SE,143.17,2,2025-04-27,2025-09-30,214.76
u_11604,google_ads,ios,NL,37.61,1,2025-04-27,2025-04-27,37.61
u_11605,google_ads,android,ES,104.9,2,2025-04-27,2025-05-26,157.35
u_11606,google_ads,android,IE,42.84,1,2025-04-27,2025-04-27,42.84
u_11607,instagram,android,PL,37.47,1,2025-04-27,2025-04-27,37.47
u_11608,google_ads,android,NL,47.35,2,2025-04-27,2025-11-05,71.03
u_11609,google_ads,ios,PL,34.58,1,2025-04-27,2025-04-27,34.58
u_11610,tiktok,ios,ES,49.56,1,2025-04-27,2025-04-27,49.56
u_11611,instagram,android,DE,18.98,1,2025-04-27,2025-04-27,18.98
u_11612,instagram,android,FR,174.2,4,2025-04-27,2025-11-25,435.5
u_11613,google_ads,android,DE,23.35,1,2025-04-27,2025-04-27,23.35
u_11614,facebook,ios,DE,31.66,1,2025-04-27,2025-04-27,31.66
u_11615,tiktok,ios,ES,53.73,1,2025-04-27,2025-04-27,53.73
u_11616,twitter,ios,PL,95.12,1,2025-04-27,2025-04-27,95.12
u_11617,instagram,ios,PL,60.0,1,2025-04-27,2025-04-27,60.0
u_11618,instagram,ios,IE,161.07,3,2025-04-27,2025-10-29,322.14
u_11619,tiktok,ios,BE,35.3,1,2025-04-27,2025-04-27,35.3
u_11620,facebook,android,IE,33.15,2,2025-04-28,2025-06-16,49.72
u_11621,google_ads,android,DE,56.89,1,2025-04-28,2025-04-28,56.89
u_11622,facebook,android,DE,21.43,1,2025-04-28,2025-04-28,21.43
u_11623,twitter,ios,PL,39.07,1,2025-04-28,2025-04-28,39.07
u_11624,google_ads,android,IT,74.22,1,2025-04-28,2025-04-28,74.22
u_11625,tiktok,ios,PL,42.05,1,2025-04-28,2025-04-28,42.05
u_11626,tiktok,ios,DE,138.68,3,2025-04-28,2025-08-28,277.36
u_11627,tiktok,android,IE,98.28,2,2025-04-28,2025-07-04,147.42
u_11628,instagram,android,FR,33.05,2,2025-04-28,2025-08-16,49.58
u_11629,facebook,ios,IE,49.01,1,2025-04-28,2025-04-28,49.01
u_11630,google_ads,ios,IE,66.35,2,2025-04-28,2025-05-21,99.52
u_11631,twitter,android,FR,70.88,2,2025-04-28,2025-09-17,106.32
u_11632,instagram,ios,BE,41.86,3,2025-04-28,2025-11-08,83.72
u_11633,instagram,android,IT,47.31,1,2025-04-28,2025-04-28,47.31
u_11634,facebook,android,BE,47.12,2,2025-04-29,2025-12-20,70.68
u_11635,google_ads,android,NL,60.07,1,2025-04-29,2025-04-29,60.07
u_11636,twitter,ios,BE,93.8,2,2025-04-29,2025-11-02,140.7
u_11637,tiktok,android,DE,24.78,1,2025-04-29,2025-04-29,24.78
u_11638,tiktok,android,PL,65.05,3,2025-04-29,2025-06-26,130.1
u_11639,facebook,ios,PL,32.73,1,2025-04-29,2025-04-29,32.73
u_11640,google_ads,ios,PT,69.27,3,2025-04-29,2025-11-14,138.54
u_11641,tiktok,ios,PL,29.53,1,2025-04-29,2025-04-29,29.53
u_11642,facebook,ios,SE,10.45,1,2025-04-29,2025-04-29,10.45
u_11643,facebook,android,IT,37.71,1,2025-04-29,2025-04-29,37.71
u_11644,instagram,android,FR,44.03,1,2025-04-29,2025-04-29,44.03
u_11645,facebook,android,ES,39.28,1,2025-04-29,2025-04-29,39.28
u_11646,tiktok,android,PL,36.63,1,2025-04-29,2025-04-29,36.63
u_11647,instagram,android,SE,11.05,1,2025-04-30,2025-04-30,11.05
u_11648,google_ads,android,DE,92.32,2,2025-04-30,2025-05-17,138.48
u_11649,instagram,android,FR,56.39,1,2025-04-30,2025-04-30,56.39
u_11650,twitter,ios,IT,46.63,1,2025-04-30,2025-04-30,46.63
u_11651,facebook,ios,NL,117.34,2,2025-04-30,2025-05-23,176.01
u_11652,twitter,android,SE,40.25,1,2025-04-30,2025-04-30,40.25
u_11653,tiktok,ios,NL,31.12,2,2025-04-30,2025-10-25,46.68
u_11654,twitter,android,FR,168.86,2,2025-04-30,2025-07-04,253.29
u_11655,facebook,ios,PT,68.57,1,2025-04-30,2025-04-30,68.57
u_11656,instagram,android,BE,34.66,1,2025-04-30,2025-04-30,34.66
u_11657,instagram,android,ES,42.59,1,2025-04-30,2025-04-30,42.59
u_11658,google_ads,ios,ES,26.55,1,2025-04-30,2025-04-30,26.55
u_11659,tiktok,android,FR,58.71,1,2025-04-30,2025-04-30,58.71
u_11660,instagram,android,IE,41.54,1,2025-04-30,2025-04-30,41.54
u_11661,google_ads,ios,NL,88.02,2,2025-05-01,2025-05-16,132.03
u_11662,google_ads,ios,SE,10.72,1,2025-05-01,2025-05-01,10.72
u_11663,twitter,ios,IT,211.73,3,2025-05-01,2025-07-13,423.46
u_11664,twitter,ios,ES,44.6,1,2025-05-01,2025-05-01,44.6
u_11665,instagram,ios,DE,72.92,1,2025-05-01,2025-05-01,72.92
u_11666,tiktok,ios,BE,9.62,1,2025-05-01,2025-05-01,9.62
u_11667,google_ads,ios,PT,22.11,1,2025-05-01,2025-05-01,22.11
u_11668,instagram,ios,BE,91.56,2,2025-05-01,2025-07-16,137.34
u_11669,google_ads,android,PL,96.48,2,2025-05-01,2025-10-01,144.72
u_11670,google_ads,android,IT,53.16,1,2025-05-01,2025-05-01,53.16
u_11671,google_ads,android,ES,66.1,1,2025-05-01,2025-05-01,66.1
u_11672,google_ads,android,PT,47.32,1,2025-05-01,2025-05-01,47.32
u_11673,google_ads,android,IT,79.54,2,2025-05-01,2025-12-10,119.31
u_11674,google_ads,android,ES,112.21,2,2025-05-01,2025-11-23,168.32
u_11675,twitter,ios,PL,69.37,1,2025-05-01,2025-05-01,69.37
u_11676,tiktok,ios,NL,71.37,2,2025-05-01,2025-11-07,107.06
u_11677,instagram,ios,PL,17.59,1,2025-05-01,2025-05-01,17.59
u_11678,twitter,ios,DE,49.38,1,2025-05-01,2025-05-01,49.38
u_11679,facebook,ios,BE,98.75,2,2025-05-02,2025-07-18,148.12
u_11680,facebook,android,FR,55.11,2,2025-05-02,2025-07-29,82.66
u_11681,tiktok,android,DE,93.27,2,2025-05-02,2025-10-24,139.9
u_11682,facebook,android,ES,6.99,1,2025-05-02,2025-05-02,6.99
u_11683,instagram,android,DE,23.3,2,2025-05-02,2025-11-01,34.95
u_11684,google_ads,ios,PL,146.59,4,2025-05-02,2025-12-07,366.48
u_11685,tiktok,ios,DE,42.83,1,2025-05-02,2025-05-02,42.83
u_11686,google_ads,ios,PL,28.54,1,2025-05-02,2025-05-02,28.54
u_11687,instagram,ios,PT,88.64,2,2025-05-02,2025-12-03,132.96
u_11688,twitter,ios,FR,64.24,2,2025-05-02,2025-07-15,96.36
u_11689,facebook,ios,DE,67.17,2,2025-05-02,2025-06-24,100.76
u_11690,facebook,android,SE,54.27,2,2025-05-02,2025-11-17,81.4
u_11691,instagram,android,FR,61.12,1,2025-05-02,2025-05-02,61.12
u_11692,facebook,ios,SE,40.94,1,2025-05-02,2025-05-02,40.94
u_11693,twitter,ios,FR,113.56,2,2025-05-02,2025-09-23,170.34
u_11694,tiktok,ios,SE,30.41,1,2025-05-03,2025-05-03,30.41
u_11695,google_ads,android,IT,49.63,1,2025-05-03,2025-05-03,49.63
u_11696,facebook,ios,PL,118.68,2,2025-05-03,2025-07-24,178.02
u_11697,tiktok,android,PT,30.66,1,2025-05-03,2025-05-03,30.66
u_11698,facebook,android,ES,55.54,2,2025-05-03,2025-07-25,83.31
u_11699,tiktok,android,FR,43.58,1,2025-05-03,2025-05-03,43.58
u_11700,tiktok,android,FR,6.99,1,2025-05-03,2025-05-03,6.99
u_11701,instagram,ios,BE,54.59,1,2025-05-03,2025-05-03,54.59
u_11702,google_ads,android,DE,53.23,1,2025-05-03,2025-05-03,53.23
u_11703,facebook,android,NL,32.68,1,2025-05-03,2025-05-03,32.68
u_11704,google_ads,android,NL,130.6,2,2025-05-04,2025-08-24,195.9
u_11705,facebook,android,NL,64.37,1,2025-05-04,2025-05-04,64.37
u_11706,twitter,android,DE,41.28,1,2025-05-04,2025-05-04,41.28
u_11707,facebook,android,DE,51.11,1,2025-05-04,2025-05-04,51.11
u_11708,instagram,android,IT,58.56,1,2025-05-04,2025-05-04,58.56
u_11709,google_ads,android,ES,15.93,2,2025-05-04,2025-09-20,23.9
u_11710,google_ads,ios,IE,122.18,3,2025-05-04,2025-09-04,244.36
u_11711,google_ads,android,ES,42.74,1,2025-05-04,2025-05-04,42.74
u_11712,google_ads,android,DE,46.17,1,2025-05-05,2025-05-05,46.17
u_11713,tiktok,ios,SE,45.97,1,2025-05-05,2025-05-05,45.97
u_11714,twitter,ios,BE,92.71,2,2025-05-05,2025-11-30,139.06
u_11715,tiktok,android,DE,89.06,2,2025-05-05,2025-06-20,133.59
u_11716,tiktok,ios,ES,26.2,1,2025-05-05,2025-05-05,26.2
u_11717,facebook,ios,IT,41.01,1,2025-05-05,2025-05-05,41.01
u_11718,facebook,android,NL,28.35,1,2025-05-05,2025-05-05,28.35
u_11719,facebook,ios,PT,67.47,1,2025-05-05,2025-05-05,67.47
u_11720,tiktok,ios,SE,33.84,1,2025-05-05,2025-05-05,33.84
u_11721,google_ads,android,SE,28.01,1,2025-05-05,2025-05-05,28.01
u_11722,google_ads,ios,DE,35.44,2,2025-05-05,2025-10-21,53.16
u_11723,google_ads,android,DE,32.99,1,2025-05-05,2025-05-05,32.99
u_11724,tiktok,ios,IE,72.7,2,2025-05-05,2025-06-06,109.05
u_11725,facebook,ios,BE,87.44,2,2025-05-05,2025-08-26,131.16
u_11726,instagram,ios,BE,37.82,1,2025-05-06,2025-05-06,37.82
u_11727,tiktok,android,PT,49.26,1,2025-05-06,2025-05-06,49.26
u_11728,google_ads,android,FR,83.8,2,2025-05-06,2025-05-30,125.7
u_11729,instagram,android,FR,107.84,2,2025-05-06,2025-08-02,161.76
u_11730,google_ads,ios,ES,59.26,2,2025-05-06,2025-06-17,88.89
u_11731,instagram,android,SE,48.33,1,2025-05-06,2025-05-06,48.33
u_11732,facebook,ios,BE,52.42,1,2025-05-06,2025-05-06,52.42
u_11733,twitter,ios,ES,112.75,2,2025-05-06,2025-10-14,169.12
u_11734,tiktok,ios,PL,12.89,1,2025-05-06,2025-05-06,12.89
u_11735,instagram,android,DE,43.86,1,2025-05-06,2025-05-06,43.86
u_11736,tiktok,ios,DE,59.63,2,2025-05-06,2025-10-18,89.44
u_11737,tiktok,android,NL,38.96,1,2025-05-06,2025-05-06,38.96
u_11738,google_ads,android,DE,48.38,1,2025-05-06,2025-05-06,48.38
u_11739,instagram,ios,FR,34.54,1,2025-05-07,2025-05-07,34.54
u_11740,google_ads,android,FR,50.39,1,2025-05-07,2025-05-07,50.39
u_11741,facebook,android,PT,109.07,2,2025-05-07,2025-12-29,163.6
u_11742,facebook,android,SE,66.38,1,2025-05-07,2025-05-07,66.38
u_11743,tiktok,android,SE,32.67,1,2025-05-07,2025-05-07,32.67
u_11744,google_ads,ios,ES,29.21,1,2025-05-07,2025-05-07,29.21
u_11745,facebook,ios,FR,64.91,1,2025-05-07,2025-05-07,64.91
u_11746,facebook,android,IT,54.79,2,2025-05-07,2025-07-21,82.18
u_11747,google_ads,android,ES,64.68,2,2025-05-07,2025-07-01,97.02
u_11748,tiktok,android,IE,6.99,1,2025-05-07,2025-05-07,6.99
u_11749,facebook,ios,SE,63.95,1,2025-05-07,2025-05-07,63.95
u_11750,tiktok,ios,FR,47.21,1,2025-05-08,2025-05-08,47.21
u_11751,google_ads,android,IE,44.62,1,2025-05-08,2025-05-08,44.62
u_11752,google_ads,android,IE,53.34,1,2025-05-08,2025-05-08,53.34
u_11753,google_ads,ios,ES,60.48,2,2025-05-08,2025-06-16,90.72
u_11754,google_ads,android,FR,41.07,1,2025-05-08,2025-05-08,41.07
u_11755,tiktok,android,SE,63.82,1,2025-05-08,2025-05-08,63.82
u_11756,facebook,android,PT,37.54,1,2025-05-08,2025-05-08,37.54
u_11757,tiktok,ios,NL,29.13,1,2025-05-08,2025-05-08,29.13
u_11758,facebook,android,FR,159.75,3,2025-05-09,2025-10-14,319.5
u_11759,facebook,android,ES,69.9,1,2025-05-09,2025-05-09,69.9
u_11760,instagram,ios,FR,32.09,1,2025-05-09,2025-05-09,32.09
u_11761,instagram,android,IE,113.21,3,2025-05-09,2025-10-06,226.42
u_11762,twitter,ios,DE,46.05,2,2025-05-09,2025-07-25,69.07
u_11763,instagram,android,NL,50.82,1,2025-05-09,2025-05-09,50.82
u_11764,instagram,ios,PT,93.49,2,2025-05-09,2025-11-03,140.23
u_11765,facebook,android,SE,61.32,1,2025-05-09,2025-05-09,61.32
u_11766,google_ads,android,ES,117.03,2,2025-05-09,2025-11-25,175.54
u_11767,facebook,ios,PT,43.66,2,2025-05-09,2025-07-24,65.49
u_11768,instagram,ios,FR,12.81,1,2025-05-09,2025-05-09,12.81
u_11769,twitter,android,PL,61.26,2,2025-05-09,2025-09-12,91.89
u_11770,google_ads,ios,NL,108.22,2,2025-05-10,2025-12-03,162.33
u_11771,instagram,ios,ES,54.75,2,2025-05-10,2025-07-27,82.12
u_11772,google_ads,ios,DE,66.13,1,2025-05-10,2025-05-10,66.13
u_11773,facebook,android,PT,31.8,1,2025-05-10,2025-05-10,31.8
u_11774,instagram,ios,ES,67.59,1,2025-05-10,2025-05-10,67.59
u_11775,google_ads,android,IT,153.13,3,2025-05-10,2025-08-11,306.26
u_11776,google_ads,ios,PT,40.42,1,2025-05-10,2025-05-10,40.42
u_11777,facebook,ios,ES,20.55,1,2025-05-10,2025-05-10,20.55
u_11778,tiktok,android,ES,70.67,1,2025-05-10,2025-05-10,70.67
u_11779,google_ads,android,IT,31.07,1,2025-05-10,2025-05-10,31.07
u_11780,facebook,ios,FR,35.84,1,2025-05-10,2025-05-10,35.84
u_11781,google_ads,android,PT,111.96,2,2025-05-10,2025-11-20,167.94
u_11782,facebook,ios,BE,44.93,2,2025-05-11,2025-09-09,67.4
u_11783,tiktok,android,ES,14.18,1,2025-05-11,2025-05-11,14.18
u_11784,facebook,android,SE,70.05,1,2025-05-11,2025-05-11,70.05
u_11785,tiktok,android,BE,51.23,1,2025-05-11,2025-05-11,51.23
u_11786,tiktok,android,IT,51.4,1,2025-05-11,2025-05-11,51.4
u_11787,google_ads,ios,ES,46.52,1,2025-05-11,2025-05-11,46.52
u_11788,twitter,ios,SE,21.76,1,2025-05-11,2025-05-11,21.76
u_11789,google_ads,ios,FR,60.48,1,2025-05-11,2025-05-11,60.48
u_11790,facebook,android,BE,72.3,2,2025-05-11,2025-09-04,108.45
u_11791,twitter,ios,PL,39.79,1,2025-05-11,2025-05-11,39.79
u_11792,instagram,ios,FR,74.55,1,2025-05-11,2025-05-11,74.55
u_11793,tiktok,ios,IE,48.7,1,2025-05-11,2025-05-11,48.7
u_11794,facebook,android,NL,44.67,1,2025-05-11,2025-05-11,44.67
u_11795,twitter,android,NL,151.47,2,2025-05-11,2025-08-13,227.2
u_11796,google_ads,android,ES,42.94,1,2025-05-11,2025-05-11,42.94
u_11797,google_ads,ios,PT,37.77,1,2025-05-11,2025-05-11,37.77
u_11798,instagram,android,SE,6.99,1,2025-05-12,2025-05-12,6.99
u_11799,facebook,android,DE,157.37,2,2025-05-12,2025-10-01,236.06
u_11800,instagram,android,FR,13.07,1,2025-05-12,2025-05-12,13.07
u_11801,tiktok,android,SE,64.29,1,2025-05-12,2025-05-12,64.29
u_11802,facebook,ios,ES,65.81,1,2025-05-12,2025-05-12,65.81
u_11803,twitter,android,FR,62.35,1,2025-05-12,2025-05-12,62.35
u_11804,google_ads,android,NL,154.41,3,2025-05-12,2025-09-02,308.82
u_11805,google_ads,android,ES,49.79,1,2025-05-12,2025-05-12,49.79
u_11806,tiktok,ios,DE,96.76,2,2025-05-12,2025-11-08,145.14
u_11807,facebook,android,PL,64.33,1,2025-05-12,2025-05-12,64.33
u_11808,facebook,android,PT,49.95,3,2025-05-12,2025-12-09,99.9
u_11809,instagram,ios,FR,103.56,2,2025-05-12,2025-05-16,155.34
u_11810,tiktok,android,IT,11.54,1,2025-05-12,2025-05-12,11.54
u_11811,google_ads,ios,ES,74.97,1,2025-05-12,2025-05-12,74.97
u_11812,google_ads,ios,DE,197.09,2,2025-05-13,2025-12-22,295.64
u_11813,tiktok,android,PL,27.38,1,2025-05-13,2025-05-13,27.38
u_11814,instagram,ios,ES,100.63,2,2025-05-13,2025-05-27,150.94
u_11815,google_ads,ios,ES,40.35,1,2025-05-13,2025-05-13,40.35
u_11816,instagram,android,SE,42.41,1,2025-05-13,2025-05-13,42.41
u_11817,facebook,ios,NL,60.39,2,2025-05-13,2025-11-28,90.58
u_11818,facebook,ios,BE,99.01,2,2025-05-13,2025-11-25,148.52
u_11819,google_ads,android,FR,63.05,2,2025-05-13,2025-11-11,94.57
u_11820,instagram,ios,NL,58.0,1,2025-05-13,2025-05-13,58.0
u_11821,twitter,ios,PL,32.91,1,2025-05-13,2025-05-13,32.91
u_11822,facebook,ios,IT,29.97,1,2025-05-13,2025-05-13,29.97
u_11823,google_ads,android,FR,74.75,1,2025-05-13,2025-05-13,74.75
u_11824,facebook,android,BE,62.28,1,2025-05-13,2025-05-13,62.28
u_11825,tiktok,ios,DE,46.1,2,2025-05-13,2025-10-29,69.15
u_11826,twitter,ios,FR,42.17,4,2025-05-13,2025-08-27,105.43
u_11827,instagram,ios,IT,59.87,1,2025-05-13,2025-05-13,59.87
u_11828,instagram,ios,PL,6.99,1,2025-05-14,2025-05-14,6.99
u_11829,google_ads,android,IE,71.76,1,2025-05-14,2025-05-14,71.76
u_11830,facebook,ios,NL,43.24,2,2025-05-14,2025-07-22,64.86
u_11831,instagram,ios,BE,57.33,1,2025-05-14,2025-05-14,57.33
u_11832,facebook,android,FR,44.49,1,2025-05-14,2025-05-14,44.49
u_11833,google_ads,android,IT,73.45,1,2025-05-14,2025-05-14,73.45
u_11834,facebook,ios,ES,13.36,2,2025-05-14,2025-07-25,20.04
u_11835,facebook,android,NL,40.3,1,2025-05-14,2025-05-14,40.3
u_11836,google_ads,android,FR,83.76,1,2025-05-14,2025-05-14,83.76
u_11837,instagram,android,DE,76.85,1,2025-05-14,2025-05-14,76.85
u_11838,google_ads,android,PT,36.11,1,2025-05-14,2025-05-14,36.11
u_11839,instagram,ios,PL,74.44,2,2025-05-14,2025-11-03,111.66
u_11840,google_ads,android,FR,38.9,1,2025-05-14,2025-05-14,38.9
u_11841,instagram,ios,FR,59.99,2,2025-05-14,2025-10-16,89.98
u_11842,google_ads,android,NL,39.02,1,2025-05-14,2025-05-14,39.02
u_11843,instagram,ios,BE,112.26,2,2025-05-15,2025-06-07,168.39
u_11844,tiktok,ios,DE,103.36,2,2025-05-15,2025-05-21,155.04
u_11845,instagram,ios,PT,93.17,2,2025-05-15,2025-12-06,139.76
u_11846,tiktok,android,IE,45.49,1,2025-05-15,2025-05-15,45.49
u_11847,instagram,android,PL,105.77,2,2025-05-15,2025-07-06,158.66
u_11848,google_ads,android,FR,136.06,3,2025-05-15,2025-10-28,272.12
u_11849,instagram,ios,FR,36.07,1,2025-05-15,2025-05-15,36.07
u_11850,tiktok,ios,IT,41.51,2,2025-05-15,2025-06-07,62.26
u_11851,google_ads,android,IT,53.31,1,2025-05-15,2025-05-15,53.31
u_11852,facebook,ios,IE,24.81,1,2025-05-15,2025-05-15,24.81
u_11853,twitter,android,DE,65.81,1,2025-05-15,2025-05-15,65.81
u_11854,google_ads,ios,PL,43.19,1,2025-05-15,2025-05-15,43.19
u_11855,instagram,android,BE,122.8,2,2025-05-15,2025-06-02,184.2
u_11856,tiktok,ios,FR,66.99,1,2025-05-15,2025-05-15,66.99
u_11857,google_ads,ios,PT,96.36,2,2025-05-16,2025-06-04,144.54
u_11858,google_ads,ios,BE,57.37,2,2025-05-16,2025-06-25,86.06
u_11859,twitter,android,ES,17.13,1,2025-05-16,2025-05-16,17.13
u_11860,facebook,android,IE,48.39,2,2025-05-16,2025-05-30,72.59
u_11861,facebook,ios,IT,6.99,1,2025-05-16,2025-05-16,6.99
u_11862,google_ads,android,ES,60.36,1,2025-05-16,2025-05-16,60.36
u_11863,google_ads,ios,FR,81.65,2,2025-05-16,2025-06-02,122.48
u_11864,facebook,android,PT,38.44,1,2025-05-16,2025-05-16,38.44
u_11865,instagram,ios,NL,57.42,1,2025-05-16,2025-05-16,57.42
u_11866,tiktok,android,NL,28.91,1,2025-05-16,2025-05-16,28.91
u_11867,google_ads,ios,BE,6.99,1,2025-05-16,2025-05-16,6.99
u_11868,google_ads,android,PL,79.99,2,2025-05-16,2025-08-03,119.98
u_11869,google_ads,ios,IT,44.07,1,2025-05-16,2025-05-16,44.07
u_11870,google_ads,android,IT,148.44,2,2025-05-16,2025-10-13,222.66
u_11871,google_ads,android,SE,69.63,2,2025-05-16,2025-06-27,104.44
u_11872,tiktok,ios,BE,26.97,1,2025-05-16,2025-05-16,26.97
u_11873,instagram,android,DE,57.76,1,2025-05-16,2025-05-16,57.76
u_11874,tiktok,ios,BE,14.38,1,2025-05-16,2025-05-16,14.38
u_11875,google_ads,android,DE,92.54,2,2025-05-17,2025-08-06,138.81
u_11876,tiktok,android,FR,50.46,1,2025-05-17,2025-05-17,50.46
u_11877,tiktok,android,PL,46.4,2,2025-05-17,2025-08-23,69.6
u_11878,instagram,android,IT,79.28,2,2025-05-17,2025-05-23,118.92
u_11879,instagram,ios,ES,91.25,2,2025-05-17,2025-11-20,136.88
u_11880,instagram,android,PT,14.39,2,2025-05-17,2025-10-14,21.58
u_11881,facebook,android,SE,58.83,1,2025-05-17,2025-05-17,58.83
u_11882,google_ads,android,SE,118.44,2,2025-05-17,2025-09-06,177.66
u_11883,facebook,android,SE,51.7,1,2025-05-17,2025-05-17,51.7
u_11884,tiktok,android,BE,20.87,1,2025-05-17,2025-05-17,20.87
u_11885,instagram,android,ES,35.71,1,2025-05-18,2025-05-18,35.71
u_11886,twitter,ios,ES,140.6,2,2025-05-18,2025-10-25,210.9
u_11887,google_ads,android,PT,56.84,1,2025-05-18,2025-05-18,56.84
u_11888,tiktok,android,ES,62.34,1,2025-05-18,2025-05-18,62.34
u_11889,tiktok,ios,ES,26.36,2,2025-05-18,2025-06-27,39.54
u_11890,google_ads,android,FR,156.66,2,2025-05-18,2025-06-18,234.99
u_11891,google_ads,android,SE,48.2,2,2025-05-18,2025-08-01,72.3
u_11892,tiktok,android,FR,26.72,1,2025-05-18,2025-05-18,26.72
u_11893,instagram,android,PL,67.19,2,2025-05-18,2025-07-29,100.78
u_11894,instagram,android,NL,33.73,1,2025-05-18,2025-05-18,33.73
u_11895,google_ads,ios,NL,64.96,2,2025-05-18,2025-09-20,97.44
u_11896,twitter,ios,IE,95.76,3,2025-05-18,2025-09-01,191.52
u_11897,google_ads,android,FR,47.66,1,2025-05-18,2025-05-18,47.66
u_11898,twitter,android,ES,25.26,1,2025-05-18,2025-05-18,25.26
u_11899,facebook,ios,DE,31.44,1,2025-05-18,2025-05-18,31.44
u_11900,tiktok,ios,DE,98.42,1,2025-05-18,2025-05-18,98.42
u_11901,instagram,android,PT,40.32,1,2025-05-18,2025-05-18,40.32
u_11902,google_ads,android,SE,57.8,1,2025-05-18,2025-05-18,57.8
u_11903,tiktok,android,IT,11.88,1,2025-05-18,2025-05-18,11.88
u_11904,facebook,android,IE,50.61,1,2025-05-19,2025-05-19,50.61
u_11905,instagram,ios,FR,106.67,2,2025-05-19,2025-09-10,160.0
u_11906,twitter,ios,SE,42.56,1,2025-05-19,2025-05-19,42.56
u_11907,google_ads,android,SE,58.14,1,2025-05-19,2025-05-19,58.14
u_11908,instagram,android,IT,57.61,1,2025-05-19,2025-05-19,57.61
u_11909,google_ads,ios,ES,56.52,1,2025-05-19,2025-05-19,56.52
u_11910,instagram,ios,PL,31.33,1,2025-05-19,2025-05-19,31.33
u_11911,instagram,android,DE,23.43,1,2025-05-19,2025-05-19,23.43
u_11912,tiktok,android,BE,44.32,1,2025-05-19,2025-05-19,44.32
u_11913,google_ads,android,FR,57.93,2,2025-05-19,2025-08-07,86.9
u_11914,google_ads,android,PT,53.7,2,2025-05-19,2025-06-13,80.55
u_11915,facebook,ios,DE,15.58,1,2025-05-19,2025-05-19,15.58
u_11916,facebook,ios,DE,30.16,1,2025-05-19,2025-05-19,30.16
u_11917,instagram,ios,BE,160.21,2,2025-05-19,2025-12-24,240.32
u_11918,google_ads,ios,PT,34.83,2,2025-05-19,2025-07-20,52.24
u_11919,twitter,ios,DE,61.12,1,2025-05-20,2025-05-20,61.12
u_11920,twitter,android,ES,19.05,1,2025-05-20,2025-05-20,19.05
u_11921,facebook,ios,IE,51.33,1,2025-05-20,2025-05-20,51.33
u_11922,google_ads,android,SE,22.52,1,2025-05-20,2025-05-20,22.52
u_11923,google_ads,android,DE,12.0,1,2025-05-20,2025-05-20,12.0
u_11924,tiktok,ios,DE,39.58,1,2025-05-20,2025-05-20,39.58
u_11925,tiktok,ios,FR,47.45,1,2025-05-20,2025-05-20,47.45
u_11926,tiktok,android,ES,58.9,1,2025-05-20,2025-05-20,58.9
u_11927,twitter,ios,IE,21.79,1,2025-05-20,2025-05-20,21.79
u_11928,facebook,android,PL,47.94,2,2025-05-20,2025-06-06,71.91
u_11929,instagram,ios,PL,99.63,2,2025-05-20,2025-08-13,149.44
u_11930,facebook,ios,BE,39.68,1,2025-05-20,2025-05-20,39.68
u_11931,google_ads,android,DE,42.3,2,2025-05-20,2025-07-21,63.45
u_11932,tiktok,ios,DE,43.42,1,2025-05-21,2025-05-21,43.42
u_11933,tiktok,android,FR,44.95,1,2025-05-21,2025-05-21,44.95
u_11934,tiktok,android,ES,65.37,1,2025-05-21,2025-05-21,65.37
u_11935,google_ads,ios,ES,56.2,2,2025-05-21,2025-10-12,84.3
u_11936,google_ads,ios,DE,46.41,1,2025-05-21,2025-05-21,46.41
u_11937,facebook,ios,NL,29.71,1,2025-05-21,2025-05-21,29.71
u_11938,google_ads,android,FR,115.33,2,2025-05-21,2025-12-28,173.0
u_11939,google_ads,android,PL,71.57,1,2025-05-21,2025-05-21,71.57
u_11940,tiktok,android,FR,26.45,1,2025-05-21,2025-05-21,26.45
u_11941,google_ads,ios,SE,41.24,1,2025-05-21,2025-05-21,41.24
u_11942,tiktok,android,DE,45.32,1,2025-05-21,2025-05-21,45.32
u_11943,google_ads,ios,IT,57.23,1,2025-05-21,2025-05-21,57.23
u_11944,instagram,android,PL,30.57,1,2025-05-21,2025-05-21,30.57
u_11945,tiktok,android,DE,43.14,3,2025-05-21,2025-12-26,86.28
u_11946,facebook,ios,FR,6.99,1,2025-05-22,2025-05-22,6.99
u_11947,instagram,ios,PT,81.9,2,2025-05-22,2025-12-07,122.85
u_11948,instagram,android,NL,21.33,1,2025-05-22,2025-05-22,21.33
u_11949,google_ads,android,FR,36.27,1,2025-05-22,2025-05-22,36.27
u_11950,instagram,android,ES,75.95,2,2025-05-22,2025-07-02,113.93
u_11951,facebook,android,PL,31.13,1,2025-05-22,2025-05-22,31.13
u_11952,google_ads,android,PL,47.08,1,2025-05-22,2025-05-22,47.08
u_11953,instagram,android,FR,72.12,2,2025-05-22,2025-10-07,108.18
u_11954,instagram,ios,FR,36.41,1,2025-05-22,2025-05-22,36.41
u_11955,tiktok,ios,PL,6.99,1,2025-05-22,2025-05-22,6.99
u_11956,facebook,ios,FR,150.67,3,2025-05-22,2025-11-06,301.34
u_11957,twitter,android,ES,96.16,3,2025-05-22,2025-12-14,192.32
u_11958,tiktok,ios,ES,105.07,2,2025-05-22,2025-08-31,157.6
u_11959,facebook,android,NL,96.71,1,2025-05-22,2025-05-22,96.71
u_11960,instagram,ios,IE,46.58,1,2025-05-22,2025-05-22,46.58
u_11961,facebook,android,IE,44.96,1,2025-05-23,2025-05-23,44.96
u_11962,google_ads,android,PL,40.24,1,2025-05-23,2025-05-23,40.24
u_11963,tiktok,ios,PL,27.7,1,2025-05-23,2025-05-23,27.7
u_11964,tiktok,ios,BE,38.14,1,2025-05-23,2025-05-23,38.14
u_11965,facebook,ios,BE,43.13,2,2025-05-23,2025-08-05,64.7
u_11966,google_ads,android,PL,73.8,1,2025-05-23,2025-05-23,73.8
u_11967,facebook,android,SE,42.55,1,2025-05-23,2025-05-23,42.55
u_11968,google_ads,android,IT,66.43,1,2025-05-23,2025-05-23,66.43
u_11969,google_ads,android,IT,33.87,1,2025-05-23,2025-05-23,33.87
u_11970,tiktok,android,IT,52.17,1,2025-05-23,2025-05-23,52.17
u_11971,tiktok,android,ES,45.82,1,2025-05-23,2025-05-23,45.82
u_11972,instagram,ios,DE,188.12,3,2025-05-23,2025-09-06,376.24
u_11973,twitter,android,FR,41.1,1,2025-05-23,2025-05-23,41.1
u_11974,instagram,ios,NL,57.78,1,2025-05-23,2025-05-23,57.78
u_11975,twitter,ios,ES,72.27,1,2025-05-23,2025-05-23,72.27
u_11976,instagram,android,DE,57.73,1,2025-05-23,2025-05-23,57.73
u_11977,tiktok,ios,ES,147.56,3,2025-05-23,2025-09-02,295.12
u_11978,instagram,ios,SE,65.7,2,2025-05-23,2025-09-29,98.55
u_11979,tiktok,android,BE,137.81,3,2025-05-23,2025-11-27,275.62
u_11980,facebook,android,PL,43.75,1,2025-05-23,2025-05-23,43.75
u_11981,facebook,ios,BE,47.73,1,2025-05-23,2025-05-23,47.73
u_11982,instagram,android,IT,121.04,2,2025-05-23,2025-11-12,181.56
u_11983,google_ads,ios,PL,10.29,1,2025-05-24,2025-05-24,10.29
u_11984,tiktok,ios,PT,52.91,2,2025-05-24,2025-10-03,79.36
u_11985,instagram,ios,PT,63.05,1,2025-05-24,2025-05-24,63.05
u_11986,facebook,android,IT,67.1,1,2025-05-24,2025-05-24,67.1
u_11987,google_ads,android,PL,60.25,2,2025-05-24,2025-05-31,90.38
u_11988,tiktok,ios,ES,32.94,1,2025-05-24,2025-05-24,32.94
u_11989,google_ads,android,IE,103.21,2,2025-05-24,2025-08-23,154.82
u_11990,instagram,ios,FR,160.47,3,2025-05-24,2025-08-26,320.94
u_11991,instagram,android,ES,66.73,1,2025-05-24,2025-05-24,66.73
u_11992,facebook,android,FR,97.42,2,2025-05-24,2025-09-19,146.13
u_11993,tiktok,ios,IT,51.06,1,2025-05-24,2025-05-24,51.06
u_11994,tiktok,android,DE,101.94,2,2025-05-25,2025-07-29,152.91
u_11995,facebook,android,PL,43.32,1,2025-05-25,2025-05-25,43.32
u_11996,twitter,ios,DE,35.29,1,2025-05-25,2025-05-25,35.29
u_11997,google_ads,ios,NL,25.16,1,2025-05-25,2025-05-25,25.16
u_11998,google_ads,android,IE,99.46,2,2025-05-25,2025-06-05,149.19
u_11999,facebook,ios,DE,62.93,1,2025-05-25,2025-05-25,62.93
u_12000,instagram,ios,DE,45.51,1,2025-05-25,2025-05-25,45.51
u_12001,twitter,android,IT,48.64,1,2025-05-25,2025-05-25,48.64
u_12002,twitter,ios,PL,51.16,1,2025-05-25,2025-05-25,51.16
u_12003,google_ads,android,IT,99.36,2,2025-05-25,2025-10-09,149.04
u_12004,tiktok,android,ES,45.89,1,2025-05-25,2025-05-25,45.89
u_12005,tiktok,android,IT,39.35,1,2025-05-25,2025-05-25,39.35
u_12006,tiktok,ios,NL,46.23,1,2025-05-25,2025-05-25,46.23
u_12007,google_ads,android,SE,38.57,1,2025-05-25,2025-05-25,38.57
u_12008,google_ads,ios,PL,86.39,2,2025-05-25,2025-07-16,129.58
u_12009,twitter,ios,ES,53.16,1,2025-05-25,2025-05-25,53.16
u_12010,instagram,ios,IT,102.24,2,2025-05-25,2025-05-27,153.36
u_12011,facebook,ios,IT,65.85,1,2025-05-26,2025-05-26,65.85
u_12012,google_ads,android,PT,11.37,1,2025-05-26,2025-05-26,11.37
u_12013,instagram,android,IT,43.98,1,2025-05-26,2025-05-26,43.98
u_12014,facebook,ios,IT,51.63,1,2025-05-26,2025-05-26,51.63
u_12015,tiktok,ios,PL,197.99,4,2025-05-26,2025-12-17,494.98
u_12016,facebook,ios,IE,40.79,1,2025-05-26,2025-05-26,40.79
u_12017,google_ads,android,FR,44.68,1,2025-05-26,2025-05-26,44.68
u_12018,google_ads,android,DE,53.3,1,2025-05-26,2025-05-26,53.3
u_12019,facebook,android,FR,199.57,2,2025-05-26,2025-06-11,299.36
u_12020,facebook,android,FR,16.23,1,2025-05-26,2025-05-26,16.23
u_12021,facebook,ios,BE,31.55,1,2025-05-26,2025-05-26,31.55
u_12022,facebook,ios,SE,50.3,2,2025-05-26,2025-11-22,75.45
u_12023,facebook,android,FR,74.93,1,2025-05-26,2025-05-26,74.93
u_12024,facebook,android,PL,50.73,1,2025-05-26,2025-05-26,50.73
u_12025,facebook,android,PL,37.29,1,2025-05-27,2025-05-27,37.29
u_12026,google_ads,android,DE,125.66,2,2025-05-27,2025-11-24,188.49
u_12027,facebook,android,FR,21.22,1,2025-05-27,2025-05-27,21.22
u_12028,google_ads,android,DE,133.3,2,2025-05-27,2025-06-11,199.95
u_12029,facebook,ios,FR,83.2,2,2025-05-27,2025-08-25,124.8
u_12030,instagram,ios,SE,48.08,2,2025-05-27,2025-07-17,72.12
u_12031,google_ads,android,PL,51.55,1,2025-05-27,2025-05-27,51.55
u_12032,facebook,ios,SE,28.7,1,2025-05-27,2025-05-27,28.7
u_12033,facebook,ios,PL,35.88,1,2025-05-27,2025-05-27,35.88
u_12034,instagram,android,PT,31.84,1,2025-05-27,2025-05-27,31.84
u_12035,tiktok,ios,NL,50.35,1,2025-05-27,2025-05-27,50.35
u_12036,tiktok,ios,SE,100.19,2,2025-05-27,2025-11-12,150.28
u_12037,instagram,ios,PT,36.76,1,2025-05-27,2025-05-27,36.76
u_12038,facebook,android,ES,37.65,1,2025-05-28,2025-05-28,37.65
u_12039,twitter,android,IT,46.7,1,2025-05-28,2025-05-28,46.7
u_12040,instagram,ios,SE,23.58,1,2025-05-28,2025-05-28,23.58
u_12041,facebook,ios,ES,48.84,1,2025-05-28,2025-05-28,48.84
u_12042,twitter,ios,FR,66.91,2,2025-05-28,2025-10-10,100.36
u_12043,facebook,android,IE,7.39,1,2025-05-28,2025-05-28,7.39
u_12044,google_ads,android,DE,57.1,2,2025-05-28,2025-11-21,85.65
u_12045,twitter,android,IT,91.42,2,2025-05-28,2025-12-07,137.13
u_12046,instagram,ios,IT,25.57,3,2025-05-28,2025-09-25,51.14
u_12047,google_ads,ios,PL,40.32,1,2025-05-28,2025-05-28,40.32
u_12048,google_ads,ios,FR,40.48,2,2025-05-28,2025-08-10,60.72
u_12049,facebook,android,DE,46.52,1,2025-05-28,2025-05-28,46.52
u_12050,google_ads,android,DE,30.91,1,2025-05-29,2025-05-29,30.91
u_12051,google_ads,ios,ES,71.48,1,2025-05-29,2025-05-29,71.48
u_12052,facebook,ios,NL,54.94,1,2025-05-29,2025-05-29,54.94
u_12053,google_ads,android,ES,38.01,1,2025-05-29,2025-05-29,38.01
u_12054,instagram,android,FR,34.59,1,2025-05-29,2025-05-29,34.59
u_12055,facebook,ios,NL,169.98,2,2025-05-29,2025-08-28,254.97
u_12056,instagram,ios,IE,21.86,1,2025-05-29,2025-05-29,21.86
u_12057,tiktok,ios,FR,12.43,1,2025-05-29,2025-05-29,12.43
u_12058,tiktok,ios,DE,49.13,1,2025-05-29,2025-05-29,49.13
u_12059,twitter,ios,PT,66.38,2,2025-05-29,2025-06-04,99.57
u_12060,tiktok,android,SE,146.47,3,2025-05-29,2025-07-21,292.94
u_12061,google_ads,android,NL,42.73,1,2025-05-29,2025-05-29,42.73
u_12062,tiktok,ios,ES,35.73,1,2025-05-30,2025-05-30,35.73
u_12063,google_ads,ios,NL,134.34,2,2025-05-30,2025-11-27,201.51
u_12064,google_ads,ios,PT,115.92,2,2025-05-30,2025-08-12,173.88
u_12065,twitter,android,PT,52.13,1,2025-05-30,2025-05-30,52.13
u_12066,instagram,ios,IT,33.76,1,2025-05-30,2025-05-30,33.76
u_12067,tiktok,ios,SE,38.12,1,2025-05-30,2025-05-30,38.12
u_12068,twitter,ios,PL,34.77,1,2025-05-30,2025-05-30,34.77
u_12069,tiktok,ios,DE,13.49,1,2025-05-30,2025-05-30,13.49
u_12070,google_ads,ios,SE,62.42,1,2025-05-30,2025-05-30,62.42
u_12071,twitter,ios,PL,32.82,1,2025-05-30,2025-05-30,32.82
u_12072,tiktok,android,DE,49.91,1,2025-05-30,2025-05-30,49.91
u_12073,twitter,android,DE,38.6,2,2025-05-30,2025-09-03,57.9
u_12074,google_ads,android,SE,46.13,1,2025-05-30,2025-05-30,46.13
u_12075,twitter,ios,FR,118.43,2,2025-05-30,2025-11-24,177.64
u_12076,facebook,ios,NL,32.76,1,2025-05-31,2025-05-31,32.76
u_12077,facebook,ios,FR,25.82,1,2025-05-31,2025-05-31,25.82
u_12078,facebook,android,NL,31.36,1,2025-05-31,2025-05-31,31.36
u_12079,facebook,ios,DE,96.46,2,2025-05-31,2025-06-29,144.69
u_12080,instagram,android,DE,64.75,1,2025-05-31,2025-05-31,64.75
u_12081,facebook,android,ES,67.12,1,2025-05-31,2025-05-31,67.12
u_12082,facebook,android,PL,21.21,1,2025-05-31,2025-05-31,21.21
u_12083,twitter,ios,SE,7.14,1,2025-05-31,2025-05-31,7.14
u_12084,twitter,android,SE,36.42,1,2025-06-01,2025-06-01,36.42
u_12085,facebook,ios,PL,28.2,1,2025-06-01,2025-06-01,28.2
u_12086,instagram,ios,SE,95.17,2,2025-06-01,2025-08-11,142.76
u_12087,tiktok,android,ES,25.25,2,2025-06-01,2025-09-27,37.88
u_12088,tiktok,android,BE,110.62,2,2025-06-01,2025-10-26,165.93
u_12089,google_ads,ios,SE,37.0,2,2025-06-01,2025-06-22,55.5
u_12090,instagram,android,SE,41.67,1,2025-06-01,2025-06-01,41.67
u_12091,tiktok,ios,DE,34.26,1,2025-06-01,2025-06-01,34.26
u_12092,facebook,android,DE,25.27,1,2025-06-01,2025-06-01,25.27
u_12093,twitter,android,NL,40.31,1,2025-06-01,2025-06-01,40.31
u_12094,instagram,ios,DE,47.98,1,2025-06-01,2025-06-01,47.98
u_12095,tiktok,android,IT,50.23,1,2025-06-02,2025-06-02,50.23
u_12096,facebook,ios,SE,56.22,2,2025-06-02,2025-08-04,84.33
u_12097,google_ads,ios,FR,59.4,1,2025-06-02,2025-06-02,59.4
u_12098,google_ads,android,FR,35.31,1,2025-06-02,2025-06-02,35.31
u_12099,tiktok,ios,DE,15.64,1,2025-06-02,2025-06-02,15.64
u_12100,tiktok,android,ES,76.46,2,2025-06-02,2025-06-16,114.69
u_12101,instagram,android,BE,39.26,1,2025-06-02,2025-06-02,39.26
u_12102,google_ads,ios,NL,60.77,1,2025-06-02,2025-06-02,60.77
u_12103,instagram,android,DE,41.56,1,2025-06-02,2025-06-02,41.56
u_12104,instagram,android,FR,11.14,1,2025-06-02,2025-06-02,11.14
u_12105,google_ads,ios,ES,34.59,1,2025-06-02,2025-06-02,34.59
u_12106,tiktok,android,PT,76.65,2,2025-06-02,2025-10-28,114.98
u_12107,google_ads,ios,PT,10.3,1,2025-06-03,2025-06-03,10.3
u_12108,facebook,ios,ES,188.99,3,2025-06-03,2025-10-05,377.98
u_12109,google_ads,android,DE,64.25,2,2025-06-03,2025-09-11,96.38
u_12110,google_ads,ios,PL,105.93,2,2025-06-03,2025-07-18,158.9
u_12111,google_ads,android,ES,60.26,2,2025-06-03,2025-10-28,90.39
u_12112,tiktok,android,FR,53.22,2,2025-06-03,2025-07-20,79.83
u_12113,tiktok,ios,PL,36.66,1,2025-06-03,2025-06-03,36.66
u_12114,instagram,android,FR,53.84,1,2025-06-03,2025-06-03,53.84
u_12115,twitter,android,FR,59.52,2,2025-06-03,2025-11-15,89.28
u_12116,google_ads,ios,SE,17.23,1,2025-06-03,2025-06-03,17.23
u_12117,google_ads,android,PL,44.55,1,2025-06-03,2025-06-03,44.55
u_12118,facebook,ios,PL,74.96,2,2025-06-03,2025-11-04,112.44
u_12119,twitter,android,IT,121.88,2,2025-06-03,2025-07-11,182.82
u_12120,facebook,ios,IT,17.87,1,2025-06-03,2025-06-03,17.87
u_12121,google_ads,android,PL,66.13,1,2025-06-03,2025-06-03,66.13
u_12122,facebook,android,IT,63.25,1,2025-06-04,2025-06-04,63.25
u_12123,instagram,ios,FR,71.09,3,2025-06-04,2025-12-12,142.18
u_12124,facebook,ios,NL,50.84,3,2025-06-04,2025-11-07,101.68
u_12125,google_ads,ios,FR,123.39,2,2025-06-04,2025-11-18,185.08
u_12126,google_ads,android,BE,228.3,3,2025-06-04,2025-09-23,456.6
u_12127,google_ads,android,PT,14.33,2,2025-06-04,2025-08-09,21.5
u_12128,facebook,android,IT,68.02,1,2025-06-04,2025-06-04,68.02
u_12129,twitter,android,BE,6.99,1,2025-06-04,2025-06-04,6.99
u_12130,twitter,ios,ES,17.56,1,2025-06-04,2025-06-04,17.56
u_12131,instagram,android,SE,164.52,2,2025-06-04,2025-09-21,246.78
u_12132,twitter,android,DE,39.11,1,2025-06-04,2025-06-04,39.11
u_12133,facebook,ios,FR,16.75,1,2025-06-04,2025-06-04,16.75
u_12134,google_ads,android,PL,44.77,1,2025-06-04,2025-06-04,44.77
u_12135,tiktok,ios,ES,113.88,2,2025-06-04,2025-08-22,170.82
u_12136,twitter,ios,DE,183.34,2,2025-06-05,2025-12-02,275.01
u_12137,twitter,ios,NL,32.82,1,2025-06-05,2025-06-05,32.82
u_12138,google_ads,android,NL,50.57,1,2025-06-05,2025-06-05,50.57
u_12139,tiktok,ios,IE,49.36,1,2025-06-05,2025-06-05,49.36
u_12140,google_ads,android,DE,91.74,3,2025-06-05,2025-08-09,183.48
u_12141,tiktok,android,DE,60.39,1,2025-06-05,2025-06-05,60.39
u_12142,twitter,android,ES,49.59,1,2025-06-05,2025-06-05,49.59
u_12143,instagram,ios,PL,20.69,1,2025-06-05,2025-06-05,20.69
u_12144,google_ads,ios,BE,58.15,1,2025-06-05,2025-06-05,58.15
u_12145,facebook,android,DE,38.78,1,2025-06-05,2025-06-05,38.78
u_12146,instagram,ios,BE,59.43,1,2025-06-05,2025-06-05,59.43
u_12147,twitter,ios,FR,90.45,1,2025-06-05,2025-06-05,90.45
u_12148,facebook,ios,SE,67.96,1,2025-06-05,2025-06-05,67.96
u_12149,google_ads,ios,ES,14.9,1,2025-06-05,2025-06-05,14.9
u_12150,google_ads,android,FR,45.6,1,2025-06-05,2025-06-05,45.6
u_12151,tiktok,ios,ES,32.19,1,2025-06-05,2025-06-05,32.19
u_12152,google_ads,android,NL,49.79,1,2025-06-06,2025-06-06,49.79
u_12153,facebook,android,ES,78.73,2,2025-06-06,2025-10-02,118.1
u_12154,twitter,android,NL,54.03,2,2025-06-06,2025-06-23,81.04
u_12155,instagram,ios,FR,47.62,1,2025-06-06,2025-06-06,47.62
u_12156,google_ads,android,PL,12.77,1,2025-06-06,2025-06-06,12.77
u_12157,facebook,ios,PL,68.8,2,2025-06-06,2025-10-08,103.2
u_12158,facebook,ios,FR,50.95,1,2025-06-06,2025-06-06,50.95
u_12159,google_ads,ios,PT,106.59,2,2025-06-06,2025-07-03,159.88
u_12160,instagram,ios,ES,56.14,1,2025-06-06,2025-06-06,56.14
u_12161,instagram,ios,BE,109.85,2,2025-06-06,2025-12-13,164.77
u_12162,google_ads,android,IT,90.4,2,2025-06-07,2025-10-06,135.6
u_12163,facebook,ios,SE,26.87,1,2025-06-07,2025-06-07,26.87
u_12164,instagram,ios,DE,21.33,1,2025-06-07,2025-06-07,21.33
u_12165,facebook,ios,PT,38.81,1,2025-06-07,2025-06-07,38.81
u_12166,facebook,ios,DE,52.56,1,2025-06-07,2025-06-07,52.56
u_12167,twitter,android,DE,47.07,1,2025-06-07,2025-06-07,47.07
u_12168,google_ads,ios,BE,36.58,1,2025-06-07,2025-06-07,36.58
u_12169,twitter,ios,IE,44.7,1,2025-06-07,2025-06-07,44.7
u_12170,facebook,android,FR,8.22,1,2025-06-07,2025-06-07,8.22
u_12171,instagram,android,PT,76.14,1,2025-06-07,2025-06-07,76.14
u_12172,tiktok,android,IT,70.14,1,2025-06-07,2025-06-07,70.14
u_12173,google_ads,ios,DE,23.28,2,2025-06-07,2025-09-07,34.92
u_12174,tiktok,android,SE,52.25,1,2025-06-07,2025-06-07,52.25
u_12175,google_ads,ios,IT,72.77,2,2025-06-07,2025-06-15,109.16
u_12176,instagram,ios,NL,69.19,1,2025-06-07,2025-06-07,69.19
u_12177,facebook,android,IT,30.62,1,2025-06-07,2025-06-07,30.62
u_12178,google_ads,android,SE,43.48,1,2025-06-07,2025-06-07,43.48
u_12179,instagram,ios,PL,71.05,1,2025-06-07,2025-06-07,71.05
u_12180,google_ads,ios,BE,63.52,1,2025-06-08,2025-06-08,63.52
u_12181,tiktok,ios,IT,70.43,2,2025-06-08,2025-06-22,105.65
u_12182,twitter,android,SE,28.6,1,2025-06-08,2025-06-08,28.6
u_12183,facebook,android,PT,129.7,3,2025-06-08,2025-10-03,259.4
u_12184,instagram,android,ES,32.43,1,2025-06-08,2025-06-08,32.43
u_12185,tiktok,ios,NL,50.79,2,2025-06-08,2025-09-14,76.18
u_12186,google_ads,ios,ES,65.68,1,2025-06-08,2025-06-08,65.68
u_12187,tiktok,ios,BE,24.85,1,2025-06-08,2025-06-08,24.85
u_12188,twitter,android,FR,44.25,1,2025-06-08,2025-06-08,44.25
u_12189,instagram,android,PL,118.03,2,2025-06-09,2025-09-11,177.04
u_12190,instagram,ios,DE,58.47,2,2025-06-09,2025-09-08,87.7
u_12191,google_ads,android,DE,54.81,1,2025-06-09,2025-06-09,54.81
u_12192,google_ads,ios,PT,26.53,1,2025-06-09,2025-06-09,26.53
u_12193,google_ads,android,IT,52.26,1,2025-06-09,2025-06-09,52.26
u_12194,google_ads,android,FR,17.53,1,2025-06-09,2025-06-09,17.53
u_12195,twitter,ios,SE,31.79,1,2025-06-09,2025-06-09,31.79
u_12196,tiktok,android,SE,44.47,1,2025-06-09,2025-06-09,44.47
u_12197,google_ads,ios,DE,35.8,1,2025-06-09,2025-06-09,35.8
u_12198,instagram,ios,PL,71.95,1,2025-06-09,2025-06-09,71.95
u_12199,tiktok,ios,ES,54.12,1,2025-06-09,2025-06-09,54.12
u_12200,tiktok,android,ES,35.95,1,2025-06-09,2025-06-09,35.95
u_12201,facebook,android,PL,20.49,1,2025-06-09,2025-06-09,20.49
u_12202,facebook,android,SE,75.89,1,2025-06-09,2025-06-09,75.89
u_12203,instagram,android,IT,31.87,1,2025-06-09,2025-06-09,31.87
u_12204,google_ads,ios,PT,23.37,1,2025-06-09,2025-06-09,23.37
u_12205,instagram,android,ES,52.77,1,2025-06-09,2025-06-09,52.77
u_12206,tiktok,ios,IT,29.57,1,2025-06-09,2025-06-09,29.57
u_12207,google_ads,ios,IT,111.56,2,2025-06-10,2025-08-13,167.34
u_12208,google_ads,android,PL,15.33,1,2025-06-10,2025-06-10,15.33
u_12209,facebook,ios,BE,50.48,1,2025-06-10,2025-06-10,50.48
u_12210,google_ads,android,PL,49.96,1,2025-06-10,2025-06-10,49.96
u_12211,google_ads,ios,DE,50.44,1,2025-06-10,2025-06-10,50.44
u_12212,facebook,ios,SE,54.2,1,2025-06-10,2025-06-10,54.2
u_12213,tiktok,android,PL,28.82,2,2025-06-10,2025-11-24,43.23
u_12214,twitter,ios,ES,56.79,1,2025-06-10,2025-06-10,56.79
u_12215,google_ads,android,DE,14.38,2,2025-06-10,2025-10-17,21.57
u_12216,tiktok,android,ES,38.4,1,2025-06-10,2025-06-10,38.4
u_12217,instagram,android,IE,37.81,1,2025-06-10,2025-06-10,37.81
u_12218,google_ads,ios,IT,48.4,1,2025-06-10,2025-06-10,48.4
u_12219,instagram,android,PL,41.23,2,2025-06-10,2025-10-14,61.84
u_12220,google_ads,ios,FR,89.67,2,2025-06-10,2025-07-30,134.5
u_12221,instagram,android,BE,47.15,2,2025-06-11,2025-08-07,70.72
u_12222,google_ads,ios,PT,123.99,2,2025-06-11,2025-12-17,185.98
u_12223,tiktok,android,DE,28.92,1,2025-06-11,2025-06-11,28.92
u_12224,google_ads,android,DE,83.79,2,2025-06-11,2025-07-23,125.68
u_12225,instagram,android,IT,134.91,2,2025-06-11,2025-11-19,202.36
u_12226,google_ads,android,NL,50.73,1,2025-06-11,2025-06-11,50.73
u_12227,twitter,ios,IT,12.59,2,2025-06-11,2025-11-02,18.88
u_12228,tiktok,android,PL,39.94,1,2025-06-11,2025-06-11,39.94
u_12229,instagram,android,ES,77.15,1,2025-06-11,2025-06-11,77.15
u_12230,google_ads,android,DE,25.51,1,2025-06-11,2025-06-11,25.51
u_12231,tiktok,ios,PT,31.94,1,2025-06-11,2025-06-11,31.94
u_12232,google_ads,ios,ES,125.13,2,2025-06-11,2025-07-08,187.7
u_12233,twitter,ios,FR,45.44,1,2025-06-11,2025-06-11,45.44
u_12234,tiktok,ios,ES,40.77,1,2025-06-11,2025-06-11,40.77
u_12235,instagram,ios,PT,22.89,1,2025-06-11,2025-06-11,22.89
u_12236,google_ads,ios,IT,42.78,2,2025-06-11,2025-07-14,64.17
u_12237,google_ads,ios,BE,16.94,2,2025-06-11,2025-08-07,25.41
u_12238,instagram,android,NL,50.22,1,2025-06-11,2025-06-11,50.22
u_12239,instagram,ios,PL,21.28,1,2025-06-12,2025-06-12,21.28
u_12240,instagram,ios,IT,25.53,1,2025-06-12,2025-06-12,25.53
u_12241,google_ads,android,DE,45.78,1,2025-06-12,2025-06-12,45.78
u_12242,instagram,android,DE,26.99,1,2025-06-12,2025-06-12,26.99
u_12243,facebook,ios,IT,44.82,1,2025-06-12,2025-06-12,44.82
u_12244,google_ads,ios,SE,115.33,2,2025-06-12,2025-07-18,173.0
u_12245,facebook,android,SE,55.37,1,2025-06-12,2025-06-12,55.37
u_12246,instagram,ios,DE,33.32,1,2025-06-12,2025-06-12,33.32
u_12247,instagram,android,IE,6.99,1,2025-06-12,2025-06-12,6.99
u_12248,tiktok,android,PT,38.26,1,2025-06-12,2025-06-12,38.26
u_12249,facebook,ios,NL,48.24,1,2025-06-12,2025-06-12,48.24
u_12250,facebook,android,BE,27.41,1,2025-06-12,2025-06-12,27.41
u_12251,google_ads,android,DE,25.6,1,2025-06-12,2025-06-12,25.6
u_12252,facebook,android,PT,52.25,1,2025-06-12,2025-06-12,52.25
u_12253,tiktok,android,PL,144.88,2,2025-06-13,2025-08-16,217.32
u_12254,instagram,android,SE,86.6,2,2025-06-13,2025-09-18,129.9
u_12255,facebook,ios,ES,42.92,1,2025-06-13,2025-06-13,42.92
u_12256,tiktok,android,BE,64.5,1,2025-06-13,2025-06-13,64.5
u_12257,google_ads,ios,ES,29.15,1,2025-06-13,2025-06-13,29.15
u_12258,tiktok,android,FR,24.89,1,2025-06-13,2025-06-13,24.89
u_12259,instagram,android,IE,23.98,1,2025-06-13,2025-06-13,23.98
u_12260,tiktok,android,ES,41.55,1,2025-06-13,2025-06-13,41.55
u_12261,google_ads,ios,ES,85.56,2,2025-06-13,2025-09-06,128.34
u_12262,google_ads,android,NL,63.44,1,2025-06-13,2025-06-13,63.44
u_12263,tiktok,android,ES,39.63,1,2025-06-13,2025-06-13,39.63
u_12264,facebook,android,PT,42.11,1,2025-06-13,2025-06-13,42.11
u_12265,instagram,android,ES,116.21,3,2025-06-13,2025-08-17,232.42
u_12266,instagram,android,IE,37.56,1,2025-06-14,2025-06-14,37.56
u_12267,tiktok,ios,SE,39.07,2,2025-06-14,2025-10-29,58.6
u_12268,facebook,android,ES,80.15,1,2025-06-14,2025-06-14,80.15
u_12269,google_ads,android,ES,51.1,1,2025-06-14,2025-06-14,51.1
u_12270,instagram,ios,IT,89.06,1,2025-06-14,2025-06-14,89.06
u_12271,instagram,ios,ES,43.26,1,2025-06-14,2025-06-14,43.26
u_12272,google_ads,android,SE,78.74,2,2025-06-14,2025-08-21,118.11
u_12273,facebook,ios,IT,63.45,1,2025-06-14,2025-06-14,63.45
u_12274,twitter,android,ES,118.46,2,2025-06-14,2025-07-07,177.69
u_12275,facebook,android,BE,99.69,2,2025-06-14,2025-12-24,149.54
u_12276,google_ads,ios,NL,6.99,1,2025-06-14,2025-06-14,6.99
u_12277,instagram,ios,DE,38.37,1,2025-06-15,2025-06-15,38.37
u_12278,facebook,android,NL,37.19,1,2025-06-15,2025-06-15,37.19
u_12279,google_ads,ios,PL,64.29,1,2025-06-15,2025-06-15,64.29
u_12280,instagram,ios,ES,31.06,1,2025-06-15,2025-06-15,31.06
u_12281,google_ads,ios,PT,6.99,1,2025-06-15,2025-06-15,6.99
u_12282,instagram,ios,IT,33.22,1,2025-06-15,2025-06-15,33.22
u_12283,tiktok,ios,IT,31.39,1,2025-06-15,2025-06-15,31.39
u_12284,tiktok,ios,BE,182.95,3,2025-06-15,2025-08-14,365.9
u_12285,instagram,android,DE,139.18,2,2025-06-15,2025-10-03,208.77
u_12286,instagram,android,NL,6.99,1,2025-06-16,2025-06-16,6.99
u_12287,tiktok,ios,BE,31.88,1,2025-06-16,2025-06-16,31.88
u_12288,tiktok,android,SE,58.99,1,2025-06-16,2025-06-16,58.99
u_12289,instagram,ios,PL,60.7,1,2025-06-16,2025-06-16,60.7
u_12290,twitter,ios,DE,48.76,1,2025-06-16,2025-06-16,48.76
u_12291,tiktok,android,NL,44.39,1,2025-06-16,2025-06-16,44.39
u_12292,google_ads,android,IE,37.56,1,2025-06-16,2025-06-16,37.56
u_12293,facebook,android,DE,79.51,1,2025-06-16,2025-06-16,79.51
u_12294,instagram,ios,BE,90.66,2,2025-06-16,2025-12-18,135.99
u_12295,instagram,ios,DE,32.24,2,2025-06-16,2025-07-24,48.36
u_12296,instagram,ios,NL,26.27,1,2025-06-16,2025-06-16,26.27
u_12297,google_ads,android,PT,57.3,1,2025-06-16,2025-06-16,57.3
u_12298,twitter,android,DE,45.6,1,2025-06-16,2025-06-16,45.6
u_12299,google_ads,ios,IT,88.97,2,2025-06-16,2025-09-16,133.45
u_12300,google_ads,ios,PL,34.94,1,2025-06-16,2025-06-16,34.94
u_12301,google_ads,android,NL,73.0,1,2025-06-17,2025-06-17,73.0
u_12302,facebook,android,BE,61.3,2,2025-06-17,2025-07-03,91.95
u_12303,google_ads,android,DE,87.94,2,2025-06-17,2025-06-21,131.91
u_12304,instagram,android,PL,69.69,1,2025-06-17,2025-06-17,69.69
u_12305,twitter,ios,DE,69.54,1,2025-06-17,2025-06-17,69.54
u_12306,tiktok,ios,PL,21.61,1,2025-06-17,2025-06-17,21.61
u_12307,google_ads,android,PL,21.4,1,2025-06-17,2025-06-17,21.4
u_12308,twitter,android,ES,54.63,1,2025-06-17,2025-06-17,54.63
u_12309,google_ads,ios,ES,131.0,2,2025-06-17,2025-10-26,196.5
u_12310,google_ads,ios,FR,39.77,1,2025-06-17,2025-06-17,39.77
u_12311,google_ads,android,BE,15.41,1,2025-06-18,2025-06-18,15.41
u_12312,instagram,android,BE,46.49,1,2025-06-18,2025-06-18,46.49
u_12313,google_ads,ios,ES,44.46,1,2025-06-18,2025-06-18,44.46
u_12314,instagram,ios,BE,29.39,1,2025-06-18,2025-06-18,29.39
u_12315,google_ads,android,PL,54.73,1,2025-06-18,2025-06-18,54.73
u_12316,instagram,ios,DE,126.94,2,2025-06-18,2025-12-03,190.41
u_12317,google_ads,ios,IT,24.28,2,2025-06-18,2025-10-16,36.42
u_12318,tiktok,ios,PT,43.54,1,2025-06-18,2025-06-18,43.54
u_12319,google_ads,ios,PL,27.67,1,2025-06-18,2025-06-18,27.67
u_12320,facebook,ios,SE,49.32,1,2025-06-18,2025-06-18,49.32
u_12321,facebook,android,ES,82.98,2,2025-06-18,2025-08-27,124.47
u_12322,tiktok,android,DE,52.11,1,2025-06-18,2025-06-18,52.11
u_12323,tiktok,ios,DE,53.03,1,2025-06-18,2025-06-18,53.03
u_12324,tiktok,ios,PT,48.09,1,2025-06-18,2025-06-18,48.09
u_12325,google_ads,android,PL,49.56,1,2025-06-19,2025-06-19,49.56
u_12326,twitter,android,IT,36.78,1,2025-06-19,2025-06-19,36.78
u_12327,google_ads,ios,IT,85.36,2,2025-06-19,2025-07-01,128.04
u_12328,tiktok,ios,PT,43.14,1,2025-06-19,2025-06-19,43.14
u_12329,instagram,android,NL,120.96,2,2025-06-19,2025-06-26,181.44
u_12330,google_ads,ios,FR,161.74,3,2025-06-19,2025-12-25,323.48
u_12331,instagram,android,DE,72.59,2,2025-06-19,2025-08-10,108.88
u_12332,facebook,ios,NL,33.16,1,2025-06-19,2025-06-19,33.16
u_12333,google_ads,android,IT,137.15,2,2025-06-19,2025-09-03,205.73
u_12334,facebook,ios,IE,50.71,1,2025-06-19,2025-06-19,50.71
u_12335,google_ads,android,DE,103.13,2,2025-06-19,2025-08-30,154.7
u_12336,twitter,android,NL,49.2,1,2025-06-19,2025-06-19,49.2
u_12337,instagram,ios,SE,44.52,2,2025-06-19,2025-07-11,66.78
u_12338,tiktok,android,DE,118.74,2,2025-06-19,2025-10-19,178.11
u_12339,instagram,android,FR,35.29,1,2025-06-19,2025-06-19,35.29
u_12340,instagram,ios,DE,32.87,1,2025-06-19,2025-06-19,32.87
u_12341,instagram,android,DE,61.83,2,2025-06-19,2025-09-04,92.74
u_12342,facebook,android,BE,125.5,2,2025-06-20,2025-06-27,188.25
u_12343,instagram,android,ES,35.67,1,2025-06-20,2025-06-20,35.67
u_12344,instagram,android,FR,20.81,1,2025-06-20,2025-06-20,20.81
u_12345,google_ads,ios,NL,47.32,1,2025-06-20,2025-06-20,47.32
u_12346,instagram,android,BE,34.2,1,2025-06-20,2025-06-20,34.2
u_12347,facebook,android,IE,59.28,1,2025-06-20,2025-06-20,59.28
u_12348,facebook,android,IT,27.73,1,2025-06-20,2025-06-20,27.73
u_12349,google_ads,ios,DE,7.12,1,2025-06-20,2025-06-20,7.12
u_12350,instagram,android,SE,60.35,2,2025-06-20,2025-09-19,90.52
u_12351,tiktok,ios,DE,54.19,1,2025-06-20,2025-06-20,54.19
u_12352,instagram,android,PL,24.44,2,2025-06-20,2025-12-31,36.66
u_12353,google_ads,ios,PL,69.28,1,2025-06-21,2025-06-21,69.28
u_12354,google_ads,android,SE,47.15,2,2025-06-21,2025-09-24,70.72
u_12355,tiktok,android,PT,67.71,2,2025-06-21,2025-09-20,101.56
u_12356,instagram,android,DE,134.72,2,2025-06-21,2025-09-16,202.08
u_12357,twitter,ios,IT,62.63,1,2025-06-21,2025-06-21,62.63
u_12358,twitter,android,ES,43.0,1,2025-06-21,2025-06-21,43.0
u_12359,tiktok,android,FR,257.5,3,2025-06-21,2025-08-14,515.0
u_12360,google_ads,ios,IT,65.3,1,2025-06-21,2025-06-21,65.3
u_12361,google_ads,android,DE,21.3,1,2025-06-21,2025-06-21,21.3
u_12362,twitter,ios,PL,40.15,1,2025-06-21,2025-06-21,40.15
u_12363,facebook,ios,NL,54.92,3,2025-06-21,2025-09-20,109.84
u_12364,tiktok,android,ES,68.44,1,2025-06-21,2025-06-21,68.44
u_12365,instagram,android,DE,21.38,2,2025-06-21,2025-07-27,32.07
u_12366,facebook,android,DE,35.68,1,2025-06-21,2025-06-21,35.68
u_12367,twitter,ios,FR,55.93,1,2025-06-22,2025-06-22,55.93
u_12368,facebook,ios,FR,16.97,2,2025-06-22,2025-07-31,25.46
u_12369,facebook,android,FR,92.24,2,2025-06-22,2025-10-21,138.36
u_12370,tiktok,ios,PL,52.06,1,2025-06-22,2025-06-22,52.06
u_12371,google_ads,android,IT,20.57,1,2025-06-22,2025-06-22,20.57
u_12372,google_ads,ios,ES,14.07,1,2025-06-22,2025-06-22,14.07
u_12373,instagram,ios,PL,17.52,2,2025-06-22,2025-12-02,26.28
u_12374,instagram,android,FR,255.83,5,2025-06-22,2025-11-12,767.49
u_12375,twitter,ios,NL,24.11,1,2025-06-22,2025-06-22,24.11
u_12376,instagram,android,ES,164.23,2,2025-06-22,2025-09-06,246.34
u_12377,twitter,android,DE,55.72,1,2025-06-22,2025-06-22,55.72
u_12378,facebook,ios,ES,57.63,1,2025-06-22,2025-06-22,57.63
u_12379,google_ads,android,DE,73.12,1,2025-06-22,2025-06-22,73.12
u_12380,facebook,android,ES,18.45,1,2025-06-22,2025-06-22,18.45
u_12381,instagram,android,ES,47.55,1,2025-06-23,2025-06-23,47.55
u_12382,facebook,ios,DE,55.32,1,2025-06-23,2025-06-23,55.32
u_12383,google_ads,ios,SE,125.64,2,2025-06-23,2025-09-07,188.46
u_12384,facebook,ios,DE,116.8,2,2025-06-23,2025-10-13,175.2
u_12385,google_ads,ios,BE,41.32,1,2025-06-23,2025-06-23,41.32
u_12386,facebook,android,IT,25.37,1,2025-06-23,2025-06-23,25.37
u_12387,twitter,android,ES,35.06,1,2025-06-23,2025-06-23,35.06
u_12388,instagram,ios,FR,82.71,2,2025-06-23,2025-12-12,124.06
u_12389,instagram,android,PL,49.88,1,2025-06-23,2025-06-23,49.88
u_12390,tiktok,android,IT,94.31,2,2025-06-23,2025-08-19,141.46
u_12391,tiktok,ios,ES,35.07,1,2025-06-23,2025-06-23,35.07
u_12392,tiktok,android,FR,39.87,1,2025-06-23,2025-06-23,39.87
u_12393,instagram,android,ES,102.65,2,2025-06-23,2025-07-23,153.98
u_12394,instagram,ios,FR,149.55,2,2025-06-24,2025-07-17,224.32
u_12395,facebook,ios,NL,67.02,1,2025-06-24,2025-06-24,67.02
u_12396,tiktok,ios,DE,49.69,1,2025-06-24,2025-06-24,49.69
u_12397,facebook,ios,IT,26.09,1,2025-06-24,2025-06-24,26.09
u_12398,google_ads,android,BE,57.44,1,2025-06-24,2025-06-24,57.44
u_12399,google_ads,android,DE,124.74,3,2025-06-24,2025-08-14,249.48
u_12400,instagram,ios,SE,36.32,1,2025-06-24,2025-06-24,36.32
u_12401,google_ads,ios,SE,70.86,2,2025-06-24,2025-11-03,106.29
u_12402,tiktok,android,FR,62.75,1,2025-06-24,2025-06-24,62.75
u_12403,google_ads,android,FR,64.39,1,2025-06-24,2025-06-24,64.39
u_12404,google_ads,android,NL,59.93,1,2025-06-24,2025-06-24,59.93
u_12405,facebook,ios,SE,42.83,1,2025-06-24,2025-06-24,42.83
u_12406,instagram,ios,IE,29.74,1,2025-06-24,2025-06-24,29.74
u_12407,instagram,ios,PT,9.29,1,2025-06-24,2025-06-24,9.29
u_12408,tiktok,android,FR,87.79,2,2025-06-25,2025-07-11,131.68
u_12409,google_ads,android,SE,67.79,1,2025-06-25,2025-06-25,67.79
u_12410,tiktok,ios,NL,62.56,1,2025-06-25,2025-06-25,62.56
u_12411,facebook,ios,BE,25.99,1,2025-06-25,2025-06-25,25.99
u_12412,google_ads,ios,FR,141.2,2,2025-06-25,2025-08-29,211.8
u_12413,twitter,android,IT,38.05,1,2025-06-25,2025-06-25,38.05
u_12414,facebook,ios,ES,14.43,2,2025-06-25,2025-10-08,21.64
u_12415,facebook,ios,BE,53.42,1,2025-06-25,2025-06-25,53.42
u_12416,google_ads,ios,PL,129.8,2,2025-06-25,2025-07-22,194.7
u_12417,facebook,ios,IT,51.49,1,2025-06-25,2025-06-25,51.49
u_12418,google_ads,ios,DE,31.15,1,2025-06-25,2025-06-25,31.15
u_12419,google_ads,ios,PT,34.18,1,2025-06-25,2025-06-25,34.18
u_12420,google_ads,ios,NL,32.52,1,2025-06-25,2025-06-25,32.52
u_12421,google_ads,ios,IE,53.89,1,2025-06-25,2025-06-25,53.89
u_12422,tiktok,ios,ES,34.93,1,2025-06-25,2025-06-25,34.93
u_12423,tiktok,android,FR,14.59,1,2025-06-25,2025-06-25,14.59
u_12424,tiktok,ios,BE,89.53,2,2025-06-26,2025-06-28,134.3
u_12425,facebook,ios,DE,61.67,1,2025-06-26,2025-06-26,61.67
u_12426,google_ads,android,DE,23.24,1,2025-06-26,2025-06-26,23.24
u_12427,instagram,ios,PL,51.25,1,2025-06-26,2025-06-26,51.25
u_12428,tiktok,ios,PL,54.44,1,2025-06-26,2025-06-26,54.44
u_12429,twitter,ios,IE,43.14,1,2025-06-26,2025-06-26,43.14
u_12430,instagram,ios,FR,61.46,1,2025-06-26,2025-06-26,61.46
u_12431,instagram,android,PT,59.52,1,2025-06-26,2025-06-26,59.52
u_12432,google_ads,android,ES,16.02,2,2025-06-26,2025-09-19,24.03
u_12433,tiktok,ios,IT,53.96,1,2025-06-26,2025-06-26,53.96
u_12434,google_ads,ios,SE,55.16,2,2025-06-26,2025-07-29,82.74
u_12435,facebook,ios,ES,34.11,1,2025-06-26,2025-06-26,34.11
u_12436,tiktok,android,PL,58.61,2,2025-06-27,2025-10-07,87.92
u_12437,google_ads,android,ES,6.99,1,2025-06-27,2025-06-27,6.99
u_12438,tiktok,ios,PL,63.82,1,2025-06-27,2025-06-27,63.82
u_12439,facebook,ios,SE,121.79,2,2025-06-27,2025-08-31,182.68
u_12440,instagram,ios,PT,32.83,1,2025-06-27,2025-06-27,32.83
u_12441,twitter,android,DE,34.52,2,2025-06-27,2025-07-20,51.78
u_12442,facebook,ios,BE,18.13,1,2025-06-27,2025-06-27,18.13
u_12443,google_ads,android,IE,21.33,2,2025-06-27,2025-09-12,31.99
u_12444,tiktok,ios,PT,41.2,1,2025-06-27,2025-06-27,41.2
u_12445,instagram,android,ES,63.63,1,2025-06-27,2025-06-27,63.63
u_12446,instagram,ios,PL,51.98,1,2025-06-27,2025-06-27,51.98
u_12447,instagram,android,FR,81.09,2,2025-06-27,2025-07-19,121.64
u_12448,tiktok,ios,IE,71.53,2,2025-06-27,2025-07-22,107.3
u_12449,instagram,ios,DE,74.72,1,2025-06-27,2025-06-27,74.72
u_12450,instagram,ios,DE,67.26,1,2025-06-27,2025-06-27,67.26
u_12451,google_ads,android,ES,66.96,1,2025-06-27,2025-06-27,66.96
u_12452,google_ads,ios,ES,64.37,1,2025-06-27,2025-06-27,64.37
u_12453,tiktok,android,NL,138.33,2,2025-06-28,2025-11-04,207.5
u_12454,google_ads,ios,IT,134.42,2,2025-06-28,2025-09-19,201.63
u_12455,google_ads,android,PL,25.93,1,2025-06-28,2025-06-28,25.93
u_12456,tiktok,ios,FR,44.73,1,2025-06-28,2025-06-28,44.73
u_12457,twitter,ios,SE,89.27,2,2025-06-28,2025-10-01,133.9
u_12458,facebook,android,IT,59.15,1,2025-06-28,2025-06-28,59.15
u_12459,tiktok,android,ES,22.28,1,2025-06-28,2025-06-28,22.28
u_12460,google_ads,android,DE,40.71,1,2025-06-28,2025-06-28,40.71
u_12461,facebook,ios,PT,42.78,1,2025-06-28,2025-06-28,42.78
u_12462,google_ads,android,FR,69.0,1,2025-06-28,2025-06-28,69.0
u_12463,tiktok,ios,IE,53.81,2,2025-06-28,2025-12-01,80.72
u_12464,google_ads,android,PT,33.62,2,2025-06-28,2025-10-19,50.43
u_12465,google_ads,android,PT,48.49,1,2025-06-28,2025-06-28,48.49
u_12466,instagram,ios,SE,38.35,1,2025-06-28,2025-06-28,38.35
u_12467,instagram,android,ES,50.53,1,2025-06-28,2025-06-28,50.53
u_12468,facebook,ios,SE,59.07,1,2025-06-28,2025-06-28,59.07
u_12469,instagram,android,DE,32.0,1,2025-06-28,2025-06-28,32.0
u_12470,facebook,ios,NL,22.77,1,2025-06-28,2025-06-28,22.77
u_12471,twitter,android,PL,50.47,1,2025-06-28,2025-06-28,50.47
u_12472,google_ads,ios,DE,81.74,2,2025-06-29,2025-09-08,122.61
u_12473,facebook,ios,NL,50.45,2,2025-06-29,2025-08-16,75.68
u_12474,facebook,ios,IT,58.72,1,2025-06-29,2025-06-29,58.72
u_12475,tiktok,android,IT,38.66,1,2025-06-29,2025-06-29,38.66
u_12476,tiktok,android,NL,38.41,1,2025-06-29,2025-06-29,38.41
u_12477,google_ads,ios,PT,48.31,2,2025-06-29,2025-10-11,72.46
u_12478,facebook,ios,PL,43.97,2,2025-06-29,2025-12-12,65.96
u_12479,google_ads,ios,PL,123.96,2,2025-06-29,2025-12-04,185.94
u_12480,facebook,ios,FR,21.39,1,2025-06-29,2025-06-29,21.39
u_12481,tiktok,android,NL,89.7,2,2025-06-29,2025-08-25,134.55
u_12482,facebook,ios,IT,36.57,2,2025-06-29,2025-08-24,54.86
u_12483,google_ads,ios,PL,47.77,2,2025-06-29,2025-07-30,71.66
u_12484,facebook,ios,PT,19.32,1,2025-06-30,2025-06-30,19.32
u_12485,instagram,ios,DE,7.33,1,2025-06-30,2025-06-30,7.33
u_12486,facebook,ios,DE,79.17,1,2025-06-30,2025-06-30,79.17
u_12487,google_ads,ios,IT,47.96,1,2025-06-30,2025-06-30,47.96
u_12488,google_ads,ios,PL,19.67,1,2025-06-30,2025-06-30,19.67
u_12489,google_ads,ios,SE,43.37,1,2025-06-30,2025-06-30,43.37
u_12490,tiktok,android,ES,59.44,1,2025-06-30,2025-06-30,59.44
u_12491,twitter,android,BE,55.55,1,2025-06-30,2025-06-30,55.55
u_12492,google_ads,ios,BE,57.69,1,2025-06-30,2025-06-30,57.69
u_12493,google_ads,android,SE,16.75,1,2025-06-30,2025-06-30,16.75
u_12494,tiktok,android,ES,15.46,1,2025-06-30,2025-06-30,15.46
u_12495,twitter,android,ES,35.06,1,2025-06-30,2025-06-30,35.06
u_12496,tiktok,ios,BE,14.19,2,2025-06-30,2025-10-12,21.28
u_12497,google_ads,ios,FR,52.47,1,2025-06-30,2025-06-30,52.47
u_12498,google_ads,ios,DE,29.07,1,2025-06-30,2025-06-30,29.07
u_12499,instagram,android,FR,34.66,1,2025-06-30,2025-06-30,34.66
u_12500,instagram,ios,FR,123.54,2,2025-07-01,2025-08-10,185.31
u_12501,instagram,android,FR,14.59,2,2025-07-01,2025-07-10,21.88
u_12502,tiktok,ios,PT,57.17,1,2025-07-01,2025-07-01,57.17
u_12503,tiktok,android,DE,49.43,1,2025-07-01,2025-07-01,49.43
u_12504,tiktok,android,BE,59.17,1,2025-07-01,2025-07-01,59.17
u_12505,tiktok,ios,DE,12.08,1,2025-07-01,2025-07-01,12.08
u_12506,instagram,android,DE,56.18,2,2025-07-01,2025-12-22,84.27
u_12507,tiktok,ios,NL,35.53,1,2025-07-01,2025-07-01,35.53
u_12508,google_ads,android,BE,42.21,1,2025-07-01,2025-07-01,42.21
u_12509,instagram,ios,PL,46.42,1,2025-07-01,2025-07-01,46.42
u_12510,twitter,android,DE,33.46,1,2025-07-01,2025-07-01,33.46
u_12511,twitter,android,ES,31.74,1,2025-07-02,2025-07-02,31.74
u_12512,facebook,ios,SE,31.05,2,2025-07-02,2025-09-16,46.58
u_12513,twitter,android,NL,108.38,2,2025-07-02,2025-11-19,162.57
u_12514,instagram,android,NL,30.16,1,2025-07-02,2025-07-02,30.16
u_12515,google_ads,ios,DE,43.71,1,2025-07-02,2025-07-02,43.71
u_12516,instagram,android,BE,119.56,2,2025-07-02,2025-10-01,179.34
u_12517,tiktok,ios,FR,59.47,1,2025-07-02,2025-07-02,59.47
u_12518,instagram,ios,PT,17.02,2,2025-07-02,2025-12-31,25.53
u_12519,tiktok,ios,ES,29.96,1,2025-07-02,2025-07-02,29.96
u_12520,instagram,android,DE,67.76,3,2025-07-02,2025-09-22,135.52
u_12521,google_ads,ios,BE,81.34,2,2025-07-02,2025-07-26,122.01
u_12522,tiktok,android,NL,124.04,3,2025-07-02,2025-10-30,248.08
u_12523,instagram,android,PL,43.21,1,2025-07-02,2025-07-02,43.21
u_12524,twitter,ios,IT,55.67,2,2025-07-02,2025-09-15,83.5
u_12525,google_ads,android,NL,73.98,1,2025-07-02,2025-07-02,73.98
u_12526,tiktok,ios,IT,17.9,1,2025-07-03,2025-07-03,17.9
u_12527,google_ads,ios,DE,77.47,2,2025-07-03,2025-09-04,116.2
u_12528,facebook,android,SE,57.05,1,2025-07-03,2025-07-03,57.05
u_12529,google_ads,ios,BE,63.11,2,2025-07-03,2025-08-09,94.66
u_12530,google_ads,android,ES,58.64,1,2025-07-03,2025-07-03,58.64
u_12531,tiktok,ios,SE,33.42,1,2025-07-03,2025-07-03,33.42
u_12532,instagram,android,FR,40.99,2,2025-07-03,2025-08-10,61.48
u_12533,instagram,android,PL,64.85,1,2025-07-03,2025-07-03,64.85
u_12534,tiktok,ios,PL,55.92,2,2025-07-03,2025-10-18,83.88
u_12535,tiktok,ios,IT,55.5,1,2025-07-03,2025-07-03,55.5
u_12536,tiktok,ios,BE,31.62,1,2025-07-03,2025-07-03,31.62
u_12537,twitter,ios,IT,63.38,1,2025-07-03,2025-07-03,63.38
u_12538,instagram,android,BE,47.57,1,2025-07-03,2025-07-03,47.57
u_12539,google_ads,ios,SE,59.59,1,2025-07-03,2025-07-03,59.59
u_12540,google_ads,android,BE,78.91,1,2025-07-04,2025-07-04,78.91
u_12541,twitter,ios,DE,63.85,1,2025-07-04,2025-07-04,63.85
u_12542,tiktok,ios,PT,10.02,1,2025-07-04,2025-07-04,10.02
u_12543,facebook,ios,DE,86.15,2,2025-07-04,2025-09-12,129.23
u_12544,google_ads,android,BE,34.16,1,2025-07-04,2025-07-04,34.16
u_12545,twitter,android,ES,42.77,1,2025-07-04,2025-07-04,42.77
u_12546,google_ads,ios,IT,14.2,1,2025-07-04,2025-07-04,14.2
u_12547,tiktok,android,DE,41.66,1,2025-07-04,2025-07-04,41.66
u_12548,facebook,ios,SE,20.24,1,2025-07-04,2025-07-04,20.24
u_12549,google_ads,android,PL,44.33,1,2025-07-04,2025-07-04,44.33
u_12550,twitter,android,PT,36.22,1,2025-07-04,2025-07-04,36.22
u_12551,instagram,ios,DE,54.45,1,2025-07-04,2025-07-04,54.45
u_12552,google_ads,android,PL,58.12,1,2025-07-04,2025-07-04,58.12
u_12553,twitter,ios,DE,80.98,3,2025-07-04,2025-11-26,161.96
u_12554,instagram,android,ES,75.72,2,2025-07-04,2025-09-16,113.58
u_12555,google_ads,ios,BE,46.23,1,2025-07-04,2025-07-04,46.23
u_12556,google_ads,ios,BE,50.55,1,2025-07-04,2025-07-04,50.55
u_12557,google_ads,android,ES,45.99,1,2025-07-04,2025-07-04,45.99
u_12558,google_ads,android,SE,52.02,1,2025-07-04,2025-07-04,52.02
u_12559,instagram,ios,IT,99.96,2,2025-07-05,2025-09-28,149.94
u_12560,google_ads,android,ES,45.53,1,2025-07-05,2025-07-05,45.53
u_12561,twitter,android,NL,28.57,1,2025-07-05,2025-07-05,28.57
u_12562,facebook,android,FR,45.61,1,2025-07-05,2025-07-05,45.61
u_12563,google_ads,ios,DE,17.41,2,2025-07-05,2025-08-05,26.12
u_12564,instagram,ios,DE,96.16,2,2025-07-05,2025-11-02,144.24
u_12565,tiktok,ios,DE,54.24,1,2025-07-05,2025-07-05,54.24
u_12566,instagram,ios,PL,46.75,1,2025-07-05,2025-07-05,46.75
u_12567,facebook,ios,SE,56.28,1,2025-07-06,2025-07-06,56.28
u_12568,google_ads,android,DE,34.55,1,2025-07-06,2025-07-06,34.55
u_12569,google_ads,android,BE,186.23,3,2025-07-06,2025-08-09,372.46
u_12570,facebook,android,PL,49.18,2,2025-07-06,2025-11-12,73.77
u_12571,twitter,android,NL,72.41,2,2025-07-06,2025-09-09,108.62
u_12572,instagram,ios,FR,50.98,1,2025-07-06,2025-07-06,50.98
u_12573,google_ads,ios,NL,50.89,1,2025-07-06,2025-07-06,50.89
u_12574,tiktok,ios,DE,142.58,2,2025-07-06,2025-12-27,213.87
u_12575,facebook,android,BE,60.06,1,2025-07-06,2025-07-06,60.06
u_12576,facebook,android,IT,31.23,1,2025-07-06,2025-07-06,31.23
u_12577,twitter,ios,FR,46.65,1,2025-07-06,2025-07-06,46.65
u_12578,google_ads,android,BE,41.68,1,2025-07-07,2025-07-07,41.68
u_12579,google_ads,ios,IT,41.08,1,2025-07-07,2025-07-07,41.08
u_12580,facebook,ios,ES,85.07,2,2025-07-07,2025-09-16,127.6
u_12581,tiktok,ios,SE,41.29,1,2025-07-07,2025-07-07,41.29
u_12582,instagram,ios,SE,87.8,3,2025-07-07,2025-12-17,175.6
u_12583,tiktok,android,DE,40.33,1,2025-07-07,2025-07-07,40.33
u_12584,twitter,ios,DE,23.93,1,2025-07-07,2025-07-07,23.93
u_12585,tiktok,android,FR,46.05,1,2025-07-07,2025-07-07,46.05
u_12586,tiktok,android,FR,67.75,1,2025-07-08,2025-07-08,67.75
u_12587,tiktok,ios,PL,51.44,2,2025-07-08,2025-09-20,77.16
u_12588,google_ads,android,BE,42.66,1,2025-07-08,2025-07-08,42.66
u_12589,google_ads,ios,NL,62.29,1,2025-07-08,2025-07-08,62.29
u_12590,facebook,android,PT,118.63,2,2025-07-08,2025-09-18,177.94
u_12591,google_ads,android,FR,47.96,1,2025-07-08,2025-07-08,47.96
u_12592,tiktok,ios,FR,38.85,1,2025-07-08,2025-07-08,38.85
u_12593,tiktok,ios,PL,25.97,1,2025-07-08,2025-07-08,25.97
u_12594,twitter,android,DE,54.13,1,2025-07-08,2025-07-08,54.13
u_12595,google_ads,android,ES,89.47,2,2025-07-08,2025-08-22,134.2
u_12596,tiktok,ios,SE,53.01,1,2025-07-08,2025-07-08,53.01
u_12597,instagram,ios,SE,68.49,2,2025-07-08,2025-10-29,102.73
u_12598,google_ads,android,PL,98.25,2,2025-07-08,2025-11-11,147.38
u_12599,facebook,android,BE,54.54,1,2025-07-08,2025-07-08,54.54
u_12600,tiktok,android,FR,33.98,1,2025-07-08,2025-07-08,33.98
u_12601,facebook,ios,IE,31.35,2,2025-07-08,2025-09-26,47.03
u_12602,twitter,android,PL,69.42,1,2025-07-08,2025-07-08,69.42
u_12603,google_ads,ios,SE,56.32,1,2025-07-08,2025-07-08,56.32
u_12604,google_ads,ios,PL,76.72,2,2025-07-09,2025-08-24,115.08
u_12605,instagram,android,FR,99.48,2,2025-07-09,2025-10-19,149.22
u_12606,google_ads,android,PL,19.99,1,2025-07-09,2025-07-09,19.99
u_12607,facebook,ios,DE,37.96,1,2025-07-09,2025-07-09,37.96
u_12608,google_ads,ios,IE,26.73,1,2025-07-09,2025-07-09,26.73
u_12609,facebook,android,PL,16.74,2,2025-07-09,2025-09-08,25.11
u_12610,twitter,ios,IE,35.72,1,2025-07-09,2025-07-09,35.72
u_12611,tiktok,ios,IT,47.31,1,2025-07-09,2025-07-09,47.31
u_12612,google_ads,ios,DE,31.02,1,2025-07-09,2025-07-09,31.02
u_12613,google_ads,android,ES,51.0,1,2025-07-09,2025-07-09,51.0
u_12614,google_ads,android,FR,72.93,1,2025-07-09,2025-07-09,72.93
u_12615,facebook,ios,ES,45.02,1,2025-07-09,2025-07-09,45.02
u_12616,tiktok,android,NL,26.51,1,2025-07-10,2025-07-10,26.51
u_12617,facebook,android,PT,9.11,1,2025-07-10,2025-07-10,9.11
u_12618,facebook,android,ES,94.69,2,2025-07-10,2025-09-20,142.04
u_12619,google_ads,android,DE,23.0,1,2025-07-10,2025-07-10,23.0
u_12620,tiktok,ios,PT,31.61,1,2025-07-10,2025-07-10,31.61
u_12621,google_ads,ios,FR,71.2,3,2025-07-10,2025-08-09,142.4
u_12622,twitter,android,IT,124.52,2,2025-07-10,2025-09-28,186.78
u_12623,google_ads,android,NL,51.87,1,2025-07-10,2025-07-10,51.87
u_12624,instagram,ios,SE,64.95,1,2025-07-10,2025-07-10,64.95
u_12625,instagram,ios,NL,9.81,1,2025-07-10,2025-07-10,9.81
u_12626,google_ads,ios,IE,9.91,1,2025-07-10,2025-07-10,9.91
u_12627,google_ads,android,FR,54.24,1,2025-07-10,2025-07-10,54.24
u_12628,google_ads,android,NL,43.01,1,2025-07-10,2025-07-10,43.01
u_12629,instagram,ios,ES,81.42,2,2025-07-10,2025-09-27,122.13
u_12630,facebook,android,NL,31.41,1,2025-07-10,2025-07-10,31.41
u_12631,google_ads,android,PT,45.26,1,2025-07-10,2025-07-10,45.26
u_12632,google_ads,android,BE,52.7,1,2025-07-11,2025-07-11,52.7
u_12633,google_ads,ios,DE,75.93,1,2025-07-11,2025-07-11,75.93
u_12634,tiktok,android,FR,94.95,2,2025-07-11,2025-09-10,142.43
u_12635,instagram,android,SE,40.77,1,2025-07-11,2025-07-11,40.77
u_12636,tiktok,android,DE,58.48,1,2025-07-11,2025-07-11,58.48
u_12637,google_ads,ios,NL,31.88,1,2025-07-11,2025-07-11,31.88
u_12638,instagram,android,IE,42.16,1,2025-07-11,2025-07-11,42.16
u_12639,google_ads,ios,BE,66.23,2,2025-07-11,2025-07-18,99.34
u_12640,instagram,ios,BE,27.55,1,2025-07-11,2025-07-11,27.55
u_12641,instagram,android,NL,60.07,1,2025-07-11,2025-07-11,60.07
u_12642,facebook,ios,FR,19.69,1,2025-07-11,2025-07-11,19.69
u_12643,twitter,android,DE,62.89,1,2025-07-12,2025-07-12,62.89
u_12644,google_ads,ios,SE,28.45,1,2025-07-12,2025-07-12,28.45
u_12645,instagram,android,PL,36.03,1,2025-07-12,2025-07-12,36.03
u_12646,google_ads,android,PL,27.09,1,2025-07-12,2025-07-12,27.09
u_12647,google_ads,android,ES,99.79,3,2025-07-12,2025-11-26,199.58
u_12648,facebook,ios,NL,35.85,1,2025-07-12,2025-07-12,35.85
u_12649,twitter,ios,FR,48.69,1,2025-07-12,2025-07-12,48.69
u_12650,twitter,android,ES,84.09,2,2025-07-12,2025-09-13,126.14
u_12651,facebook,android,ES,42.95,1,2025-07-12,2025-07-12,42.95
u_12652,google_ads,ios,BE,36.38,1,2025-07-12,2025-07-12,36.38
u_12653,twitter,android,BE,61.58,1,2025-07-12,2025-07-12,61.58
u_12654,facebook,ios,PL,39.18,1,2025-07-12,2025-07-12,39.18
u_12655,tiktok,android,FR,45.75,1,2025-07-12,2025-07-12,45.75
u_12656,google_ads,android,SE,51.73,1,2025-07-12,2025-07-12,51.73
u_12657,google_ads,ios,IE,84.22,1,2025-07-13,2025-07-13,84.22
u_12658,facebook,android,DE,117.76,2,2025-07-13,2025-07-28,176.64
u_12659,facebook,android,ES,41.4,1,2025-07-13,2025-07-13,41.4
u_12660,twitter,android,BE,76.1,2,2025-07-13,2025-12-22,114.15
u_12661,facebook,ios,DE,30.5,1,2025-07-13,2025-07-13,30.5
u_12662,google_ads,android,IE,28.29,1,2025-07-13,2025-07-13,28.29
u_12663,facebook,android,ES,43.43,1,2025-07-13,2025-07-13,43.43
u_12664,instagram,android,IT,40.69,1,2025-07-13,2025-07-13,40.69
u_12665,google_ads,ios,BE,115.4,2,2025-07-13,2025-08-12,173.1
u_12666,tiktok,android,SE,55.38,1,2025-07-13,2025-07-13,55.38
u_12667,tiktok,android,FR,43.15,1,2025-07-13,2025-07-13,43.15
u_12668,tiktok,ios,SE,116.53,2,2025-07-13,2025-07-30,174.8
u_12669,google_ads,android,SE,54.05,2,2025-07-13,2025-10-09,81.07
u_12670,google_ads,android,DE,101.82,2,2025-07-14,2025-09-03,152.73
u_12671,instagram,ios,NL,60.45,1,2025-07-14,2025-07-14,60.45
u_12672,facebook,android,IT,66.94,2,2025-07-14,2025-09-24,100.41
u_12673,instagram,android,PT,28.43,2,2025-07-14,2025-12-24,42.64
u_12674,tiktok,android,IE,82.65,1,2025-07-14,2025-07-14,82.65
u_12675,facebook,ios,ES,23.01,1,2025-07-14,2025-07-14,23.01
u_12676,twitter,android,FR,39.57,1,2025-07-14,2025-07-14,39.57
u_12677,instagram,ios,SE,51.87,1,2025-07-14,2025-07-14,51.87
u_12678,instagram,ios,FR,79.31,2,2025-07-14,2025-10-05,118.96
u_12679,facebook,ios,SE,44.36,1,2025-07-15,2025-07-15,44.36
u_12680,facebook,ios,SE,27.83,1,2025-07-15,2025-07-15,27.83
u_12681,facebook,android,DE,35.71,1,2025-07-15,2025-07-15,35.71
u_12682,facebook,ios,ES,60.08,1,2025-07-15,2025-07-15,60.08
u_12683,google_ads,android,ES,95.93,2,2025-07-15,2025-09-23,143.9
u_12684,twitter,android,ES,41.59,1,2025-07-15,2025-07-15,41.59
u_12685,tiktok,ios,PL,44.71,1,2025-07-15,2025-07-15,44.71
u_12686,instagram,android,DE,13.44,1,2025-07-15,2025-07-15,13.44
u_12687,instagram,ios,IE,35.28,1,2025-07-15,2025-07-15,35.28
u_12688,tiktok,ios,IE,51.26,2,2025-07-15,2025-12-06,76.89
u_12689,twitter,android,PT,150.75,3,2025-07-16,2025-10-16,301.5
u_12690,google_ads,android,FR,35.61,1,2025-07-16,2025-07-16,35.61
u_12691,twitter,ios,ES,46.15,1,2025-07-16,2025-07-16,46.15
u_12692,facebook,android,DE,31.5,2,2025-07-16,2025-07-18,47.25
u_12693,google_ads,ios,PT,21.69,1,2025-07-16,2025-07-16,21.69
u_12694,instagram,android,NL,44.45,1,2025-07-16,2025-07-16,44.45
u_12695,instagram,ios,ES,13.73,1,2025-07-16,2025-07-16,13.73
u_12696,google_ads,ios,SE,58.83,1,2025-07-16,2025-07-16,58.83
u_12697,instagram,android,NL,17.71,1,2025-07-16,2025-07-16,17.71
u_12698,instagram,android,SE,21.81,1,2025-07-16,2025-07-16,21.81
u_12699,google_ads,ios,IE,69.8,2,2025-07-16,2025-10-13,104.7
u_12700,twitter,ios,FR,29.67,1,2025-07-16,2025-07-16,29.67
u_12701,google_ads,ios,SE,58.17,1,2025-07-16,2025-07-16,58.17
u_12702,facebook,ios,NL,41.57,1,2025-07-16,2025-07-16,41.57
u_12703,instagram,ios,SE,11.39,1,2025-07-16,2025-07-16,11.39
u_12704,google_ads,ios,DE,69.58,2,2025-07-16,2025-11-13,104.37
u_12705,instagram,android,FR,19.1,1,2025-07-16,2025-07-16,19.1
u_12706,facebook,android,ES,31.33,1,2025-07-16,2025-07-16,31.33
u_12707,facebook,ios,DE,34.01,1,2025-07-16,2025-07-16,34.01
u_12708,tiktok,android,FR,158.32,2,2025-07-17,2025-12-15,237.48
u_12709,facebook,android,PL,61.26,1,2025-07-17,2025-07-17,61.26
u_12710,google_ads,ios,IT,54.65,1,2025-07-17,2025-07-17,54.65
u_12711,facebook,android,ES,47.04,1,2025-07-17,2025-07-17,47.04
u_12712,instagram,android,NL,92.56,2,2025-07-17,2025-08-11,138.84
u_12713,tiktok,ios,PL,61.58,1,2025-07-17,2025-07-17,61.58
u_12714,facebook,ios,ES,36.14,1,2025-07-17,2025-07-17,36.14
u_12715,tiktok,android,ES,63.48,2,2025-07-17,2025-12-11,95.22
u_12716,instagram,ios,SE,50.75,1,2025-07-17,2025-07-17,50.75
u_12717,google_ads,android,PT,12.45,2,2025-07-17,2025-07-28,18.67
u_12718,google_ads,ios,NL,36.95,1,2025-07-17,2025-07-17,36.95
u_12719,instagram,ios,ES,64.58,2,2025-07-17,2025-10-01,96.87
u_12720,google_ads,ios,IT,44.96,1,2025-07-17,2025-07-17,44.96
u_12721,twitter,ios,DE,45.75,1,2025-07-17,2025-07-17,45.75
u_12722,google_ads,android,DE,31.72,1,2025-07-17,2025-07-17,31.72
u_12723,google_ads,ios,SE,51.91,1,2025-07-18,2025-07-18,51.91
u_12724,google_ads,android,DE,33.45,1,2025-07-18,2025-07-18,33.45
u_12725,instagram,android,DE,50.27,1,2025-07-18,2025-07-18,50.27
u_12726,google_ads,ios,ES,98.86,2,2025-07-18,2025-12-05,148.29
u_12727,google_ads,ios,ES,75.51,1,2025-07-18,2025-07-18,75.51
u_12728,instagram,android,NL,40.57,1,2025-07-18,2025-07-18,40.57
u_12729,instagram,android,PL,104.38,2,2025-07-18,2025-08-17,156.57
u_12730,instagram,android,DE,44.66,1,2025-07-18,2025-07-18,44.66
u_12731,twitter,android,DE,28.48,1,2025-07-18,2025-07-18,28.48
u_12732,tiktok,ios,FR,26.67,1,2025-07-18,2025-07-18,26.67
u_12733,facebook,ios,IT,32.0,1,2025-07-18,2025-07-18,32.0
u_12734,google_ads,ios,DE,85.86,2,2025-07-18,2025-08-15,128.79
u_12735,instagram,ios,FR,52.6,1,2025-07-18,2025-07-18,52.6
u_12736,twitter,android,BE,76.5,2,2025-07-19,2025-08-03,114.75
u_12737,google_ads,ios,ES,52.29,1,2025-07-19,2025-07-19,52.29
u_12738,facebook,ios,PT,68.53,1,2025-07-19,2025-07-19,68.53
u_12739,facebook,ios,ES,15.99,1,2025-07-19,2025-07-19,15.99
u_12740,facebook,android,FR,172.35,3,2025-07-19,2025-12-21,344.7
u_12741,instagram,android,DE,55.08,1,2025-07-19,2025-07-19,55.08
u_12742,google_ads,android,IT,31.1,1,2025-07-19,2025-07-19,31.1
u_12743,facebook,android,DE,55.81,2,2025-07-19,2025-08-28,83.72
u_12744,twitter,ios,SE,134.58,2,2025-07-19,2025-08-30,201.87
u_12745,instagram,ios,IT,21.96,1,2025-07-19,2025-07-19,21.96
u_12746,google_ads,android,SE,91.63,2,2025-07-20,2025-08-17,137.44
u_12747,instagram,android,FR,55.38,2,2025-07-20,2025-09-23,83.07
u_12748,instagram,ios,BE,51.76,1,2025-07-20,2025-07-20,51.76
u_12749,facebook,ios,IE,53.67,1,2025-07-20,2025-07-20,53.67
u_12750,instagram,android,SE,50.0,1,2025-07-20,2025-07-20,50.0
u_12751,facebook,android,DE,45.91,1,2025-07-20,2025-07-20,45.91
u_12752,google_ads,ios,FR,9.87,1,2025-07-20,2025-07-20,9.87
u_12753,tiktok,android,PL,31.75,1,2025-07-20,2025-07-20,31.75
u_12754,facebook,ios,PL,26.74,1,2025-07-20,2025-07-20,26.74
u_12755,facebook,android,FR,24.51,1,2025-07-20,2025-07-20,24.51
u_12756,instagram,ios,PT,36.91,1,2025-07-20,2025-07-20,36.91
u_12757,tiktok,android,IT,55.35,1,2025-07-20,2025-07-20,55.35
u_12758,google_ads,android,ES,45.99,1,2025-07-21,2025-07-21,45.99
u_12759,tiktok,ios,FR,66.98,1,2025-07-21,2025-07-21,66.98
u_12760,twitter,android,FR,119.99,2,2025-07-21,2025-08-01,179.98
u_12761,instagram,ios,ES,58.58,1,2025-07-21,2025-07-21,58.58
u_12762,google_ads,ios,FR,50.64,2,2025-07-21,2025-10-09,75.96
u_12763,facebook,ios,PT,54.21,1,2025-07-21,2025-07-21,54.21
u_12764,facebook,android,DE,69.82,2,2025-07-21,2025-10-29,104.73
u_12765,instagram,android,ES,29.96,1,2025-07-21,2025-07-21,29.96
u_12766,instagram,ios,DE,111.65,2,2025-07-21,2025-10-17,167.48
u_12767,google_ads,ios,DE,47.08,1,2025-07-21,2025-07-21,47.08
u_12768,google_ads,android,ES,54.59,1,2025-07-21,2025-07-21,54.59
u_12769,google_ads,android,SE,26.82,1,2025-07-21,2025-07-21,26.82
u_12770,instagram,ios,PL,6.99,1,2025-07-22,2025-07-22,6.99
u_12771,google_ads,android,PL,13.02,1,2025-07-22,2025-07-22,13.02
u_12772,google_ads,android,IE,27.52,1,2025-07-22,2025-07-22,27.52
u_12773,tiktok,ios,BE,47.1,1,2025-07-22,2025-07-22,47.1
u_12774,instagram,ios,PL,68.76,2,2025-07-22,2025-11-17,103.14
u_12775,instagram,android,SE,60.1,1,2025-07-22,2025-07-22,60.1
u_12776,google_ads,android,ES,57.23,1,2025-07-22,2025-07-22,57.23
u_12777,instagram,ios,SE,61.63,1,2025-07-22,2025-07-22,61.63
u_12778,tiktok,ios,FR,146.68,2,2025-07-22,2025-12-10,220.02
u_12779,instagram,android,ES,183.34,3,2025-07-22,2025-11-17,366.68
u_12780,google_ads,ios,DE,68.92,1,2025-07-22,2025-07-22,68.92
u_12781,instagram,android,DE,35.4,1,2025-07-22,2025-07-22,35.4
u_12782,instagram,ios,SE,41.0,1,2025-07-22,2025-07-22,41.0
u_12783,tiktok,android,NL,139.9,2,2025-07-22,2025-08-09,209.85
u_12784,tiktok,ios,PT,48.32,1,2025-07-22,2025-07-22,48.32
u_12785,google_ads,android,ES,44.03,1,2025-07-22,2025-07-22,44.03
u_12786,google_ads,android,ES,25.12,1,2025-07-23,2025-07-23,25.12
u_12787,tiktok,android,DE,40.82,1,2025-07-23,2025-07-23,40.82
u_12788,tiktok,ios,PL,6.99,1,2025-07-23,2025-07-23,6.99
u_12789,google_ads,ios,PL,76.42,1,2025-07-23,2025-07-23,76.42
u_12790,google_ads,android,PL,35.02,1,2025-07-23,2025-07-23,35.02
u_12791,google_ads,ios,PT,42.86,1,2025-07-23,2025-07-23,42.86
u_12792,twitter,android,FR,42.83,1,2025-07-23,2025-07-23,42.83
u_12793,facebook,android,IE,59.84,1,2025-07-23,2025-07-23,59.84
u_12794,google_ads,ios,ES,144.19,3,2025-07-23,2025-10-24,288.38
u_12795,twitter,android,NL,81.92,2,2025-07-23,2025-10-20,122.88
u_12796,tiktok,android,BE,24.96,1,2025-07-24,2025-07-24,24.96
u_12797,instagram,android,ES,52.86,1,2025-07-24,2025-07-24,52.86
u_12798,google_ads,ios,SE,74.11,2,2025-07-24,2025-08-07,111.16
u_12799,tiktok,android,DE,57.64,1,2025-07-24,2025-07-24,57.64
u_12800,google_ads,ios,PT,54.15,1,2025-07-24,2025-07-24,54.15
u_12801,instagram,android,IT,33.27,1,2025-07-24,2025-07-24,33.27
u_12802,tiktok,ios,ES,38.26,1,2025-07-24,2025-07-24,38.26
u_12803,facebook,ios,DE,55.42,1,2025-07-24,2025-07-24,55.42
u_12804,twitter,android,PL,54.69,1,2025-07-24,2025-07-24,54.69
u_12805,tiktok,ios,ES,45.39,1,2025-07-24,2025-07-24,45.39
u_12806,google_ads,ios,ES,16.47,1,2025-07-25,2025-07-25,16.47
u_12807,instagram,android,PL,177.22,3,2025-07-25,2025-11-16,354.44
u_12808,google_ads,android,PT,116.46,3,2025-07-25,2025-10-17,232.92
u_12809,google_ads,android,ES,25.8,1,2025-07-25,2025-07-25,25.8
u_12810,google_ads,android,BE,36.79,1,2025-07-25,2025-07-25,36.79
u_12811,facebook,android,SE,52.24,1,2025-07-25,2025-07-25,52.24
u_12812,google_ads,android,ES,62.96,1,2025-07-25,2025-07-25,62.96
u_12813,tiktok,ios,DE,39.14,1,2025-07-25,2025-07-25,39.14
u_12814,instagram,ios,IT,6.99,1,2025-07-25,2025-07-25,6.99
u_12815,instagram,android,DE,122.9,2,2025-07-25,2025-10-07,184.35
u_12816,google_ads,ios,FR,6.99,1,2025-07-26,2025-07-26,6.99
u_12817,facebook,android,DE,71.77,2,2025-07-26,2025-12-13,107.66
u_12818,google_ads,ios,DE,61.69,1,2025-07-26,2025-07-26,61.69
u_12819,instagram,ios,IT,68.82,1,2025-07-26,2025-07-26,68.82
u_12820,twitter,ios,NL,65.71,1,2025-07-26,2025-07-26,65.71
u_12821,instagram,android,FR,22.86,1,2025-07-26,2025-07-26,22.86
u_12822,tiktok,android,NL,20.1,1,2025-07-26,2025-07-26,20.1
u_12823,google_ads,android,BE,28.79,1,2025-07-26,2025-07-26,28.79
u_12824,tiktok,ios,SE,25.45,1,2025-07-26,2025-07-26,25.45
u_12825,tiktok,ios,DE,44.96,1,2025-07-26,2025-07-26,44.96
u_12826,tiktok,android,NL,56.68,1,2025-07-26,2025-07-26,56.68
u_12827,google_ads,android,PL,51.84,1,2025-07-26,2025-07-26,51.84
u_12828,google_ads,ios,DE,33.91,1,2025-07-27,2025-07-27,33.91
u_12829,facebook,ios,DE,33.57,1,2025-07-27,2025-07-27,33.57
u_12830,google_ads,ios,NL,43.44,1,2025-07-27,2025-07-27,43.44
u_12831,twitter,ios,SE,25.37,1,2025-07-27,2025-07-27,25.37
u_12832,tiktok,android,DE,47.46,1,2025-07-27,2025-07-27,47.46
u_12833,google_ads,ios,BE,104.52,2,2025-07-27,2025-08-18,156.78
u_12834,facebook,android,BE,14.33,1,2025-07-27,2025-07-27,14.33
u_12835,facebook,ios,BE,43.06,1,2025-07-27,2025-07-27,43.06
u_12836,facebook,ios,ES,39.35,1,2025-07-27,2025-07-27,39.35
u_12837,tiktok,android,ES,78.62,2,2025-07-27,2025-10-06,117.93
u_12838,google_ads,android,DE,37.87,1,2025-07-27,2025-07-27,37.87
u_12839,instagram,ios,FR,21.54,1,2025-07-27,2025-07-27,21.54
u_12840,google_ads,android,DE,39.62,1,2025-07-27,2025-07-27,39.62
u_12841,google_ads,android,DE,152.22,2,2025-07-28,2025-09-12,228.33
u_12842,google_ads,ios,NL,12.31,1,2025-07-28,2025-07-28,12.31
u_12843,tiktok,ios,DE,23.45,1,2025-07-28,2025-07-28,23.45
u_12844,google_ads,android,ES,37.25,1,2025-07-28,2025-07-28,37.25
u_12845,tiktok,android,DE,25.24,1,2025-07-28,2025-07-28,25.24
u_12846,tiktok,ios,BE,14.56,1,2025-07-28,2025-07-28,14.56
u_12847,facebook,ios,PL,67.46,1,2025-07-28,2025-07-28,67.46
u_12848,instagram,android,PL,142.79,4,2025-07-28,2025-12-26,356.98
u_12849,instagram,android,ES,49.67,1,2025-07-28,2025-07-28,49.67
u_12850,google_ads,ios,FR,26.18,2,2025-07-28,2025-10-13,39.27
u_12851,google_ads,ios,DE,45.4,2,2025-07-28,2025-12-30,68.1
u_12852,tiktok,android,SE,82.48,2,2025-07-28,2025-09-16,123.72
u_12853,google_ads,ios,ES,32.07,1,2025-07-28,2025-07-28,32.07
u_12854,instagram,android,FR,78.91,1,2025-07-28,2025-07-28,78.91
u_12855,twitter,ios,DE,39.85,1,2025-07-28,2025-07-28,39.85
u_12856,google_ads,ios,DE,41.52,1,2025-07-29,2025-07-29,41.52
u_12857,instagram,ios,DE,36.51,1,2025-07-29,2025-07-29,36.51
u_12858,instagram,ios,FR,84.01,1,2025-07-29,2025-07-29,84.01
u_12859,facebook,ios,IT,36.24,1,2025-07-29,2025-07-29,36.24
u_12860,instagram,ios,IT,37.42,1,2025-07-29,2025-07-29,37.42
u_12861,google_ads,ios,PL,29.88,1,2025-07-29,2025-07-29,29.88
u_12862,google_ads,ios,ES,71.92,1,2025-07-29,2025-07-29,71.92
u_12863,google_ads,android,SE,61.09,1,2025-07-29,2025-07-29,61.09
u_12864,google_ads,ios,DE,52.46,2,2025-07-29,2025-12-05,78.69
u_12865,google_ads,android,SE,46.5,1,2025-07-29,2025-07-29,46.5
u_12866,facebook,android,ES,221.53,3,2025-07-29,2025-12-21,443.06
u_12867,google_ads,android,PT,46.87,1,2025-07-29,2025-07-29,46.87
u_12868,facebook,ios,DE,51.73,1,2025-07-29,2025-07-29,51.73
u_12869,tiktok,android,PT,78.31,2,2025-07-29,2025-09-09,117.46
u_12870,tiktok,android,DE,172.88,2,2025-07-29,2025-08-13,259.32
u_12871,tiktok,android,DE,49.42,2,2025-07-29,2025-12-06,74.13
u_12872,twitter,android,PT,35.08,2,2025-07-30,2025-12-08,52.62
u_12873,google_ads,ios,ES,19.99,1,2025-07-30,2025-07-30,19.99
u_12874,tiktok,android,ES,48.39,1,2025-07-30,2025-07-30,48.39
u_12875,instagram,ios,BE,49.64,1,2025-07-30,2025-07-30,49.64
u_12876,google_ads,ios,PL,23.73,1,2025-07-30,2025-07-30,23.73
u_12877,tiktok,android,ES,49.59,1,2025-07-30,2025-07-30,49.59
u_12878,google_ads,ios,FR,40.27,1,2025-07-30,2025-07-30,40.27
u_12879,twitter,android,PL,14.66,1,2025-07-30,2025-07-30,14.66
u_12880,facebook,ios,IT,13.73,1,2025-07-30,2025-07-30,13.73
u_12881,google_ads,android,DE,49.12,1,2025-07-30,2025-07-30,49.12
u_12882,google_ads,android,FR,33.29,1,2025-07-30,2025-07-30,33.29
u_12883,google_ads,ios,PL,39.03,1,2025-07-30,2025-07-30,39.03
u_12884,facebook,ios,IT,95.74,2,2025-07-31,2025-11-07,143.61
u_12885,google_ads,android,IE,57.46,2,2025-07-31,2025-08-18,86.19
u_12886,google_ads,ios,BE,53.64,2,2025-07-31,2025-08-24,80.46
u_12887,tiktok,ios,BE,41.11,1,2025-07-31,2025-07-31,41.11
u_12888,facebook,ios,FR,20.44,1,2025-07-31,2025-07-31,20.44
u_12889,google_ads,android,IT,25.73,1,2025-07-31,2025-07-31,25.73
u_12890,google_ads,android,DE,72.29,1,2025-07-31,2025-07-31,72.29
u_12891,google_ads,ios,IT,52.17,1,2025-07-31,2025-07-31,52.17
u_12892,tiktok,android,DE,92.9,1,2025-07-31,2025-07-31,92.9
u_12893,google_ads,ios,BE,53.56,1,2025-07-31,2025-07-31,53.56
u_12894,tiktok,ios,IT,74.86,2,2025-07-31,2025-09-18,112.29
u_12895,tiktok,android,BE,64.59,1,2025-07-31,2025-07-31,64.59
u_12896,twitter,android,PT,52.69,1,2025-07-31,2025-07-31,52.69
u_12897,google_ads,ios,IE,54.5,1,2025-08-01,2025-08-01,54.5
u_12898,instagram,ios,BE,156.04,2,2025-08-01,2025-11-28,234.06
u_12899,google_ads,android,IT,166.05,2,2025-08-01,2025-12-15,249.08
u_12900,facebook,ios,NL,130.5,3,2025-08-01,2025-12-30,261.0
u_12901,tiktok,ios,PL,47.3,1,2025-08-01,2025-08-01,47.3
u_12902,google_ads,ios,BE,48.59,1,2025-08-01,2025-08-01,48.59
u_12903,tiktok,android,BE,37.69,1,2025-08-01,2025-08-01,37.69
u_12904,facebook,android,NL,17.1,1,2025-08-01,2025-08-01,17.1
u_12905,google_ads,ios,IT,14.43,1,2025-08-01,2025-08-01,14.43
u_12906,google_ads,ios,DE,79.9,1,2025-08-01,2025-08-01,79.9
u_12907,facebook,android,PT,137.46,2,2025-08-01,2025-10-29,206.19
u_12908,twitter,android,IE,20.5,1,2025-08-01,2025-08-01,20.5
u_12909,instagram,ios,SE,69.73,1,2025-08-01,2025-08-01,69.73
u_12910,tiktok,android,SE,75.66,1,2025-08-02,2025-08-02,75.66
u_12911,instagram,android,ES,32.12,1,2025-08-02,2025-08-02,32.12
u_12912,twitter,ios,PT,108.37,2,2025-08-02,2025-09-12,162.56
u_12913,twitter,ios,IT,27.84,1,2025-08-02,2025-08-02,27.84
u_12914,google_ads,ios,DE,36.39,1,2025-08-02,2025-08-02,36.39
u_12915,facebook,android,FR,36.56,1,2025-08-02,2025-08-02,36.56
u_12916,tiktok,android,PT,38.4,1,2025-08-02,2025-08-02,38.4
u_12917,google_ads,ios,DE,102.03,2,2025-08-02,2025-09-12,153.05
u_12918,instagram,ios,PT,47.52,2,2025-08-02,2025-08-14,71.28
u_12919,tiktok,android,PT,124.53,2,2025-08-03,2025-08-22,186.8
u_12920,google_ads,ios,SE,9.47,1,2025-08-03,2025-08-03,9.47
u_12921,twitter,android,PT,51.56,1,2025-08-03,2025-08-03,51.56
u_12922,google_ads,android,IT,59.12,1,2025-08-03,2025-08-03,59.12
u_12923,tiktok,ios,DE,44.38,1,2025-08-03,2025-08-03,44.38
u_12924,google_ads,ios,ES,35.92,1,2025-08-03,2025-08-03,35.92
u_12925,instagram,ios,PL,64.9,1,2025-08-03,2025-08-03,64.9
u_12926,twitter,android,NL,60.77,1,2025-08-03,2025-08-03,60.77
u_12927,tiktok,android,ES,36.48,1,2025-08-03,2025-08-03,36.48
u_12928,instagram,android,FR,39.34,2,2025-08-03,2025-11-04,59.01
u_12929,instagram,android,ES,53.67,1,2025-08-03,2025-08-03,53.67
u_12930,facebook,ios,SE,43.55,1,2025-08-03,2025-08-03,43.55
u_12931,google_ads,ios,NL,134.3,2,2025-08-03,2025-09-10,201.45
u_12932,instagram,ios,IE,72.13,2,2025-08-04,2025-08-25,108.2
u_12933,twitter,ios,BE,17.62,1,2025-08-04,2025-08-04,17.62
u_12934,tiktok,android,FR,58.92,1,2025-08-04,2025-08-04,58.92
u_12935,tiktok,ios,IT,61.02,1,2025-08-04,2025-08-04,61.02
u_12936,tiktok,ios,BE,140.6,2,2025-08-04,2025-11-20,210.9
u_12937,tiktok,android,BE,45.12,1,2025-08-04,2025-08-04,45.12
u_12938,instagram,android,NL,43.45,1,2025-08-04,2025-08-04,43.45
u_12939,tiktok,android,DE,22.24,1,2025-08-04,2025-08-04,22.24
u_12940,google_ads,android,SE,37.92,1,2025-08-04,2025-08-04,37.92
u_12941,twitter,android,PT,36.63,1,2025-08-04,2025-08-04,36.63
u_12942,google_ads,android,IT,41.38,1,2025-08-05,2025-08-05,41.38
u_12943,tiktok,ios,SE,72.64,1,2025-08-05,2025-08-05,72.64
u_12944,google_ads,ios,FR,69.91,1,2025-08-05,2025-08-05,69.91
u_12945,tiktok,ios,ES,25.24,1,2025-08-05,2025-08-05,25.24
u_12946,facebook,ios,BE,51.69,1,2025-08-05,2025-08-05,51.69
u_12947,instagram,android,NL,13.88,1,2025-08-05,2025-08-05,13.88
u_12948,facebook,ios,IT,27.13,1,2025-08-05,2025-08-05,27.13
u_12949,tiktok,ios,BE,59.42,1,2025-08-05,2025-08-05,59.42
u_12950,instagram,android,DE,53.9,1,2025-08-05,2025-08-05,53.9
u_12951,tiktok,android,ES,29.79,1,2025-08-05,2025-08-05,29.79
u_12952,google_ads,android,IE,43.05,1,2025-08-05,2025-08-05,43.05
u_12953,tiktok,android,DE,51.18,1,2025-08-05,2025-08-05,51.18
u_12954,google_ads,android,IE,33.68,1,2025-08-05,2025-08-05,33.68
u_12955,tiktok,android,FR,15.0,1,2025-08-05,2025-08-05,15.0
u_12956,instagram,ios,DE,27.9,1,2025-08-06,2025-08-06,27.9
u_12957,google_ads,ios,DE,63.73,1,2025-08-06,2025-08-06,63.73
u_12958,tiktok,android,ES,45.62,1,2025-08-06,2025-08-06,45.62
u_12959,facebook,android,ES,20.28,1,2025-08-06,2025-08-06,20.28
u_12960,tiktok,android,FR,19.97,1,2025-08-06,2025-08-06,19.97
u_12961,google_ads,android,FR,69.24,1,2025-08-06,2025-08-06,69.24
u_12962,tiktok,android,FR,18.05,1,2025-08-06,2025-08-06,18.05
u_12963,tiktok,android,IT,35.44,1,2025-08-06,2025-08-06,35.44
u_12964,google_ads,android,DE,56.25,1,2025-08-06,2025-08-06,56.25
u_12965,google_ads,android,FR,109.31,2,2025-08-06,2025-10-17,163.96
u_12966,facebook,android,DE,52.56,1,2025-08-06,2025-08-06,52.56
u_12967,facebook,ios,DE,105.79,2,2025-08-06,2025-11-07,158.68
u_12968,facebook,ios,FR,49.32,2,2025-08-06,2025-11-11,73.98
u_12969,google_ads,ios,PT,55.42,2,2025-08-06,2025-10-09,83.13
u_12970,instagram,ios,DE,42.4,1,2025-08-06,2025-08-06,42.4
u_12971,instagram,ios,BE,61.82,1,2025-08-06,2025-08-06,61.82
u_12972,facebook,ios,PL,212.68,3,2025-08-07,2025-12-31,425.36
u_12973,twitter,ios,ES,64.24,1,2025-08-07,2025-08-07,64.24
u_12974,instagram,ios,PT,55.38,1,2025-08-07,2025-08-07,55.38
u_12975,google_ads,android,SE,55.3,1,2025-08-07,2025-08-07,55.3
u_12976,twitter,android,IT,81.02,2,2025-08-07,2025-09-14,121.53
u_12977,twitter,android,IT,22.17,1,2025-08-07,2025-08-07,22.17
u_12978,tiktok,android,SE,32.37,1,2025-08-07,2025-08-07,32.37
u_12979,instagram,ios,FR,30.49,1,2025-08-07,2025-08-07,30.49
u_12980,twitter,ios,IE,77.21,1,2025-08-07,2025-08-07,77.21
u_12981,instagram,android,PL,98.94,2,2025-08-07,2025-08-14,148.41
u_12982,twitter,android,FR,48.91,1,2025-08-07,2025-08-07,48.91
u_12983,facebook,ios,DE,77.55,1,2025-08-07,2025-08-07,77.55
u_12984,google_ads,ios,BE,51.09,1,2025-08-07,2025-08-07,51.09
u_12985,twitter,ios,BE,54.78,1,2025-08-07,2025-08-07,54.78
u_12986,instagram,ios,PT,31.48,2,2025-08-07,2025-08-10,47.22
u_12987,instagram,ios,PL,59.67,1,2025-08-07,2025-08-07,59.67
u_12988,facebook,ios,ES,6.99,1,2025-08-08,2025-08-08,6.99
u_12989,tiktok,android,ES,23.36,1,2025-08-08,2025-08-08,23.36
u_12990,twitter,ios,NL,28.36,1,2025-08-08,2025-08-08,28.36
u_12991,google_ads,ios,ES,6.99,1,2025-08-08,2025-08-08,6.99
u_12992,google_ads,ios,PL,54.49,1,2025-08-08,2025-08-08,54.49
u_12993,google_ads,ios,BE,57.53,1,2025-08-08,2025-08-08,57.53
u_12994,tiktok,android,FR,97.39,2,2025-08-08,2025-10-08,146.08
u_12995,google_ads,android,ES,51.32,1,2025-08-08,2025-08-08,51.32
u_12996,instagram,android,FR,66.86,1,2025-08-08,2025-08-08,66.86
u_12997,tiktok,ios,FR,34.35,1,2025-08-08,2025-08-08,34.35
u_12998,google_ads,ios,IT,44.34,1,2025-08-08,2025-08-08,44.34
u_12999,instagram,android,PL,139.83,2,2025-08-08,2025-09-28,209.74
u_13000,tiktok,ios,IT,35.38,1,2025-08-08,2025-08-08,35.38
u_13001,tiktok,ios,DE,41.04,1,2025-08-08,2025-08-08,41.04
u_13002,google_ads,android,SE,51.09,1,2025-08-09,2025-08-09,51.09
u_13003,instagram,ios,DE,92.82,1,2025-08-09,2025-08-09,92.82
u_13004,instagram,ios,PT,37.47,1,2025-08-09,2025-08-09,37.47
u_13005,instagram,ios,DE,16.12,1,2025-08-09,2025-08-09,16.12
u_13006,tiktok,android,ES,43.11,2,2025-08-09,2025-09-09,64.66
u_13007,instagram,ios,IT,23.24,1,2025-08-09,2025-08-09,23.24
u_13008,facebook,android,SE,163.72,3,2025-08-09,2025-09-13,327.44
u_13009,facebook,ios,DE,6.99,1,2025-08-09,2025-08-09,6.99
u_13010,tiktok,android,ES,43.72,2,2025-08-09,2025-09-23,65.58
u_13011,facebook,android,PT,64.18,2,2025-08-09,2025-08-25,96.27
u_13012,instagram,ios,IT,38.15,1,2025-08-09,2025-08-09,38.15
u_13013,tiktok,ios,NL,95.25,2,2025-08-09,2025-09-05,142.88
u_13014,tiktok,android,PL,71.25,1,2025-08-09,2025-08-09,71.25
u_13015,google_ads,ios,ES,25.13,1,2025-08-09,2025-08-09,25.13
u_13016,instagram,android,SE,7.47,1,2025-08-09,2025-08-09,7.47
u_13017,google_ads,android,DE,30.15,1,2025-08-10,2025-08-10,30.15
u_13018,twitter,ios,DE,20.03,1,2025-08-10,2025-08-10,20.03
u_13019,tiktok,android,BE,29.41,1,2025-08-10,2025-08-10,29.41
u_13020,tiktok,android,BE,53.91,1,2025-08-10,2025-08-10,53.91
u_13021,twitter,ios,FR,44.18,1,2025-08-10,2025-08-10,44.18
u_13022,instagram,ios,IT,169.24,3,2025-08-10,2025-12-04,338.48
u_13023,google_ads,android,IE,39.19,1,2025-08-10,2025-08-10,39.19
u_13024,tiktok,android,ES,20.99,1,2025-08-10,2025-08-10,20.99
u_13025,instagram,android,ES,93.57,2,2025-08-10,2025-10-01,140.35
u_13026,facebook,ios,FR,25.83,1,2025-08-10,2025-08-10,25.83
u_13027,instagram,android,FR,34.43,1,2025-08-10,2025-08-10,34.43
u_13028,instagram,android,IT,39.29,1,2025-08-10,2025-08-10,39.29
u_13029,instagram,ios,FR,51.08,1,2025-08-10,2025-08-10,51.08
u_13030,facebook,android,FR,47.66,1,2025-08-10,2025-08-10,47.66
u_13031,google_ads,android,FR,52.11,1,2025-08-10,2025-08-10,52.11
u_13032,google_ads,android,FR,44.23,1,2025-08-10,2025-08-10,44.23
u_13033,facebook,android,FR,45.52,1,2025-08-11,2025-08-11,45.52
u_13034,instagram,android,PL,52.5,1,2025-08-11,2025-08-11,52.5
u_13035,google_ads,android,DE,50.7,1,2025-08-11,2025-08-11,50.7
u_13036,twitter,android,FR,44.3,1,2025-08-11,2025-08-11,44.3
u_13037,instagram,android,IT,14.53,1,2025-08-11,2025-08-11,14.53
u_13038,google_ads,ios,DE,40.51,1,2025-08-11,2025-08-11,40.51
u_13039,google_ads,ios,BE,60.4,1,2025-08-11,2025-08-11,60.4
u_13040,google_ads,android,SE,89.66,1,2025-08-11,2025-08-11,89.66
u_13041,facebook,ios,FR,35.7,1,2025-08-11,2025-08-11,35.7
u_13042,instagram,android,SE,10.31,1,2025-08-11,2025-08-11,10.31
u_13043,tiktok,android,BE,40.65,1,2025-08-11,2025-08-11,40.65
u_13044,facebook,android,PL,73.07,1,2025-08-11,2025-08-11,73.07
u_13045,tiktok,ios,ES,6.99,1,2025-08-11,2025-08-11,6.99
u_13046,facebook,ios,ES,28.18,1,2025-08-11,2025-08-11,28.18
u_13047,facebook,ios,FR,24.03,1,2025-08-12,2025-08-12,24.03
u_13048,google_ads,ios,DE,16.04,1,2025-08-12,2025-08-12,16.04
u_13049,instagram,android,FR,44.7,1,2025-08-12,2025-08-12,44.7
u_13050,instagram,ios,IT,24.35,1,2025-08-12,2025-08-12,24.35
u_13051,instagram,android,FR,37.88,1,2025-08-12,2025-08-12,37.88
u_13052,facebook,ios,ES,85.71,2,2025-08-12,2025-09-24,128.56
u_13053,google_ads,android,SE,93.41,1,2025-08-12,2025-08-12,93.41
u_13054,facebook,ios,DE,44.02,1,2025-08-12,2025-08-12,44.02
u_13055,google_ads,ios,IT,65.44,1,2025-08-12,2025-08-12,65.44
u_13056,facebook,ios,PT,51.06,1,2025-08-12,2025-08-12,51.06
u_13057,facebook,android,PL,59.34,1,2025-08-12,2025-08-12,59.34
u_13058,google_ads,ios,PT,47.78,1,2025-08-12,2025-08-12,47.78
u_13059,google_ads,android,FR,104.17,2,2025-08-12,2025-11-07,156.26
u_13060,tiktok,android,SE,57.45,1,2025-08-12,2025-08-12,57.45
u_13061,facebook,ios,IE,13.9,1,2025-08-12,2025-08-12,13.9
u_13062,instagram,android,PT,28.5,1,2025-08-13,2025-08-13,28.5
u_13063,google_ads,ios,PL,45.12,2,2025-08-13,2025-09-11,67.68
u_13064,instagram,android,IT,50.29,1,2025-08-13,2025-08-13,50.29
u_13065,facebook,android,ES,26.54,1,2025-08-13,2025-08-13,26.54
u_13066,facebook,android,SE,13.99,1,2025-08-13,2025-08-13,13.99
u_13067,instagram,android,DE,53.64,1,2025-08-13,2025-08-13,53.64
u_13068,tiktok,ios,PT,52.68,1,2025-08-13,2025-08-13,52.68
u_13069,google_ads,android,DE,59.15,1,2025-08-13,2025-08-13,59.15
u_13070,twitter,ios,PL,63.6,1,2025-08-13,2025-08-13,63.6
u_13071,instagram,android,ES,66.88,1,2025-08-13,2025-08-13,66.88
u_13072,google_ads,ios,PL,80.93,1,2025-08-13,2025-08-13,80.93
u_13073,twitter,android,BE,21.28,1,2025-08-13,2025-08-13,21.28
u_13074,tiktok,android,FR,116.0,2,2025-08-13,2025-12-11,174.0
u_13075,google_ads,android,PL,61.35,1,2025-08-13,2025-08-13,61.35
u_13076,facebook,ios,ES,9.58,1,2025-08-14,2025-08-14,9.58
u_13077,instagram,ios,ES,6.99,1,2025-08-14,2025-08-14,6.99
u_13078,google_ads,android,IE,46.67,1,2025-08-14,2025-08-14,46.67
u_13079,facebook,android,SE,30.7,1,2025-08-14,2025-08-14,30.7
u_13080,google_ads,android,DE,75.23,1,2025-08-14,2025-08-14,75.23
u_13081,tiktok,android,NL,62.5,1,2025-08-14,2025-08-14,62.5
u_13082,instagram,ios,FR,9.01,1,2025-08-14,2025-08-14,9.01
u_13083,google_ads,ios,SE,29.82,1,2025-08-14,2025-08-14,29.82
u_13084,tiktok,ios,ES,36.97,1,2025-08-14,2025-08-14,36.97
u_13085,facebook,ios,NL,42.56,1,2025-08-14,2025-08-14,42.56
u_13086,facebook,android,BE,47.46,1,2025-08-14,2025-08-14,47.46
u_13087,google_ads,android,SE,35.25,1,2025-08-14,2025-08-14,35.25
u_13088,instagram,android,ES,46.94,1,2025-08-14,2025-08-14,46.94
u_13089,instagram,ios,NL,85.05,1,2025-08-14,2025-08-14,85.05
u_13090,google_ads,android,IT,14.3,1,2025-08-14,2025-08-14,14.3
u_13091,instagram,ios,SE,34.73,1,2025-08-14,2025-08-14,34.73
u_13092,google_ads,android,BE,76.1,2,2025-08-14,2025-10-16,114.15
u_13093,instagram,ios,DE,45.84,1,2025-08-14,2025-08-14,45.84
u_13094,instagram,android,DE,102.72,2,2025-08-15,2025-11-22,154.08
u_13095,google_ads,android,IE,35.51,1,2025-08-15,2025-08-15,35.51
u_13096,google_ads,ios,BE,157.2,2,2025-08-15,2025-11-04,235.8
u_13097,facebook,android,ES,29.78,1,2025-08-15,2025-08-15,29.78
u_13098,twitter,android,ES,9.01,1,2025-08-15,2025-08-15,9.01
u_13099,instagram,ios,DE,63.17,1,2025-08-15,2025-08-15,63.17
u_13100,instagram,android,DE,51.39,1,2025-08-15,2025-08-15,51.39
u_13101,tiktok,android,IT,44.31,1,2025-08-15,2025-08-15,44.31
u_13102,facebook,ios,PT,48.77,1,2025-08-15,2025-08-15,48.77
u_13103,tiktok,android,IE,12.37,1,2025-08-15,2025-08-15,12.37
u_13104,tiktok,android,BE,69.18,1,2025-08-15,2025-08-15,69.18
u_13105,instagram,android,FR,22.8,1,2025-08-15,2025-08-15,22.8
u_13106,google_ads,ios,ES,25.06,1,2025-08-16,2025-08-16,25.06
u_13107,google_ads,ios,NL,46.01,1,2025-08-16,2025-08-16,46.01
u_13108,tiktok,ios,ES,42.94,1,2025-08-16,2025-08-16,42.94
u_13109,google_ads,ios,PT,38.41,1,2025-08-16,2025-08-16,38.41
u_13110,instagram,android,DE,61.9,2,2025-08-16,2025-09-05,92.85
u_13111,instagram,android,BE,9.91,1,2025-08-16,2025-08-16,9.91
u_13112,twitter,android,DE,37.71,1,2025-08-16,2025-08-16,37.71
u_13113,google_ads,android,ES,26.68,1,2025-08-16,2025-08-16,26.68
u_13114,twitter,ios,PT,25.4,1,2025-08-16,2025-08-16,25.4
u_13115,google_ads,android,DE,42.73,1,2025-08-16,2025-08-16,42.73
u_13116,google_ads,android,PT,19.98,1,2025-08-16,2025-08-16,19.98
u_13117,google_ads,android,IE,63.07,1,2025-08-16,2025-08-16,63.07
u_13118,twitter,android,PT,51.06,1,2025-08-17,2025-08-17,51.06
u_13119,google_ads,ios,DE,50.16,1,2025-08-17,2025-08-17,50.16
u_13120,twitter,ios,FR,101.07,2,2025-08-17,2025-09-28,151.6
u_13121,facebook,android,ES,29.01,1,2025-08-17,2025-08-17,29.01
u_13122,google_ads,android,FR,76.61,2,2025-08-17,2025-09-22,114.92
u_13123,google_ads,android,PT,47.81,2,2025-08-17,2025-10-07,71.72
u_13124,facebook,ios,NL,31.05,1,2025-08-17,2025-08-17,31.05
u_13125,google_ads,ios,ES,22.88,1,2025-08-17,2025-08-17,22.88
u_13126,google_ads,android,DE,31.23,1,2025-08-17,2025-08-17,31.23
u_13127,google_ads,android,IE,7.35,1,2025-08-18,2025-08-18,7.35
u_13128,instagram,android,PL,71.36,2,2025-08-18,2025-10-04,107.04
u_13129,instagram,android,DE,61.35,1,2025-08-18,2025-08-18,61.35
u_13130,tiktok,android,ES,146.1,2,2025-08-18,2025-12-04,219.15
u_13131,facebook,android,IT,70.58,1,2025-08-18,2025-08-18,70.58
u_13132,google_ads,ios,IT,137.16,2,2025-08-18,2025-10-23,205.74
u_13133,google_ads,ios,IT,43.7,1,2025-08-18,2025-08-18,43.7
u_13134,instagram,android,BE,25.73,1,2025-08-18,2025-08-18,25.73
u_13135,google_ads,ios,DE,58.94,1,2025-08-18,2025-08-18,58.94
u_13136,instagram,ios,SE,59.85,1,2025-08-18,2025-08-18,59.85
u_13137,tiktok,ios,FR,14.52,1,2025-08-18,2025-08-18,14.52
u_13138,facebook,ios,BE,57.82,1,2025-08-18,2025-08-18,57.82
u_13139,instagram,ios,NL,64.61,1,2025-08-18,2025-08-18,64.61
u_13140,tiktok,ios,DE,69.94,1,2025-08-18,2025-08-18,69.94
u_13141,facebook,ios,SE,61.34,1,2025-08-18,2025-08-18,61.34
u_13142,instagram,android,PL,52.51,1,2025-08-19,2025-08-19,52.51
u_13143,facebook,android,DE,64.4,1,2025-08-19,2025-08-19,64.4
u_13144,google_ads,android,IT,68.16,1,2025-08-19,2025-08-19,68.16
u_13145,facebook,ios,ES,43.21,1,2025-08-19,2025-08-19,43.21
u_13146,instagram,android,NL,12.82,1,2025-08-19,2025-08-19,12.82
u_13147,twitter,ios,IE,41.59,1,2025-08-19,2025-08-19,41.59
u_13148,instagram,ios,IT,55.25,1,2025-08-19,2025-08-19,55.25
u_13149,instagram,android,PL,205.86,2,2025-08-19,2025-08-30,308.79
u_13150,instagram,android,ES,38.29,1,2025-08-20,2025-08-20,38.29
u_13151,google_ads,ios,ES,23.83,1,2025-08-20,2025-08-20,23.83
u_13152,google_ads,ios,PT,78.0,2,2025-08-20,2025-11-22,117.0
u_13153,instagram,android,FR,39.88,1,2025-08-20,2025-08-20,39.88
u_13154,instagram,ios,FR,65.63,1,2025-08-20,2025-08-20,65.63
u_13155,tiktok,android,IT,63.35,2,2025-08-20,2025-09-04,95.02
u_13156,instagram,ios,FR,13.75,1,2025-08-20,2025-08-20,13.75
u_13157,tiktok,android,IE,51.01,1,2025-08-20,2025-08-20,51.01
u_13158,tiktok,ios,ES,55.85,1,2025-08-20,2025-08-20,55.85
u_13159,twitter,ios,SE,32.59,1,2025-08-20,2025-08-20,32.59
u_13160,google_ads,android,DE,46.38,1,2025-08-20,2025-08-20,46.38
u_13161,twitter,android,BE,67.18,1,2025-08-20,2025-08-20,67.18
u_13162,google_ads,android,IT,60.5,1,2025-08-20,2025-08-20,60.5
u_13163,tiktok,ios,ES,23.17,1,2025-08-20,2025-08-20,23.17
u_13164,facebook,ios,ES,78.85,1,2025-08-20,2025-08-20,78.85
u_13165,google_ads,ios,FR,43.9,1,2025-08-20,2025-08-20,43.9
u_13166,twitter,ios,ES,37.01,1,2025-08-20,2025-08-20,37.01
u_13167,google_ads,ios,IE,91.48,2,2025-08-20,2025-11-23,137.22
u_13168,tiktok,android,DE,47.05,1,2025-08-20,2025-08-20,47.05
u_13169,tiktok,ios,IE,15.19,1,2025-08-20,2025-08-20,15.19
u_13170,google_ads,android,ES,40.84,1,2025-08-21,2025-08-21,40.84
u_13171,google_ads,android,DE,31.87,1,2025-08-21,2025-08-21,31.87
u_13172,twitter,ios,BE,115.03,2,2025-08-21,2025-12-16,172.54
u_13173,google_ads,android,IE,120.2,2,2025-08-21,2025-10-21,180.3
u_13174,google_ads,android,ES,20.16,1,2025-08-21,2025-08-21,20.16
u_13175,google_ads,ios,ES,26.24,1,2025-08-21,2025-08-21,26.24
u_13176,google_ads,android,PL,87.58,1,2025-08-21,2025-08-21,87.58
u_13177,facebook,android,PT,61.72,1,2025-08-21,2025-08-21,61.72
u_13178,facebook,android,ES,59.78,1,2025-08-22,2025-08-22,59.78
u_13179,facebook,ios,DE,68.27,1,2025-08-22,2025-08-22,68.27
u_13180,facebook,ios,IE,45.09,1,2025-08-22,2025-08-22,45.09
u_13181,instagram,android,ES,27.26,1,2025-08-22,2025-08-22,27.26
u_13182,tiktok,ios,ES,33.05,1,2025-08-22,2025-08-22,33.05
u_13183,facebook,android,BE,66.95,2,2025-08-22,2025-11-02,100.43
u_13184,google_ads,ios,FR,28.92,1,2025-08-22,2025-08-22,28.92
u_13185,google_ads,android,BE,6.99,1,2025-08-22,2025-08-22,6.99
u_13186,instagram,ios,DE,64.51,1,2025-08-22,2025-08-22,64.51
u_13187,google_ads,ios,IT,28.06,1,2025-08-22,2025-08-22,28.06
u_13188,twitter,ios,IE,59.74,1,2025-08-22,2025-08-22,59.74
u_13189,twitter,android,FR,116.19,2,2025-08-22,2025-12-07,174.28
u_13190,tiktok,ios,PL,36.32,2,2025-08-22,2025-10-31,54.48
u_13191,instagram,android,IT,58.39,1,2025-08-22,2025-08-22,58.39
u_13192,tiktok,android,NL,32.83,1,2025-08-22,2025-08-22,32.83
u_13193,twitter,ios,PL,42.99,1,2025-08-22,2025-08-22,42.99
u_13194,google_ads,ios,DE,70.31,1,2025-08-22,2025-08-22,70.31
u_13195,twitter,android,IT,38.7,1,2025-08-23,2025-08-23,38.7
u_13196,tiktok,ios,NL,56.62,1,2025-08-23,2025-08-23,56.62
u_13197,google_ads,ios,FR,45.14,1,2025-08-23,2025-08-23,45.14
u_13198,google_ads,android,PL,70.84,1,2025-08-23,2025-08-23,70.84
u_13199,instagram,android,NL,61.32,1,2025-08-23,2025-08-23,61.32
u_13200,instagram,android,PL,217.5,2,2025-08-23,2025-08-28,326.25
u_13201,instagram,android,IT,71.18,1,2025-08-23,2025-08-23,71.18
u_13202,facebook,ios,ES,18.7,1,2025-08-23,2025-08-23,18.7
u_13203,instagram,android,SE,29.77,1,2025-08-23,2025-08-23,29.77
u_13204,instagram,android,SE,93.5,2,2025-08-23,2025-11-07,140.25
u_13205,tiktok,ios,FR,40.78,1,2025-08-23,2025-08-23,40.78
u_13206,instagram,ios,ES,19.28,2,2025-08-23,2025-09-09,28.92
u_13207,google_ads,ios,IT,39.65,2,2025-08-23,2025-12-12,59.47
u_13208,twitter,ios,IE,47.94,1,2025-08-23,2025-08-23,47.94
u_13209,google_ads,ios,ES,25.71,1,2025-08-23,2025-08-23,25.71
u_13210,google_ads,android,FR,49.68,1,2025-08-23,2025-08-23,49.68
u_13211,instagram,ios,DE,129.15,2,2025-08-23,2025-09-10,193.73
u_13212,twitter,android,ES,55.98,1,2025-08-23,2025-08-23,55.98
u_13213,facebook,ios,FR,84.3,2,2025-08-24,2025-09-07,126.45
u_13214,google_ads,android,IE,48.53,1,2025-08-24,2025-08-24,48.53
u_13215,twitter,android,SE,36.13,1,2025-08-24,2025-08-24,36.13
u_13216,tiktok,ios,DE,96.52,1,2025-08-24,2025-08-24,96.52
u_13217,twitter,ios,DE,58.39,1,2025-08-24,2025-08-24,58.39
u_13218,google_ads,android,ES,21.4,1,2025-08-24,2025-08-24,21.4
u_13219,google_ads,ios,NL,30.76,1,2025-08-24,2025-08-24,30.76
u_13220,twitter,android,ES,36.32,1,2025-08-24,2025-08-24,36.32
u_13221,tiktok,ios,FR,34.28,1,2025-08-24,2025-08-24,34.28
u_13222,facebook,android,NL,60.53,1,2025-08-24,2025-08-24,60.53
u_13223,instagram,ios,IE,127.42,2,2025-08-24,2025-09-30,191.13
u_13224,google_ads,ios,ES,98.47,3,2025-08-24,2025-10-03,196.94
u_13225,google_ads,ios,PL,93.86,1,2025-08-24,2025-08-24,93.86
u_13226,instagram,ios,ES,33.69,1,2025-08-24,2025-08-24,33.69
u_13227,tiktok,android,DE,71.54,2,2025-08-24,2025-10-16,107.31
u_13228,instagram,android,PL,58.76,1,2025-08-24,2025-08-24,58.76
u_13229,tiktok,android,PT,19.43,1,2025-08-24,2025-08-24,19.43
u_13230,google_ads,android,PT,35.41,1,2025-08-24,2025-08-24,35.41
u_13231,google_ads,android,SE,33.01,1,2025-08-25,2025-08-25,33.01
u_13232,instagram,ios,PL,56.86,1,2025-08-25,2025-08-25,56.86
u_13233,google_ads,android,PL,58.32,1,2025-08-25,2025-08-25,58.32
u_13234,facebook,android,DE,29.32,1,2025-08-25,2025-08-25,29.32
u_13235,facebook,android,PT,63.87,1,2025-08-25,2025-08-25,63.87
u_13236,facebook,android,PL,44.31,1,2025-08-25,2025-08-25,44.31
u_13237,twitter,ios,DE,52.56,1,2025-08-25,2025-08-25,52.56
u_13238,google_ads,android,IE,62.09,1,2025-08-25,2025-08-25,62.09
u_13239,google_ads,android,NL,135.33,2,2025-08-25,2025-12-19,203.0
u_13240,twitter,android,PT,33.52,1,2025-08-25,2025-08-25,33.52
u_13241,google_ads,ios,PT,6.99,1,2025-08-25,2025-08-25,6.99
u_13242,google_ads,android,DE,65.19,2,2025-08-25,2025-12-05,97.78
u_13243,facebook,ios,NL,42.0,1,2025-08-25,2025-08-25,42.0
u_13244,google_ads,ios,FR,158.96,2,2025-08-26,2025-12-04,238.44
u_13245,twitter,ios,ES,104.41,2,2025-08-26,2025-09-02,156.62
u_13246,facebook,android,PL,80.64,1,2025-08-26,2025-08-26,80.64
u_13247,instagram,android,IE,80.54,1,2025-08-26,2025-08-26,80.54
u_13248,google_ads,ios,IT,15.85,1,2025-08-26,2025-08-26,15.85
u_13249,google_ads,ios,DE,16.74,1,2025-08-26,2025-08-26,16.74
u_13250,facebook,ios,PL,62.88,1,2025-08-26,2025-08-26,62.88
u_13251,google_ads,ios,DE,48.21,1,2025-08-26,2025-08-26,48.21
u_13252,tiktok,ios,PT,73.22,2,2025-08-27,2025-09-21,109.83
u_13253,tiktok,android,PL,28.97,1,2025-08-27,2025-08-27,28.97
u_13254,google_ads,android,NL,51.78,3,2025-08-27,2025-11-10,103.56
u_13255,facebook,android,PT,25.02,1,2025-08-27,2025-08-27,25.02
u_13256,tiktok,android,BE,23.38,1,2025-08-27,2025-08-27,23.38
u_13257,facebook,ios,PL,80.83,1,2025-08-27,2025-08-27,80.83
u_13258,facebook,ios,PT,59.19,1,2025-08-27,2025-08-27,59.19
u_13259,twitter,ios,ES,47.73,1,2025-08-27,2025-08-27,47.73
u_13260,google_ads,ios,ES,52.12,1,2025-08-27,2025-08-27,52.12
u_13261,google_ads,ios,DE,56.67,2,2025-08-27,2025-11-01,85.0
u_13262,facebook,ios,ES,46.84,1,2025-08-27,2025-08-27,46.84
u_13263,facebook,android,FR,28.96,1,2025-08-28,2025-08-28,28.96
u_13264,tiktok,ios,PT,73.69,1,2025-08-28,2025-08-28,73.69
u_13265,instagram,android,BE,29.09,1,2025-08-28,2025-08-28,29.09
u_13266,tiktok,android,ES,95.22,2,2025-08-28,2025-09-29,142.83
u_13267,tiktok,ios,SE,94.09,1,2025-08-28,2025-08-28,94.09
u_13268,facebook,android,ES,54.8,1,2025-08-28,2025-08-28,54.8
u_13269,google_ads,ios,NL,60.1,1,2025-08-28,2025-08-28,60.1
u_13270,instagram,ios,IT,55.43,1,2025-08-28,2025-08-28,55.43
u_13271,instagram,ios,BE,40.42,1,2025-08-28,2025-08-28,40.42
u_13272,twitter,ios,PT,51.35,1,2025-08-28,2025-08-28,51.35
u_13273,twitter,android,NL,27.04,1,2025-08-28,2025-08-28,27.04
u_13274,tiktok,android,IE,88.83,2,2025-08-28,2025-11-01,133.24
u_13275,google_ads,ios,PL,59.88,1,2025-08-28,2025-08-28,59.88
u_13276,facebook,ios,SE,34.38,2,2025-08-28,2025-11-26,51.57
u_13277,instagram,android,IE,31.61,1,2025-08-28,2025-08-28,31.61
u_13278,google_ads,android,IT,24.51,1,2025-08-28,2025-08-28,24.51
u_13279,facebook,android,SE,58.76,1,2025-08-28,2025-08-28,58.76
u_13280,instagram,android,PL,50.14,1,2025-08-28,2025-08-28,50.14
u_13281,google_ads,android,IT,46.72,1,2025-08-29,2025-08-29,46.72
u_13282,google_ads,ios,ES,58.43,1,2025-08-29,2025-08-29,58.43
u_13283,google_ads,ios,PL,23.14,1,2025-08-29,2025-08-29,23.14
u_13284,instagram,android,SE,52.28,1,2025-08-29,2025-08-29,52.28
u_13285,tiktok,ios,BE,32.12,1,2025-08-29,2025-08-29,32.12
u_13286,tiktok,ios,SE,61.54,1,2025-08-29,2025-08-29,61.54
u_13287,google_ads,android,DE,23.75,1,2025-08-29,2025-08-29,23.75
u_13288,instagram,ios,PT,11.45,1,2025-08-29,2025-08-29,11.45
u_13289,tiktok,android,PL,44.11,1,2025-08-29,2025-08-29,44.11
u_13290,google_ads,android,PL,28.82,1,2025-08-29,2025-08-29,28.82
u_13291,tiktok,ios,PT,61.14,1,2025-08-29,2025-08-29,61.14
u_13292,google_ads,android,SE,43.99,1,2025-08-29,2025-08-29,43.99
u_13293,google_ads,ios,BE,45.16,1,2025-08-29,2025-08-29,45.16
u_13294,twitter,android,SE,66.18,2,2025-08-29,2025-09-14,99.27
u_13295,google_ads,android,IT,62.08,2,2025-08-30,2025-12-06,93.12
u_13296,google_ads,ios,PL,16.42,1,2025-08-30,2025-08-30,16.42
u_13297,google_ads,ios,SE,15.66,1,2025-08-30,2025-08-30,15.66
u_13298,google_ads,ios,BE,39.03,1,2025-08-30,2025-08-30,39.03
u_13299,google_ads,android,BE,74.57,1,2025-08-30,2025-08-30,74.57
u_13300,tiktok,ios,DE,33.38,1,2025-08-30,2025-08-30,33.38
u_13301,google_ads,ios,NL,38.2,1,2025-08-30,2025-08-30,38.2
u_13302,google_ads,ios,IT,68.06,1,2025-08-30,2025-08-30,68.06
u_13303,google_ads,android,ES,41.54,1,2025-08-30,2025-08-30,41.54
u_13304,tiktok,android,IE,37.41,1,2025-08-30,2025-08-30,37.41
u_13305,google_ads,ios,FR,9.57,1,2025-08-30,2025-08-30,9.57
u_13306,tiktok,ios,PT,43.29,1,2025-08-30,2025-08-30,43.29
u_13307,google_ads,android,PL,19.81,1,2025-08-30,2025-08-30,19.81
u_13308,google_ads,android,ES,29.89,1,2025-08-30,2025-08-30,29.89
u_13309,facebook,android,IE,162.02,3,2025-08-30,2025-11-02,324.04
u_13310,facebook,android,SE,108.5,2,2025-08-31,2025-12-09,162.75
u_13311,tiktok,android,ES,48.35,1,2025-08-31,2025-08-31,48.35
u_13312,tiktok,android,ES,40.59,1,2025-08-31,2025-08-31,40.59
u_13313,google_ads,ios,SE,34.83,1,2025-08-31,2025-08-31,34.83
u_13314,facebook,android,IE,15.42,1,2025-08-31,2025-08-31,15.42
u_13315,instagram,android,NL,69.14,1,2025-08-31,2025-08-31,69.14
u_13316,facebook,android,SE,38.38,1,2025-08-31,2025-08-31,38.38
u_13317,facebook,android,DE,24.76,1,2025-08-31,2025-08-31,24.76
u_13318,google_ads,ios,SE,39.8,1,2025-08-31,2025-08-31,39.8
u_13319,twitter,android,PL,51.77,1,2025-08-31,2025-08-31,51.77
u_13320,facebook,android,IT,68.67,1,2025-08-31,2025-08-31,68.67
u_13321,facebook,android,PT,65.71,4,2025-08-31,2025-12-27,164.27
u_13322,tiktok,ios,BE,32.93,1,2025-08-31,2025-08-31,32.93
u_13323,facebook,ios,NL,43.72,1,2025-08-31,2025-08-31,43.72
u_13324,facebook,android,NL,102.31,2,2025-08-31,2025-09-22,153.46
u_13325,google_ads,android,PL,11.13,1,2025-08-31,2025-08-31,11.13
u_13326,instagram,android,BE,36.08,1,2025-08-31,2025-08-31,36.08
u_13327,facebook,ios,PL,44.0,1,2025-08-31,2025-08-31,44.0
u_13328,tiktok,android,PL,21.18,1,2025-09-01,2025-09-01,21.18
u_13329,google_ads,ios,DE,39.85,1,2025-09-01,2025-09-01,39.85
u_13330,google_ads,android,DE,56.98,1,2025-09-01,2025-09-01,56.98
u_13331,facebook,ios,DE,54.44,1,2025-09-01,2025-09-01,54.44
u_13332,instagram,ios,SE,41.32,1,2025-09-01,2025-09-01,41.32
u_13333,google_ads,ios,NL,55.63,1,2025-09-01,2025-09-01,55.63
u_13334,facebook,android,BE,101.38,2,2025-09-01,2025-10-05,152.07
u_13335,instagram,android,PT,48.75,1,2025-09-01,2025-09-01,48.75
u_13336,twitter,ios,NL,58.98,1,2025-09-01,2025-09-01,58.98
u_13337,tiktok,ios,NL,69.74,1,2025-09-01,2025-09-01,69.74
u_13338,google_ads,android,ES,21.85,1,2025-09-01,2025-09-01,21.85
u_13339,twitter,android,NL,73.85,1,2025-09-01,2025-09-01,73.85
u_13340,tiktok,ios,NL,33.18,1,2025-09-01,2025-09-01,33.18
u_13341,facebook,ios,ES,61.41,1,2025-09-01,2025-09-01,61.41
u_13342,instagram,ios,ES,103.18,2,2025-09-02,2025-12-18,154.77
u_13343,instagram,android,ES,52.05,1,2025-09-02,2025-09-02,52.05
u_13344,instagram,ios,DE,53.21,1,2025-09-02,2025-09-02,53.21
u_13345,tiktok,ios,BE,37.76,1,2025-09-02,2025-09-02,37.76
u_13346,tiktok,android,ES,90.36,2,2025-09-02,2025-10-04,135.54
u_13347,instagram,android,ES,53.81,1,2025-09-02,2025-09-02,53.81
u_13348,google_ads,android,PT,36.77,1,2025-09-02,2025-09-02,36.77
u_13349,tiktok,android,DE,51.51,1,2025-09-02,2025-09-02,51.51
u_13350,google_ads,ios,DE,44.73,1,2025-09-02,2025-09-02,44.73
u_13351,google_ads,ios,IT,24.74,1,2025-09-02,2025-09-02,24.74
u_13352,facebook,ios,PL,15.81,1,2025-09-02,2025-09-02,15.81
u_13353,twitter,android,PT,108.85,4,2025-09-02,2025-10-04,272.12
u_13354,facebook,ios,DE,40.87,1,2025-09-02,2025-09-02,40.87
u_13355,instagram,android,NL,37.69,1,2025-09-02,2025-09-02,37.69
u_13356,tiktok,ios,NL,52.61,1,2025-09-02,2025-09-02,52.61
u_13357,instagram,android,PL,64.03,1,2025-09-02,2025-09-02,64.03
u_13358,facebook,android,NL,25.98,1,2025-09-03,2025-09-03,25.98
u_13359,google_ads,android,DE,59.35,1,2025-09-03,2025-09-03,59.35
u_13360,tiktok,ios,FR,15.91,1,2025-09-03,2025-09-03,15.91
u_13361,tiktok,ios,SE,48.19,1,2025-09-03,2025-09-03,48.19
u_13362,tiktok,ios,BE,149.7,2,2025-09-03,2025-10-02,224.55
u_13363,tiktok,ios,DE,35.03,1,2025-09-03,2025-09-03,35.03
u_13364,google_ads,android,IT,49.84,1,2025-09-03,2025-09-03,49.84
u_13365,tiktok,android,BE,77.42,1,2025-09-03,2025-09-03,77.42
u_13366,twitter,ios,DE,31.54,1,2025-09-03,2025-09-03,31.54
u_13367,tiktok,android,DE,33.39,1,2025-09-03,2025-09-03,33.39
u_13368,google_ads,ios,NL,56.25,1,2025-09-03,2025-09-03,56.25
u_13369,instagram,ios,DE,21.98,1,2025-09-03,2025-09-03,21.98
u_13370,google_ads,ios,DE,102.66,2,2025-09-04,2025-12-30,153.99
u_13371,google_ads,ios,IT,45.59,1,2025-09-04,2025-09-04,45.59
u_13372,tiktok,android,IE,35.87,1,2025-09-04,2025-09-04,35.87
u_13373,google_ads,ios,SE,60.05,1,2025-09-04,2025-09-04,60.05
u_13374,twitter,android,FR,48.02,1,2025-09-04,2025-09-04,48.02
u_13375,tiktok,ios,DE,53.23,1,2025-09-04,2025-09-04,53.23
u_13376,instagram,ios,NL,6.99,1,2025-09-04,2025-09-04,6.99
u_13377,tiktok,ios,ES,45.45,1,2025-09-04,2025-09-04,45.45
u_13378,tiktok,ios,PL,45.24,1,2025-09-04,2025-09-04,45.24
u_13379,google_ads,android,FR,33.05,1,2025-09-04,2025-09-04,33.05
u_13380,google_ads,android,BE,41.41,1,2025-09-04,2025-09-04,41.41
u_13381,google_ads,ios,DE,45.32,1,2025-09-04,2025-09-04,45.32
u_13382,google_ads,android,PT,23.25,1,2025-09-04,2025-09-04,23.25
u_13383,instagram,android,PL,35.84,1,2025-09-04,2025-09-04,35.84
u_13384,google_ads,ios,SE,55.37,1,2025-09-04,2025-09-04,55.37
u_13385,google_ads,ios,IT,43.26,1,2025-09-04,2025-09-04,43.26
u_13386,instagram,android,SE,45.6,1,2025-09-04,2025-09-04,45.6
u_13387,tiktok,ios,FR,23.96,1,2025-09-04,2025-09-04,23.96
u_13388,google_ads,android,DE,54.23,1,2025-09-04,2025-09-04,54.23
u_13389,google_ads,android,SE,23.74,1,2025-09-04,2025-09-04,23.74
u_13390,google_ads,android,SE,22.32,1,2025-09-04,2025-09-04,22.32
u_13391,google_ads,android,ES,37.63,1,2025-09-05,2025-09-05,37.63
u_13392,instagram,ios,ES,38.32,1,2025-09-05,2025-09-05,38.32
u_13393,google_ads,ios,DE,50.12,1,2025-09-05,2025-09-05,50.12
u_13394,facebook,android,NL,89.72,1,2025-09-05,2025-09-05,89.72
u_13395,tiktok,ios,IE,22.32,1,2025-09-05,2025-09-05,22.32
u_13396,tiktok,ios,BE,60.57,1,2025-09-05,2025-09-05,60.57
u_13397,instagram,android,BE,43.73,1,2025-09-05,2025-09-05,43.73
u_13398,tiktok,android,FR,109.78,2,2025-09-05,2025-11-25,164.67
u_13399,twitter,ios,IT,54.84,1,2025-09-06,2025-09-06,54.84
u_13400,facebook,android,DE,167.75,2,2025-09-06,2025-11-08,251.62
u_13401,google_ads,android,ES,45.28,1,2025-09-06,2025-09-06,45.28
u_13402,facebook,android,PT,21.44,1,2025-09-06,2025-09-06,21.44
u_13403,facebook,ios,BE,59.44,2,2025-09-06,2025-12-20,89.16
u_13404,google_ads,android,SE,73.28,1,2025-09-06,2025-09-06,73.28
u_13405,tiktok,ios,DE,17.27,1,2025-09-06,2025-09-06,17.27
u_13406,facebook,android,PT,37.95,1,2025-09-06,2025-09-06,37.95
u_13407,twitter,android,ES,76.84,2,2025-09-06,2025-09-19,115.26
u_13408,facebook,ios,ES,30.3,1,2025-09-06,2025-09-06,30.3
u_13409,google_ads,ios,ES,102.12,2,2025-09-06,2025-09-26,153.18
u_13410,facebook,android,PL,86.17,2,2025-09-06,2025-11-21,129.26
u_13411,google_ads,android,PL,40.43,1,2025-09-06,2025-09-06,40.43
u_13412,tiktok,android,NL,39.04,2,2025-09-07,2025-09-26,58.56
u_13413,instagram,android,FR,59.01,1,2025-09-07,2025-09-07,59.01
u_13414,facebook,android,ES,71.59,1,2025-09-07,2025-09-07,71.59
u_13415,instagram,android,FR,62.4,1,2025-09-07,2025-09-07,62.4
u_13416,tiktok,ios,DE,49.23,1,2025-09-07,2025-09-07,49.23
u_13417,google_ads,android,DE,53.37,1,2025-09-07,2025-09-07,53.37
u_13418,instagram,ios,SE,35.94,1,2025-09-07,2025-09-07,35.94
u_13419,google_ads,android,FR,57.93,1,2025-09-07,2025-09-07,57.93
u_13420,facebook,ios,PT,45.44,1,2025-09-07,2025-09-07,45.44
u_13421,google_ads,ios,IE,35.81,1,2025-09-07,2025-09-07,35.81
u_13422,facebook,android,IT,17.34,1,2025-09-07,2025-09-07,17.34
u_13423,facebook,ios,PT,75.44,1,2025-09-07,2025-09-07,75.44
u_13424,facebook,ios,IT,57.81,1,2025-09-07,2025-09-07,57.81
u_13425,instagram,ios,FR,21.58,1,2025-09-08,2025-09-08,21.58
u_13426,google_ads,android,NL,6.99,1,2025-09-08,2025-09-08,6.99
u_13427,twitter,ios,DE,118.34,2,2025-09-08,2025-10-26,177.51
u_13428,twitter,android,DE,49.62,1,2025-09-08,2025-09-08,49.62
u_13429,instagram,android,DE,73.7,1,2025-09-08,2025-09-08,73.7
u_13430,google_ads,android,NL,25.69,1,2025-09-08,2025-09-08,25.69
u_13431,tiktok,android,IT,25.09,1,2025-09-08,2025-09-08,25.09
u_13432,tiktok,android,PT,40.56,1,2025-09-08,2025-09-08,40.56
u_13433,google_ads,android,ES,53.5,1,2025-09-08,2025-09-08,53.5
u_13434,google_ads,android,IT,20.1,1,2025-09-08,2025-09-08,20.1
u_13435,instagram,android,PT,68.73,1,2025-09-08,2025-09-08,68.73
u_13436,tiktok,android,PL,75.34,2,2025-09-08,2025-10-07,113.01
u_13437,google_ads,ios,FR,42.66,1,2025-09-08,2025-09-08,42.66
u_13438,google_ads,ios,PL,43.61,1,2025-09-08,2025-09-08,43.61
u_13439,google_ads,ios,DE,54.35,2,2025-09-09,2025-11-03,81.53
u_13440,google_ads,ios,IT,34.76,1,2025-09-09,2025-09-09,34.76
u_13441,twitter,android,SE,115.08,2,2025-09-09,2025-10-21,172.62
u_13442,instagram,ios,SE,58.62,1,2025-09-09,2025-09-09,58.62
u_13443,google_ads,ios,BE,57.72,2,2025-09-09,2025-09-16,86.58
u_13444,instagram,android,IE,118.04,2,2025-09-09,2025-12-03,177.06
u_13445,tiktok,ios,NL,17.2,1,2025-09-09,2025-09-09,17.2
u_13446,tiktok,ios,DE,60.09,1,2025-09-09,2025-09-09,60.09
u_13447,twitter,ios,NL,38.31,1,2025-09-09,2025-09-09,38.31
u_13448,tiktok,android,DE,50.98,1,2025-09-09,2025-09-09,50.98
u_13449,tiktok,ios,ES,58.39,1,2025-09-09,2025-09-09,58.39
u_13450,google_ads,android,SE,82.18,2,2025-09-09,2025-12-07,123.27
u_13451,tiktok,android,NL,13.78,1,2025-09-09,2025-09-09,13.78
u_13452,google_ads,ios,SE,24.27,1,2025-09-09,2025-09-09,24.27
u_13453,instagram,ios,DE,56.01,1,2025-09-09,2025-09-09,56.01
u_13454,facebook,ios,DE,21.18,1,2025-09-10,2025-09-10,21.18
u_13455,twitter,android,PL,46.07,1,2025-09-10,2025-09-10,46.07
u_13456,google_ads,android,IT,32.75,1,2025-09-10,2025-09-10,32.75
u_13457,tiktok,android,IE,28.61,1,2025-09-10,2025-09-10,28.61
u_13458,tiktok,ios,DE,18.29,1,2025-09-10,2025-09-10,18.29
u_13459,facebook,ios,BE,90.5,2,2025-09-10,2025-09-11,135.75
u_13460,instagram,ios,FR,59.39,1,2025-09-10,2025-09-10,59.39
u_13461,google_ads,android,ES,11.31,1,2025-09-10,2025-09-10,11.31
u_13462,instagram,ios,ES,31.65,1,2025-09-10,2025-09-10,31.65
u_13463,facebook,android,FR,53.66,1,2025-09-10,2025-09-10,53.66
u_13464,instagram,ios,PL,37.49,1,2025-09-10,2025-09-10,37.49
u_13465,google_ads,ios,ES,45.21,1,2025-09-10,2025-09-10,45.21
u_13466,google_ads,ios,IT,61.9,1,2025-09-10,2025-09-10,61.9
u_13467,google_ads,android,FR,25.98,1,2025-09-10,2025-09-10,25.98
u_13468,google_ads,android,DE,82.2,1,2025-09-10,2025-09-10,82.2
u_13469,google_ads,ios,IT,46.2,1,2025-09-10,2025-09-10,46.2
u_13470,facebook,android,FR,141.9,2,2025-09-10,2025-11-05,212.85
u_13471,instagram,android,PT,67.97,1,2025-09-10,2025-09-10,67.97
u_13472,google_ads,android,ES,22.52,1,2025-09-10,2025-09-10,22.52
u_13473,facebook,android,ES,47.03,1,2025-09-10,2025-09-10,47.03
u_13474,google_ads,android,BE,47.28,1,2025-09-10,2025-09-10,47.28
u_13475,facebook,ios,DE,35.92,1,2025-09-10,2025-09-10,35.92
u_13476,twitter,ios,ES,49.9,1,2025-09-10,2025-09-10,49.9
u_13477,instagram,android,IT,8.53,1,2025-09-10,2025-09-10,8.53
u_13478,google_ads,android,SE,20.78,1,2025-09-10,2025-09-10,20.78
u_13479,twitter,android,SE,56.82,2,2025-09-10,2025-11-11,85.23
u_13480,twitter,ios,DE,193.97,2,2025-09-11,2025-11-01,290.96
u_13481,google_ads,ios,FR,30.35,1,2025-09-11,2025-09-11,30.35
u_13482,tiktok,android,IE,37.3,1,2025-09-11,2025-09-11,37.3
u_13483,facebook,ios,FR,34.84,1,2025-09-11,2025-09-11,34.84
u_13484,tiktok,android,IT,45.35,1,2025-09-11,2025-09-11,45.35
u_13485,facebook,android,PT,31.48,1,2025-09-11,2025-09-11,31.48
u_13486,facebook,android,FR,6.99,1,2025-09-11,2025-09-11,6.99
u_13487,instagram,ios,FR,38.92,1,2025-09-11,2025-09-11,38.92
u_13488,facebook,android,ES,43.09,1,2025-09-11,2025-09-11,43.09
u_13489,tiktok,ios,DE,27.32,1,2025-09-11,2025-09-11,27.32
u_13490,google_ads,ios,IE,78.14,2,2025-09-11,2025-11-03,117.21
u_13491,tiktok,android,IE,57.24,1,2025-09-12,2025-09-12,57.24
u_13492,instagram,ios,DE,42.06,1,2025-09-12,2025-09-12,42.06
u_13493,google_ads,ios,PL,68.44,1,2025-09-12,2025-09-12,68.44
u_13494,google_ads,ios,IT,68.45,1,2025-09-12,2025-09-12,68.45
u_13495,facebook,ios,PT,53.01,1,2025-09-12,2025-09-12,53.01
u_13496,facebook,android,ES,84.83,1,2025-09-12,2025-09-12,84.83
u_13497,twitter,android,PL,41.54,1,2025-09-12,2025-09-12,41.54
u_13498,google_ads,ios,DE,6.99,1,2025-09-12,2025-09-12,6.99
u_13499,google_ads,ios,IE,46.57,1,2025-09-12,2025-09-12,46.57
u_13500,twitter,android,PL,45.81,1,2025-09-12,2025-09-12,45.81
u_13501,google_ads,ios,PL,34.22,1,2025-09-12,2025-09-12,34.22
u_13502,facebook,android,IE,67.03,1,2025-09-12,2025-09-12,67.03
u_13503,instagram,ios,IT,66.1,2,2025-09-12,2025-12-21,99.15
u_13504,google_ads,android,FR,7.94,1,2025-09-12,2025-09-12,7.94
u_13505,google_ads,ios,PL,41.67,1,2025-09-12,2025-09-12,41.67
u_13506,google_ads,android,FR,53.17,1,2025-09-12,2025-09-12,53.17
u_13507,tiktok,ios,FR,66.18,1,2025-09-12,2025-09-12,66.18
u_13508,tiktok,ios,DE,45.99,1,2025-09-13,2025-09-13,45.99
u_13509,instagram,android,SE,22.11,2,2025-09-13,2025-10-12,33.16
u_13510,google_ads,android,DE,79.34,1,2025-09-13,2025-09-13,79.34
u_13511,instagram,ios,FR,45.28,1,2025-09-13,2025-09-13,45.28
u_13512,instagram,ios,PL,95.2,2,2025-09-13,2025-12-06,142.8
u_13513,twitter,ios,NL,45.64,1,2025-09-13,2025-09-13,45.64
u_13514,google_ads,ios,PL,34.27,1,2025-09-13,2025-09-13,34.27
u_13515,facebook,ios,NL,102.14,2,2025-09-13,2025-10-24,153.21
u_13516,google_ads,android,ES,58.23,1,2025-09-13,2025-09-13,58.23
u_13517,google_ads,ios,DE,134.77,2,2025-09-13,2025-11-14,202.16
u_13518,instagram,android,FR,64.77,1,2025-09-13,2025-09-13,64.77
u_13519,facebook,android,ES,24.18,1,2025-09-13,2025-09-13,24.18
u_13520,facebook,ios,SE,17.0,1,2025-09-13,2025-09-13,17.0
u_13521,tiktok,ios,NL,54.09,1,2025-09-13,2025-09-13,54.09
u_13522,tiktok,android,ES,38.44,1,2025-09-14,2025-09-14,38.44
u_13523,tiktok,ios,DE,32.72,1,2025-09-14,2025-09-14,32.72
u_13524,instagram,android,FR,35.03,1,2025-09-14,2025-09-14,35.03
u_13525,google_ads,android,BE,45.55,1,2025-09-14,2025-09-14,45.55
u_13526,facebook,android,ES,48.92,1,2025-09-14,2025-09-14,48.92
u_13527,google_ads,ios,IE,6.99,1,2025-09-14,2025-09-14,6.99
u_13528,tiktok,android,DE,35.89,1,2025-09-14,2025-09-14,35.89
u_13529,facebook,android,ES,97.76,2,2025-09-14,2025-09-20,146.64
u_13530,facebook,ios,ES,56.15,1,2025-09-14,2025-09-14,56.15
u_13531,instagram,android,DE,40.66,1,2025-09-14,2025-09-14,40.66
u_13532,google_ads,ios,SE,59.09,1,2025-09-15,2025-09-15,59.09
u_13533,twitter,android,DE,35.99,1,2025-09-15,2025-09-15,35.99
u_13534,twitter,ios,NL,33.47,1,2025-09-15,2025-09-15,33.47
u_13535,tiktok,ios,IT,64.44,2,2025-09-15,2025-09-26,96.66
u_13536,facebook,ios,FR,49.09,1,2025-09-15,2025-09-15,49.09
u_13537,google_ads,ios,ES,52.79,1,2025-09-15,2025-09-15,52.79
u_13538,instagram,ios,FR,51.01,1,2025-09-15,2025-09-15,51.01
u_13539,twitter,android,SE,31.36,1,2025-09-15,2025-09-15,31.36
u_13540,instagram,android,IE,57.9,1,2025-09-15,2025-09-15,57.9
u_13541,google_ads,ios,BE,47.69,1,2025-09-15,2025-09-15,47.69
u_13542,facebook,ios,PL,45.96,2,2025-09-15,2025-11-01,68.94
u_13543,facebook,ios,DE,9.12,1,2025-09-15,2025-09-15,9.12
u_13544,google_ads,ios,FR,31.92,1,2025-09-15,2025-09-15,31.92
u_13545,facebook,android,BE,80.58,1,2025-09-15,2025-09-15,80.58
u_13546,google_ads,ios,NL,32.24,1,2025-09-15,2025-09-15,32.24
u_13547,tiktok,ios,PT,57.53,1,2025-09-15,2025-09-15,57.53
u_13548,tiktok,android,IT,24.18,1,2025-09-15,2025-09-15,24.18
u_13549,twitter,ios,PL,42.36,1,2025-09-16,2025-09-16,42.36
u_13550,facebook,android,BE,62.84,1,2025-09-16,2025-09-16,62.84
u_13551,tiktok,ios,PT,135.2,2,2025-09-16,2025-12-03,202.8
u_13552,instagram,android,ES,42.52,1,2025-09-16,2025-09-16,42.52
u_13553,instagram,ios,IE,26.86,1,2025-09-16,2025-09-16,26.86
u_13554,tiktok,android,IE,28.8,1,2025-09-16,2025-09-16,28.8
u_13555,facebook,ios,NL,98.4,2,2025-09-16,2025-12-14,147.6
u_13556,facebook,android,NL,17.42,1,2025-09-16,2025-09-16,17.42
u_13557,tiktok,android,ES,64.78,1,2025-09-16,2025-09-16,64.78
u_13558,facebook,android,ES,26.64,1,2025-09-16,2025-09-16,26.64
u_13559,google_ads,android,DE,90.29,2,2025-09-16,2025-11-21,135.44
u_13560,tiktok,android,SE,61.99,2,2025-09-16,2025-12-08,92.98
u_13561,google_ads,android,DE,34.01,2,2025-09-16,2025-11-09,51.02
u_13562,instagram,ios,DE,41.92,1,2025-09-16,2025-09-16,41.92
u_13563,tiktok,android,SE,60.66,1,2025-09-16,2025-09-16,60.66
u_13564,twitter,android,PL,16.53,1,2025-09-16,2025-09-16,16.53
u_13565,tiktok,android,FR,88.78,2,2025-09-16,2025-11-06,133.17
u_13566,instagram,android,PT,6.99,1,2025-09-16,2025-09-16,6.99
u_13567,instagram,android,IT,40.73,1,2025-09-17,2025-09-17,40.73
u_13568,instagram,ios,PT,53.2,1,2025-09-17,2025-09-17,53.2
u_13569,tiktok,android,DE,37.42,1,2025-09-17,2025-09-17,37.42
u_13570,google_ads,android,SE,24.82,1,2025-09-17,2025-09-17,24.82
u_13571,tiktok,android,SE,36.73,1,2025-09-17,2025-09-17,36.73
u_13572,facebook,ios,FR,26.53,1,2025-09-17,2025-09-17,26.53
u_13573,google_ads,android,IE,43.67,1,2025-09-17,2025-09-17,43.67
u_13574,facebook,ios,SE,63.37,1,2025-09-17,2025-09-17,63.37
u_13575,google_ads,android,PL,52.28,1,2025-09-17,2025-09-17,52.28
u_13576,twitter,ios,BE,35.39,1,2025-09-18,2025-09-18,35.39
u_13577,google_ads,ios,DE,56.63,1,2025-09-18,2025-09-18,56.63
u_13578,instagram,ios,DE,25.77,1,2025-09-18,2025-09-18,25.77
u_13579,google_ads,ios,SE,36.68,1,2025-09-18,2025-09-18,36.68
u_13580,tiktok,ios,PL,63.26,2,2025-09-18,2025-09-19,94.89
u_13581,google_ads,android,DE,52.59,1,2025-09-18,2025-09-18,52.59
u_13582,google_ads,android,IT,64.12,1,2025-09-18,2025-09-18,64.12
u_13583,instagram,android,NL,28.2,1,2025-09-18,2025-09-18,28.2
u_13584,tiktok,android,IE,6.99,1,2025-09-18,2025-09-18,6.99
u_13585,google_ads,android,PL,68.44,1,2025-09-18,2025-09-18,68.44
u_13586,instagram,ios,IE,44.71,1,2025-09-18,2025-09-18,44.71
u_13587,tiktok,android,IT,82.61,1,2025-09-18,2025-09-18,82.61
u_13588,twitter,android,BE,51.26,1,2025-09-18,2025-09-18,51.26
u_13589,instagram,ios,IT,29.6,1,2025-09-19,2025-09-19,29.6
u_13590,facebook,ios,DE,38.09,1,2025-09-19,2025-09-19,38.09
u_13591,tiktok,android,DE,55.09,2,2025-09-19,2025-10-22,82.64
u_13592,instagram,ios,FR,6.99,1,2025-09-19,2025-09-19,6.99
u_13593,tiktok,android,IE,20.28,1,2025-09-19,2025-09-19,20.28
u_13594,tiktok,android,NL,20.64,1,2025-09-19,2025-09-19,20.64
u_13595,facebook,android,FR,32.94,1,2025-09-19,2025-09-19,32.94
u_13596,twitter,ios,NL,56.42,1,2025-09-19,2025-09-19,56.42
u_13597,google_ads,android,IE,10.01,1,2025-09-19,2025-09-19,10.01
u_13598,google_ads,ios,PT,34.47,1,2025-09-19,2025-09-19,34.47
u_13599,tiktok,ios,ES,53.37,1,2025-09-19,2025-09-19,53.37
u_13600,google_ads,ios,FR,21.41,1,2025-09-19,2025-09-19,21.41
u_13601,facebook,ios,DE,34.29,1,2025-09-19,2025-09-19,34.29
u_13602,facebook,ios,PT,21.2,2,2025-09-19,2025-10-28,31.8
u_13603,google_ads,android,ES,31.85,1,2025-09-19,2025-09-19,31.85
u_13604,instagram,ios,BE,14.34,1,2025-09-19,2025-09-19,14.34
u_13605,instagram,android,SE,36.31,1,2025-09-19,2025-09-19,36.31
u_13606,tiktok,ios,IE,24.14,1,2025-09-19,2025-09-19,24.14
u_13607,instagram,ios,IT,39.27,1,2025-09-19,2025-09-19,39.27
u_13608,instagram,android,PT,61.95,1,2025-09-19,2025-09-19,61.95
u_13609,google_ads,android,ES,23.46,1,2025-09-19,2025-09-19,23.46
u_13610,instagram,ios,IT,42.83,1,2025-09-20,2025-09-20,42.83
u_13611,twitter,android,FR,113.86,2,2025-09-20,2025-11-04,170.79
u_13612,tiktok,ios,ES,36.75,1,2025-09-20,2025-09-20,36.75
u_13613,twitter,android,NL,45.32,1,2025-09-20,2025-09-20,45.32
u_13614,google_ads,ios,FR,63.2,1,2025-09-20,2025-09-20,63.2
u_13615,facebook,android,DE,37.96,1,2025-09-20,2025-09-20,37.96
u_13616,tiktok,android,DE,22.55,1,2025-09-20,2025-09-20,22.55
u_13617,twitter,android,SE,53.06,1,2025-09-20,2025-09-20,53.06
u_13618,google_ads,ios,ES,19.96,1,2025-09-20,2025-09-20,19.96
u_13619,tiktok,ios,ES,36.95,1,2025-09-20,2025-09-20,36.95
u_13620,facebook,ios,ES,26.87,1,2025-09-20,2025-09-20,26.87
u_13621,instagram,ios,PT,22.66,1,2025-09-20,2025-09-20,22.66
u_13622,facebook,ios,PT,43.4,1,2025-09-20,2025-09-20,43.4
u_13623,google_ads,ios,DE,34.5,1,2025-09-20,2025-09-20,34.5
u_13624,google_ads,android,DE,12.36,1,2025-09-20,2025-09-20,12.36
u_13625,facebook,android,IE,11.09,1,2025-09-20,2025-09-20,11.09
u_13626,tiktok,ios,NL,43.78,1,2025-09-20,2025-09-20,43.78
u_13627,tiktok,android,BE,74.29,1,2025-09-20,2025-09-20,74.29
u_13628,tiktok,android,ES,20.14,1,2025-09-20,2025-09-20,20.14
u_13629,google_ads,ios,IT,24.93,1,2025-09-21,2025-09-21,24.93
u_13630,facebook,ios,SE,50.75,2,2025-09-21,2025-12-19,76.12
u_13631,instagram,android,PL,48.65,2,2025-09-21,2025-10-22,72.97
u_13632,google_ads,ios,DE,22.6,1,2025-09-21,2025-09-21,22.6
u_13633,instagram,android,SE,78.52,2,2025-09-21,2025-11-10,117.78
u_13634,instagram,ios,DE,43.66,1,2025-09-21,2025-09-21,43.66
u_13635,tiktok,ios,FR,59.91,1,2025-09-21,2025-09-21,59.91
u_13636,google_ads,android,IT,15.04,1,2025-09-21,2025-09-21,15.04
u_13637,facebook,ios,FR,52.28,1,2025-09-21,2025-09-21,52.28
u_13638,tiktok,android,DE,71.06,1,2025-09-21,2025-09-21,71.06
u_13639,facebook,android,DE,63.31,1,2025-09-21,2025-09-21,63.31
u_13640,twitter,ios,ES,142.91,2,2025-09-21,2025-09-28,214.36
u_13641,facebook,ios,SE,129.41,2,2025-09-21,2025-10-20,194.12
u_13642,google_ads,android,FR,79.64,1,2025-09-21,2025-09-21,79.64
u_13643,google_ads,ios,ES,35.29,1,2025-09-21,2025-09-21,35.29
u_13644,google_ads,android,FR,78.87,1,2025-09-21,2025-09-21,78.87
u_13645,twitter,android,PT,32.5,1,2025-09-22,2025-09-22,32.5
u_13646,google_ads,android,DE,46.4,2,2025-09-22,2025-12-30,69.6
u_13647,tiktok,android,PT,47.22,1,2025-09-22,2025-09-22,47.22
u_13648,instagram,android,IT,48.04,1,2025-09-22,2025-09-22,48.04
u_13649,facebook,ios,DE,40.18,1,2025-09-22,2025-09-22,40.18
u_13650,facebook,android,BE,181.3,3,2025-09-22,2025-12-30,362.6
u_13651,google_ads,android,IE,9.56,1,2025-09-22,2025-09-22,9.56
u_13652,tiktok,android,ES,32.32,1,2025-09-22,2025-09-22,32.32
u_13653,tiktok,ios,IE,37.48,1,2025-09-22,2025-09-22,37.48
u_13654,facebook,ios,IT,16.31,1,2025-09-23,2025-09-23,16.31
u_13655,google_ads,android,NL,57.19,2,2025-09-23,2025-10-30,85.78
u_13656,tiktok,android,IT,20.33,1,2025-09-23,2025-09-23,20.33
u_13657,facebook,ios,DE,46.67,1,2025-09-23,2025-09-23,46.67
u_13658,tiktok,ios,PL,39.53,1,2025-09-23,2025-09-23,39.53
u_13659,google_ads,ios,BE,53.3,1,2025-09-23,2025-09-23,53.3
u_13660,instagram,ios,ES,37.87,1,2025-09-23,2025-09-23,37.87
u_13661,facebook,android,DE,7.28,1,2025-09-23,2025-09-23,7.28
u_13662,google_ads,android,ES,40.16,1,2025-09-23,2025-09-23,40.16
u_13663,google_ads,ios,FR,68.73,1,2025-09-23,2025-09-23,68.73
u_13664,google_ads,ios,ES,71.53,2,2025-09-23,2025-11-05,107.3
u_13665,tiktok,android,ES,44.02,1,2025-09-23,2025-09-23,44.02
u_13666,google_ads,android,PL,64.08,1,2025-09-23,2025-09-23,64.08
u_13667,facebook,android,SE,35.62,1,2025-09-23,2025-09-23,35.62
u_13668,tiktok,ios,DE,21.34,1,2025-09-23,2025-09-23,21.34
u_13669,tiktok,android,SE,43.58,1,2025-09-23,2025-09-23,43.58
u_13670,facebook,ios,PT,6.99,1,2025-09-23,2025-09-23,6.99
u_13671,google_ads,ios,NL,33.49,1,2025-09-23,2025-09-23,33.49
u_13672,google_ads,android,DE,38.08,1,2025-09-24,2025-09-24,38.08
u_13673,tiktok,ios,FR,68.96,1,2025-09-24,2025-09-24,68.96
u_13674,tiktok,android,NL,52.15,1,2025-09-24,2025-09-24,52.15
u_13675,instagram,android,PL,95.43,1,2025-09-24,2025-09-24,95.43
u_13676,google_ads,android,PT,38.84,1,2025-09-24,2025-09-24,38.84
u_13677,tiktok,android,DE,73.19,1,2025-09-24,2025-09-24,73.19
u_13678,instagram,android,IE,31.67,1,2025-09-24,2025-09-24,31.67
u_13679,facebook,ios,ES,53.26,1,2025-09-24,2025-09-24,53.26
u_13680,instagram,android,IE,81.19,2,2025-09-24,2025-09-26,121.78
u_13681,instagram,android,SE,48.98,1,2025-09-24,2025-09-24,48.98
u_13682,google_ads,android,IT,62.32,1,2025-09-24,2025-09-24,62.32
u_13683,tiktok,android,BE,25.75,1,2025-09-24,2025-09-24,25.75
u_13684,instagram,ios,DE,62.82,1,2025-09-24,2025-09-24,62.82
u_13685,google_ads,ios,PL,63.69,1,2025-09-24,2025-09-24,63.69
u_13686,google_ads,android,ES,34.87,1,2025-09-24,2025-09-24,34.87
u_13687,google_ads,android,DE,24.64,1,2025-09-24,2025-09-24,24.64
u_13688,facebook,android,ES,48.0,1,2025-09-24,2025-09-24,48.0
u_13689,twitter,ios,DE,148.09,2,2025-09-25,2025-12-09,222.14
u_13690,tiktok,android,FR,28.43,1,2025-09-25,2025-09-25,28.43
u_13691,google_ads,android,DE,29.27,1,2025-09-25,2025-09-25,29.27
u_13692,tiktok,ios,SE,36.48,1,2025-09-25,2025-09-25,36.48
u_13693,instagram,android,IE,74.73,2,2025-09-25,2025-09-28,112.1
u_13694,facebook,android,FR,6.99,1,2025-09-25,2025-09-25,6.99
u_13695,google_ads,android,IE,65.07,1,2025-09-25,2025-09-25,65.07
u_13696,instagram,ios,IT,51.41,2,2025-09-25,2025-12-07,77.11
u_13697,tiktok,android,PL,35.3,1,2025-09-25,2025-09-25,35.3
u_13698,google_ads,ios,FR,43.7,1,2025-09-25,2025-09-25,43.7
u_13699,google_ads,android,ES,33.57,1,2025-09-25,2025-09-25,33.57
u_13700,twitter,ios,IT,68.53,1,2025-09-25,2025-09-25,68.53
u_13701,facebook,android,NL,59.9,1,2025-09-25,2025-09-25,59.9
u_13702,twitter,ios,IT,45.58,1,2025-09-25,2025-09-25,45.58
u_13703,tiktok,android,SE,34.32,1,2025-09-26,2025-09-26,34.32
u_13704,google_ads,android,NL,48.48,1,2025-09-26,2025-09-26,48.48
u_13705,instagram,ios,SE,48.27,2,2025-09-26,2025-11-26,72.4
u_13706,facebook,android,IT,113.73,2,2025-09-26,2025-11-18,170.6
u_13707,tiktok,ios,NL,95.65,2,2025-09-26,2025-12-08,143.48
u_13708,facebook,android,IT,54.04,1,2025-09-26,2025-09-26,54.04
u_13709,google_ads,ios,NL,70.92,1,2025-09-26,2025-09-26,70.92
u_13710,instagram,ios,IE,56.06,1,2025-09-26,2025-09-26,56.06
u_13711,facebook,ios,IE,64.15,2,2025-09-26,2025-12-11,96.22
u_13712,facebook,ios,IT,25.01,1,2025-09-26,2025-09-26,25.01
u_13713,google_ads,android,DE,26.62,1,2025-09-26,2025-09-26,26.62
u_13714,instagram,android,IT,73.27,3,2025-09-26,2025-10-08,146.54
u_13715,instagram,ios,FR,22.23,1,2025-09-26,2025-09-26,22.23
u_13716,google_ads,android,BE,63.51,1,2025-09-26,2025-09-26,63.51
u_13717,google_ads,ios,NL,36.44,1,2025-09-26,2025-09-26,36.44
u_13718,twitter,ios,PT,121.1,2,2025-09-26,2025-10-08,181.65
u_13719,google_ads,ios,PT,56.27,1,2025-09-26,2025-09-26,56.27
u_13720,tiktok,android,SE,36.02,1,2025-09-26,2025-09-26,36.02
u_13721,facebook,ios,DE,42.82,1,2025-09-26,2025-09-26,42.82
u_13722,twitter,ios,FR,35.57,1,2025-09-27,2025-09-27,35.57
u_13723,facebook,ios,NL,53.08,1,2025-09-27,2025-09-27,53.08
u_13724,facebook,ios,DE,57.65,1,2025-09-27,2025-09-27,57.65
u_13725,twitter,android,IT,51.0,1,2025-09-27,2025-09-27,51.0
u_13726,instagram,ios,PT,35.45,1,2025-09-27,2025-09-27,35.45
u_13727,instagram,ios,NL,37.47,1,2025-09-27,2025-09-27,37.47
u_13728,instagram,ios,FR,61.8,1,2025-09-27,2025-09-27,61.8
u_13729,facebook,android,DE,40.19,1,2025-09-28,2025-09-28,40.19
u_13730,facebook,android,PL,56.12,1,2025-09-28,2025-09-28,56.12
u_13731,google_ads,android,FR,146.28,2,2025-09-28,2025-11-13,219.42
u_13732,facebook,ios,IT,80.4,1,2025-09-28,2025-09-28,80.4
u_13733,twitter,ios,ES,20.35,1,2025-09-28,2025-09-28,20.35
u_13734,facebook,ios,DE,24.46,2,2025-09-28,2025-11-25,36.69
u_13735,google_ads,android,FR,73.77,1,2025-09-28,2025-09-28,73.77
u_13736,facebook,android,SE,171.14,2,2025-09-28,2025-10-26,256.71
u_13737,facebook,android,DE,15.82,1,2025-09-28,2025-09-28,15.82
u_13738,facebook,ios,PL,57.84,1,2025-09-28,2025-09-28,57.84
u_13739,instagram,ios,FR,209.4,3,2025-09-28,2025-12-29,418.8
u_13740,google_ads,ios,DE,68.07,1,2025-09-28,2025-09-28,68.07
u_13741,instagram,ios,NL,53.65,1,2025-09-28,2025-09-28,53.65
u_13742,tiktok,ios,FR,38.42,1,2025-09-28,2025-09-28,38.42
u_13743,google_ads,ios,ES,39.66,1,2025-09-28,2025-09-28,39.66
u_13744,twitter,ios,PT,51.07,1,2025-09-28,2025-09-28,51.07
u_13745,facebook,android,IT,42.92,1,2025-09-29,2025-09-29,42.92
u_13746,google_ads,android,SE,72.01,1,2025-09-29,2025-09-29,72.01
u_13747,facebook,android,DE,48.98,1,2025-09-29,2025-09-29,48.98
u_13748,facebook,android,BE,41.0,1,2025-09-29,2025-09-29,41.0
u_13749,google_ads,android,PT,30.64,1,2025-09-29,2025-09-29,30.64
u_13750,facebook,android,DE,89.32,2,2025-09-29,2025-10-19,133.98
u_13751,twitter,ios,DE,61.2,1,2025-09-29,2025-09-29,61.2
u_13752,google_ads,android,ES,49.28,1,2025-09-29,2025-09-29,49.28
u_13753,facebook,android,ES,60.86,1,2025-09-29,2025-09-29,60.86
u_13754,instagram,ios,DE,50.05,1,2025-09-29,2025-09-29,50.05
u_13755,twitter,android,DE,29.0,1,2025-09-30,2025-09-30,29.0
u_13756,tiktok,android,ES,86.11,1,2025-09-30,2025-09-30,86.11
u_13757,instagram,android,IT,37.92,1,2025-09-30,2025-09-30,37.92
u_13758,tiktok,ios,DE,33.16,1,2025-09-30,2025-09-30,33.16
u_13759,tiktok,ios,NL,98.89,2,2025-09-30,2025-12-10,148.34
u_13760,google_ads,android,FR,37.18,1,2025-09-30,2025-09-30,37.18
u_13761,google_ads,ios,PL,54.41,1,2025-09-30,2025-09-30,54.41
u_13762,tiktok,android,DE,87.59,1,2025-09-30,2025-09-30,87.59
u_13763,google_ads,ios,IT,47.17,1,2025-09-30,2025-09-30,47.17
u_13764,google_ads,ios,IT,25.05,1,2025-09-30,2025-09-30,25.05
u_13765,tiktok,android,PL,64.34,2,2025-09-30,2025-10-09,96.51
u_13766,tiktok,android,DE,37.04,1,2025-09-30,2025-09-30,37.04
u_13767,google_ads,android,NL,63.42,1,2025-09-30,2025-09-30,63.42
u_13768,twitter,android,PL,37.22,1,2025-09-30,2025-09-30,37.22
u_13769,facebook,ios,FR,52.11,1,2025-09-30,2025-09-30,52.11
u_13770,tiktok,ios,ES,6.99,1,2025-10-01,2025-10-01,6.99
u_13771,tiktok,ios,FR,101.66,2,2025-10-01,2025-11-19,152.49
u_13772,facebook,android,ES,53.75,1,2025-10-01,2025-10-01,53.75
u_13773,facebook,ios,DE,46.52,1,2025-10-01,2025-10-01,46.52
u_13774,tiktok,ios,PL,65.39,1,2025-10-01,2025-10-01,65.39
u_13775,tiktok,android,ES,40.44,1,2025-10-01,2025-10-01,40.44
u_13776,twitter,android,PT,62.68,2,2025-10-01,2025-12-05,94.02
u_13777,facebook,android,FR,75.42,1,2025-10-01,2025-10-01,75.42
u_13778,facebook,ios,NL,151.98,2,2025-10-01,2025-12-20,227.97
u_13779,tiktok,ios,SE,49.17,1,2025-10-01,2025-10-01,49.17
u_13780,facebook,ios,FR,74.26,1,2025-10-01,2025-10-01,74.26
u_13781,google_ads,android,IT,48.38,1,2025-10-01,2025-10-01,48.38
u_13782,instagram,ios,IE,38.36,1,2025-10-01,2025-10-01,38.36
u_13783,twitter,ios,FR,36.12,2,2025-10-01,2025-12-23,54.18
u_13784,google_ads,android,PT,47.71,1,2025-10-01,2025-10-01,47.71
u_13785,google_ads,ios,IT,33.61,1,2025-10-01,2025-10-01,33.61
u_13786,google_ads,android,NL,16.99,1,2025-10-01,2025-10-01,16.99
u_13787,instagram,android,FR,70.06,1,2025-10-02,2025-10-02,70.06
u_13788,tiktok,android,ES,53.73,1,2025-10-02,2025-10-02,53.73
u_13789,tiktok,android,NL,57.07,1,2025-10-02,2025-10-02,57.07
u_13790,instagram,android,PT,44.81,1,2025-10-02,2025-10-02,44.81
u_13791,facebook,ios,NL,36.38,1,2025-10-02,2025-10-02,36.38
u_13792,tiktok,android,ES,57.11,1,2025-10-02,2025-10-02,57.11
u_13793,twitter,ios,FR,26.33,1,2025-10-02,2025-10-02,26.33
u_13794,twitter,android,DE,28.77,1,2025-10-03,2025-10-03,28.77
u_13795,facebook,android,NL,16.79,1,2025-10-03,2025-10-03,16.79
u_13796,tiktok,android,IT,43.06,2,2025-10-03,2025-10-21,64.59
u_13797,tiktok,android,DE,17.31,1,2025-10-03,2025-10-03,17.31
u_13798,facebook,ios,IT,50.44,1,2025-10-03,2025-10-03,50.44
u_13799,instagram,ios,DE,17.44,1,2025-10-03,2025-10-03,17.44
u_13800,google_ads,android,IT,20.52,1,2025-10-03,2025-10-03,20.52
u_13801,instagram,android,SE,64.23,1,2025-10-03,2025-10-03,64.23
u_13802,google_ads,android,PL,99.85,2,2025-10-03,2025-10-17,149.77
u_13803,facebook,android,IT,86.8,2,2025-10-03,2025-12-16,130.2
u_13804,tiktok,ios,ES,46.01,1,2025-10-03,2025-10-03,46.01
u_13805,tiktok,ios,ES,68.34,1,2025-10-03,2025-10-03,68.34
u_13806,google_ads,ios,PL,67.31,1,2025-10-03,2025-10-03,67.31
u_13807,tiktok,ios,ES,56.57,1,2025-10-03,2025-10-03,56.57
u_13808,twitter,ios,IE,58.45,1,2025-10-03,2025-10-03,58.45
u_13809,google_ads,android,FR,30.78,1,2025-10-04,2025-10-04,30.78
u_13810,google_ads,android,FR,58.32,1,2025-10-04,2025-10-04,58.32
u_13811,facebook,android,PT,67.32,1,2025-10-04,2025-10-04,67.32
u_13812,twitter,android,NL,45.52,1,2025-10-04,2025-10-04,45.52
u_13813,twitter,android,IT,47.14,1,2025-10-04,2025-10-04,47.14
u_13814,facebook,android,DE,21.99,2,2025-10-04,2025-12-18,32.98
u_13815,facebook,android,DE,54.16,1,2025-10-04,2025-10-04,54.16
u_13816,instagram,android,FR,12.6,1,2025-10-04,2025-10-04,12.6
u_13817,facebook,ios,DE,52.03,1,2025-10-04,2025-10-04,52.03
u_13818,tiktok,ios,NL,45.04,1,2025-10-04,2025-10-04,45.04
u_13819,instagram,android,SE,52.07,1,2025-10-04,2025-10-04,52.07
u_13820,twitter,android,IE,50.99,1,2025-10-04,2025-10-04,50.99
u_13821,tiktok,ios,DE,51.32,1,2025-10-04,2025-10-04,51.32
u_13822,tiktok,ios,ES,27.39,1,2025-10-04,2025-10-04,27.39
u_13823,instagram,ios,IE,35.47,1,2025-10-04,2025-10-04,35.47
u_13824,tiktok,ios,ES,46.84,1,2025-10-04,2025-10-04,46.84
u_13825,tiktok,android,NL,55.88,1,2025-10-05,2025-10-05,55.88
u_13826,google_ads,android,SE,26.63,1,2025-10-05,2025-10-05,26.63
u_13827,facebook,ios,NL,30.4,1,2025-10-05,2025-10-05,30.4
u_13828,google_ads,ios,SE,31.27,1,2025-10-05,2025-10-05,31.27
u_13829,google_ads,ios,NL,23.58,1,2025-10-05,2025-10-05,23.58
u_13830,twitter,android,IE,42.36,1,2025-10-05,2025-10-05,42.36
u_13831,google_ads,ios,IE,11.91,1,2025-10-05,2025-10-05,11.91
u_13832,tiktok,ios,ES,24.45,1,2025-10-05,2025-10-05,24.45
u_13833,facebook,ios,ES,70.89,1,2025-10-05,2025-10-05,70.89
u_13834,facebook,ios,IT,10.12,1,2025-10-05,2025-10-05,10.12
u_13835,instagram,android,DE,44.93,1,2025-10-05,2025-10-05,44.93
u_13836,instagram,ios,SE,63.27,1,2025-10-06,2025-10-06,63.27
u_13837,tiktok,ios,SE,46.18,1,2025-10-06,2025-10-06,46.18
u_13838,instagram,android,ES,69.22,1,2025-10-06,2025-10-06,69.22
u_13839,instagram,android,ES,14.65,1,2025-10-06,2025-10-06,14.65
u_13840,tiktok,ios,IE,87.16,2,2025-10-06,2025-11-27,130.74
u_13841,instagram,android,ES,78.1,2,2025-10-06,2025-11-13,117.15
u_13842,google_ads,android,NL,45.48,1,2025-10-06,2025-10-06,45.48
u_13843,facebook,android,PT,73.68,2,2025-10-06,2025-11-30,110.52
u_13844,facebook,android,IT,52.67,1,2025-10-06,2025-10-06,52.67
u_13845,tiktok,android,IE,31.4,1,2025-10-06,2025-10-06,31.4
u_13846,twitter,ios,BE,33.58,1,2025-10-06,2025-10-06,33.58
u_13847,tiktok,ios,PL,67.11,1,2025-10-06,2025-10-06,67.11
u_13848,facebook,android,PL,32.33,1,2025-10-06,2025-10-06,32.33
u_13849,facebook,android,PT,63.17,1,2025-10-06,2025-10-06,63.17
u_13850,facebook,android,DE,47.91,1,2025-10-06,2025-10-06,47.91
u_13851,tiktok,android,PT,46.06,1,2025-10-07,2025-10-07,46.06
u_13852,google_ads,ios,FR,20.73,1,2025-10-07,2025-10-07,20.73
u_13853,google_ads,ios,FR,31.47,1,2025-10-07,2025-10-07,31.47
u_13854,google_ads,android,DE,34.28,1,2025-10-07,2025-10-07,34.28
u_13855,tiktok,android,ES,29.33,1,2025-10-07,2025-10-07,29.33
u_13856,facebook,android,PL,85.76,2,2025-10-07,2025-12-26,128.64
u_13857,facebook,android,IE,149.19,2,2025-10-07,2025-12-05,223.78
u_13858,tiktok,android,FR,36.9,1,2025-10-07,2025-10-07,36.9
u_13859,google_ads,android,BE,30.38,1,2025-10-07,2025-10-07,30.38
u_13860,tiktok,android,DE,70.02,1,2025-10-07,2025-10-07,70.02
u_13861,instagram,android,DE,53.13,1,2025-10-07,2025-10-07,53.13
u_13862,google_ads,ios,PL,53.68,1,2025-10-07,2025-10-07,53.68
u_13863,instagram,android,SE,6.99,1,2025-10-07,2025-10-07,6.99
u_13864,facebook,android,ES,36.33,1,2025-10-07,2025-10-07,36.33
u_13865,google_ads,ios,PT,24.71,1,2025-10-07,2025-10-07,24.71
u_13866,google_ads,ios,ES,55.83,1,2025-10-07,2025-10-07,55.83
u_13867,tiktok,ios,IT,20.06,1,2025-10-07,2025-10-07,20.06
u_13868,tiktok,ios,DE,35.02,1,2025-10-07,2025-10-07,35.02
u_13869,google_ads,ios,PL,23.15,1,2025-10-07,2025-10-07,23.15
u_13870,instagram,ios,PT,42.91,1,2025-10-08,2025-10-08,42.91
u_13871,google_ads,android,NL,53.34,1,2025-10-08,2025-10-08,53.34
u_13872,google_ads,android,PT,52.36,1,2025-10-08,2025-10-08,52.36
u_13873,tiktok,ios,PL,21.96,1,2025-10-08,2025-10-08,21.96
u_13874,tiktok,ios,IT,49.42,1,2025-10-08,2025-10-08,49.42
u_13875,google_ads,android,FR,42.43,1,2025-10-08,2025-10-08,42.43
u_13876,twitter,ios,ES,31.53,1,2025-10-08,2025-10-08,31.53
u_13877,google_ads,android,IT,62.43,1,2025-10-08,2025-10-08,62.43
u_13878,instagram,android,PL,28.7,1,2025-10-08,2025-10-08,28.7
u_13879,instagram,ios,BE,31.8,1,2025-10-08,2025-10-08,31.8
u_13880,google_ads,android,DE,41.71,2,2025-10-08,2025-12-02,62.56
u_13881,tiktok,ios,FR,50.09,1,2025-10-08,2025-10-08,50.09
u_13882,google_ads,ios,SE,38.8,1,2025-10-08,2025-10-08,38.8
u_13883,tiktok,android,BE,47.41,1,2025-10-09,2025-10-09,47.41
u_13884,tiktok,ios,NL,61.74,1,2025-10-09,2025-10-09,61.74
u_13885,tiktok,ios,SE,42.55,1,2025-10-09,2025-10-09,42.55
u_13886,tiktok,ios,PL,35.11,1,2025-10-09,2025-10-09,35.11
u_13887,google_ads,ios,NL,54.07,2,2025-10-09,2025-10-24,81.1
u_13888,tiktok,android,PT,37.88,1,2025-10-09,2025-10-09,37.88
u_13889,instagram,ios,BE,29.71,1,2025-10-09,2025-10-09,29.71
u_13890,google_ads,ios,DE,56.49,1,2025-10-09,2025-10-09,56.49
u_13891,instagram,android,ES,25.09,1,2025-10-09,2025-10-09,25.09
u_13892,google_ads,android,NL,50.79,1,2025-10-09,2025-10-09,50.79
u_13893,google_ads,android,IT,45.22,1,2025-10-09,2025-10-09,45.22
u_13894,google_ads,android,IT,30.86,1,2025-10-09,2025-10-09,30.86
u_13895,instagram,android,PT,43.89,1,2025-10-09,2025-10-09,43.89
u_13896,google_ads,android,PL,59.57,1,2025-10-09,2025-10-09,59.57
u_13897,instagram,ios,IT,32.78,1,2025-10-09,2025-10-09,32.78
u_13898,facebook,android,IT,94.79,2,2025-10-09,2025-12-02,142.18
u_13899,tiktok,ios,DE,61.77,1,2025-10-09,2025-10-09,61.77
u_13900,tiktok,android,IT,45.09,1,2025-10-09,2025-10-09,45.09
u_13901,google_ads,android,IE,41.32,1,2025-10-10,2025-10-10,41.32
u_13902,google_ads,android,ES,30.97,1,2025-10-10,2025-10-10,30.97
u_13903,instagram,ios,SE,87.84,1,2025-10-10,2025-10-10,87.84
u_13904,google_ads,ios,NL,39.84,1,2025-10-10,2025-10-10,39.84
u_13905,tiktok,android,ES,65.36,2,2025-10-10,2025-11-28,98.04
u_13906,google_ads,ios,IE,35.05,1,2025-10-10,2025-10-10,35.05
u_13907,google_ads,ios,NL,6.99,1,2025-10-10,2025-10-10,6.99
u_13908,instagram,android,FR,69.22,2,2025-10-10,2025-12-06,103.83
u_13909,google_ads,android,SE,259.03,4,2025-10-10,2025-12-16,647.57
u_13910,twitter,android,PT,43.55,1,2025-10-10,2025-10-10,43.55
u_13911,google_ads,android,SE,25.35,1,2025-10-10,2025-10-10,25.35
u_13912,google_ads,ios,PL,164.48,2,2025-10-10,2025-10-29,246.72
u_13913,facebook,ios,DE,69.66,1,2025-10-10,2025-10-10,69.66
u_13914,tiktok,android,DE,63.12,1,2025-10-10,2025-10-10,63.12
u_13915,facebook,android,PT,61.97,1,2025-10-11,2025-10-11,61.97
u_13916,google_ads,ios,SE,59.25,1,2025-10-11,2025-10-11,59.25
u_13917,google_ads,android,FR,53.93,1,2025-10-11,2025-10-11,53.93
u_13918,facebook,ios,ES,47.21,1,2025-10-11,2025-10-11,47.21
u_13919,google_ads,android,PL,33.05,1,2025-10-11,2025-10-11,33.05
u_13920,tiktok,android,DE,35.24,1,2025-10-11,2025-10-11,35.24
u_13921,tiktok,android,FR,15.36,1,2025-10-11,2025-10-11,15.36
u_13922,twitter,android,ES,51.67,1,2025-10-11,2025-10-11,51.67
u_13923,google_ads,android,PL,41.46,1,2025-10-11,2025-10-11,41.46
u_13924,instagram,ios,PL,50.55,1,2025-10-11,2025-10-11,50.55
u_13925,google_ads,android,PL,109.58,2,2025-10-12,2025-11-10,164.37
u_13926,facebook,android,DE,28.02,1,2025-10-12,2025-10-12,28.02
u_13927,tiktok,ios,ES,22.31,1,2025-10-12,2025-10-12,22.31
u_13928,google_ads,android,BE,71.49,1,2025-10-12,2025-10-12,71.49
u_13929,facebook,ios,IE,22.69,1,2025-10-12,2025-10-12,22.69
u_13930,tiktok,ios,DE,8.9,1,2025-10-12,2025-10-12,8.9
u_13931,google_ads,android,DE,71.64,2,2025-10-12,2025-12-26,107.46
u_13932,twitter,android,NL,64.2,1,2025-10-12,2025-10-12,64.2
u_13933,tiktok,android,IT,38.47,1,2025-10-12,2025-10-12,38.47
u_13934,google_ads,android,IT,25.33,1,2025-10-12,2025-10-12,25.33
u_13935,twitter,ios,DE,18.97,1,2025-10-12,2025-10-12,18.97
u_13936,facebook,ios,DE,6.99,1,2025-10-12,2025-10-12,6.99
u_13937,tiktok,android,FR,43.09,1,2025-10-12,2025-10-12,43.09
u_13938,instagram,ios,BE,56.44,1,2025-10-12,2025-10-12,56.44
u_13939,tiktok,android,SE,69.41,1,2025-10-12,2025-10-12,69.41
u_13940,google_ads,android,PL,28.82,1,2025-10-12,2025-10-12,28.82
u_13941,google_ads,android,PL,70.67,1,2025-10-13,2025-10-13,70.67
u_13942,facebook,ios,DE,37.29,1,2025-10-13,2025-10-13,37.29
u_13943,facebook,android,SE,132.65,2,2025-10-13,2025-11-27,198.98
u_13944,facebook,ios,BE,30.26,1,2025-10-13,2025-10-13,30.26
u_13945,instagram,android,FR,36.12,1,2025-10-13,2025-10-13,36.12
u_13946,google_ads,android,IT,73.17,1,2025-10-13,2025-10-13,73.17
u_13947,google_ads,android,SE,50.28,1,2025-10-13,2025-10-13,50.28
u_13948,facebook,android,FR,64.49,1,2025-10-13,2025-10-13,64.49
u_13949,tiktok,android,DE,90.21,1,2025-10-13,2025-10-13,90.21
u_13950,facebook,ios,IT,22.43,1,2025-10-13,2025-10-13,22.43
u_13951,instagram,ios,DE,65.67,1,2025-10-13,2025-10-13,65.67
u_13952,instagram,ios,DE,32.43,1,2025-10-13,2025-10-13,32.43
u_13953,tiktok,android,DE,31.15,1,2025-10-14,2025-10-14,31.15
u_13954,tiktok,ios,SE,10.01,1,2025-10-14,2025-10-14,10.01
u_13955,tiktok,android,DE,53.47,1,2025-10-14,2025-10-14,53.47
u_13956,google_ads,ios,IT,61.06,1,2025-10-14,2025-10-14,61.06
u_13957,tiktok,android,BE,30.99,1,2025-10-14,2025-10-14,30.99
u_13958,google_ads,ios,ES,65.05,1,2025-10-14,2025-10-14,65.05
u_13959,google_ads,ios,NL,40.32,1,2025-10-14,2025-10-14,40.32
u_13960,instagram,ios,PT,114.96,2,2025-10-14,2025-11-04,172.44
u_13961,google_ads,android,SE,35.91,1,2025-10-14,2025-10-14,35.91
u_13962,twitter,android,ES,40.82,1,2025-10-14,2025-10-14,40.82
u_13963,twitter,android,SE,57.9,1,2025-10-14,2025-10-14,57.9
u_13964,facebook,android,ES,28.83,1,2025-10-14,2025-10-14,28.83
u_13965,google_ads,ios,BE,75.26,1,2025-10-14,2025-10-14,75.26
u_13966,google_ads,android,SE,23.39,1,2025-10-14,2025-10-14,23.39
u_13967,facebook,ios,IE,61.26,1,2025-10-14,2025-10-14,61.26
u_13968,tiktok,android,FR,38.77,1,2025-10-14,2025-10-14,38.77
u_13969,tiktok,android,FR,6.99,1,2025-10-14,2025-10-14,6.99
u_13970,google_ads,android,NL,34.74,1,2025-10-14,2025-10-14,34.74
u_13971,twitter,android,IT,54.47,1,2025-10-14,2025-10-14,54.47
u_13972,google_ads,ios,PT,198.78,3,2025-10-14,2025-12-22,397.56
u_13973,facebook,android,NL,77.27,1,2025-10-14,2025-10-14,77.27
u_13974,instagram,android,DE,40.65,1,2025-10-14,2025-10-14,40.65
u_13975,twitter,ios,NL,36.58,1,2025-10-15,2025-10-15,36.58
u_13976,facebook,android,SE,41.74,1,2025-10-15,2025-10-15,41.74
u_13977,facebook,ios,PL,19.84,1,2025-10-15,2025-10-15,19.84
u_13978,google_ads,ios,DE,41.11,1,2025-10-15,2025-10-15,41.11
u_13979,tiktok,ios,IT,21.96,1,2025-10-15,2025-10-15,21.96
u_13980,instagram,android,FR,83.27,2,2025-10-15,2025-12-24,124.9
u_13981,tiktok,android,DE,42.9,1,2025-10-15,2025-10-15,42.9
u_13982,google_ads,ios,SE,43.62,1,2025-10-15,2025-10-15,43.62
u_13983,tiktok,android,DE,35.81,1,2025-10-15,2025-10-15,35.81
u_13984,instagram,ios,ES,59.15,1,2025-10-15,2025-10-15,59.15
u_13985,google_ads,android,DE,26.29,1,2025-10-16,2025-10-16,26.29
u_13986,google_ads,ios,PL,77.95,1,2025-10-16,2025-10-16,77.95
u_13987,instagram,android,PL,24.82,2,2025-10-16,2025-12-28,37.23
u_13988,tiktok,android,PT,18.95,1,2025-10-16,2025-10-16,18.95
u_13989,google_ads,android,FR,44.59,1,2025-10-16,2025-10-16,44.59
u_13990,instagram,android,NL,65.3,1,2025-10-16,2025-10-16,65.3
u_13991,instagram,android,SE,71.82,1,2025-10-16,2025-10-16,71.82
u_13992,facebook,ios,IT,6.99,1,2025-10-16,2025-10-16,6.99
u_13993,google_ads,ios,IE,64.31,1,2025-10-16,2025-10-16,64.31
u_13994,google_ads,android,DE,37.27,1,2025-10-16,2025-10-16,37.27
u_13995,google_ads,ios,PT,64.14,1,2025-10-16,2025-10-16,64.14
u_13996,tiktok,ios,BE,76.06,1,2025-10-16,2025-10-16,76.06
u_13997,facebook,ios,SE,51.97,1,2025-10-16,2025-10-16,51.97
u_13998,instagram,ios,PL,68.49,1,2025-10-16,2025-10-16,68.49
u_13999,google_ads,ios,SE,87.04,2,2025-10-16,2025-11-06,130.56
u_14000,google_ads,ios,SE,6.99,1,2025-10-16,2025-10-16,6.99
u_14001,twitter,android,FR,42.68,1,2025-10-17,2025-10-17,42.68
u_14002,google_ads,android,ES,25.23,1,2025-10-17,2025-10-17,25.23
u_14003,instagram,android,PT,51.27,1,2025-10-17,2025-10-17,51.27
u_14004,facebook,android,IT,50.05,1,2025-10-17,2025-10-17,50.05
u_14005,tiktok,ios,ES,22.64,1,2025-10-17,2025-10-17,22.64
u_14006,google_ads,android,DE,13.27,1,2025-10-17,2025-10-17,13.27
u_14007,tiktok,ios,PL,51.32,1,2025-10-17,2025-10-17,51.32
u_14008,instagram,android,PT,42.79,1,2025-10-17,2025-10-17,42.79
u_14009,twitter,android,BE,32.12,1,2025-10-17,2025-10-17,32.12
u_14010,instagram,android,ES,59.1,1,2025-10-17,2025-10-17,59.1
u_14011,google_ads,android,FR,46.85,1,2025-10-17,2025-10-17,46.85
u_14012,google_ads,android,PT,55.3,1,2025-10-17,2025-10-17,55.3
u_14013,instagram,android,SE,35.81,1,2025-10-17,2025-10-17,35.81
u_14014,twitter,ios,SE,46.0,1,2025-10-17,2025-10-17,46.0
u_14015,twitter,android,ES,33.3,1,2025-10-17,2025-10-17,33.3
u_14016,tiktok,android,ES,58.33,1,2025-10-17,2025-10-17,58.33
u_14017,facebook,android,ES,48.06,1,2025-10-18,2025-10-18,48.06
u_14018,google_ads,android,DE,13.15,1,2025-10-18,2025-10-18,13.15
u_14019,tiktok,android,DE,47.55,1,2025-10-18,2025-10-18,47.55
u_14020,google_ads,android,DE,63.36,1,2025-10-18,2025-10-18,63.36
u_14021,twitter,ios,PT,42.68,1,2025-10-18,2025-10-18,42.68
u_14022,facebook,ios,PL,51.04,1,2025-10-18,2025-10-18,51.04
u_14023,instagram,ios,ES,12.99,1,2025-10-18,2025-10-18,12.99
u_14024,facebook,android,FR,16.6,1,2025-10-18,2025-10-18,16.6
u_14025,tiktok,android,ES,55.97,1,2025-10-18,2025-10-18,55.97
u_14026,tiktok,android,IT,65.78,1,2025-10-18,2025-10-18,65.78
u_14027,google_ads,android,NL,85.08,1,2025-10-18,2025-10-18,85.08
u_14028,instagram,android,ES,62.64,1,2025-10-19,2025-10-19,62.64
u_14029,google_ads,android,SE,70.18,1,2025-10-19,2025-10-19,70.18
u_14030,google_ads,android,PL,43.56,1,2025-10-19,2025-10-19,43.56
u_14031,twitter,ios,IE,49.56,1,2025-10-19,2025-10-19,49.56
u_14032,instagram,android,PL,60.39,1,2025-10-19,2025-10-19,60.39
u_14033,tiktok,android,BE,9.28,1,2025-10-19,2025-10-19,9.28
u_14034,facebook,android,IT,16.99,1,2025-10-19,2025-10-19,16.99
u_14035,google_ads,android,PT,77.49,1,2025-10-19,2025-10-19,77.49
u_14036,google_ads,android,ES,27.81,1,2025-10-19,2025-10-19,27.81
u_14037,facebook,ios,PL,15.26,2,2025-10-19,2025-11-19,22.89
u_14038,google_ads,android,FR,25.86,1,2025-10-19,2025-10-19,25.86
u_14039,google_ads,ios,IE,42.44,2,2025-10-19,2025-11-28,63.66
u_14040,google_ads,android,DE,68.9,1,2025-10-19,2025-10-19,68.9
u_14041,tiktok,android,SE,33.73,1,2025-10-19,2025-10-19,33.73
u_14042,google_ads,android,IT,55.95,1,2025-10-20,2025-10-20,55.95
u_14043,google_ads,ios,ES,50.49,1,2025-10-20,2025-10-20,50.49
u_14044,facebook,android,PL,49.92,1,2025-10-20,2025-10-20,49.92
u_14045,google_ads,android,PT,42.64,1,2025-10-20,2025-10-20,42.64
u_14046,tiktok,android,IT,58.55,2,2025-10-20,2025-10-23,87.82
u_14047,facebook,android,DE,37.83,1,2025-10-20,2025-10-20,37.83
u_14048,tiktok,android,ES,44.74,1,2025-10-20,2025-10-20,44.74
u_14049,instagram,ios,SE,28.33,1,2025-10-20,2025-10-20,28.33
u_14050,google_ads,ios,ES,42.74,1,2025-10-20,2025-10-20,42.74
u_14051,tiktok,android,NL,13.18,1,2025-10-20,2025-10-20,13.18
u_14052,facebook,android,DE,50.98,1,2025-10-20,2025-10-20,50.98
u_14053,facebook,ios,NL,125.66,2,2025-10-20,2025-12-17,188.49
u_14054,google_ads,android,SE,92.09,2,2025-10-20,2025-12-31,138.14
u_14055,google_ads,ios,BE,51.78,1,2025-10-20,2025-10-20,51.78
u_14056,facebook,ios,SE,34.18,1,2025-10-21,2025-10-21,34.18
u_14057,instagram,ios,ES,39.76,1,2025-10-21,2025-10-21,39.76
u_14058,facebook,ios,DE,38.57,1,2025-10-21,2025-10-21,38.57
u_14059,facebook,ios,FR,40.43,1,2025-10-21,2025-10-21,40.43
u_14060,facebook,android,SE,16.2,1,2025-10-21,2025-10-21,16.2
u_14061,instagram,ios,FR,26.16,1,2025-10-21,2025-10-21,26.16
u_14062,tiktok,ios,BE,6.99,1,2025-10-21,2025-10-21,6.99
u_14063,twitter,ios,IE,40.05,1,2025-10-21,2025-10-21,40.05
u_14064,google_ads,android,PL,31.75,1,2025-10-21,2025-10-21,31.75
u_14065,google_ads,ios,SE,41.64,2,2025-10-21,2025-12-08,62.46
u_14066,tiktok,ios,FR,10.02,1,2025-10-21,2025-10-21,10.02
u_14067,google_ads,ios,DE,53.28,1,2025-10-21,2025-10-21,53.28
u_14068,facebook,ios,DE,66.88,1,2025-10-21,2025-10-21,66.88
u_14069,instagram,ios,PL,45.96,1,2025-10-21,2025-10-21,45.96
u_14070,twitter,ios,DE,58.14,1,2025-10-21,2025-10-21,58.14
u_14071,tiktok,android,ES,6.99,1,2025-10-21,2025-10-21,6.99
u_14072,tiktok,android,SE,30.67,1,2025-10-21,2025-10-21,30.67
u_14073,tiktok,ios,FR,66.41,1,2025-10-21,2025-10-21,66.41
u_14074,google_ads,android,IE,16.02,1,2025-10-21,2025-10-21,16.02
u_14075,instagram,ios,DE,18.23,1,2025-10-22,2025-10-22,18.23
u_14076,tiktok,android,FR,57.46,1,2025-10-22,2025-10-22,57.46
u_14077,google_ads,android,DE,32.63,1,2025-10-22,2025-10-22,32.63
u_14078,facebook,ios,PT,37.54,1,2025-10-22,2025-10-22,37.54
u_14079,google_ads,android,DE,31.76,1,2025-10-22,2025-10-22,31.76
u_14080,facebook,ios,FR,46.12,1,2025-10-22,2025-10-22,46.12
u_14081,twitter,ios,SE,25.08,1,2025-10-22,2025-10-22,25.08
u_14082,facebook,ios,PL,61.77,1,2025-10-22,2025-10-22,61.77
u_14083,facebook,android,ES,46.77,1,2025-10-22,2025-10-22,46.77
u_14084,instagram,ios,BE,33.52,1,2025-10-22,2025-10-22,33.52
u_14085,google_ads,ios,ES,51.21,1,2025-10-23,2025-10-23,51.21
u_14086,tiktok,ios,PT,30.59,1,2025-10-23,2025-10-23,30.59
u_14087,instagram,ios,DE,32.08,1,2025-10-23,2025-10-23,32.08
u_14088,google_ads,ios,PL,26.74,1,2025-10-23,2025-10-23,26.74
u_14089,instagram,android,IT,43.03,1,2025-10-23,2025-10-23,43.03
u_14090,tiktok,ios,DE,26.41,1,2025-10-23,2025-10-23,26.41
u_14091,google_ads,ios,BE,42.74,1,2025-10-23,2025-10-23,42.74
u_14092,google_ads,ios,NL,6.99,1,2025-10-23,2025-10-23,6.99
u_14093,facebook,ios,SE,56.83,1,2025-10-23,2025-10-23,56.83
u_14094,tiktok,ios,NL,6.99,1,2025-10-23,2025-10-23,6.99
u_14095,facebook,ios,NL,65.27,1,2025-10-23,2025-10-23,65.27
u_14096,instagram,android,IE,94.48,2,2025-10-23,2025-10-25,141.72
u_14097,twitter,ios,ES,39.69,1,2025-10-23,2025-10-23,39.69
u_14098,facebook,ios,DE,39.22,1,2025-10-23,2025-10-23,39.22
u_14099,facebook,ios,DE,126.38,2,2025-10-23,2025-11-23,189.57
u_14100,twitter,android,DE,21.17,1,2025-10-23,2025-10-23,21.17
u_14101,tiktok,ios,SE,90.28,2,2025-10-24,2025-12-21,135.42
u_14102,facebook,ios,PT,118.25,2,2025-10-24,2025-12-31,177.38
u_14103,google_ads,ios,DE,22.82,1,2025-10-24,2025-10-24,22.82
u_14104,google_ads,android,BE,38.38,1,2025-10-24,2025-10-24,38.38
u_14105,instagram,ios,DE,37.74,1,2025-10-24,2025-10-24,37.74
u_14106,twitter,android,ES,54.21,1,2025-10-24,2025-10-24,54.21
u_14107,tiktok,android,NL,56.9,1,2025-10-24,2025-10-24,56.9
u_14108,google_ads,ios,IE,6.99,1,2025-10-24,2025-10-24,6.99
u_14109,instagram,ios,FR,52.94,1,2025-10-24,2025-10-24,52.94
u_14110,tiktok,ios,PT,57.57,2,2025-10-24,2025-11-08,86.36
u_14111,facebook,android,PT,34.8,1,2025-10-24,2025-10-24,34.8
u_14112,tiktok,ios,DE,66.87,1,2025-10-24,2025-10-24,66.87
u_14113,tiktok,android,FR,38.62,1,2025-10-24,2025-10-24,38.62
u_14114,instagram,ios,PL,38.85,1,2025-10-24,2025-10-24,38.85
u_14115,google_ads,ios,IT,46.13,1,2025-10-24,2025-10-24,46.13
u_14116,google_ads,ios,FR,11.51,1,2025-10-24,2025-10-24,11.51
u_14117,tiktok,ios,NL,28.19,1,2025-10-25,2025-10-25,28.19
u_14118,instagram,ios,NL,73.3,1,2025-10-25,2025-10-25,73.3
u_14119,twitter,ios,PT,30.42,1,2025-10-25,2025-10-25,30.42
u_14120,instagram,ios,SE,40.78,1,2025-10-25,2025-10-25,40.78
u_14121,tiktok,ios,IE,39.34,1,2025-10-25,2025-10-25,39.34
u_14122,google_ads,ios,PT,40.74,1,2025-10-25,2025-10-25,40.74
u_14123,twitter,android,PT,26.59,1,2025-10-25,2025-10-25,26.59
u_14124,instagram,android,ES,30.86,1,2025-10-25,2025-10-25,30.86
u_14125,google_ads,ios,IT,42.83,1,2025-10-25,2025-10-25,42.83
u_14126,twitter,ios,FR,62.94,1,2025-10-25,2025-10-25,62.94
u_14127,twitter,android,BE,54.86,1,2025-10-25,2025-10-25,54.86
u_14128,facebook,ios,FR,56.15,1,2025-10-25,2025-10-25,56.15
u_14129,instagram,ios,SE,55.97,1,2025-10-25,2025-10-25,55.97
u_14130,facebook,ios,NL,129.86,2,2025-10-25,2025-11-11,194.79
u_14131,facebook,android,ES,24.85,1,2025-10-26,2025-10-26,24.85
u_14132,instagram,android,BE,6.99,1,2025-10-26,2025-10-26,6.99
u_14133,instagram,android,BE,87.46,2,2025-10-26,2025-11-22,131.19
u_14134,google_ads,android,IT,33.03,1,2025-10-26,2025-10-26,33.03
u_14135,instagram,ios,IE,43.5,1,2025-10-26,2025-10-26,43.5
u_14136,google_ads,android,DE,53.43,1,2025-10-26,2025-10-26,53.43
u_14137,google_ads,ios,FR,27.89,1,2025-10-26,2025-10-26,27.89
u_14138,facebook,ios,DE,44.1,1,2025-10-26,2025-10-26,44.1
u_14139,tiktok,android,IE,21.19,1,2025-10-26,2025-10-26,21.19
u_14140,google_ads,ios,SE,56.4,1,2025-10-26,2025-10-26,56.4
u_14141,tiktok,android,BE,48.47,1,2025-10-26,2025-10-26,48.47
u_14142,instagram,ios,BE,6.99,1,2025-10-26,2025-10-26,6.99
u_14143,google_ads,ios,PT,39.1,1,2025-10-26,2025-10-26,39.1
u_14144,instagram,android,PL,66.11,1,2025-10-26,2025-10-26,66.11
u_14145,twitter,android,PL,25.18,1,2025-10-27,2025-10-27,25.18
u_14146,google_ads,android,PT,58.48,1,2025-10-27,2025-10-27,58.48
u_14147,instagram,ios,FR,46.32,1,2025-10-27,2025-10-27,46.32
u_14148,google_ads,android,NL,43.81,1,2025-10-27,2025-10-27,43.81
u_14149,facebook,ios,PT,28.74,1,2025-10-27,2025-10-27,28.74
u_14150,instagram,android,SE,25.26,1,2025-10-27,2025-10-27,25.26
u_14151,google_ads,ios,ES,27.8,1,2025-10-27,2025-10-27,27.8
u_14152,instagram,ios,SE,40.87,1,2025-10-28,2025-10-28,40.87
u_14153,google_ads,android,FR,18.65,1,2025-10-28,2025-10-28,18.65
u_14154,facebook,ios,DE,58.43,2,2025-10-28,2025-11-28,87.64
u_14155,google_ads,android,ES,70.13,2,2025-10-28,2025-11-13,105.2
u_14156,instagram,android,IT,40.04,1,2025-10-28,2025-10-28,40.04
u_14157,google_ads,android,SE,42.24,1,2025-10-28,2025-10-28,42.24
u_14158,tiktok,ios,BE,30.24,1,2025-10-28,2025-10-28,30.24
u_14159,google_ads,ios,NL,79.27,2,2025-10-28,2025-11-05,118.9
u_14160,google_ads,ios,ES,33.03,1,2025-10-28,2025-10-28,33.03
u_14161,twitter,android,IT,59.12,2,2025-10-28,2025-12-13,88.68
u_14162,google_ads,ios,IT,47.59,1,2025-10-28,2025-10-28,47.59
u_14163,facebook,ios,ES,59.04,1,2025-10-28,2025-10-28,59.04
u_14164,facebook,ios,PT,64.66,2,2025-10-28,2025-11-07,96.99
u_14165,facebook,ios,PT,29.49,2,2025-10-28,2025-11-19,44.24
u_14166,google_ads,android,NL,67.72,1,2025-10-28,2025-10-28,67.72
u_14167,facebook,ios,ES,74.01,1,2025-10-28,2025-10-28,74.01
u_14168,google_ads,android,SE,33.67,1,2025-10-29,2025-10-29,33.67
u_14169,facebook,android,IT,51.38,1,2025-10-29,2025-10-29,51.38
u_14170,twitter,ios,SE,37.38,1,2025-10-29,2025-10-29,37.38
u_14171,facebook,ios,SE,48.53,1,2025-10-29,2025-10-29,48.53
u_14172,google_ads,android,SE,22.95,1,2025-10-29,2025-10-29,22.95
u_14173,facebook,android,SE,68.41,1,2025-10-29,2025-10-29,68.41
u_14174,tiktok,ios,DE,58.66,1,2025-10-29,2025-10-29,58.66
u_14175,google_ads,ios,SE,69.39,1,2025-10-29,2025-10-29,69.39
u_14176,facebook,ios,IT,61.89,1,2025-10-29,2025-10-29,61.89
u_14177,facebook,ios,DE,23.6,1,2025-10-29,2025-10-29,23.6
u_14178,instagram,android,PL,33.33,1,2025-10-29,2025-10-29,33.33
u_14179,facebook,ios,DE,53.01,1,2025-10-29,2025-10-29,53.01
u_14180,tiktok,android,FR,41.87,2,2025-10-29,2025-12-30,62.8
u_14181,instagram,android,NL,13.8,1,2025-10-29,2025-10-29,13.8
u_14182,google_ads,ios,ES,35.98,1,2025-10-29,2025-10-29,35.98
u_14183,tiktok,ios,IE,55.86,1,2025-10-29,2025-10-29,55.86
u_14184,tiktok,ios,PL,53.16,1,2025-10-29,2025-10-29,53.16
u_14185,instagram,android,DE,54.01,3,2025-10-29,2025-12-21,108.02
u_14186,google_ads,android,FR,61.57,1,2025-10-29,2025-10-29,61.57
u_14187,tiktok,android,BE,41.47,1,2025-10-29,2025-10-29,41.47
u_14188,facebook,ios,NL,66.86,2,2025-10-30,2025-11-27,100.29
u_14189,facebook,android,IT,6.99,1,2025-10-30,2025-10-30,6.99
u_14190,instagram,android,PT,50.36,1,2025-10-30,2025-10-30,50.36
u_14191,instagram,ios,FR,97.45,2,2025-10-30,2025-12-17,146.18
u_14192,tiktok,android,FR,41.56,1,2025-10-30,2025-10-30,41.56
u_14193,instagram,android,NL,17.99,1,2025-10-30,2025-10-30,17.99
u_14194,twitter,ios,PT,46.75,1,2025-10-30,2025-10-30,46.75
u_14195,google_ads,android,DE,67.52,2,2025-10-30,2025-11-02,101.28
u_14196,instagram,ios,FR,31.35,1,2025-10-30,2025-10-30,31.35
u_14197,twitter,android,NL,39.68,1,2025-10-30,2025-10-30,39.68
u_14198,instagram,android,FR,38.54,1,2025-10-30,2025-10-30,38.54
u_14199,google_ads,ios,FR,58.91,1,2025-10-30,2025-10-30,58.91
u_14200,instagram,android,DE,33.12,1,2025-10-30,2025-10-30,33.12
u_14201,tiktok,ios,FR,94.53,2,2025-10-30,2025-11-16,141.8
u_14202,google_ads,ios,IT,35.78,1,2025-10-30,2025-10-30,35.78
u_14203,instagram,ios,PL,25.13,1,2025-10-30,2025-10-30,25.13
u_14204,google_ads,android,SE,6.99,1,2025-10-31,2025-10-31,6.99
u_14205,twitter,android,BE,60.47,2,2025-10-31,2025-11-13,90.7
u_14206,instagram,android,DE,25.36,1,2025-10-31,2025-10-31,25.36
u_14207,instagram,android,PL,10.38,1,2025-10-31,2025-10-31,10.38
u_14208,google_ads,ios,FR,52.86,1,2025-10-31,2025-10-31,52.86
u_14209,google_ads,android,FR,60.01,1,2025-10-31,2025-10-31,60.01
u_14210,instagram,android,IT,54.37,1,2025-10-31,2025-10-31,54.37
u_14211,google_ads,android,BE,27.51,1,2025-10-31,2025-10-31,27.51
u_14212,google_ads,android,FR,59.07,1,2025-10-31,2025-10-31,59.07
u_14213,google_ads,ios,SE,6.99,1,2025-10-31,2025-10-31,6.99
u_14214,facebook,ios,PL,55.73,1,2025-10-31,2025-10-31,55.73
u_14215,facebook,ios,PT,63.18,1,2025-10-31,2025-10-31,63.18
u_14216,twitter,android,ES,27.34,1,2025-10-31,2025-10-31,27.34
u_14217,google_ads,ios,ES,25.04,1,2025-10-31,2025-10-31,25.04
u_14218,google_ads,android,PT,51.95,1,2025-11-01,2025-11-01,51.95
u_14219,google_ads,android,NL,36.33,1,2025-11-01,2025-11-01,36.33
u_14220,facebook,android,IT,11.35,1,2025-11-01,2025-11-01,11.35
u_14221,google_ads,android,IE,24.65,1,2025-11-01,2025-11-01,24.65
u_14222,google_ads,android,PL,51.51,1,2025-11-01,2025-11-01,51.51
u_14223,tiktok,android,SE,68.95,2,2025-11-01,2025-12-04,103.43
u_14224,facebook,android,FR,42.99,1,2025-11-01,2025-11-01,42.99
u_14225,google_ads,android,DE,38.0,1,2025-11-01,2025-11-01,38.0
u_14226,instagram,ios,BE,27.92,1,2025-11-01,2025-11-01,27.92
u_14227,instagram,ios,DE,53.85,1,2025-11-01,2025-11-01,53.85
u_14228,instagram,ios,IT,29.24,1,2025-11-01,2025-11-01,29.24
u_14229,instagram,ios,DE,53.08,1,2025-11-01,2025-11-01,53.08
u_14230,instagram,android,FR,57.35,1,2025-11-01,2025-11-01,57.35
u_14231,facebook,android,IE,40.39,2,2025-11-01,2025-12-05,60.58
u_14232,twitter,ios,ES,41.81,1,2025-11-01,2025-11-01,41.81
u_14233,facebook,ios,IT,69.14,1,2025-11-01,2025-11-01,69.14
u_14234,google_ads,android,PL,96.57,1,2025-11-01,2025-11-01,96.57
u_14235,google_ads,android,DE,38.28,1,2025-11-01,2025-11-01,38.28
u_14236,instagram,ios,DE,7.5,1,2025-11-01,2025-11-01,7.5
u_14237,facebook,ios,DE,152.6,2,2025-11-02,2025-12-07,228.9
u_14238,tiktok,android,PT,22.68,1,2025-11-02,2025-11-02,22.68
u_14239,instagram,ios,FR,46.47,2,2025-11-02,2025-11-20,69.7
u_14240,twitter,android,DE,38.97,1,2025-11-02,2025-11-02,38.97
u_14241,google_ads,android,FR,42.86,1,2025-11-02,2025-11-02,42.86
u_14242,google_ads,ios,PT,47.39,1,2025-11-02,2025-11-02,47.39
u_14243,tiktok,ios,IT,60.31,2,2025-11-02,2025-11-18,90.46
u_14244,google_ads,android,PT,53.07,1,2025-11-02,2025-11-02,53.07
u_14245,facebook,ios,IT,110.62,2,2025-11-02,2025-12-23,165.93
u_14246,facebook,android,ES,31.46,1,2025-11-02,2025-11-02,31.46
u_14247,facebook,ios,IT,11.98,2,2025-11-02,2025-12-15,17.97
u_14248,instagram,android,ES,46.06,1,2025-11-02,2025-11-02,46.06
u_14249,facebook,android,ES,33.48,1,2025-11-02,2025-11-02,33.48
u_14250,google_ads,android,SE,76.21,1,2025-11-03,2025-11-03,76.21
u_14251,google_ads,android,DE,48.17,1,2025-11-03,2025-11-03,48.17
u_14252,google_ads,android,NL,22.38,1,2025-11-03,2025-11-03,22.38
u_14253,facebook,android,IT,33.87,1,2025-11-03,2025-11-03,33.87
u_14254,twitter,android,ES,56.56,1,2025-11-03,2025-11-03,56.56
u_14255,google_ads,ios,SE,62.12,1,2025-11-03,2025-11-03,62.12
u_14256,google_ads,android,DE,57.68,1,2025-11-03,2025-11-03,57.68
u_14257,instagram,ios,IE,42.81,1,2025-11-03,2025-11-03,42.81
u_14258,facebook,android,IE,35.53,1,2025-11-03,2025-11-03,35.53
u_14259,google_ads,android,SE,45.48,1,2025-11-03,2025-11-03,45.48
u_14260,google_ads,ios,FR,46.74,1,2025-11-03,2025-11-03,46.74
u_14261,google_ads,android,PL,6.99,1,2025-11-03,2025-11-03,6.99
u_14262,tiktok,ios,PL,45.45,1,2025-11-03,2025-11-03,45.45
u_14263,tiktok,android,PT,59.83,1,2025-11-03,2025-11-03,59.83
u_14264,facebook,ios,FR,17.08,1,2025-11-03,2025-11-03,17.08
u_14265,google_ads,ios,PL,64.15,1,2025-11-03,2025-11-03,64.15
u_14266,google_ads,android,DE,45.84,1,2025-11-04,2025-11-04,45.84
u_14267,facebook,android,IT,65.42,1,2025-11-04,2025-11-04,65.42
u_14268,twitter,android,BE,44.1,1,2025-11-04,2025-11-04,44.1
u_14269,twitter,android,DE,27.52,1,2025-11-04,2025-11-04,27.52
u_14270,tiktok,ios,ES,41.95,1,2025-11-04,2025-11-04,41.95
u_14271,facebook,android,PL,55.84,1,2025-11-04,2025-11-04,55.84
u_14272,google_ads,android,FR,38.65,1,2025-11-04,2025-11-04,38.65
u_14273,tiktok,ios,DE,44.28,1,2025-11-04,2025-11-04,44.28
u_14274,instagram,android,PL,50.76,1,2025-11-04,2025-11-04,50.76
u_14275,facebook,android,PT,57.9,1,2025-11-04,2025-11-04,57.9
u_14276,instagram,ios,SE,53.76,1,2025-11-04,2025-11-04,53.76
u_14277,tiktok,android,FR,21.54,1,2025-11-04,2025-11-04,21.54
u_14278,google_ads,android,PT,67.73,1,2025-11-04,2025-11-04,67.73
u_14279,google_ads,ios,DE,13.05,1,2025-11-04,2025-11-04,13.05
u_14280,facebook,android,IT,49.53,1,2025-11-04,2025-11-04,49.53
u_14281,google_ads,ios,PL,17.41,1,2025-11-04,2025-11-04,17.41
u_14282,instagram,ios,NL,37.97,1,2025-11-04,2025-11-04,37.97
u_14283,google_ads,android,DE,57.44,1,2025-11-04,2025-11-04,57.44
u_14284,twitter,android,BE,33.9,1,2025-11-05,2025-11-05,33.9
u_14285,instagram,android,SE,60.93,1,2025-11-05,2025-11-05,60.93
u_14286,tiktok,android,FR,37.18,1,2025-11-05,2025-11-05,37.18
u_14287,instagram,android,IT,21.94,1,2025-11-05,2025-11-05,21.94
u_14288,instagram,android,FR,41.99,1,2025-11-05,2025-11-05,41.99
u_14289,google_ads,android,ES,34.27,1,2025-11-05,2025-11-05,34.27
u_14290,instagram,android,IT,37.84,1,2025-11-05,2025-11-05,37.84
u_14291,twitter,ios,ES,35.17,1,2025-11-05,2025-11-05,35.17
u_14292,google_ads,ios,PL,32.88,1,2025-11-05,2025-11-05,32.88
u_14293,facebook,ios,SE,61.81,1,2025-11-05,2025-11-05,61.81
u_14294,facebook,ios,DE,44.48,1,2025-11-05,2025-11-05,44.48
u_14295,facebook,ios,FR,37.52,1,2025-11-05,2025-11-05,37.52
u_14296,tiktok,android,DE,29.41,1,2025-11-05,2025-11-05,29.41
u_14297,google_ads,ios,NL,22.92,1,2025-11-05,2025-11-05,22.92
u_14298,instagram,ios,FR,65.73,1,2025-11-05,2025-11-05,65.73
u_14299,instagram,ios,NL,23.18,1,2025-11-05,2025-11-05,23.18
u_14300,google_ads,ios,NL,38.8,1,2025-11-06,2025-11-06,38.8
u_14301,facebook,android,PT,42.47,1,2025-11-06,2025-11-06,42.47
u_14302,tiktok,android,PT,37.42,1,2025-11-06,2025-11-06,37.42
u_14303,tiktok,android,SE,28.54,1,2025-11-06,2025-11-06,28.54
u_14304,instagram,android,DE,69.1,1,2025-11-06,2025-11-06,69.1
u_14305,facebook,android,FR,45.04,1,2025-11-06,2025-11-06,45.04
u_14306,google_ads,ios,ES,18.89,1,2025-11-06,2025-11-06,18.89
u_14307,instagram,android,FR,93.94,3,2025-11-06,2025-12-23,187.88
u_14308,tiktok,android,PT,42.79,1,2025-11-06,2025-11-06,42.79
u_14309,google_ads,android,IT,49.51,1,2025-11-06,2025-11-06,49.51
u_14310,instagram,android,ES,43.97,1,2025-11-06,2025-11-06,43.97
u_14311,instagram,ios,DE,57.82,1,2025-11-06,2025-11-06,57.82
u_14312,tiktok,android,DE,48.65,1,2025-11-06,2025-11-06,48.65
u_14313,google_ads,android,ES,53.05,1,2025-11-07,2025-11-07,53.05
u_14314,facebook,android,SE,12.13,1,2025-11-07,2025-11-07,12.13
u_14315,twitter,ios,IE,52.03,1,2025-11-07,2025-11-07,52.03
u_14316,tiktok,android,PL,33.2,1,2025-11-07,2025-11-07,33.2
u_14317,facebook,ios,DE,56.64,1,2025-11-07,2025-11-07,56.64
u_14318,google_ads,android,PT,36.94,1,2025-11-07,2025-11-07,36.94
u_14319,google_ads,ios,FR,22.26,1,2025-11-07,2025-11-07,22.26
u_14320,twitter,android,BE,55.65,1,2025-11-07,2025-11-07,55.65
u_14321,tiktok,android,PT,37.56,1,2025-11-07,2025-11-07,37.56
u_14322,google_ads,ios,NL,9.02,1,2025-11-07,2025-11-07,9.02
u_14323,facebook,ios,DE,14.16,1,2025-11-07,2025-11-07,14.16
u_14324,tiktok,android,PT,38.19,1,2025-11-07,2025-11-07,38.19
u_14325,facebook,ios,ES,49.92,1,2025-11-07,2025-11-07,49.92
u_14326,instagram,ios,BE,11.09,1,2025-11-07,2025-11-07,11.09
u_14327,google_ads,ios,PT,64.69,1,2025-11-07,2025-11-07,64.69
u_14328,instagram,ios,NL,18.13,1,2025-11-07,2025-11-07,18.13
u_14329,instagram,ios,IE,18.53,1,2025-11-08,2025-11-08,18.53
u_14330,twitter,ios,FR,49.91,1,2025-11-08,2025-11-08,49.91
u_14331,google_ads,android,ES,42.97,1,2025-11-08,2025-11-08,42.97
u_14332,facebook,ios,IE,145.67,2,2025-11-08,2025-12-25,218.5
u_14333,google_ads,android,BE,21.19,1,2025-11-08,2025-11-08,21.19
u_14334,google_ads,ios,PL,55.15,1,2025-11-08,2025-11-08,55.15
u_14335,instagram,ios,NL,47.65,1,2025-11-08,2025-11-08,47.65
u_14336,facebook,android,DE,53.98,1,2025-11-08,2025-11-08,53.98
u_14337,instagram,ios,FR,69.32,1,2025-11-08,2025-11-08,69.32
u_14338,google_ads,ios,DE,24.92,1,2025-11-08,2025-11-08,24.92
u_14339,facebook,ios,DE,45.1,1,2025-11-08,2025-11-08,45.1
u_14340,google_ads,android,PT,52.15,1,2025-11-08,2025-11-08,52.15
u_14341,google_ads,android,SE,30.49,1,2025-11-09,2025-11-09,30.49
u_14342,google_ads,ios,PL,51.26,1,2025-11-09,2025-11-09,51.26
u_14343,google_ads,ios,IT,38.57,1,2025-11-09,2025-11-09,38.57
u_14344,facebook,ios,ES,49.77,1,2025-11-09,2025-11-09,49.77
u_14345,facebook,android,SE,41.09,1,2025-11-09,2025-11-09,41.09
u_14346,google_ads,ios,PT,42.45,1,2025-11-09,2025-11-09,42.45
u_14347,google_ads,android,ES,57.14,1,2025-11-09,2025-11-09,57.14
u_14348,tiktok,android,FR,52.4,1,2025-11-09,2025-11-09,52.4
u_14349,facebook,android,DE,72.16,1,2025-11-09,2025-11-09,72.16
u_14350,facebook,ios,BE,30.85,1,2025-11-09,2025-11-09,30.85
u_14351,instagram,android,FR,63.91,1,2025-11-10,2025-11-10,63.91
u_14352,facebook,ios,SE,15.35,1,2025-11-10,2025-11-10,15.35
u_14353,facebook,android,PL,35.25,1,2025-11-10,2025-11-10,35.25
u_14354,tiktok,android,IE,42.26,1,2025-11-10,2025-11-10,42.26
u_14355,google_ads,android,SE,42.66,1,2025-11-10,2025-11-10,42.66
u_14356,instagram,android,DE,32.13,1,2025-11-10,2025-11-10,32.13
u_14357,facebook,ios,DE,35.16,1,2025-11-10,2025-11-10,35.16
u_14358,twitter,ios,ES,59.68,1,2025-11-10,2025-11-10,59.68
u_14359,tiktok,android,FR,63.18,1,2025-11-10,2025-11-10,63.18
u_14360,google_ads,ios,FR,68.2,1,2025-11-10,2025-11-10,68.2
u_14361,google_ads,android,BE,6.99,1,2025-11-10,2025-11-10,6.99
u_14362,google_ads,android,NL,39.05,1,2025-11-10,2025-11-10,39.05
u_14363,instagram,ios,BE,54.27,1,2025-11-10,2025-11-10,54.27
u_14364,facebook,ios,NL,50.17,1,2025-11-10,2025-11-10,50.17
u_14365,google_ads,ios,ES,17.41,1,2025-11-11,2025-11-11,17.41
u_14366,twitter,android,PL,30.88,1,2025-11-11,2025-11-11,30.88
u_14367,google_ads,ios,IT,49.56,1,2025-11-11,2025-11-11,49.56
u_14368,tiktok,ios,PL,33.03,1,2025-11-11,2025-11-11,33.03
u_14369,tiktok,ios,PL,28.37,1,2025-11-11,2025-11-11,28.37
u_14370,instagram,ios,DE,46.91,1,2025-11-11,2025-11-11,46.91
u_14371,twitter,ios,ES,14.67,1,2025-11-11,2025-11-11,14.67
u_14372,twitter,android,PL,22.18,1,2025-11-11,2025-11-11,22.18
u_14373,tiktok,ios,DE,35.48,1,2025-11-11,2025-11-11,35.48
u_14374,instagram,ios,IT,72.15,1,2025-11-11,2025-11-11,72.15
u_14375,google_ads,ios,NL,47.17,1,2025-11-11,2025-11-11,47.17
u_14376,facebook,android,PL,74.27,1,2025-11-11,2025-11-11,74.27
u_14377,twitter,ios,NL,36.96,1,2025-11-11,2025-11-11,36.96
u_14378,twitter,ios,ES,44.91,1,2025-11-11,2025-11-11,44.91
u_14379,tiktok,android,DE,70.72,1,2025-11-11,2025-11-11,70.72
u_14380,instagram,android,PL,29.56,1,2025-11-11,2025-11-11,29.56
u_14381,tiktok,android,IT,45.67,1,2025-11-11,2025-11-11,45.67
u_14382,instagram,ios,PL,112.76,2,2025-11-11,2025-11-24,169.14
u_14383,google_ads,android,BE,64.15,1,2025-11-12,2025-11-12,64.15
u_14384,tiktok,ios,DE,43.51,1,2025-11-12,2025-11-12,43.51
u_14385,facebook,ios,ES,58.72,1,2025-11-12,2025-11-12,58.72
u_14386,google_ads,android,BE,35.18,1,2025-11-12,2025-11-12,35.18
u_14387,google_ads,ios,DE,35.45,1,2025-11-12,2025-11-12,35.45
u_14388,twitter,android,PL,52.12,1,2025-11-12,2025-11-12,52.12
u_14389,twitter,ios,ES,10.29,1,2025-11-12,2025-11-12,10.29
u_14390,facebook,android,FR,98.71,2,2025-11-12,2025-11-14,148.06
u_14391,instagram,ios,BE,43.92,1,2025-11-12,2025-11-12,43.92
u_14392,google_ads,android,FR,34.77,1,2025-11-12,2025-11-12,34.77
u_14393,facebook,ios,BE,45.05,1,2025-11-12,2025-11-12,45.05
u_14394,facebook,ios,IT,20.42,1,2025-11-12,2025-11-12,20.42
u_14395,tiktok,android,PT,59.11,1,2025-11-12,2025-11-12,59.11
u_14396,tiktok,android,NL,29.12,1,2025-11-12,2025-11-12,29.12
u_14397,facebook,android,ES,29.83,1,2025-11-12,2025-11-12,29.83
u_14398,tiktok,android,DE,63.61,2,2025-11-13,2025-12-24,95.42
u_14399,facebook,android,FR,91.58,2,2025-11-13,2025-12-10,137.37
u_14400,google_ads,android,IE,50.32,1,2025-11-13,2025-11-13,50.32
u_14401,facebook,android,DE,38.74,1,2025-11-13,2025-11-13,38.74
u_14402,instagram,android,FR,33.54,1,2025-11-13,2025-11-13,33.54
u_14403,instagram,android,PT,34.93,1,2025-11-13,2025-11-13,34.93
u_14404,tiktok,ios,ES,56.87,1,2025-11-13,2025-11-13,56.87
u_14405,google_ads,ios,IT,28.94,1,2025-11-13,2025-11-13,28.94
u_14406,instagram,ios,FR,69.86,2,2025-11-13,2025-11-18,104.79
u_14407,facebook,ios,PL,36.33,1,2025-11-13,2025-11-13,36.33
u_14408,google_ads,android,SE,10.33,1,2025-11-13,2025-11-13,10.33
u_14409,facebook,ios,DE,104.74,2,2025-11-13,2025-12-05,157.11
u_14410,google_ads,android,ES,28.97,1,2025-11-13,2025-11-13,28.97
u_14411,google_ads,ios,DE,40.34,1,2025-11-13,2025-11-13,40.34
u_14412,google_ads,android,IE,45.92,1,2025-11-13,2025-11-13,45.92
u_14413,google_ads,ios,FR,40.39,1,2025-11-13,2025-11-13,40.39
u_14414,google_ads,ios,PT,53.89,1,2025-11-13,2025-11-13,53.89
u_14415,tiktok,ios,BE,19.36,1,2025-11-14,2025-11-14,19.36
u_14416,facebook,android,PL,71.43,1,2025-11-14,2025-11-14,71.43
u_14417,tiktok,ios,SE,73.38,2,2025-11-14,2025-12-25,110.07
u_14418,facebook,android,PL,44.91,1,2025-11-14,2025-11-14,44.91
u_14419,google_ads,ios,IE,38.8,1,2025-11-14,2025-11-14,38.8
u_14420,google_ads,android,PT,34.0,1,2025-11-14,2025-11-14,34.0
u_14421,facebook,android,FR,20.89,1,2025-11-14,2025-11-14,20.89
u_14422,facebook,android,ES,49.32,1,2025-11-14,2025-11-14,49.32
u_14423,twitter,android,IE,38.95,1,2025-11-14,2025-11-14,38.95
u_14424,google_ads,android,BE,17.39,1,2025-11-14,2025-11-14,17.39
u_14425,twitter,ios,ES,10.77,1,2025-11-14,2025-11-14,10.77
u_14426,google_ads,android,SE,34.95,1,2025-11-14,2025-11-14,34.95
u_14427,tiktok,ios,NL,51.77,1,2025-11-14,2025-11-14,51.77
u_14428,facebook,ios,ES,57.13,1,2025-11-14,2025-11-14,57.13
u_14429,google_ads,ios,PT,84.66,1,2025-11-14,2025-11-14,84.66
u_14430,google_ads,android,DE,51.97,1,2025-11-14,2025-11-14,51.97
u_14431,instagram,android,FR,6.99,1,2025-11-14,2025-11-14,6.99
u_14432,tiktok,android,NL,55.98,1,2025-11-14,2025-11-14,55.98
u_14433,tiktok,ios,DE,6.99,1,2025-11-15,2025-11-15,6.99
u_14434,google_ads,android,ES,49.1,1,2025-11-15,2025-11-15,49.1
u_14435,facebook,ios,ES,53.66,2,2025-11-15,2025-12-03,80.49
u_14436,facebook,android,PT,18.76,1,2025-11-15,2025-11-15,18.76
u_14437,facebook,android,IT,36.17,1,2025-11-15,2025-11-15,36.17
u_14438,google_ads,android,BE,38.09,1,2025-11-15,2025-11-15,38.09
u_14439,instagram,android,ES,49.73,1,2025-11-15,2025-11-15,49.73
u_14440,google_ads,android,DE,50.86,1,2025-11-15,2025-11-15,50.86
u_14441,twitter,android,DE,39.53,1,2025-11-15,2025-11-15,39.53
u_14442,facebook,ios,FR,171.09,2,2025-11-15,2025-12-26,256.64
u_14443,facebook,ios,FR,29.15,1,2025-11-16,2025-11-16,29.15
u_14444,tiktok,android,PL,38.22,1,2025-11-16,2025-11-16,38.22
u_14445,google_ads,ios,BE,58.23,1,2025-11-16,2025-11-16,58.23
u_14446,instagram,ios,PL,73.59,1,2025-11-16,2025-11-16,73.59
u_14447,tiktok,ios,ES,73.81,1,2025-11-16,2025-11-16,73.81
u_14448,tiktok,ios,DE,29.67,1,2025-11-16,2025-11-16,29.67
u_14449,tiktok,android,PL,32.56,1,2025-11-16,2025-11-16,32.56
u_14450,google_ads,ios,PT,47.79,1,2025-11-16,2025-11-16,47.79
u_14451,google_ads,ios,SE,19.41,1,2025-11-16,2025-11-16,19.41
u_14452,tiktok,android,PT,77.23,1,2025-11-16,2025-11-16,77.23
u_14453,facebook,android,DE,58.13,1,2025-11-16,2025-11-16,58.13
u_14454,google_ads,ios,PT,38.86,1,2025-11-16,2025-11-16,38.86
u_14455,google_ads,android,ES,60.68,1,2025-11-16,2025-11-16,60.68
u_14456,google_ads,ios,PT,65.28,1,2025-11-16,2025-11-16,65.28
u_14457,tiktok,android,SE,126.42,2,2025-11-17,2025-11-25,189.63
u_14458,google_ads,ios,PT,61.21,1,2025-11-17,2025-11-17,61.21
u_14459,tiktok,android,NL,30.5,1,2025-11-17,2025-11-17,30.5
u_14460,instagram,android,FR,53.73,1,2025-11-17,2025-11-17,53.73
u_14461,google_ads,ios,SE,21.1,1,2025-11-17,2025-11-17,21.1
u_14462,facebook,android,FR,35.16,1,2025-11-17,2025-11-17,35.16
u_14463,facebook,ios,IE,59.54,1,2025-11-17,2025-11-17,59.54
u_14464,twitter,ios,ES,54.56,1,2025-11-17,2025-11-17,54.56
u_14465,google_ads,android,ES,49.71,1,2025-11-17,2025-11-17,49.71
u_14466,google_ads,ios,PT,30.82,1,2025-11-17,2025-11-17,30.82
u_14467,google_ads,ios,BE,54.23,1,2025-11-17,2025-11-17,54.23
u_14468,facebook,android,DE,26.32,1,2025-11-17,2025-11-17,26.32
u_14469,twitter,android,DE,50.18,1,2025-11-17,2025-11-17,50.18
u_14470,instagram,ios,ES,21.05,1,2025-11-17,2025-11-17,21.05
u_14471,google_ads,ios,FR,39.33,1,2025-11-17,2025-11-17,39.33
u_14472,instagram,android,ES,31.38,1,2025-11-17,2025-11-17,31.38
u_14473,tiktok,ios,DE,91.51,2,2025-11-17,2025-11-24,137.27
u_14474,google_ads,ios,NL,30.74,1,2025-11-17,2025-11-17,30.74
u_14475,instagram,ios,PL,22.32,1,2025-11-17,2025-11-17,22.32
u_14476,instagram,android,PL,9.22,1,2025-11-17,2025-11-17,9.22
u_14477,google_ads,ios,IE,46.07,1,2025-11-17,2025-11-17,46.07
u_14478,instagram,android,IT,22.11,1,2025-11-18,2025-11-18,22.11
u_14479,tiktok,android,IE,47.47,1,2025-11-18,2025-11-18,47.47
u_14480,instagram,ios,PT,56.62,1,2025-11-18,2025-11-18,56.62
u_14481,instagram,android,FR,24.39,1,2025-11-18,2025-11-18,24.39
u_14482,google_ads,ios,PL,45.4,1,2025-11-18,2025-11-18,45.4
u_14483,google_ads,ios,IT,24.39,1,2025-11-18,2025-11-18,24.39
u_14484,google_ads,ios,IT,63.45,1,2025-11-18,2025-11-18,63.45
u_14485,tiktok,ios,PT,42.6,1,2025-11-18,2025-11-18,42.6
u_14486,google_ads,android,ES,51.51,1,2025-11-18,2025-11-18,51.51
u_14487,instagram,android,NL,53.96,1,2025-11-18,2025-11-18,53.96
u_14488,twitter,ios,IE,64.63,1,2025-11-18,2025-11-18,64.63
u_14489,tiktok,ios,ES,21.48,1,2025-11-18,2025-11-18,21.48
u_14490,google_ads,ios,ES,42.4,1,2025-11-18,2025-11-18,42.4
u_14491,twitter,android,NL,30.04,1,2025-11-18,2025-11-18,30.04
u_14492,instagram,android,FR,57.29,1,2025-11-19,2025-11-19,57.29
u_14493,tiktok,android,FR,37.81,1,2025-11-19,2025-11-19,37.81
u_14494,tiktok,ios,ES,44.9,1,2025-11-19,2025-11-19,44.9
u_14495,google_ads,ios,DE,42.85,1,2025-11-19,2025-11-19,42.85
u_14496,google_ads,ios,FR,45.37,1,2025-11-19,2025-11-19,45.37
u_14497,google_ads,android,ES,73.8,1,2025-11-19,2025-11-19,73.8
u_14498,google_ads,android,FR,78.59,1,2025-11-19,2025-11-19,78.59
u_14499,google_ads,android,SE,27.04,1,2025-11-19,2025-11-19,27.04
u_14500,google_ads,ios,BE,51.97,1,2025-11-19,2025-11-19,51.97
u_14501,google_ads,android,ES,30.05,1,2025-11-19,2025-11-19,30.05
u_14502,google_ads,ios,NL,39.03,1,2025-11-19,2025-11-19,39.03
u_14503,tiktok,android,PT,55.17,1,2025-11-19,2025-11-19,55.17
u_14504,google_ads,android,ES,68.24,1,2025-11-19,2025-11-19,68.24
u_14505,facebook,android,PL,65.22,1,2025-11-19,2025-11-19,65.22
u_14506,twitter,android,BE,31.18,1,2025-11-19,2025-11-19,31.18
u_14507,tiktok,android,BE,21.02,1,2025-11-19,2025-11-19,21.02
u_14508,tiktok,ios,IT,8.01,1,2025-11-19,2025-11-19,8.01
u_14509,google_ads,android,IE,26.21,1,2025-11-19,2025-11-19,26.21
u_14510,twitter,android,SE,14.82,1,2025-11-19,2025-11-19,14.82
u_14511,facebook,android,NL,46.93,1,2025-11-19,2025-11-19,46.93
u_14512,facebook,android,PL,14.4,1,2025-11-20,2025-11-20,14.4
u_14513,tiktok,ios,IE,18.77,1,2025-11-20,2025-11-20,18.77
u_14514,instagram,ios,PL,58.89,1,2025-11-20,2025-11-20,58.89
u_14515,facebook,android,NL,52.32,1,2025-11-20,2025-11-20,52.32
u_14516,instagram,android,FR,75.59,1,2025-11-20,2025-11-20,75.59
u_14517,instagram,ios,BE,33.67,1,2025-11-20,2025-11-20,33.67
u_14518,tiktok,ios,ES,52.58,1,2025-11-20,2025-11-20,52.58
u_14519,instagram,ios,IE,6.99,1,2025-11-20,2025-11-20,6.99
u_14520,instagram,android,BE,65.73,1,2025-11-20,2025-11-20,65.73
u_14521,twitter,android,BE,70.09,1,2025-11-20,2025-11-20,70.09
u_14522,google_ads,ios,ES,39.53,1,2025-11-20,2025-11-20,39.53
u_14523,google_ads,ios,DE,51.59,1,2025-11-20,2025-11-20,51.59
u_14524,twitter,android,PL,58.03,1,2025-11-20,2025-11-20,58.03
u_14525,instagram,android,NL,45.66,1,2025-11-20,2025-11-20,45.66
u_14526,tiktok,android,PT,37.54,1,2025-11-21,2025-11-21,37.54
u_14527,twitter,android,IT,78.29,2,2025-11-21,2025-12-27,117.44
u_14528,tiktok,ios,FR,37.32,1,2025-11-21,2025-11-21,37.32
u_14529,google_ads,android,FR,23.55,1,2025-11-21,2025-11-21,23.55
u_14530,facebook,ios,PL,39.35,1,2025-11-21,2025-11-21,39.35
u_14531,tiktok,android,FR,19.89,1,2025-11-21,2025-11-21,19.89
u_14532,facebook,android,BE,43.01,1,2025-11-21,2025-11-21,43.01
u_14533,twitter,ios,PL,47.84,1,2025-11-21,2025-11-21,47.84
u_14534,google_ads,ios,IT,45.36,1,2025-11-21,2025-11-21,45.36
u_14535,google_ads,android,ES,27.97,1,2025-11-21,2025-11-21,27.97
u_14536,facebook,android,IE,55.1,1,2025-11-21,2025-11-21,55.1
u_14537,google_ads,android,DE,12.72,1,2025-11-21,2025-11-21,12.72
u_14538,google_ads,android,ES,39.19,1,2025-11-22,2025-11-22,39.19
u_14539,tiktok,android,DE,38.75,1,2025-11-22,2025-11-22,38.75
u_14540,instagram,ios,SE,49.39,1,2025-11-22,2025-11-22,49.39
u_14541,instagram,android,BE,63.67,1,2025-11-22,2025-11-22,63.67
u_14542,google_ads,android,PT,81.89,1,2025-11-22,2025-11-22,81.89
u_14543,instagram,ios,SE,39.45,1,2025-11-22,2025-11-22,39.45
u_14544,facebook,android,DE,26.09,1,2025-11-22,2025-11-22,26.09
u_14545,google_ads,ios,DE,42.32,1,2025-11-22,2025-11-22,42.32
u_14546,facebook,android,IT,56.46,1,2025-11-22,2025-11-22,56.46
u_14547,google_ads,ios,DE,41.38,1,2025-11-22,2025-11-22,41.38
u_14548,facebook,android,PT,51.39,1,2025-11-22,2025-11-22,51.39
u_14549,facebook,ios,NL,6.99,1,2025-11-22,2025-11-22,6.99
u_14550,google_ads,android,FR,40.69,1,2025-11-22,2025-11-22,40.69
u_14551,tiktok,ios,SE,27.42,1,2025-11-22,2025-11-22,27.42
u_14552,instagram,ios,DE,33.91,1,2025-11-22,2025-11-22,33.91
u_14553,tiktok,android,DE,57.51,1,2025-11-23,2025-11-23,57.51
u_14554,tiktok,android,PL,51.75,1,2025-11-23,2025-11-23,51.75
u_14555,twitter,ios,IT,62.77,1,2025-11-23,2025-11-23,62.77
u_14556,google_ads,ios,PL,63.42,1,2025-11-23,2025-11-23,63.42
u_14557,instagram,ios,ES,35.46,1,2025-11-23,2025-11-23,35.46
u_14558,google_ads,android,PL,27.77,1,2025-11-23,2025-11-23,27.77
u_14559,google_ads,android,DE,46.39,1,2025-11-23,2025-11-23,46.39
u_14560,facebook,ios,ES,38.76,1,2025-11-23,2025-11-23,38.76
u_14561,instagram,android,FR,43.81,1,2025-11-23,2025-11-23,43.81
u_14562,facebook,ios,NL,27.44,1,2025-11-23,2025-11-23,27.44
u_14563,google_ads,ios,DE,69.96,1,2025-11-23,2025-11-23,69.96
u_14564,instagram,ios,IT,46.62,1,2025-11-23,2025-11-23,46.62
u_14565,twitter,ios,PT,47.0,1,2025-11-23,2025-11-23,47.0
u_14566,twitter,ios,IE,52.61,1,2025-11-23,2025-11-23,52.61
u_14567,facebook,ios,FR,45.14,1,2025-11-23,2025-11-23,45.14
u_14568,google_ads,android,ES,35.22,1,2025-11-23,2025-11-23,35.22
u_14569,instagram,ios,PT,38.55,1,2025-11-23,2025-11-23,38.55
u_14570,google_ads,android,NL,43.1,1,2025-11-23,2025-11-23,43.1
u_14571,tiktok,ios,PL,47.05,1,2025-11-24,2025-11-24,47.05
u_14572,google_ads,ios,DE,37.02,1,2025-11-24,2025-11-24,37.02
u_14573,google_ads,android,PL,48.19,1,2025-11-24,2025-11-24,48.19
u_14574,tiktok,ios,ES,40.0,1,2025-11-24,2025-11-24,40.0
u_14575,tiktok,ios,SE,53.12,1,2025-11-24,2025-11-24,53.12
u_14576,facebook,android,DE,44.17,1,2025-11-24,2025-11-24,44.17
u_14577,twitter,android,DE,70.28,1,2025-11-24,2025-11-24,70.28
u_14578,instagram,android,ES,32.81,1,2025-11-24,2025-11-24,32.81
u_14579,instagram,ios,PT,42.89,1,2025-11-24,2025-11-24,42.89
u_14580,instagram,android,PL,55.0,1,2025-11-24,2025-11-24,55.0
u_14581,google_ads,android,IT,20.35,1,2025-11-24,2025-11-24,20.35
u_14582,twitter,android,PL,51.76,1,2025-11-24,2025-11-24,51.76
u_14583,google_ads,ios,ES,30.22,1,2025-11-24,2025-11-24,30.22
u_14584,google_ads,ios,IT,58.21,1,2025-11-24,2025-11-24,58.21
u_14585,facebook,ios,PL,51.77,1,2025-11-25,2025-11-25,51.77
u_14586,google_ads,ios,NL,26.08,1,2025-11-25,2025-11-25,26.08
u_14587,tiktok,ios,NL,32.3,1,2025-11-25,2025-11-25,32.3
u_14588,google_ads,ios,ES,64.91,1,2025-11-25,2025-11-25,64.91
u_14589,google_ads,ios,DE,72.9,1,2025-11-25,2025-11-25,72.9
u_14590,google_ads,ios,DE,55.86,1,2025-11-25,2025-11-25,55.86
u_14591,tiktok,ios,DE,61.34,1,2025-11-25,2025-11-25,61.34
u_14592,instagram,android,DE,31.08,1,2025-11-25,2025-11-25,31.08
u_14593,tiktok,android,ES,59.33,1,2025-11-25,2025-11-25,59.33
u_14594,tiktok,android,FR,30.9,1,2025-11-25,2025-11-25,30.9
u_14595,instagram,android,SE,36.83,1,2025-11-25,2025-11-25,36.83
u_14596,google_ads,android,FR,51.28,1,2025-11-25,2025-11-25,51.28
u_14597,tiktok,ios,NL,6.99,1,2025-11-25,2025-11-25,6.99
u_14598,facebook,ios,DE,11.36,1,2025-11-25,2025-11-25,11.36
u_14599,facebook,android,DE,49.77,1,2025-11-25,2025-11-25,49.77
u_14600,facebook,android,IT,52.91,1,2025-11-25,2025-11-25,52.91
u_14601,facebook,ios,SE,45.48,1,2025-11-25,2025-11-25,45.48
u_14602,google_ads,android,PL,45.92,1,2025-11-25,2025-11-25,45.92
u_14603,facebook,android,DE,69.5,1,2025-11-25,2025-11-25,69.5
u_14604,tiktok,ios,DE,63.57,1,2025-11-26,2025-11-26,63.57
u_14605,google_ads,ios,IE,24.51,1,2025-11-26,2025-11-26,24.51
u_14606,instagram,android,FR,30.76,1,2025-11-26,2025-11-26,30.76
u_14607,tiktok,ios,ES,39.67,1,2025-11-26,2025-11-26,39.67
u_14608,google_ads,ios,SE,43.01,1,2025-11-26,2025-11-26,43.01
u_14609,google_ads,android,DE,33.79,1,2025-11-26,2025-11-26,33.79
u_14610,twitter,ios,FR,37.78,1,2025-11-26,2025-11-26,37.78
u_14611,instagram,android,NL,47.4,1,2025-11-26,2025-11-26,47.4
u_14612,tiktok,android,IT,44.04,1,2025-11-26,2025-11-26,44.04
u_14613,google_ads,ios,IT,64.36,1,2025-11-26,2025-11-26,64.36
u_14614,google_ads,ios,FR,31.76,1,2025-11-26,2025-11-26,31.76
u_14615,instagram,android,SE,10.94,1,2025-11-26,2025-11-26,10.94
u_14616,facebook,android,DE,37.85,1,2025-11-26,2025-11-26,37.85
u_14617,instagram,android,FR,19.71,1,2025-11-26,2025-11-26,19.71
u_14618,google_ads,ios,NL,79.84,1,2025-11-26,2025-11-26,79.84
u_14619,tiktok,ios,SE,164.3,2,2025-11-26,2025-12-08,246.45
u_14620,twitter,android,PL,50.17,1,2025-11-26,2025-11-26,50.17
u_14621,google_ads,android,DE,47.98,1,2025-11-26,2025-11-26,47.98
u_14622,facebook,ios,SE,49.61,1,2025-11-27,2025-11-27,49.61
u_14623,tiktok,android,BE,6.99,1,2025-11-27,2025-11-27,6.99
u_14624,google_ads,ios,SE,73.49,1,2025-11-27,2025-11-27,73.49
u_14625,google_ads,android,PL,43.49,1,2025-11-27,2025-11-27,43.49
u_14626,google_ads,android,PL,25.9,1,2025-11-27,2025-11-27,25.9
u_14627,facebook,android,DE,36.85,1,2025-11-27,2025-11-27,36.85
u_14628,google_ads,android,SE,47.36,1,2025-11-27,2025-11-27,47.36
u_14629,facebook,android,FR,39.26,1,2025-11-27,2025-11-27,39.26
u_14630,tiktok,android,BE,78.58,2,2025-11-27,2025-12-25,117.87
u_14631,google_ads,ios,IE,17.31,1,2025-11-27,2025-11-27,17.31
u_14632,tiktok,android,DE,27.96,1,2025-11-27,2025-11-27,27.96
u_14633,instagram,ios,PL,48.37,1,2025-11-28,2025-11-28,48.37
u_14634,google_ads,ios,ES,25.38,2,2025-11-28,2025-12-23,38.07
u_14635,tiktok,android,SE,57.99,1,2025-11-28,2025-11-28,57.99
u_14636,facebook,android,BE,36.47,1,2025-11-28,2025-11-28,36.47
u_14637,instagram,android,FR,67.92,1,2025-11-28,2025-11-28,67.92
u_14638,facebook,ios,FR,35.02,1,2025-11-28,2025-11-28,35.02
u_14639,google_ads,ios,FR,40.68,1,2025-11-28,2025-11-28,40.68
u_14640,instagram,android,PL,56.25,2,2025-11-28,2025-12-18,84.38
u_14641,facebook,android,SE,67.02,1,2025-11-28,2025-11-28,67.02
u_14642,google_ads,ios,IT,25.76,1,2025-11-28,2025-11-28,25.76
u_14643,facebook,android,ES,34.0,1,2025-11-28,2025-11-28,34.0
u_14644,google_ads,android,PL,46.17,1,2025-11-28,2025-11-28,46.17
u_14645,facebook,android,DE,34.91,1,2025-11-28,2025-11-28,34.91
u_14646,facebook,android,IT,69.55,1,2025-11-28,2025-11-28,69.55
u_14647,facebook,ios,NL,65.25,1,2025-11-28,2025-11-28,65.25
u_14648,google_ads,android,SE,53.59,1,2025-11-28,2025-11-28,53.59
u_14649,google_ads,ios,ES,47.86,1,2025-11-29,2025-11-29,47.86
u_14650,instagram,ios,BE,32.78,1,2025-11-29,2025-11-29,32.78
u_14651,tiktok,android,IE,20.2,1,2025-11-29,2025-11-29,20.2
u_14652,tiktok,android,SE,35.26,1,2025-11-29,2025-11-29,35.26
u_14653,google_ads,ios,IT,40.45,1,2025-11-29,2025-11-29,40.45
u_14654,instagram,android,BE,27.77,1,2025-11-29,2025-11-29,27.77
u_14655,facebook,android,ES,63.47,1,2025-11-29,2025-11-29,63.47
u_14656,facebook,ios,DE,66.11,1,2025-11-29,2025-11-29,66.11
u_14657,google_ads,ios,IT,47.48,1,2025-11-29,2025-11-29,47.48
u_14658,google_ads,ios,DE,42.22,1,2025-11-29,2025-11-29,42.22
u_14659,facebook,ios,BE,11.06,1,2025-11-29,2025-11-29,11.06
u_14660,google_ads,ios,FR,45.32,1,2025-11-29,2025-11-29,45.32
u_14661,google_ads,ios,DE,17.53,1,2025-11-29,2025-11-29,17.53
u_14662,facebook,android,BE,49.9,1,2025-11-30,2025-11-30,49.9
u_14663,google_ads,android,IE,55.02,1,2025-11-30,2025-11-30,55.02
u_14664,google_ads,android,IT,6.99,1,2025-11-30,2025-11-30,6.99
u_14665,twitter,android,PL,49.78,1,2025-11-30,2025-11-30,49.78
u_14666,google_ads,ios,DE,6.99,1,2025-11-30,2025-11-30,6.99
u_14667,tiktok,ios,SE,43.34,1,2025-11-30,2025-11-30,43.34
u_14668,google_ads,ios,BE,79.48,1,2025-11-30,2025-11-30,79.48
u_14669,google_ads,android,ES,45.23,1,2025-11-30,2025-11-30,45.23
u_14670,instagram,ios,FR,40.97,1,2025-11-30,2025-11-30,40.97
u_14671,tiktok,android,IE,56.07,1,2025-11-30,2025-11-30,56.07
u_14672,google_ads,ios,ES,69.2,1,2025-12-01,2025-12-01,69.2
u_14673,facebook,ios,PL,60.22,1,2025-12-01,2025-12-01,60.22
u_14674,tiktok,android,PT,44.42,1,2025-12-01,2025-12-01,44.42
u_14675,facebook,ios,FR,45.42,1,2025-12-01,2025-12-01,45.42
u_14676,facebook,ios,NL,134.65,2,2025-12-01,2025-12-20,201.98
u_14677,twitter,android,DE,62.5,1,2025-12-01,2025-12-01,62.5
u_14678,tiktok,android,SE,30.49,1,2025-12-01,2025-12-01,30.49
u_14679,instagram,ios,NL,23.77,1,2025-12-01,2025-12-01,23.77
u_14680,google_ads,android,IT,60.78,1,2025-12-01,2025-12-01,60.78
u_14681,google_ads,ios,FR,55.73,1,2025-12-01,2025-12-01,55.73
u_14682,facebook,android,NL,45.58,1,2025-12-01,2025-12-01,45.58
u_14683,instagram,android,PL,22.76,1,2025-12-01,2025-12-01,22.76
u_14684,google_ads,ios,PL,58.23,1,2025-12-02,2025-12-02,58.23
u_14685,instagram,android,ES,43.58,1,2025-12-02,2025-12-02,43.58
u_14686,twitter,android,IE,36.09,1,2025-12-02,2025-12-02,36.09
u_14687,google_ads,ios,IT,52.46,1,2025-12-02,2025-12-02,52.46
u_14688,instagram,ios,PL,20.31,1,2025-12-02,2025-12-02,20.31
u_14689,tiktok,ios,PT,61.75,1,2025-12-02,2025-12-02,61.75
u_14690,facebook,android,DE,48.61,1,2025-12-02,2025-12-02,48.61
u_14691,twitter,ios,PT,54.31,1,2025-12-02,2025-12-02,54.31
u_14692,google_ads,android,NL,44.06,1,2025-12-02,2025-12-02,44.06
u_14693,facebook,ios,PL,40.86,1,2025-12-02,2025-12-02,40.86
u_14694,facebook,ios,SE,38.1,1,2025-12-02,2025-12-02,38.1
u_14695,google_ads,android,FR,82.82,2,2025-12-02,2025-12-20,124.23
u_14696,tiktok,ios,DE,32.37,2,2025-12-02,2025-12-30,48.55
u_14697,google_ads,android,NL,61.36,1,2025-12-02,2025-12-02,61.36
u_14698,google_ads,android,IE,40.68,1,2025-12-02,2025-12-02,40.68
u_14699,facebook,ios,NL,6.99,1,2025-12-03,2025-12-03,6.99
u_14700,google_ads,ios,ES,45.87,1,2025-12-03,2025-12-03,45.87
u_14701,instagram,ios,BE,58.46,1,2025-12-03,2025-12-03,58.46
u_14702,instagram,android,DE,56.71,1,2025-12-03,2025-12-03,56.71
u_14703,twitter,android,DE,67.78,1,2025-12-03,2025-12-03,67.78
u_14704,tiktok,ios,PL,44.26,1,2025-12-03,2025-12-03,44.26
u_14705,twitter,ios,ES,45.82,1,2025-12-03,2025-12-03,45.82
u_14706,google_ads,ios,DE,70.18,1,2025-12-03,2025-12-03,70.18
u_14707,twitter,ios,ES,60.45,1,2025-12-03,2025-12-03,60.45
u_14708,google_ads,android,NL,51.99,1,2025-12-03,2025-12-03,51.99
u_14709,instagram,android,FR,63.22,1,2025-12-03,2025-12-03,63.22
u_14710,instagram,ios,IE,44.17,1,2025-12-03,2025-12-03,44.17
u_14711,tiktok,ios,BE,49.73,1,2025-12-03,2025-12-03,49.73
u_14712,facebook,android,NL,17.86,1,2025-12-03,2025-12-03,17.86
u_14713,twitter,android,DE,34.35,1,2025-12-03,2025-12-03,34.35
u_14714,google_ads,android,PL,53.5,1,2025-12-03,2025-12-03,53.5
u_14715,twitter,android,IE,51.91,1,2025-12-04,2025-12-04,51.91
u_14716,tiktok,ios,IT,34.96,1,2025-12-04,2025-12-04,34.96
u_14717,google_ads,android,IT,76.62,1,2025-12-04,2025-12-04,76.62
u_14718,google_ads,ios,IT,51.41,1,2025-12-04,2025-12-04,51.41
u_14719,google_ads,ios,SE,14.25,1,2025-12-04,2025-12-04,14.25
u_14720,tiktok,android,NL,6.99,1,2025-12-04,2025-12-04,6.99
u_14721,google_ads,ios,NL,12.29,1,2025-12-04,2025-12-04,12.29
u_14722,google_ads,ios,BE,60.43,1,2025-12-04,2025-12-04,60.43
u_14723,tiktok,ios,DE,27.26,1,2025-12-04,2025-12-04,27.26
u_14724,twitter,ios,ES,24.08,1,2025-12-04,2025-12-04,24.08
u_14725,google_ads,ios,SE,31.18,1,2025-12-04,2025-12-04,31.18
u_14726,instagram,ios,BE,57.77,1,2025-12-04,2025-12-04,57.77
u_14727,twitter,android,SE,41.98,1,2025-12-04,2025-12-04,41.98
u_14728,facebook,ios,SE,61.02,1,2025-12-04,2025-12-04,61.02
u_14729,google_ads,ios,NL,56.18,1,2025-12-04,2025-12-04,56.18
u_14730,tiktok,android,FR,72.66,1,2025-12-04,2025-12-04,72.66
u_14731,tiktok,ios,SE,20.02,2,2025-12-04,2025-12-26,30.03
u_14732,google_ads,android,NL,49.43,1,2025-12-04,2025-12-04,49.43
u_14733,google_ads,ios,SE,16.82,1,2025-12-04,2025-12-04,16.82
u_14734,twitter,ios,IE,53.61,1,2025-12-04,2025-12-04,53.61
u_14735,instagram,ios,IE,26.1,1,2025-12-05,2025-12-05,26.1
u_14736,google_ads,ios,FR,47.64,1,2025-12-05,2025-12-05,47.64
u_14737,google_ads,android,IT,62.55,1,2025-12-05,2025-12-05,62.55
u_14738,tiktok,ios,NL,39.44,1,2025-12-05,2025-12-05,39.44
u_14739,google_ads,android,FR,64.8,1,2025-12-05,2025-12-05,64.8
u_14740,google_ads,android,PL,43.12,1,2025-12-05,2025-12-05,43.12
u_14741,google_ads,android,IE,37.35,1,2025-12-05,2025-12-05,37.35
u_14742,twitter,ios,BE,11.63,1,2025-12-05,2025-12-05,11.63
u_14743,google_ads,ios,PT,48.58,1,2025-12-05,2025-12-05,48.58
u_14744,tiktok,android,SE,44.06,1,2025-12-05,2025-12-05,44.06
u_14745,tiktok,ios,NL,62.51,1,2025-12-05,2025-12-05,62.51
u_14746,facebook,android,NL,26.8,2,2025-12-05,2025-12-19,40.2
u_14747,tiktok,android,SE,44.84,1,2025-12-05,2025-12-05,44.84
u_14748,google_ads,android,PL,26.06,1,2025-12-05,2025-12-05,26.06
u_14749,tiktok,android,PL,57.09,1,2025-12-05,2025-12-05,57.09
u_14750,google_ads,android,PL,53.17,1,2025-12-05,2025-12-05,53.17
u_14751,google_ads,ios,NL,6.99,1,2025-12-05,2025-12-05,6.99
u_14752,google_ads,ios,IT,36.2,1,2025-12-05,2025-12-05,36.2
u_14753,google_ads,android,NL,19.8,1,2025-12-06,2025-12-06,19.8
u_14754,tiktok,ios,FR,54.85,1,2025-12-06,2025-12-06,54.85
u_14755,google_ads,android,ES,71.0,1,2025-12-06,2025-12-06,71.0
u_14756,instagram,ios,NL,19.17,1,2025-12-06,2025-12-06,19.17
u_14757,tiktok,ios,FR,111.36,2,2025-12-06,2025-12-11,167.04
u_14758,facebook,ios,SE,47.55,2,2025-12-06,2025-12-11,71.32
u_14759,instagram,android,SE,39.21,1,2025-12-06,2025-12-06,39.21
u_14760,google_ads,ios,DE,37.63,1,2025-12-06,2025-12-06,37.63
u_14761,google_ads,android,SE,49.82,1,2025-12-06,2025-12-06,49.82
u_14762,google_ads,android,FR,46.01,1,2025-12-06,2025-12-06,46.01
u_14763,tiktok,ios,ES,50.56,1,2025-12-06,2025-12-06,50.56
u_14764,twitter,android,PL,49.62,1,2025-12-06,2025-12-06,49.62
u_14765,facebook,android,SE,59.99,1,2025-12-06,2025-12-06,59.99
u_14766,google_ads,android,SE,62.7,1,2025-12-06,2025-12-06,62.7
u_14767,google_ads,android,BE,43.6,1,2025-12-06,2025-12-06,43.6
u_14768,twitter,android,FR,45.17,1,2025-12-06,2025-12-06,45.17
u_14769,tiktok,ios,ES,50.38,2,2025-12-06,2025-12-09,75.57
u_14770,instagram,ios,IT,32.68,1,2025-12-06,2025-12-06,32.68
u_14771,google_ads,android,DE,6.99,1,2025-12-07,2025-12-07,6.99
u_14772,tiktok,ios,ES,25.8,1,2025-12-07,2025-12-07,25.8
u_14773,facebook,android,BE,46.37,1,2025-12-07,2025-12-07,46.37
u_14774,twitter,ios,FR,27.05,1,2025-12-07,2025-12-07,27.05
u_14775,tiktok,ios,IT,32.12,1,2025-12-07,2025-12-07,32.12
u_14776,google_ads,android,ES,45.12,1,2025-12-07,2025-12-07,45.12
u_14777,google_ads,android,IE,26.0,1,2025-12-07,2025-12-07,26.0
u_14778,instagram,android,PT,36.31,1,2025-12-07,2025-12-07,36.31
u_14779,twitter,android,PT,96.15,2,2025-12-07,2025-12-26,144.23
u_14780,facebook,android,ES,60.14,1,2025-12-07,2025-12-07,60.14
u_14781,instagram,android,ES,67.59,1,2025-12-07,2025-12-07,67.59
u_14782,tiktok,ios,PL,51.84,1,2025-12-07,2025-12-07,51.84
u_14783,tiktok,android,IT,21.71,1,2025-12-07,2025-12-07,21.71
u_14784,instagram,ios,IT,48.97,1,2025-12-07,2025-12-07,48.97
u_14785,google_ads,ios,FR,37.62,1,2025-12-08,2025-12-08,37.62
u_14786,google_ads,ios,BE,29.37,1,2025-12-08,2025-12-08,29.37
u_14787,google_ads,ios,FR,63.07,1,2025-12-08,2025-12-08,63.07
u_14788,google_ads,android,IE,27.1,1,2025-12-08,2025-12-08,27.1
u_14789,instagram,ios,DE,28.6,1,2025-12-08,2025-12-08,28.6
u_14790,tiktok,ios,BE,9.33,1,2025-12-08,2025-12-08,9.33
u_14791,facebook,android,BE,50.87,1,2025-12-08,2025-12-08,50.87
u_14792,facebook,android,IE,21.57,1,2025-12-08,2025-12-08,21.57
u_14793,instagram,ios,SE,82.66,1,2025-12-08,2025-12-08,82.66
u_14794,twitter,ios,FR,44.18,1,2025-12-08,2025-12-08,44.18
u_14795,tiktok,android,BE,6.99,1,2025-12-08,2025-12-08,6.99
u_14796,facebook,android,NL,36.88,1,2025-12-08,2025-12-08,36.88
u_14797,instagram,ios,IT,61.78,1,2025-12-08,2025-12-08,61.78
u_14798,twitter,ios,PT,48.22,1,2025-12-08,2025-12-08,48.22
u_14799,twitter,ios,SE,6.99,1,2025-12-08,2025-12-08,6.99
u_14800,google_ads,ios,ES,71.65,1,2025-12-08,2025-12-08,71.65
u_14801,google_ads,ios,IT,29.2,1,2025-12-08,2025-12-08,29.2
u_14802,instagram,android,SE,25.72,1,2025-12-08,2025-12-08,25.72
u_14803,twitter,android,IE,11.6,1,2025-12-08,2025-12-08,11.6
u_14804,tiktok,ios,ES,37.59,1,2025-12-08,2025-12-08,37.59
u_14805,google_ads,ios,IT,53.41,1,2025-12-09,2025-12-09,53.41
u_14806,google_ads,ios,ES,23.36,1,2025-12-09,2025-12-09,23.36
u_14807,google_ads,ios,NL,83.6,1,2025-12-09,2025-12-09,83.6
u_14808,google_ads,android,PL,51.09,1,2025-12-09,2025-12-09,51.09
u_14809,instagram,ios,SE,61.48,1,2025-12-09,2025-12-09,61.48
u_14810,google_ads,ios,SE,91.58,1,2025-12-09,2025-12-09,91.58
u_14811,google_ads,android,PT,17.02,1,2025-12-09,2025-12-09,17.02
u_14812,twitter,android,PT,84.97,3,2025-12-09,2025-12-18,169.94
u_14813,tiktok,android,SE,37.57,1,2025-12-09,2025-12-09,37.57
u_14814,tiktok,ios,PL,45.74,1,2025-12-09,2025-12-09,45.74
u_14815,twitter,android,IT,9.17,1,2025-12-09,2025-12-09,9.17
u_14816,google_ads,ios,SE,69.96,1,2025-12-09,2025-12-09,69.96
u_14817,twitter,android,SE,54.04,1,2025-12-09,2025-12-09,54.04
u_14818,twitter,android,IT,52.62,1,2025-12-09,2025-12-09,52.62
u_14819,google_ads,android,NL,43.67,1,2025-12-09,2025-12-09,43.67
u_14820,tiktok,ios,DE,31.01,1,2025-12-09,2025-12-09,31.01
u_14821,google_ads,ios,PL,20.65,1,2025-12-09,2025-12-09,20.65
u_14822,instagram,ios,NL,51.96,1,2025-12-09,2025-12-09,51.96
u_14823,google_ads,ios,SE,30.69,1,2025-12-10,2025-12-10,30.69
u_14824,google_ads,android,NL,60.64,1,2025-12-10,2025-12-10,60.64
u_14825,instagram,android,SE,49.06,1,2025-12-10,2025-12-10,49.06
u_14826,facebook,android,ES,55.94,1,2025-12-10,2025-12-10,55.94
u_14827,tiktok,ios,DE,36.42,1,2025-12-10,2025-12-10,36.42
u_14828,google_ads,ios,IE,66.59,1,2025-12-10,2025-12-10,66.59
u_14829,facebook,ios,PT,18.04,1,2025-12-10,2025-12-10,18.04
u_14830,google_ads,android,PT,6.99,1,2025-12-10,2025-12-10,6.99
u_14831,tiktok,ios,PT,42.87,1,2025-12-10,2025-12-10,42.87
u_14832,facebook,android,DE,76.5,1,2025-12-10,2025-12-10,76.5
u_14833,instagram,android,IE,38.72,1,2025-12-10,2025-12-10,38.72
u_14834,tiktok,android,DE,19.17,1,2025-12-10,2025-12-10,19.17
u_14835,tiktok,ios,IT,19.18,1,2025-12-11,2025-12-11,19.18
u_14836,facebook,android,NL,54.44,1,2025-12-11,2025-12-11,54.44
u_14837,twitter,ios,PL,56.36,1,2025-12-11,2025-12-11,56.36
u_14838,tiktok,ios,PL,50.91,1,2025-12-11,2025-12-11,50.91
u_14839,facebook,ios,PL,56.91,1,2025-12-11,2025-12-11,56.91
u_14840,google_ads,android,IT,70.18,1,2025-12-11,2025-12-11,70.18
u_14841,twitter,ios,PL,6.99,1,2025-12-11,2025-12-11,6.99
u_14842,google_ads,ios,FR,51.66,1,2025-12-11,2025-12-11,51.66
u_14843,google_ads,ios,FR,52.97,1,2025-12-11,2025-12-11,52.97
u_14844,google_ads,android,SE,29.19,1,2025-12-11,2025-12-11,29.19
u_14845,google_ads,android,ES,60.55,1,2025-12-11,2025-12-11,60.55
u_14846,instagram,ios,BE,54.44,1,2025-12-11,2025-12-11,54.44
u_14847,tiktok,ios,PL,65.15,1,2025-12-11,2025-12-11,65.15
u_14848,facebook,ios,FR,27.82,1,2025-12-11,2025-12-11,27.82
u_14849,tiktok,android,ES,63.02,1,2025-12-11,2025-12-11,63.02
u_14850,facebook,android,FR,6.99,1,2025-12-11,2025-12-11,6.99
u_14851,tiktok,android,ES,57.84,1,2025-12-11,2025-12-11,57.84
u_14852,instagram,ios,IT,41.26,1,2025-12-11,2025-12-11,41.26
u_14853,facebook,android,FR,35.91,1,2025-12-12,2025-12-12,35.91
u_14854,facebook,ios,PL,59.12,1,2025-12-12,2025-12-12,59.12
u_14855,instagram,ios,DE,38.87,1,2025-12-12,2025-12-12,38.87
u_14856,twitter,ios,PT,55.55,1,2025-12-12,2025-12-12,55.55
u_14857,google_ads,android,SE,41.18,1,2025-12-12,2025-12-12,41.18
u_14858,tiktok,android,DE,58.03,1,2025-12-12,2025-12-12,58.03
u_14859,facebook,android,DE,29.03,1,2025-12-12,2025-12-12,29.03
u_14860,google_ads,ios,SE,22.69,1,2025-12-12,2025-12-12,22.69
u_14861,google_ads,android,BE,6.99,1,2025-12-12,2025-12-12,6.99
u_14862,tiktok,android,ES,38.72,1,2025-12-12,2025-12-12,38.72
u_14863,facebook,ios,IT,50.06,1,2025-12-12,2025-12-12,50.06
u_14864,facebook,ios,IT,28.63,1,2025-12-12,2025-12-12,28.63
u_14865,tiktok,ios,IT,34.41,2,2025-12-12,2025-12-15,51.61
u_14866,tiktok,android,IE,20.52,1,2025-12-12,2025-12-12,20.52
u_14867,tiktok,ios,IE,54.98,1,2025-12-12,2025-12-12,54.98
u_14868,twitter,ios,FR,51.23,1,2025-12-12,2025-12-12,51.23
u_14869,facebook,android,PT,63.26,1,2025-12-12,2025-12-12,63.26
u_14870,tiktok,android,PT,61.07,1,2025-12-13,2025-12-13,61.07
u_14871,twitter,android,SE,40.32,1,2025-12-13,2025-12-13,40.32
u_14872,facebook,ios,FR,36.9,1,2025-12-13,2025-12-13,36.9
u_14873,facebook,android,ES,72.29,1,2025-12-13,2025-12-13,72.29
u_14874,google_ads,android,IT,61.3,1,2025-12-13,2025-12-13,61.3
u_14875,instagram,android,SE,34.62,1,2025-12-13,2025-12-13,34.62
u_14876,google_ads,android,DE,65.52,1,2025-12-13,2025-12-13,65.52
u_14877,twitter,android,BE,68.85,1,2025-12-13,2025-12-13,68.85
u_14878,google_ads,ios,ES,31.37,1,2025-12-13,2025-12-13,31.37
u_14879,google_ads,android,FR,21.24,1,2025-12-13,2025-12-13,21.24
u_14880,tiktok,android,SE,24.87,1,2025-12-13,2025-12-13,24.87
u_14881,facebook,android,PT,23.95,1,2025-12-13,2025-12-13,23.95
u_14882,google_ads,ios,SE,37.07,1,2025-12-13,2025-12-13,37.07
u_14883,tiktok,android,BE,25.03,1,2025-12-13,2025-12-13,25.03
u_14884,tiktok,ios,FR,54.54,1,2025-12-13,2025-12-13,54.54
u_14885,google_ads,android,SE,6.99,1,2025-12-13,2025-12-13,6.99
u_14886,facebook,android,FR,56.29,1,2025-12-13,2025-12-13,56.29
u_14887,facebook,ios,PT,39.04,1,2025-12-13,2025-12-13,39.04
u_14888,tiktok,ios,PT,42.78,1,2025-12-14,2025-12-14,42.78
u_14889,facebook,ios,FR,43.91,1,2025-12-14,2025-12-14,43.91
u_14890,instagram,android,IT,42.97,1,2025-12-14,2025-12-14,42.97
u_14891,tiktok,android,BE,31.77,1,2025-12-14,2025-12-14,31.77
u_14892,google_ads,android,PL,41.48,1,2025-12-14,2025-12-14,41.48
u_14893,twitter,android,PT,45.45,1,2025-12-14,2025-12-14,45.45
u_14894,google_ads,android,FR,48.31,1,2025-12-14,2025-12-14,48.31
u_14895,instagram,android,IT,67.07,1,2025-12-14,2025-12-14,67.07
u_14896,facebook,android,FR,20.57,1,2025-12-14,2025-12-14,20.57
u_14897,tiktok,android,SE,28.54,1,2025-12-14,2025-12-14,28.54
u_14898,tiktok,android,FR,32.72,1,2025-12-14,2025-12-14,32.72
u_14899,google_ads,ios,PT,35.82,1,2025-12-14,2025-12-14,35.82
u_14900,google_ads,ios,FR,38.87,1,2025-12-14,2025-12-14,38.87
u_14901,instagram,ios,IE,22.65,1,2025-12-14,2025-12-14,22.65
u_14902,google_ads,android,ES,58.69,1,2025-12-15,2025-12-15,58.69
u_14903,instagram,ios,PL,36.29,1,2025-12-15,2025-12-15,36.29
u_14904,facebook,ios,PL,45.24,1,2025-12-15,2025-12-15,45.24
u_14905,google_ads,ios,FR,19.51,1,2025-12-15,2025-12-15,19.51
u_14906,facebook,android,PL,49.81,1,2025-12-15,2025-12-15,49.81
u_14907,google_ads,android,PL,43.14,1,2025-12-15,2025-12-15,43.14
u_14908,facebook,ios,ES,45.11,1,2025-12-15,2025-12-15,45.11
u_14909,facebook,android,PL,56.78,1,2025-12-15,2025-12-15,56.78
u_14910,google_ads,ios,DE,30.76,1,2025-12-15,2025-12-15,30.76
u_14911,instagram,android,DE,53.01,1,2025-12-15,2025-12-15,53.01
u_14912,google_ads,android,DE,52.31,1,2025-12-15,2025-12-15,52.31
u_14913,tiktok,android,IT,40.67,1,2025-12-15,2025-12-15,40.67
u_14914,google_ads,android,ES,42.38,1,2025-12-15,2025-12-15,42.38
u_14915,facebook,android,NL,27.43,1,2025-12-15,2025-12-15,27.43
u_14916,instagram,ios,SE,51.51,1,2025-12-16,2025-12-16,51.51
u_14917,instagram,ios,DE,42.49,1,2025-12-16,2025-12-16,42.49
u_14918,google_ads,ios,PT,45.76,1,2025-12-16,2025-12-16,45.76
u_14919,facebook,android,DE,23.83,1,2025-12-16,2025-12-16,23.83
u_14920,google_ads,ios,ES,55.06,1,2025-12-16,2025-12-16,55.06
u_14921,instagram,ios,DE,28.44,1,2025-12-16,2025-12-16,28.44
u_14922,instagram,android,ES,36.36,1,2025-12-16,2025-12-16,36.36
u_14923,tiktok,ios,ES,51.47,1,2025-12-16,2025-12-16,51.47
u_14924,instagram,android,PL,16.41,1,2025-12-16,2025-12-16,16.41
u_14925,instagram,ios,IT,53.09,1,2025-12-16,2025-12-16,53.09
u_14926,twitter,android,IT,60.86,1,2025-12-16,2025-12-16,60.86
u_14927,tiktok,android,FR,22.83,1,2025-12-16,2025-12-16,22.83
u_14928,google_ads,android,NL,64.7,1,2025-12-16,2025-12-16,64.7
u_14929,tiktok,android,PL,39.46,1,2025-12-16,2025-12-16,39.46
u_14930,google_ads,ios,ES,17.36,1,2025-12-17,2025-12-17,17.36
u_14931,google_ads,ios,PL,73.75,1,2025-12-17,2025-12-17,73.75
u_14932,instagram,android,DE,32.74,1,2025-12-17,2025-12-17,32.74
u_14933,facebook,android,PL,73.25,1,2025-12-17,2025-12-17,73.25
u_14934,google_ads,ios,IT,46.25,1,2025-12-17,2025-12-17,46.25
u_14935,instagram,android,PT,64.13,1,2025-12-17,2025-12-17,64.13
u_14936,instagram,ios,ES,44.62,1,2025-12-17,2025-12-17,44.62
u_14937,facebook,ios,ES,53.26,1,2025-12-17,2025-12-17,53.26
u_14938,google_ads,ios,NL,13.42,1,2025-12-17,2025-12-17,13.42
u_14939,instagram,ios,ES,46.1,1,2025-12-17,2025-12-17,46.1
u_14940,twitter,ios,NL,31.2,1,2025-12-18,2025-12-18,31.2
u_14941,instagram,ios,DE,69.8,1,2025-12-18,2025-12-18,69.8
u_14942,google_ads,ios,IE,44.91,1,2025-12-18,2025-12-18,44.91
u_14943,tiktok,android,ES,44.2,1,2025-12-18,2025-12-18,44.2
u_14944,tiktok,android,SE,36.16,1,2025-12-18,2025-12-18,36.16
u_14945,google_ads,android,ES,11.66,1,2025-12-18,2025-12-18,11.66
u_14946,tiktok,android,ES,44.89,1,2025-12-18,2025-12-18,44.89
u_14947,google_ads,android,ES,41.12,1,2025-12-18,2025-12-18,41.12
u_14948,twitter,ios,PT,35.69,1,2025-12-18,2025-12-18,35.69
u_14949,google_ads,android,SE,49.6,1,2025-12-18,2025-12-18,49.6
u_14950,google_ads,android,IE,53.56,1,2025-12-18,2025-12-18,53.56
u_14951,tiktok,ios,FR,30.79,1,2025-12-18,2025-12-18,30.79
u_14952,tiktok,ios,BE,72.81,1,2025-12-18,2025-12-18,72.81
u_14953,instagram,android,PL,51.62,1,2025-12-18,2025-12-18,51.62
u_14954,google_ads,ios,DE,33.43,1,2025-12-18,2025-12-18,33.43
u_14955,facebook,android,PT,50.39,1,2025-12-19,2025-12-19,50.39
u_14956,google_ads,android,DE,31.57,1,2025-12-19,2025-12-19,31.57
u_14957,twitter,android,SE,37.59,1,2025-12-19,2025-12-19,37.59
u_14958,tiktok,android,IE,43.18,1,2025-12-19,2025-12-19,43.18
u_14959,google_ads,ios,SE,43.99,1,2025-12-19,2025-12-19,43.99
u_14960,google_ads,ios,SE,54.45,1,2025-12-19,2025-12-19,54.45
u_14961,facebook,android,IT,49.79,1,2025-12-19,2025-12-19,49.79
u_14962,google_ads,ios,ES,33.9,1,2025-12-19,2025-12-19,33.9
u_14963,instagram,android,PL,21.11,1,2025-12-19,2025-12-19,21.11
u_14964,instagram,android,FR,40.3,1,2025-12-19,2025-12-19,40.3
u_14965,twitter,ios,BE,6.99,1,2025-12-19,2025-12-19,6.99
u_14966,instagram,ios,DE,23.4,1,2025-12-19,2025-12-19,23.4
u_14967,facebook,android,NL,36.74,1,2025-12-19,2025-12-19,36.74
u_14968,google_ads,android,BE,59.53,1,2025-12-19,2025-12-19,59.53
u_14969,google_ads,ios,BE,56.61,1,2025-12-20,2025-12-20,56.61
u_14970,instagram,ios,PT,42.93,1,2025-12-20,2025-12-20,42.93
u_14971,facebook,ios,IT,34.96,1,2025-12-20,2025-12-20,34.96
u_14972,facebook,ios,SE,6.99,1,2025-12-20,2025-12-20,6.99
u_14973,google_ads,ios,ES,43.36,1,2025-12-20,2025-12-20,43.36
u_14974,instagram,ios,FR,60.88,1,2025-12-20,2025-12-20,60.88
u_14975,twitter,ios,DE,56.01,1,2025-12-20,2025-12-20,56.01
u_14976,facebook,android,PT,33.36,1,2025-12-20,2025-12-20,33.36
u_14977,google_ads,android,BE,19.33,1,2025-12-20,2025-12-20,19.33
u_14978,google_ads,android,NL,25.91,1,2025-12-20,2025-12-20,25.91
u_14979,google_ads,android,ES,44.56,1,2025-12-20,2025-12-20,44.56
u_14980,facebook,android,ES,54.54,1,2025-12-20,2025-12-20,54.54
u_14981,google_ads,android,FR,17.89,1,2025-12-20,2025-12-20,17.89
u_14982,facebook,android,ES,47.64,1,2025-12-20,2025-12-20,47.64
u_14983,instagram,android,NL,158.89,2,2025-12-20,2025-12-23,238.33
u_14984,instagram,ios,ES,60.53,1,2025-12-20,2025-12-20,60.53
u_14985,google_ads,android,PL,62.02,1,2025-12-21,2025-12-21,62.02
u_14986,tiktok,ios,DE,42.06,1,2025-12-21,2025-12-21,42.06
u_14987,tiktok,android,FR,49.82,1,2025-12-21,2025-12-21,49.82
u_14988,google_ads,ios,FR,33.62,1,2025-12-21,2025-12-21,33.62
u_14989,twitter,ios,BE,91.21,1,2025-12-21,2025-12-21,91.21
u_14990,instagram,ios,IT,33.18,1,2025-12-21,2025-12-21,33.18
u_14991,tiktok,ios,NL,39.73,1,2025-12-21,2025-12-21,39.73
u_14992,instagram,ios,SE,18.33,1,2025-12-21,2025-12-21,18.33
u_14993,google_ads,ios,PL,91.84,1,2025-12-21,2025-12-21,91.84
u_14994,google_ads,android,DE,31.44,1,2025-12-21,2025-12-21,31.44
u_14995,tiktok,android,PL,51.81,1,2025-12-21,2025-12-21,51.81
u_14996,tiktok,ios,ES,14.56,1,2025-12-21,2025-12-21,14.56
u_14997,twitter,android,PL,76.62,1,2025-12-21,2025-12-21,76.62
u_14998,facebook,android,DE,40.72,1,2025-12-21,2025-12-21,40.72
u_14999,facebook,ios,IT,40.79,1,2025-12-22,2025-12-22,40.79
u_15000,instagram,ios,BE,44.11,1,2025-12-22,2025-12-22,44.11
u_15001,twitter,ios,SE,31.62,1,2025-12-22,2025-12-22,31.62
u_15002,twitter,android,DE,56.3,1,2025-12-22,2025-12-22,56.3
u_15003,facebook,android,IT,73.77,1,2025-12-22,2025-12-22,73.77
u_15004,google_ads,android,NL,48.58,1,2025-12-22,2025-12-22,48.58
u_15005,google_ads,android,ES,54.06,1,2025-12-22,2025-12-22,54.06
u_15006,google_ads,android,DE,31.19,1,2025-12-22,2025-12-22,31.19
u_15007,twitter,android,PL,31.87,1,2025-12-22,2025-12-22,31.87
u_15008,google_ads,android,PL,35.25,1,2025-12-22,2025-12-22,35.25
u_15009,google_ads,android,ES,6.99,1,2025-12-22,2025-12-22,6.99
u_15010,twitter,ios,SE,29.33,1,2025-12-22,2025-12-22,29.33
u_15011,google_ads,android,ES,47.9,1,2025-12-22,2025-12-22,47.9
u_15012,google_ads,android,IE,60.34,1,2025-12-23,2025-12-23,60.34
u_15013,facebook,ios,BE,24.68,1,2025-12-23,2025-12-23,24.68
u_15014,facebook,ios,PL,34.62,1,2025-12-23,2025-12-23,34.62
u_15015,facebook,ios,FR,31.64,1,2025-12-23,2025-12-23,31.64
u_15016,google_ads,ios,IT,42.56,1,2025-12-23,2025-12-23,42.56
u_15017,facebook,ios,SE,19.79,1,2025-12-23,2025-12-23,19.79
u_15018,instagram,android,IT,6.99,1,2025-12-23,2025-12-23,6.99
u_15019,tiktok,android,PL,53.42,1,2025-12-23,2025-12-23,53.42
u_15020,google_ads,ios,IE,7.84,1,2025-12-23,2025-12-23,7.84
u_15021,facebook,ios,ES,44.31,1,2025-12-23,2025-12-23,44.31
u_15022,tiktok,android,NL,55.98,1,2025-12-23,2025-12-23,55.98
u_15023,google_ads,android,DE,41.74,1,2025-12-23,2025-12-23,41.74
u_15024,tiktok,ios,ES,65.55,1,2025-12-23,2025-12-23,65.55
u_15025,twitter,android,SE,36.56,1,2025-12-23,2025-12-23,36.56
u_15026,google_ads,android,PT,40.28,1,2025-12-23,2025-12-23,40.28
u_15027,instagram,android,FR,55.34,1,2025-12-23,2025-12-23,55.34
u_15028,instagram,android,NL,34.03,1,2025-12-23,2025-12-23,34.03
u_15029,instagram,ios,SE,70.75,1,2025-12-23,2025-12-23,70.75
u_15030,facebook,android,FR,6.99,1,2025-12-24,2025-12-24,6.99
u_15031,google_ads,android,FR,41.87,1,2025-12-24,2025-12-24,41.87
u_15032,twitter,ios,ES,48.12,1,2025-12-24,2025-12-24,48.12
u_15033,google_ads,android,SE,36.17,1,2025-12-24,2025-12-24,36.17
u_15034,google_ads,ios,IE,41.55,1,2025-12-24,2025-12-24,41.55
u_15035,instagram,android,FR,38.89,1,2025-12-24,2025-12-24,38.89
u_15036,google_ads,android,PT,24.26,1,2025-12-24,2025-12-24,24.26
u_15037,instagram,ios,IE,21.82,1,2025-12-24,2025-12-24,21.82
u_15038,facebook,android,BE,44.4,1,2025-12-24,2025-12-24,44.4
u_15039,tiktok,ios,PT,37.16,1,2025-12-24,2025-12-24,37.16
u_15040,twitter,android,FR,48.18,1,2025-12-24,2025-12-24,48.18
u_15041,facebook,android,IE,42.88,1,2025-12-24,2025-12-24,42.88
u_15042,google_ads,android,FR,35.69,1,2025-12-24,2025-12-24,35.69
u_15043,twitter,android,SE,48.72,1,2025-12-24,2025-12-24,48.72
u_15044,google_ads,android,DE,61.07,1,2025-12-24,2025-12-24,61.07
u_15045,facebook,android,IT,44.62,1,2025-12-25,2025-12-25,44.62
u_15046,facebook,android,ES,44.15,1,2025-12-25,2025-12-25,44.15
u_15047,instagram,android,PL,39.87,1,2025-12-25,2025-12-25,39.87
u_15048,facebook,android,SE,30.97,1,2025-12-25,2025-12-25,30.97
u_15049,instagram,ios,NL,50.3,1,2025-12-25,2025-12-25,50.3
u_15050,google_ads,ios,IT,38.47,1,2025-12-25,2025-12-25,38.47
u_15051,facebook,ios,DE,65.88,1,2025-12-25,2025-12-25,65.88
u_15052,google_ads,android,SE,30.76,1,2025-12-25,2025-12-25,30.76
u_15053,google_ads,ios,SE,46.23,1,2025-12-25,2025-12-25,46.23
u_15054,google_ads,ios,ES,27.5,1,2025-12-25,2025-12-25,27.5
u_15055,twitter,android,SE,32.13,1,2025-12-25,2025-12-25,32.13
u_15056,tiktok,android,DE,27.93,1,2025-12-25,2025-12-25,27.93
u_15057,google_ads,ios,IT,76.36,1,2025-12-25,2025-12-25,76.36
u_15058,tiktok,ios,ES,49.74,1,2025-12-25,2025-12-25,49.74
u_15059,instagram,android,NL,42.38,1,2025-12-26,2025-12-26,42.38
u_15060,twitter,ios,ES,36.11,1,2025-12-26,2025-12-26,36.11
u_15061,instagram,ios,NL,33.31,1,2025-12-26,2025-12-26,33.31
u_15062,google_ads,android,DE,42.0,1,2025-12-26,2025-12-26,42.0
u_15063,google_ads,android,ES,34.05,1,2025-12-26,2025-12-26,34.05
u_15064,instagram,android,ES,55.13,1,2025-12-26,2025-12-26,55.13
u_15065,facebook,ios,SE,48.95,1,2025-12-26,2025-12-26,48.95
u_15066,facebook,ios,IT,25.64,1,2025-12-26,2025-12-26,25.64
u_15067,google_ads,ios,PT,73.74,1,2025-12-26,2025-12-26,73.74
u_15068,facebook,android,NL,25.39,1,2025-12-26,2025-12-26,25.39
u_15069,google_ads,android,ES,41.72,1,2025-12-26,2025-12-26,41.72
u_15070,tiktok,android,FR,44.62,1,2025-12-26,2025-12-26,44.62
u_15071,instagram,android,DE,52.49,1,2025-12-26,2025-12-26,52.49
u_15072,facebook,android,PT,41.62,1,2025-12-26,2025-12-26,41.62
u_15073,tiktok,android,ES,77.29,1,2025-12-26,2025-12-26,77.29
u_15074,google_ads,android,PL,63.36,1,2025-12-26,2025-12-26,63.36
u_15075,google_ads,ios,PT,41.94,1,2025-12-26,2025-12-26,41.94
u_15076,twitter,android,DE,27.29,1,2025-12-26,2025-12-26,27.29
u_15077,tiktok,ios,IT,58.53,1,2025-12-27,2025-12-27,58.53
u_15078,facebook,ios,ES,40.2,1,2025-12-27,2025-12-27,40.2
u_15079,facebook,ios,FR,24.42,1,2025-12-27,2025-12-27,24.42
u_15080,instagram,ios,PL,39.4,1,2025-12-27,2025-12-27,39.4
u_15081,instagram,android,SE,72.68,1,2025-12-27,2025-12-27,72.68
u_15082,instagram,android,PL,67.94,1,2025-12-27,2025-12-27,67.94
u_15083,facebook,ios,ES,151.49,2,2025-12-27,2025-12-29,227.24
u_15084,facebook,android,ES,41.11,1,2025-12-27,2025-12-27,41.11
u_15085,facebook,android,IT,41.97,1,2025-12-27,2025-12-27,41.97
u_15086,google_ads,android,ES,57.59,1,2025-12-27,2025-12-27,57.59
u_15087,instagram,ios,PL,69.27,1,2025-12-27,2025-12-27,69.27
u_15088,google_ads,android,FR,45.18,1,2025-12-27,2025-12-27,45.18
u_15089,instagram,ios,BE,33.07,1,2025-12-27,2025-12-27,33.07
u_15090,facebook,ios,IT,16.25,1,2025-12-28,2025-12-28,16.25
u_15091,facebook,ios,DE,54.52,1,2025-12-28,2025-12-28,54.52
u_15092,facebook,ios,IE,24.14,1,2025-12-28,2025-12-28,24.14
u_15093,facebook,ios,IE,26.86,1,2025-12-28,2025-12-28,26.86
u_15094,google_ads,android,DE,25.5,1,2025-12-28,2025-12-28,25.5
u_15095,google_ads,android,PL,40.82,1,2025-12-28,2025-12-28,40.82
u_15096,google_ads,android,PL,21.76,1,2025-12-29,2025-12-29,21.76
u_15097,google_ads,ios,NL,49.17,1,2025-12-29,2025-12-29,49.17
u_15098,tiktok,android,FR,56.07,1,2025-12-29,2025-12-29,56.07
u_15099,tiktok,ios,NL,26.09,1,2025-12-29,2025-12-29,26.09
u_15100,tiktok,android,FR,16.4,1,2025-12-29,2025-12-29,16.4
u_15101,google_ads,ios,IE,24.64,1,2025-12-29,2025-12-29,24.64
u_15102,tiktok,ios,FR,44.3,1,2025-12-29,2025-12-29,44.3
u_15103,instagram,ios,IE,47.12,1,2025-12-29,2025-12-29,47.12
u_15104,instagram,android,SE,51.61,1,2025-12-29,2025-12-29,51.61
u_15105,google_ads,ios,ES,44.51,1,2025-12-29,2025-12-29,44.51
u_15106,instagram,ios,IT,23.86,1,2025-12-29,2025-12-29,23.86
u_15107,tiktok,ios,ES,6.99,1,2025-12-29,2025-12-29,6.99
u_15108,tiktok,ios,PT,43.45,1,2025-12-29,2025-12-29,43.45
u_15109,google_ads,android,ES,53.38,1,2025-12-29,2025-12-29,53.38
u_15110,instagram,ios,FR,22.37,1,2025-12-30,2025-12-30,22.37
u_15111,google_ads,ios,IT,16.05,1,2025-12-30,2025-12-30,16.05
u_15112,tiktok,android,IE,47.87,1,2025-12-30,2025-12-30,47.87
u_15113,tiktok,android,NL,11.76,1,2025-12-30,2025-12-30,11.76
u_15114,twitter,android,BE,62.53,1,2025-12-30,2025-12-30,62.53
u_15115,google_ads,android,ES,50.63,1,2025-12-30,2025-12-30,50.63
u_15116,facebook,android,SE,23.62,1,2025-12-30,2025-12-30,23.62
u_15117,tiktok,android,ES,28.09,1,2025-12-30,2025-12-30,28.09
u_15118,twitter,ios,SE,52.3,1,2025-12-30,2025-12-30,52.3
u_15119,facebook,ios,SE,48.04,1,2025-12-30,2025-12-30,48.04
u_15120,instagram,android,FR,16.95,1,2025-12-30,2025-12-30,16.95
u_15121,instagram,ios,IT,38.1,1,2025-12-30,2025-12-30,38.1
u_15122,instagram,ios,PL,54.94,1,2025-12-30,2025-12-30,54.94
u_15123,tiktok,android,PT,32.96,1,2025-12-30,2025-12-30,32.96
u_15124,facebook,android,ES,25.24,1,2025-12-31,2025-12-31,25.24
u_15125,tiktok,ios,BE,36.83,1,2025-12-31,2025-12-31,36.83
u_15126,facebook,ios,BE,37.25,1,2025-12-31,2025-12-31,37.25
u_15127,facebook,android,IT,47.84,1,2025-12-31,2025-12-31,47.84
u_15128,tiktok,android,DE,16.78,1,2025-12-31,2025-12-31,16.78
u_15129,google_ads,android,DE,63.77,1,2025-12-31,2025-12-31,63.77
u_15130,google_ads,ios,DE,45.01,1,2025-12-31,2025-12-31,45.01
u_15131,twitter,ios,IT,100.02,1,2025-12-31,2025-12-31,100.02
u_15132,facebook,ios,ES,22.29,1,2025-12-31,2025-12-31,22.29
u_15133,google_ads,ios,ES,20.73,1,2025-12-31,2025-12-31,20.73
u_15134,facebook,android,PT,54.2,1,2025-12-31,2025-12-31,54.2
u_15135,google_ads,ios,BE,7.04,1,2025-12-31,2025-12-31,7.04
u_15136,twitter,ios,DE,53.16,1,2025-12-31,2025-12-31,53.16
u_15137,google_ads,android,SE,10.29,1,2025-12-31,2025-12-31,10.29
u_15138,google_ads,android,FR,49.4,1,2025-12-31,2025-12-31,49.4
u_15139,google_ads,ios,SE,46.72,1,2025-12-31,2025-12-31,46.72
u_15140,google_ads,ios,ES,26.53,1,2025-12-31,2025-12-31,26.53
