date_day,ad_source,campaign_id,campaign_name,campaign_start_date,country,platform,spend_usd,impressions,clicks,installs,conversions
2025-12-15,affiliate,AF25795,aff_winter,2025-03-20,AT,android,106.79,"11,591",84,5,1
2025-05-11,instagram,IN26023,ig_retargeting,2025-04-20,CY,ios,388.93,"16,306",575,165,8
2025-11-10,affiliate,AF93104,aff_winter,2025-10-20,MT,android,20.77,"2,205",54,4,0
2025-02-24,facebook,FA77435,fb_app_install,2024-11-01,BG,ios,84.57,"11,381",105,27,3
2025-03-30,instagram,IN20627,ig_app_install,2025-01-30,LU,ios,48.53,"2,925",53,8,2
2025-02-04,affiliate,AF27159,aff_autumn,2024-07-14,EE,android,62.93,"13,999",110,16,2
2025-11-06,twitter,TW62995,x_awareness,2025-06-14,ES,ios,76.10,"9,657",78,7,0
2025-08-25,instagram,IN33247,ig_story_launch,2025-06-05,DE,android,130.59,"12,748",389,114,22
2025-01-15,instagram,IN48044,ig_retargeting,2024-12-02,SI,android,124.55,"6,337",244,59,13
2025-08-19,facebook,FA48660,fb_app_install,2025-07-10,HU,ios,161.68,"11,420",353,79,6
2025-08-04,google,GO87373,google_pmax_2025,2025-06-29,NL,android,353.85,"12,398",541,56,14
2025-12-25,facebook,FA16910,fb_brand_awareness,2025-11-29,LU,ios,102.54,"15,324",299,38,3
2025-04-06,tiktok,TI64268,tt_app_installs,2024-11-26,LU,android,72.95,"7,916",352,53,3
2025-03-07,affiliate,AF32299,aff_summer,2024-09-19,MT,ios,43.47,"10,255",177,29,4
2025-11-27,affiliate,AF58925,aff_winter,2025-07-23,BE,ios,13.04,"6,257",81,13,2
2025-05-17,google,GO31959,google_search_brand,2025-03-17,EE,ios,125.82,"7,522",196,29,9
2025-06-29,tiktok,TI78840,tt_spark_ads,2025-03-09,IT,android,191.00,"8,698",365,94,7
2025-01-02,instagram,IN36736,ig_reels_push,2025-01-01,GR,ios,155.14,"8,651",97,16,3
2025-06-21,affiliate,AF97092,aff_summer,2024-11-16,RO,ios,135.64,"14,126",273,27,3
2025-08-28,twitter,TW44698,x_web_conversions,2025-04-07,LU,ios,143.51,"12,097",166,15,1
2025-12-12,instagram,IN66250,ig_story_launch,2025-10-07,HU,android,142.19,"6,798",292,52,9
2025-05-31,affiliate,AF11802,aff_spring,2024-08-07,PT,android,115.94,"13,875",248,39,4
2025-10-31,facebook,FA12049,fb_retargeting,2025-10-20,SE,ios,331.93,"13,363",208,58,15
2025-04-26,google,GO69040,google_youtube_video,2025-02-11,FI,ios,169.31,"9,379",556,119,25
2025-04-09,instagram,IN48360,ig_reels_push,2025-03-16,DK,android,206.35,"18,453",329,80,8
2025-05-15,tiktok,TI13987,tt_creator_push,2024-12-22,CY,android,91.71,"10,779",381,81,14
2025-08-18,instagram,IN89909,ig_retargeting,2025-05-02,SK,android,276.20,"12,895",287,66,13
2025-10-31,affiliate,AF50764,aff_autumn,2025-06-07,MT,android,66.02,"8,642",174,10,2
2025-01-06,google,GO92989,google_display_retargeting,2024-09-30,CY,android,149.88,"11,394",786,75,10
2025-09-13,facebook,FA60336,fb_app_install,2025-07-09,HR,ios,57.20,"3,085",71,24,5
2025-04-24,affiliate,AF46631,aff_spring,2024-07-11,ES,android,18.00,"4,947",50,5,1
2025-06-25,twitter,TW88069,x_app_installs,2025-05-18,HU,android,259.11,"15,517",395,75,15
2025-11-09,twitter,TW97545,x_retargeting,2025-10-05,LT,android,96.94,"11,228",282,57,6
2025-10-15,twitter,TW88657,x_app_installs,2025-07-22,PT,ios,224.07,"14,087",137,30,6
2025-06-29,affiliate,AF41024,aff_summer,2025-01-11,SI,android,66.47,"7,016",105,16,1
2025-09-19,facebook,FA97235,fb_conversion_2025,2025-06-03,IE,ios,123.40,"13,834",264,74,6
2025-04-16,tiktok,TI27019,tt_app_installs,2024-11-10,SK,android,45.51,"8,341",367,57,4
2025-05-09,twitter,TW11150,x_web_conversions,2025-03-13,LT,ios,40.01,"6,967",116,11,1
2025-09-29,affiliate,AF66556,aff_summer,2025-03-25,SE,ios,114.77,"10,345",133,11,1
2025-10-12,instagram,IN94664,ig_reels_push,2025-07-27,SI,ios,142.37,"17,089",227,37,10
2025-08-06,twitter,TW53919,x_app_installs,2025-02-12,NL,android,110.09,"6,754",146,10,2
2025-09-07,tiktok,TI50158,tt_app_installs,2025-04-14,HR,android,73.13,"13,876",678,166,12
2025-06-09,google,GO40977,google_display_retargeting,2025-03-18,BE,ios,58.57,"3,179",136,26,8
2025-06-17,twitter,TW48304,x_app_installs,2025-04-05,BG,android,53.38,"14,892",187,18,2
2025-12-03,facebook,FA37350,fb_retargeting,2025-09-05,CY,android,272.25,"12,765",383,71,6
2025-03-16,twitter,TW36092,x_web_conversions,2024-10-11,FI,android,65.85,"7,041",113,24,3
2025-07-11,instagram,IN45735,ig_retargeting,2025-04-04,RO,android,184.91,"8,677",323,54,14
2025-07-02,tiktok,TI46208,tt_spark_ads,2025-06-20,IT,android,119.47,"9,234",205,38,6
2025-12-08,facebook,FA10728,fb_retargeting,2025-11-26,EE,ios,210.99,"7,843",254,36,5
2025-02-21,google,GO74895,google_search_brand,2024-12-01,MT,ios,289.33,"12,607",305,30,6
2025-02-22,twitter,TW97508,x_web_conversions,2024-09-25,AT,ios,104.97,"7,468",219,48,2
2025-08-23,affiliate,AF84460,aff_winter,2025-03-31,EE,ios,118.05,"9,787",181,29,5
2025-05-21,facebook,FA31677,fb_conversion_2025,2025-04-12,BG,ios,167.62,"7,019",243,50,7
2025-11-23,google,GO67854,google_youtube_video,2025-10-10,DK,ios,224.17,"9,714",377,36,9
2025-12-12,affiliate,AF35289,aff_autumn,2025-11-24,EE,android,29.62,"8,684",120,7,0
2025-01-01,tiktok,TI52344,tt_conversion_2025,2024-08-24,HR,ios,105.07,"5,351",286,52,5
2025-02-13,affiliate,AF77641,aff_autumn,2024-08-25,GR,android,74.82,"9,039",50,6,1
2025-11-01,tiktok,TI27640,tt_creator_push,2025-10-19,SK,ios,229.21,"13,274",728,184,22
2025-01-12,affiliate,AF17114,aff_winter,2024-06-03,BE,android,54.63,"8,203",91,7,1
2025-01-28,affiliate,AF41921,aff_summer,2024-06-23,ES,ios,35.27,"6,584",62,7,0
2025-07-31,instagram,IN65284,ig_retargeting,2025-05-16,DK,android,94.17,"5,654",219,64,14
2025-11-08,instagram,IN75545,ig_story_launch,2025-10-10,CZ,android,221.59,"10,862",126,13,2
2025-08-27,tiktok,TI18415,tt_conversion_2025,2025-08-17,BG,android,40.89,"3,566",172,49,7
2025-11-07,twitter,TW10384,x_app_installs,2025-11-02,BE,ios,180.31,"15,310",288,52,11
2025-06-14,facebook,FA79172,fb_retargeting,2025-04-02,CZ,android,78.21,"7,091",81,27,5
2025-10-15,tiktok,TI47744,tt_creator_push,2025-09-12,DK,android,205.39,"11,473",194,48,7
2025-09-25,facebook,FA42049,fb_retargeting,2025-07-23,HU,ios,446.72,"19,755",373,56,3
2025-03-07,tiktok,TI49764,tt_spark_ads,2024-12-23,ES,android,259.36,"17,742",317,33,4
2025-12-01,google,GO16941,google_youtube_video,2025-09-02,RO,android,216.83,"9,795",417,109,15
2025-05-13,instagram,IN53088,ig_retargeting,2025-04-15,FR,ios,97.14,"7,078",300,60,7
2025-02-22,facebook,FA83477,fb_app_install,2024-12-19,SK,android,130.94,"14,017",141,21,2
2025-01-08,facebook,FA21637,fb_app_install,2025-01-05,MT,android,86.72,"4,192",73,24,4
2025-03-02,twitter,TW85697,x_web_conversions,2024-11-01,BE,ios,126.04,"11,441",164,11,2
2025-12-12,instagram,IN26907,ig_app_install,2025-10-28,NL,ios,137.75,"6,823",188,45,3
2025-08-02,affiliate,AF15240,aff_spring,2024-12-07,HU,ios,43.43,"4,737",19,3,0
2025-07-26,twitter,TW97731,x_web_conversions,2025-06-10,MT,ios,88.71,"8,926",157,25,3
2025-06-03,twitter,TW26748,x_app_installs,2025-05-21,IE,android,113.51,"12,672",85,17,2
2025-04-29,google,GO56271,google_display_retargeting,2025-04-02,PT,android,120.94,"10,766",389,48,7
2025-07-31,instagram,IN13596,ig_reels_push,2025-07-07,HU,ios,261.66,"13,654",178,37,7
2025-08-24,affiliate,AF91264,aff_summer,2025-06-03,IT,android,57.31,"11,620",129,22,3
2025-12-31,facebook,FA86090,fb_app_install,2025-10-23,IT,ios,43.42,"4,297",52,9,1
2025-04-05,facebook,FA86125,fb_retargeting,2025-03-13,LT,android,309.01,"11,191",114,27,4
2025-01-06,instagram,IN48110,ig_reels_push,2024-11-02,BG,ios,253.81,"12,323",544,108,23
2025-12-01,google,GO63441,google_pmax_2025,2025-07-19,CZ,android,254.25,"9,349",579,70,22
2025-08-13,twitter,TW68067,x_awareness,2025-07-25,NL,ios,72.15,"7,062",91,14,1
2025-06-10,affiliate,AF57362,aff_summer,2024-12-15,PT,ios,77.60,"7,597",118,14,1
2025-11-17,instagram,IN44387,ig_reels_push,2025-09-16,HR,ios,315.62,"13,928",369,67,9
2025-08-24,affiliate,AF22219,aff_spring,2025-04-10,FI,android,31.43,"12,195",146,25,3
2025-11-24,twitter,TW97388,x_web_conversions,2025-11-14,RO,android,71.63,"6,604",66,13,2
2025-03-30,instagram,IN30611,ig_reels_push,2024-12-12,LT,android,249.88,"11,310",383,73,16
2025-12-19,google,GO83340,google_search_brand,2025-11-27,BG,android,274.17,"19,330",765,143,11
2025-07-17,google,GO21302,google_search_brand,2025-03-06,AT,android,122.61,"3,865",218,48,5
2025-08-19,instagram,IN15408,ig_reels_push,2025-07-24,CZ,android,110.21,"6,963",130,32,2
2025-01-05,twitter,TW42265,x_retargeting,2024-09-05,LU,ios,103.11,"10,463",89,13,1
2025-07-03,facebook,FA74435,fb_app_install,2025-06-19,RO,ios,151.23,"7,111",196,56,12
2025-01-11,twitter,TW81315,x_app_installs,2024-10-30,SE,android,126.46,"10,345",119,15,1
2025-05-21,twitter,TW85993,x_web_conversions,2025-02-07,IE,ios,302.65,"22,502",606,127,18
2025-10-20,facebook,FA70279,fb_conversion_2025,2025-08-10,GR,ios,71.49,"9,283",268,55,4
2025-10-24,google,GO54327,google_display_retargeting,2025-10-14,PT,ios,169.65,"5,388",334,35,10
2025-05-29,affiliate,AF47430,aff_winter,2025-01-13,GR,android,57.67,"8,269",170,22,1
2025-07-29,twitter,TW83509,x_web_conversions,2025-02-18,EE,ios,51.63,"9,416",263,26,4
2025-12-10,instagram,IN29956,ig_story_launch,2025-11-08,AT,ios,215.05,"12,214",370,84,4
2025-03-25,affiliate,AF80480,aff_summer,2024-09-30,ES,android,94.30,"13,933",110,10,1
2025-07-30,affiliate,AF12482,aff_spring,2025-06-29,FI,ios,85.76,"9,477",162,16,2
2025-03-19,affiliate,AF43536,aff_winter,2024-09-26,HU,ios,134.58,"22,384",323,48,2
2025-12-25,tiktok,TI22342,tt_conversion_2025,2025-08-17,DK,android,84.71,"19,007",449,109,14
2025-06-27,google,GO36399,google_pmax_2025,2025-02-13,SE,ios,90.92,"8,410",265,57,4
2025-08-17,instagram,IN95230,ig_app_install,2025-06-12,PT,ios,211.19,"8,879",262,64,15
2025-04-30,tiktok,TI85039,tt_spark_ads,2025-03-16,FI,ios,31.34,"7,403",154,25,6
2025-05-31,google,GO26032,google_pmax_2025,2025-03-08,PL,android,456.40,"14,217",413,81,14
2025-01-11,affiliate,AF33236,aff_summer,2024-05-23,AT,ios,44.87,"7,062",151,14,2
2025-12-21,google,GO72516,google_display_retargeting,2025-09-27,MT,android,286.58,"13,832",356,69,22
2025-07-28,facebook,FA47599,fb_app_install,2025-04-06,NL,android,358.45,"20,407",240,75,22
2025-04-08,google,GO86908,google_pmax_2025,2025-03-03,IE,ios,180.31,"11,709",769,80,17
2025-06-14,tiktok,TI49952,tt_conversion_2025,2025-01-13,FI,ios,310.91,"18,098",326,52,5
2025-11-05,affiliate,AF56828,aff_autumn,2025-05-17,AT,ios,54.20,"8,677",108,16,1
2025-12-29,google,GO48709,google_youtube_video,2025-11-09,BG,android,257.14,"9,357",579,97,29
2025-02-24,twitter,TW38769,x_awareness,2024-11-06,PT,ios,87.73,"7,905",73,10,1
2025-09-01,affiliate,AF77298,aff_summer,2025-02-13,LT,android,53.66,"7,434",143,16,2
2025-10-18,affiliate,AF23350,aff_autumn,2025-06-10,DE,android,31.59,"9,758",40,7,0
2025-11-01,affiliate,AF79626,aff_summer,2025-10-16,LU,ios,98.88,"8,467",130,21,3
2025-07-17,instagram,IN11750,ig_story_launch,2025-05-07,PT,android,262.91,"11,462",311,45,12
2025-09-23,affiliate,AF37935,aff_spring,2025-09-08,NL,android,169.68,"12,428",232,21,4
2025-08-11,tiktok,TI16737,tt_app_installs,2025-04-18,FR,android,137.05,"9,302",239,67,3
2025-07-07,instagram,IN45435,ig_story_launch,2025-05-24,ES,android,147.50,"9,672",342,39,5
2025-07-29,tiktok,TI64620,tt_creator_push,2025-02-19,IT,ios,137.49,"6,993",269,41,2
2025-09-26,twitter,TW39430,x_retargeting,2025-05-09,ES,ios,41.20,"11,559",72,5,0
2025-07-04,affiliate,AF72187,aff_winter,2024-10-06,FR,android,57.11,"8,094",200,30,3
2025-03-06,facebook,FA22676,fb_retargeting,2024-12-03,PT,android,105.56,"8,724",271,77,15
2025-11-01,instagram,IN45400,ig_retargeting,2025-07-04,CY,ios,55.17,"8,236",145,42,10
2025-10-22,facebook,FA47573,fb_retargeting,2025-08-28,LV,ios,144.82,"9,762",339,99,7
2025-11-06,tiktok,TI91470,tt_creator_push,2025-07-13,PL,ios,60.53,"12,986",223,25,3
2025-09-19,affiliate,AF65554,aff_autumn,2025-09-15,LV,android,73.55,"15,697",114,18,1
2025-03-30,instagram,IN85758,ig_retargeting,2025-01-17,PL,ios,68.07,"6,683",268,51,7
2025-07-14,facebook,FA75160,fb_brand_awareness,2025-06-20,EE,ios,232.87,"10,930",170,30,2
2025-03-31,affiliate,AF80831,aff_autumn,2025-02-23,BE,ios,63.42,"7,986",147,9,1
2025-04-25,facebook,FA12396,fb_brand_awareness,2025-02-27,CY,android,463.04,"18,448",578,167,30
2025-12-19,affiliate,AF77675,aff_summer,2025-10-22,SI,android,126.39,"12,438",235,37,5
2025-06-04,twitter,TW96206,x_retargeting,2024-12-21,SE,android,146.20,"9,556",164,33,1
2025-06-07,instagram,IN87236,ig_story_launch,2025-04-30,IT,android,41.71,"8,144",315,84,14
2025-01-13,instagram,IN97263,ig_reels_push,2024-11-29,SI,android,86.42,"11,615",269,27,6
2025-03-15,affiliate,AF86242,aff_spring,2024-07-26,FI,android,10.30,"3,189",36,5,1
2025-12-18,facebook,FA23507,fb_conversion_2025,2025-09-10,EE,android,158.07,"8,040",79,20,3
2025-09-27,google,GO77889,google_pmax_2025,2025-08-30,LU,ios,70.84,"7,249",380,76,12
2025-05-14,instagram,IN54064,ig_retargeting,2025-01-24,EE,android,216.92,"16,562",424,66,18
2025-02-08,affiliate,AF16540,aff_spring,2024-05-14,RO,ios,86.42,"8,501",158,12,1
2025-01-27,facebook,FA13093,fb_brand_awareness,2024-11-22,IE,android,320.79,"11,603",293,62,7
2025-02-27,twitter,TW17424,x_retargeting,2024-10-27,IE,ios,114.90,"8,372",200,18,4
2025-09-28,instagram,IN36385,ig_story_launch,2025-06-13,HU,ios,229.96,"10,924",441,113,26
2025-07-18,twitter,TW40707,x_retargeting,2025-03-10,LV,ios,49.98,"8,645",113,23,5
2025-06-02,google,GO10526,google_pmax_2025,2025-05-17,SI,android,71.05,"4,229",132,15,3
2025-03-13,tiktok,TI64615,tt_conversion_2025,2024-10-26,LV,ios,126.70,"11,394",210,42,8
2025-06-15,google,GO72046,google_youtube_video,2025-05-15,LV,ios,173.43,"14,525",950,214,55
2025-02-15,tiktok,TI49499,tt_spark_ads,2024-09-09,PT,android,216.45,"12,049",395,58,7
2025-12-19,affiliate,AF71681,aff_spring,2025-12-18,SE,android,185.12,"13,483",287,28,2
2025-05-02,instagram,IN60861,ig_app_install,2025-01-09,HU,ios,67.18,"9,128",104,24,6
2025-01-09,facebook,FA59786,fb_brand_awareness,2025-01-04,CY,android,372.32,"16,024",533,180,37
2025-09-08,instagram,IN71550,ig_app_install,2025-09-02,FI,android,230.58,"16,310",479,105,24
2025-10-24,google,GO66446,google_display_retargeting,2025-07-11,IT,android,292.13,"17,303",909,160,35
2025-06-22,google,GO62579,google_youtube_video,2025-02-07,FI,android,60.42,"7,056",294,26,3
2025-05-30,google,GO26082,google_search_brand,2025-04-24,LV,ios,102.47,"5,001",118,10,1
2025-08-01,affiliate,AF82541,aff_winter,2025-02-24,GR,ios,125.55,"11,197",244,32,4
2025-02-19,affiliate,AF49063,aff_winter,2024-08-27,SI,ios,272.01,"23,621",291,37,4
2025-08-31,facebook,FA55350,fb_retargeting,2025-05-09,DK,ios,256.12,"10,500",186,39,6
2025-12-21,twitter,TW67056,x_web_conversions,2025-11-26,EE,ios,171.93,"10,871",127,27,2
2025-11-14,tiktok,TI14648,tt_app_installs,2025-09-16,MT,ios,56.21,"9,836",369,84,15
2025-01-28,tiktok,TI71272,tt_spark_ads,2024-11-24,SI,android,209.21,"17,498",388,59,13
2025-04-03,instagram,IN86367,ig_app_install,2025-03-25,SI,ios,377.44,"16,394",248,47,9
2025-10-11,google,GO92495,google_search_brand,2025-06-13,MT,ios,117.03,"3,735",221,49,9
2025-04-18,google,GO28309,google_youtube_video,2024-11-22,HU,ios,131.15,"14,472",331,62,19
2025-02-04,facebook,FA49030,fb_retargeting,2024-11-27,HR,android,60.89,"9,540",179,41,9
2025-11-02,affiliate,AF55272,aff_winter,2025-01-22,ES,ios,56.67,"5,666",77,9,1
2025-05-31,google,GO22115,google_youtube_video,2025-01-24,PT,android,129.23,"9,016",265,60,6
2025-11-07,facebook,FA58320,fb_conversion_2025,2025-07-12,AT,android,232.25,"9,247",245,57,12
2025-11-24,tiktok,TI60138,tt_app_installs,2025-08-28,IE,android,82.41,"13,924",562,105,19
2025-07-11,affiliate,AF46059,aff_autumn,2025-05-10,RO,ios,126.51,"14,369",180,29,4
2025-11-20,tiktok,TI76024,tt_conversion_2025,2025-08-15,SK,android,42.96,"3,628",170,46,10
2025-12-10,twitter,TW13712,x_retargeting,2025-10-18,IT,android,63.56,"5,550",77,12,2
2025-11-12,affiliate,AF87714,aff_summer,2025-08-12,DE,ios,39.34,"3,927",34,2,0
2025-09-22,facebook,FA70233,fb_conversion_2025,2025-09-20,IT,ios,181.88,"7,609",256,81,23
2025-01-12,tiktok,TI14760,tt_creator_push,2024-09-02,DE,ios,268.18,"15,844",604,162,34
2025-01-21,tiktok,TI88714,tt_spark_ads,2024-08-24,CZ,android,52.55,"3,329",168,19,5
2025-09-28,instagram,IN46914,ig_reels_push,2025-07-23,ES,android,87.04,"8,031",217,33,4
2025-06-05,google,GO82430,google_pmax_2025,2025-05-02,NL,android,383.04,"11,144",273,61,10
2025-09-20,twitter,TW96365,x_app_installs,2025-06-18,LT,ios,169.89,"10,133",133,25,2
2025-09-20,facebook,FA22149,fb_retargeting,2025-07-29,SK,android,200.49,"10,423",96,25,7
2025-10-04,tiktok,TI33669,tt_conversion_2025,2025-05-21,RO,android,157.96,"11,267",310,93,19
2025-03-09,affiliate,AF44084,aff_autumn,2025-01-19,IT,ios,159.31,"14,224",311,43,7
2025-08-30,facebook,FA75481,fb_conversion_2025,2025-06-23,EE,android,221.58,"11,011",153,22,1
2025-06-09,affiliate,AF43755,aff_spring,2025-05-30,FR,android,85.24,"6,153",75,10,1
2025-03-26,tiktok,TI14358,tt_spark_ads,2024-11-01,IE,android,24.71,"4,206",176,56,4
2025-04-12,google,GO27625,google_youtube_video,2025-03-02,FI,android,75.80,"3,147",185,25,6
2025-05-16,google,GO26456,google_display_retargeting,2025-02-09,HR,ios,91.96,"6,426",295,28,8
2025-09-21,google,GO24484,google_search_brand,2025-08-03,SK,ios,44.65,"4,743",150,26,3
2025-04-12,instagram,IN29201,ig_retargeting,2025-01-22,SK,android,148.65,"8,711",264,31,8
2025-11-07,google,GO78910,google_pmax_2025,2025-07-25,HR,ios,239.23,"9,218",392,91,14
2025-01-03,google,GO49891,google_display_retargeting,2024-08-13,GR,ios,81.80,"5,611",118,27,7
2025-05-29,google,GO92205,google_search_brand,2025-03-07,RO,ios,232.92,"7,686",188,43,4
2025-08-14,google,GO75061,google_search_brand,2025-03-26,BE,android,166.59,"7,655",299,45,5
2025-07-09,affiliate,AF48067,aff_spring,2025-02-06,PL,android,100.65,"7,238",107,18,2
2025-09-01,facebook,FA74612,fb_app_install,2025-05-19,MT,android,45.65,"2,087",52,14,3
2025-12-02,tiktok,TI62290,tt_creator_push,2025-11-26,IT,android,146.47,"8,872",137,26,2
2025-10-03,instagram,IN82909,ig_app_install,2025-07-14,FI,android,228.26,"13,818",555,158,26
2025-08-26,facebook,FA47685,fb_app_install,2025-07-06,HU,android,80.87,"10,783",202,31,4
2025-01-25,facebook,FA27347,fb_app_install,2024-11-08,CY,ios,140.80,"8,986",177,34,6
2025-06-09,twitter,TW65099,x_awareness,2025-03-09,BG,ios,126.55,"11,036",226,27,3
2025-09-23,facebook,FA52913,fb_brand_awareness,2025-06-27,NL,ios,118.65,"9,363",135,21,2
2025-09-20,twitter,TW19074,x_retargeting,2025-07-03,IT,android,48.59,"7,488",156,25,2
2025-11-04,google,GO44171,google_youtube_video,2025-09-14,FR,ios,230.13,"13,102",781,126,29
2025-01-14,twitter,TW36715,x_app_installs,2024-10-21,SI,ios,156.85,"10,559",126,10,1
2025-11-10,affiliate,AF33177,aff_spring,2025-09-07,FI,ios,84.09,"13,023",106,6,0
2025-07-07,instagram,IN63744,ig_retargeting,2025-06-27,CZ,ios,54.49,"6,941",275,33,5
2025-09-09,instagram,IN47487,ig_app_install,2025-06-20,IE,android,56.21,"2,428",63,16,4
2025-04-30,affiliate,AF42784,aff_autumn,2024-12-23,FR,ios,35.81,"7,109",40,3,1
2025-10-04,instagram,IN61431,ig_reels_push,2025-09-07,RO,android,232.24,"15,639",505,113,7
2025-03-28,affiliate,AF57684,aff_autumn,2024-12-18,BG,ios,168.81,"14,521",70,10,1
2025-06-01,google,GO99570,google_display_retargeting,2025-05-16,IE,ios,56.20,"4,425",260,55,6
2025-09-18,twitter,TW39956,x_web_conversions,2025-06-17,PL,ios,58.32,"5,440",42,5,0
2025-08-11,google,GO33888,google_display_retargeting,2025-03-29,BG,ios,329.57,"11,398",345,36,8
2025-08-05,instagram,IN69560,ig_reels_push,2025-04-09,NL,android,355.85,"15,066",661,172,20
2025-09-26,tiktok,TI69765,tt_app_installs,2025-04-20,IT,android,97.06,"12,067",211,37,9
2025-11-11,affiliate,AF32168,aff_autumn,2025-07-11,FI,android,114.61,"11,334",84,7,1
2025-06-23,tiktok,TI74946,tt_app_installs,2025-03-03,NL,ios,37.94,"4,442",218,62,14
2025-05-29,tiktok,TI38044,tt_spark_ads,2025-01-24,NL,android,92.86,"12,908",559,151,27
2025-05-30,facebook,FA67941,fb_app_install,2025-02-13,EE,ios,271.84,"9,982",109,30,2
2025-03-29,affiliate,AF56486,aff_summer,2025-02-14,MT,ios,19.81,"3,556",55,7,1
2025-01-23,instagram,IN93986,ig_story_launch,2024-12-26,LT,android,192.41,"9,421",237,31,6
2025-09-18,google,GO65147,google_display_retargeting,2025-09-16,MT,android,78.08,"5,780",144,23,6
2025-10-29,affiliate,AF13081,aff_autumn,2025-03-13,BG,android,198.53,"16,435",252,30,5
2025-07-28,google,GO45851,google_youtube_video,2025-07-15,DE,android,401.81,"13,074",757,163,42
2025-11-08,affiliate,AF64341,aff_winter,2025-04-12,CZ,android,181.72,"17,562",289,29,3
2025-07-21,tiktok,TI69796,tt_creator_push,2025-06-14,FR,android,143.41,"7,266",144,27,3
2025-01-14,twitter,TW46060,x_app_installs,2025-01-12,IT,ios,139.76,"9,271",180,28,5
2025-07-07,google,GO73646,google_pmax_2025,2025-05-09,DE,ios,177.34,"6,302",327,36,9
2025-04-27,tiktok,TI31817,tt_app_installs,2024-11-20,PT,android,97.10,"9,087",157,41,4
2025-09-08,tiktok,TI60288,tt_app_installs,2025-07-24,DK,android,108.49,"9,535",375,102,7
2025-05-04,twitter,TW94045,x_retargeting,2025-02-19,PL,android,199.15,"11,255",324,30,4
2025-04-17,facebook,FA56850,fb_retargeting,2024-12-26,FI,ios,428.62,"17,311",573,172,11
2025-03-10,google,GO80553,google_youtube_video,2024-12-08,RO,android,466.29,"17,230",759,127,39
2025-09-17,facebook,FA36201,fb_app_install,2025-06-07,PL,ios,53.86,"7,715",160,20,2
2025-08-08,affiliate,AF19557,aff_spring,2025-02-27,FR,ios,38.31,"5,360",110,19,2
2025-07-24,twitter,TW17896,x_retargeting,2025-05-16,BG,ios,95.31,"8,675",65,13,1
2025-01-07,facebook,FA40682,fb_brand_awareness,2024-10-30,HR,ios,112.05,"6,115",53,14,4
2025-06-03,tiktok,TI75428,tt_spark_ads,2025-02-04,LT,android,180.93,"12,763",294,72,6
2025-12-11,tiktok,TI28322,tt_creator_push,2025-09-18,LV,ios,45.06,"5,593",151,19,1
2025-11-23,tiktok,TI98553,tt_conversion_2025,2025-08-30,HU,ios,225.22,"13,453",659,171,9
2025-04-08,twitter,TW96544,x_web_conversions,2025-01-01,BG,android,314.95,"24,161",241,51,10
2025-05-24,tiktok,TI75633,tt_spark_ads,2025-02-02,ES,android,366.70,"16,973",778,97,11
2025-11-15,facebook,FA69634,fb_conversion_2025,2025-09-28,SK,android,175.84,"7,764",116,18,2
2025-05-23,twitter,TW40933,x_retargeting,2025-01-24,CY,android,146.29,"10,258",124,26,4
2025-03-07,twitter,TW39118,x_retargeting,2024-10-06,GR,android,87.43,"5,838",83,9,1
2025-10-06,twitter,TW74166,x_retargeting,2025-07-10,IT,android,49.35,"5,910",63,6,0
2025-06-13,instagram,IN31800,ig_retargeting,2025-03-05,MT,android,120.55,"7,969",302,54,14
2025-09-25,instagram,IN16971,ig_story_launch,2025-09-24,BE,android,110.52,"12,505",246,73,6
2025-01-08,affiliate,AF99087,aff_autumn,2024-09-30,RO,android,97.58,"7,168",152,14,2
2025-02-01,tiktok,TI15906,tt_conversion_2025,2024-09-18,LV,ios,136.60,"8,856",265,84,15
2025-04-12,instagram,IN11283,ig_reels_push,2025-01-08,HR,android,86.98,"15,649",228,54,4
2025-05-13,facebook,FA34217,fb_brand_awareness,2025-02-04,AT,ios,166.49,"10,173",230,65,8
2025-12-30,tiktok,TI62142,tt_conversion_2025,2025-09-14,BG,android,102.79,"7,638",175,49,11
2025-10-04,google,GO79615,google_pmax_2025,2025-05-02,NL,android,165.95,"6,701",285,65,15
2025-09-30,affiliate,AF91557,aff_winter,2025-06-15,DE,android,73.10,"7,228",178,24,1
2025-09-05,google,GO11089,google_youtube_video,2025-04-03,LU,ios,95.94,"5,581",388,37,3
2025-10-30,twitter,TW97960,x_app_installs,2025-09-23,EE,android,157.07,"10,916",83,15,2
2025-02-08,instagram,IN65267,ig_app_install,2025-01-31,IE,ios,81.96,"11,529",481,113,20
2025-02-15,affiliate,AF25223,aff_winter,2025-01-09,IT,ios,162.17,"13,946",168,11,1
2025-03-25,affiliate,AF32010,aff_summer,2024-06-18,AT,ios,86.32,"7,246",48,7,1
2025-07-20,google,GO31778,google_search_brand,2025-06-23,FR,android,258.19,"8,495",579,130,18
2025-04-30,google,GO88610,google_youtube_video,2025-03-01,CY,ios,82.96,"8,292",401,55,15
2025-11-30,twitter,TW21240,x_retargeting,2025-10-21,MT,ios,94.23,"7,920",219,43,7
2025-05-07,instagram,IN73095,ig_retargeting,2025-03-14,BG,android,232.94,"14,656",367,56,13
2025-11-21,twitter,TW59812,x_web_conversions,2025-10-05,LV,ios,153.51,"9,223",188,15,1
2025-02-04,instagram,IN56403,ig_story_launch,2024-11-16,PL,android,67.58,"5,021",79,11,3
2025-06-06,tiktok,TI71944,tt_spark_ads,2025-01-26,PT,ios,178.88,"8,330",147,22,5
2025-07-13,tiktok,TI56571,tt_spark_ads,2025-04-14,PT,ios,111.72,"8,934",134,21,2
2025-05-16,facebook,FA14378,fb_brand_awareness,2025-02-23,GR,android,179.06,"17,361",594,117,20
2025-08-25,affiliate,AF15410,aff_autumn,2025-03-02,RO,android,48.35,"7,971",69,4,0
2025-09-02,tiktok,TI26724,tt_spark_ads,2025-07-03,DK,android,80.16,"8,787",122,20,4
2025-10-04,tiktok,TI43623,tt_app_installs,2025-08-15,EE,android,198.13,"9,558",392,43,6
2025-01-01,twitter,TW62780,x_awareness,2024-07-18,MT,android,161.43,"13,321",211,43,7
2025-10-28,affiliate,AF78847,aff_summer,2025-07-31,AT,android,60.09,"9,347",60,6,1
2025-03-25,google,GO44542,google_search_brand,2024-12-03,MT,ios,170.32,"6,538",157,24,7
2025-07-21,twitter,TW96120,x_retargeting,2025-06-01,SE,android,116.06,"8,374",234,37,7
2025-04-27,instagram,IN70058,ig_reels_push,2025-04-26,EE,ios,160.82,"8,835",345,103,25
2025-11-17,twitter,TW12282,x_awareness,2025-09-24,PT,ios,86.37,"6,756",131,15,3
2025-04-17,affiliate,AF20516,aff_winter,2024-11-23,PL,ios,82.96,"9,133",51,6,1
2025-10-15,google,GO52849,google_youtube_video,2025-05-13,BE,android,141.10,"16,144",1041,86,13
2025-06-16,affiliate,AF95920,aff_spring,2024-08-31,BG,android,65.83,"10,703",140,10,2
2025-10-02,google,GO54179,google_youtube_video,2025-04-29,CZ,ios,25.22,"2,350",92,22,5
2025-11-21,instagram,IN18767,ig_reels_push,2025-11-14,LT,android,183.59,"10,156",179,53,8
2025-11-21,instagram,IN93820,ig_reels_push,2025-10-23,SE,android,108.64,"8,781",206,22,1
2025-11-02,google,GO87362,google_pmax_2025,2025-10-28,ES,ios,77.98,"7,003",301,41,12
2025-05-04,tiktok,TI81849,tt_app_installs,2025-01-24,CY,ios,21.65,"4,751",75,18,1
2025-10-05,affiliate,AF46575,aff_autumn,2025-07-30,ES,android,54.50,"8,687",65,5,1
2025-04-19,facebook,FA19569,fb_brand_awareness,2025-02-28,AT,android,253.26,"10,433",226,62,7
2025-04-02,twitter,TW85250,x_app_installs,2025-03-10,IT,android,101.92,"6,846",162,18,2
2025-06-14,affiliate,AF94754,aff_summer,2025-06-07,MT,android,151.95,"11,199",157,19,1
2025-12-20,affiliate,AF11140,aff_summer,2025-03-29,HR,ios,67.16,"6,604",130,16,1
2025-02-15,tiktok,TI77496,tt_app_installs,2025-02-04,NL,android,113.48,"8,834",393,82,8
2025-08-04,twitter,TW68954,x_web_conversions,2025-03-07,PL,ios,185.73,"11,620",212,29,4
2025-03-23,affiliate,AF79338,aff_autumn,2024-12-22,RO,android,134.67,"10,996",265,20,1
2025-12-03,affiliate,AF18016,aff_autumn,2025-04-23,HR,ios,94.08,"11,579",62,10,1
2025-07-08,facebook,FA34045,fb_app_install,2025-06-08,FR,android,254.27,"12,767",113,36,7
2025-07-23,facebook,FA10276,fb_app_install,2025-05-19,EE,ios,341.34,"12,282",341,82,20
2025-10-09,tiktok,TI20503,tt_creator_push,2025-06-19,GR,android,155.56,"8,277",124,13,3
2025-05-07,twitter,TW51160,x_web_conversions,2025-05-07,IE,ios,30.90,"7,419",154,11,1
2025-09-17,tiktok,TI58511,tt_creator_push,2025-04-13,FI,ios,394.57,"20,089",844,86,5
2025-05-25,affiliate,AF80721,aff_summer,2024-12-15,DK,android,83.78,"12,259",231,13,1
2025-10-17,tiktok,TI20350,tt_conversion_2025,2025-09-09,GR,ios,73.48,"3,835",90,9,1
2025-06-07,affiliate,AF25592,aff_summer,2024-09-12,LU,android,77.03,"6,083",70,9,0
2025-02-01,facebook,FA17190,fb_brand_awareness,2024-12-02,FI,ios,167.50,"15,006",378,91,15
2025-12-01,facebook,FA18244,fb_brand_awareness,2025-11-10,BG,ios,119.25,"8,040",90,30,7
2025-10-17,affiliate,AF22237,aff_winter,2025-02-12,BE,android,17.52,"6,839",73,4,0
2025-08-02,instagram,IN78703,ig_retargeting,2025-06-26,ES,ios,214.48,"9,379",285,55,7
2025-06-06,facebook,FA65103,fb_retargeting,2025-05-10,MT,ios,197.80,"7,720",237,46,11
2025-03-24,instagram,IN53148,ig_reels_push,2025-02-04,SI,ios,34.94,"6,021",258,61,5
2025-11-12,twitter,TW72368,x_app_installs,2025-07-16,FI,ios,28.78,"5,822",157,14,1
2025-04-04,instagram,IN64040,ig_reels_push,2025-01-22,ES,ios,124.25,"10,493",392,90,5
2025-12-25,facebook,FA64575,fb_app_install,2025-11-28,CY,ios,210.95,"8,473",213,63,3
2025-07-29,google,GO88860,google_display_retargeting,2025-03-11,MT,android,386.94,"13,957",781,120,34
2025-04-10,facebook,FA44773,fb_retargeting,2024-12-23,FI,ios,246.05,"11,712",327,113,7
2025-03-06,instagram,IN72261,ig_story_launch,2024-11-27,LT,ios,161.31,"8,123",93,22,5
2025-02-13,affiliate,AF65860,aff_winter,2024-12-23,LV,android,12.18,"5,126",111,16,3
2025-01-17,google,GO61813,google_search_brand,2025-01-06,IT,ios,270.31,"12,279",252,44,14
2025-12-06,twitter,TW54864,x_app_installs,2025-08-10,SK,android,173.44,"11,918",351,28,1
2025-05-14,tiktok,TI40116,tt_app_installs,2024-12-31,BE,android,122.49,"11,932",294,79,12
2025-01-12,tiktok,TI30093,tt_creator_push,2024-12-28,PT,ios,351.49,"18,562",925,230,36
2025-08-05,tiktok,TI37606,tt_creator_push,2025-06-22,BG,ios,103.53,"12,268",307,35,3
2025-07-24,google,GO41131,google_display_retargeting,2025-05-07,BG,ios,242.02,"9,463",658,84,17
2025-01-28,google,GO71215,google_pmax_2025,2025-01-07,HU,android,176.51,"7,116",223,27,3
2025-10-28,tiktok,TI56473,tt_creator_push,2025-08-07,HR,ios,103.34,"10,118",290,72,7
2025-04-12,affiliate,AF33091,aff_spring,2024-09-09,IE,android,75.79,"7,372",113,7,1
2025-01-05,instagram,IN26241,ig_story_launch,2024-10-14,DE,android,84.81,"5,844",254,52,5
2025-10-21,tiktok,TI37076,tt_creator_push,2025-08-21,SK,ios,95.57,"19,952",634,140,18
2025-01-06,google,GO47853,google_youtube_video,2024-10-06,DE,android,243.73,"13,118",352,98,19
2025-09-29,google,GO38328,google_display_retargeting,2025-07-24,PT,android,200.65,"8,583",599,133,42
2025-12-23,facebook,FA97178,fb_app_install,2025-09-26,SE,ios,86.14,"5,883",110,37,11
2025-01-08,facebook,FA28793,fb_brand_awareness,2024-10-07,HR,android,144.64,"15,099",222,59,13
2025-04-03,instagram,IN97893,ig_app_install,2025-01-08,MT,android,82.83,"14,098",327,69,16
2025-09-09,affiliate,AF28601,aff_winter,2025-07-17,IE,android,79.43,"10,222",61,6,0
2025-06-22,affiliate,AF93596,aff_autumn,2025-06-13,SK,ios,84.18,"31,265",542,33,1
2025-12-12,google,GO30058,google_pmax_2025,2025-11-26,GR,ios,106.49,"4,139",135,26,4
2025-09-14,twitter,TW61313,x_web_conversions,2025-07-19,CY,android,56.25,"5,939",57,10,1
2025-05-19,instagram,IN66575,ig_app_install,2025-03-25,GR,android,141.30,"12,069",339,85,10
2025-11-23,facebook,FA99390,fb_conversion_2025,2025-10-29,MT,ios,152.61,"8,030",168,39,4
2025-05-27,tiktok,TI49464,tt_app_installs,2025-02-05,NL,android,271.16,"12,953",271,31,2
2025-07-14,facebook,FA56976,fb_retargeting,2025-03-26,FI,android,99.05,"10,611",284,84,18
2025-06-30,google,GO37056,google_pmax_2025,2025-03-07,AT,ios,83.72,"10,465",229,24,6
2025-07-07,instagram,IN13832,ig_story_launch,2025-05-15,BG,ios,334.96,"15,385",263,27,4
2025-11-28,affiliate,AF32318,aff_winter,2025-10-22,BG,ios,54.18,"5,816",102,11,2
2025-07-09,tiktok,TI70957,tt_creator_push,2025-03-31,IT,android,274.98,"12,656",354,106,22
2025-01-22,instagram,IN37127,ig_reels_push,2024-10-30,FR,android,217.75,"11,269",172,30,4
2025-06-11,twitter,TW57135,x_app_installs,2025-06-03,BE,ios,60.44,"12,213",179,38,6
2025-04-12,instagram,IN21108,ig_app_install,2024-12-21,PT,ios,89.21,"4,305",120,21,6
2025-09-28,google,GO30583,google_youtube_video,2025-06-25,PT,android,186.98,"7,203",163,18,2
2025-01-03,tiktok,TI45060,tt_creator_push,2024-10-15,IE,android,168.89,"13,059",565,126,30
2025-09-28,instagram,IN85225,ig_app_install,2025-06-21,GR,android,217.17,"11,822",129,35,2
2025-06-11,facebook,FA60445,fb_conversion_2025,2025-04-12,PT,android,223.39,"12,582",291,68,15
2025-07-12,twitter,TW20578,x_awareness,2025-06-16,BE,ios,85.05,"5,253",122,26,2
2025-05-28,tiktok,TI66408,tt_app_installs,2025-02-23,AT,ios,157.16,"8,569",210,61,11
2025-07-25,google,GO53526,google_display_retargeting,2025-03-29,SI,ios,331.04,"14,507",299,64,5
2025-02-22,google,GO29581,google_pmax_2025,2024-12-10,DE,ios,311.92,"9,838",399,107,18
2025-04-28,facebook,FA33620,fb_brand_awareness,2024-12-30,SK,android,88.94,"6,252",166,33,2
2025-03-25,instagram,IN56220,ig_retargeting,2025-01-31,HU,ios,213.57,"13,006",183,47,11
2025-01-29,twitter,TW32931,x_awareness,2025-01-06,BG,android,121.09,"6,896",53,8,1
2025-11-14,affiliate,AF72875,aff_winter,2025-05-30,IE,ios,24.81,"3,664",69,7,1
2025-09-23,tiktok,TI69778,tt_app_installs,2025-06-18,DE,android,18.80,"3,491",140,44,7
2025-08-18,twitter,TW77054,x_retargeting,2025-07-30,RO,android,105.14,"8,261",68,11,2
2025-11-05,google,GO40109,google_search_brand,2025-10-03,HU,ios,125.07,"5,635",240,51,11
2025-09-15,google,GO64330,google_display_retargeting,2025-04-12,ES,android,218.69,"15,901",411,70,15
2025-02-17,affiliate,AF12994,aff_summer,2024-06-15,BG,android,86.49,"17,170",216,11,1
2025-05-18,facebook,FA75618,fb_retargeting,2025-04-13,IE,android,246.82,"11,964",295,86,9
2025-10-10,twitter,TW92289,x_app_installs,2025-08-18,HU,android,128.08,"11,980",304,60,11
2025-09-05,affiliate,AF78498,aff_summer,2024-12-07,EE,android,74.24,"7,539",136,19,1
2025-05-31,instagram,IN53764,ig_app_install,2025-02-10,LT,ios,113.55,"6,001",112,13,2
2025-06-10,twitter,TW60489,x_web_conversions,2025-03-28,SI,android,55.07,"6,294",94,11,2
2025-11-15,google,GO15283,google_display_retargeting,2025-08-31,EE,ios,201.90,"7,008",229,64,9
2025-03-14,instagram,IN33248,ig_reels_push,2025-03-09,DK,ios,323.25,"15,150",328,90,23
2025-02-25,twitter,TW28257,x_web_conversions,2024-12-03,SI,ios,69.00,"13,357",347,49,7
2025-01-18,instagram,IN57195,ig_story_launch,2024-10-13,IT,android,127.30,"7,851",294,65,6
2025-03-02,affiliate,AF51094,aff_summer,2024-12-05,PL,android,19.76,"6,944",66,5,0
2025-12-14,instagram,IN45529,ig_story_launch,2025-11-24,BG,android,321.58,"15,833",558,148,23
2025-10-10,tiktok,TI12187,tt_spark_ads,2025-08-16,ES,android,29.71,"3,766",58,17,4
2025-02-05,twitter,TW58516,x_app_installs,2024-10-19,GR,ios,46.47,"10,239",186,39,8
2025-01-06,google,GO10136,google_youtube_video,2024-09-20,IT,ios,121.06,"4,292",231,57,16
2025-08-02,facebook,FA16968,fb_conversion_2025,2025-05-22,SE,android,97.44,"8,817",231,37,8
2025-09-04,facebook,FA64316,fb_app_install,2025-05-24,NL,android,138.37,"9,156",147,36,5
2025-05-02,tiktok,TI82617,tt_app_installs,2024-12-16,IT,ios,134.43,"14,006",519,65,5
2025-09-03,google,GO79166,google_youtube_video,2025-04-30,LT,ios,120.37,"6,147",312,60,10
2025-07-14,facebook,FA59170,fb_brand_awareness,2025-05-02,HR,android,112.99,"6,268",178,30,4
2025-04-03,affiliate,AF11920,aff_winter,2024-08-08,LT,ios,43.85,"9,798",109,7,1
2025-10-09,facebook,FA68692,fb_retargeting,2025-08-22,RO,android,108.92,"5,600",162,55,13
2025-01-25,tiktok,TI49082,tt_conversion_2025,2024-09-17,GR,android,266.51,"19,536",447,46,9
2025-03-27,google,GO43272,google_youtube_video,2025-01-07,IE,android,286.32,"13,143",347,48,10
2025-09-28,affiliate,AF59810,aff_winter,2025-05-13,ES,android,100.81,"8,047",185,14,1
2025-08-27,facebook,FA12763,fb_conversion_2025,2025-07-02,HR,android,99.74,"6,269",194,48,14
2025-02-14,google,GO16476,google_pmax_2025,2024-11-28,SK,ios,153.87,"8,496",480,97,24
2025-11-27,google,GO34123,google_search_brand,2025-07-29,MT,ios,205.39,"6,681",444,69,19
2025-12-14,google,GO58008,google_pmax_2025,2025-07-09,PL,android,330.69,"11,359",265,62,13
2025-11-14,instagram,IN42172,ig_app_install,2025-10-07,FR,android,216.87,"11,690",427,44,4
2025-04-02,affiliate,AF96598,aff_summer,2024-07-12,SE,ios,55.81,"4,943",47,6,1
2025-09-02,affiliate,AF76025,aff_winter,2025-07-03,PL,android,16.81,"3,796",53,8,1
2025-11-09,twitter,TW72522,x_awareness,2025-10-01,AT,android,159.37,"13,540",317,57,8
2025-12-12,google,GO70593,google_display_retargeting,2025-11-20,DK,android,150.42,"9,942",595,80,19
2025-08-10,tiktok,TI61877,tt_conversion_2025,2025-06-11,EE,ios,42.69,"4,871",204,30,5
2025-07-26,instagram,IN62198,ig_app_install,2025-07-23,FR,ios,108.80,"5,664",252,65,15
2025-01-28,twitter,TW26544,x_app_installs,2024-09-15,PT,android,166.86,"10,223",225,25,5
2025-09-12,twitter,TW26103,x_web_conversions,2025-04-09,NL,android,59.23,"3,899",86,6,1
2025-09-13,instagram,IN96908,ig_retargeting,2025-08-07,CZ,ios,82.05,"14,228",570,171,18
2025-10-18,affiliate,AF94748,aff_autumn,2025-04-15,BE,android,34.00,"5,917",74,4,0
2025-04-24,google,GO42933,google_display_retargeting,2025-01-15,IT,android,477.44,"13,740",869,172,36
2025-01-19,affiliate,AF80014,aff_autumn,2024-08-02,EE,ios,241.93,"19,478",135,17,2
2025-04-20,google,GO43418,google_youtube_video,2025-03-24,SE,ios,224.11,"9,332",490,118,29
2025-10-15,google,GO24026,google_youtube_video,2025-05-30,IT,android,67.55,"7,134",182,48,11
2025-12-11,tiktok,TI10570,tt_creator_push,2025-07-15,CZ,ios,228.22,"13,672",538,125,10
2025-08-30,twitter,TW19941,x_web_conversions,2025-03-09,FI,ios,113.15,"11,542",259,17,1
2025-04-28,affiliate,AF44087,aff_autumn,2025-04-09,GR,ios,32.66,"8,497",130,15,1
2025-08-18,affiliate,AF35380,aff_winter,2024-10-31,FR,ios,45.11,"9,458",156,22,1
2025-12-06,instagram,IN31119,ig_reels_push,2025-08-13,IT,ios,179.43,"7,620",260,57,9
2025-06-04,tiktok,TI64199,tt_app_installs,2025-03-09,EE,android,118.15,"6,576",249,59,14
2025-10-03,google,GO41085,google_search_brand,2025-06-02,IE,ios,215.51,"6,467",445,108,30
2025-01-11,tiktok,TI97954,tt_spark_ads,2024-10-06,EE,android,173.76,"8,076",132,18,1
2025-10-23,facebook,FA75149,fb_conversion_2025,2025-08-13,EE,ios,49.55,"3,937",61,19,2
2025-03-01,google,GO65863,google_search_brand,2024-10-15,SE,android,72.33,"6,044",140,17,5
2025-12-10,instagram,IN22453,ig_retargeting,2025-08-13,BE,android,92.34,"4,555",123,20,4
2025-07-11,tiktok,TI20692,tt_conversion_2025,2025-07-02,SI,android,60.11,"4,898",116,24,1
2025-11-09,tiktok,TI35566,tt_app_installs,2025-07-27,BG,ios,122.31,"8,831",244,35,4
2025-04-16,google,GO64219,google_display_retargeting,2025-04-02,SE,ios,418.31,"16,268",338,62,11
2025-02-07,twitter,TW46683,x_retargeting,2024-11-29,HR,android,94.82,"10,259",258,21,3
2025-12-31,instagram,IN45303,ig_reels_push,2025-10-12,HR,ios,209.29,"8,931",250,68,10
2025-10-08,instagram,IN56151,ig_story_launch,2025-07-24,PL,android,157.06,"15,257",228,49,5
2025-05-11,facebook,FA99499,fb_app_install,2025-01-23,SE,android,292.73,"12,572",296,74,11
2025-09-13,twitter,TW21874,x_app_installs,2025-06-30,PL,ios,104.77,"8,003",210,39,3
2025-10-14,affiliate,AF73400,aff_spring,2025-02-03,FR,android,60.12,"22,754",450,59,7
2025-07-24,facebook,FA28931,fb_conversion_2025,2025-05-05,EE,android,353.90,"21,198",432,87,6
2025-04-19,instagram,IN81386,ig_app_install,2025-03-28,LT,android,107.80,"5,542",232,45,7
2025-01-02,facebook,FA62495,fb_app_install,2024-09-07,HU,android,93.92,"6,366",154,54,13
2025-12-04,facebook,FA43885,fb_brand_awareness,2025-11-22,GR,android,229.26,"14,062",358,62,13
2025-06-29,affiliate,AF88388,aff_winter,2025-02-13,GR,ios,58.63,"12,089",89,5,0
2025-08-25,google,GO73627,google_display_retargeting,2025-04-12,SK,ios,67.27,"5,907",355,56,14
2025-08-09,twitter,TW32800,x_awareness,2025-05-17,CY,ios,96.33,"6,764",191,23,2
2025-07-19,google,GO80453,google_pmax_2025,2025-03-27,SE,ios,196.30,"8,009",428,114,15
2025-07-03,affiliate,AF21410,aff_autumn,2025-06-06,RO,android,45.34,"8,507",203,34,5
2025-02-27,affiliate,AF87475,aff_spring,2024-06-04,ES,ios,93.02,"12,719",134,13,1
2025-07-29,facebook,FA14992,fb_brand_awareness,2025-06-12,BE,android,423.01,"16,005",532,87,12
2025-05-17,instagram,IN54523,ig_app_install,2025-01-27,ES,ios,97.93,"10,110",444,84,14
2025-04-28,facebook,FA65805,fb_conversion_2025,2025-01-13,FR,android,61.71,"4,947",126,23,2
2025-10-10,twitter,TW97234,x_retargeting,2025-06-20,FI,ios,42.44,"5,506",150,30,6
2025-05-09,affiliate,AF77766,aff_spring,2024-09-06,FR,android,211.79,"17,691",139,13,1
2025-10-21,facebook,FA87525,fb_conversion_2025,2025-10-07,FI,ios,131.85,"12,215",226,46,3
2025-04-01,google,GO51430,google_youtube_video,2025-03-15,HU,android,294.32,"15,415",981,181,44
2025-12-11,tiktok,TI20377,tt_spark_ads,2025-10-12,CZ,android,63.26,"7,836",216,26,4
2025-08-28,affiliate,AF40266,aff_autumn,2025-08-27,GR,android,30.59,"9,445",44,6,1
2025-07-24,facebook,FA44393,fb_brand_awareness,2025-05-14,BG,android,157.27,"10,155",351,63,18
2025-06-11,twitter,TW75006,x_web_conversions,2025-05-12,LU,android,99.59,"8,157",184,25,2
2025-09-06,google,GO95824,google_search_brand,2025-04-11,BG,android,179.59,"7,792",465,52,4
2025-06-15,affiliate,AF18848,aff_summer,2025-03-30,FR,android,83.42,"9,355",149,11,1
2025-10-10,twitter,TW62732,x_retargeting,2025-09-28,CZ,android,35.50,"3,235",29,6,1
2025-10-30,google,GO32553,google_youtube_video,2025-10-26,BE,android,123.96,"7,306",237,50,11
2025-01-14,twitter,TW15368,x_retargeting,2025-01-02,FI,ios,78.87,"6,199",152,10,2
2025-04-10,facebook,FA28323,fb_brand_awareness,2025-03-07,GR,ios,86.26,"6,068",185,57,12
2025-03-06,facebook,FA60225,fb_retargeting,2024-11-28,NL,android,51.63,"5,163",133,18,3
2025-07-27,facebook,FA67530,fb_retargeting,2025-04-27,BG,ios,73.67,"3,407",42,7,1
2025-10-07,affiliate,AF38807,aff_summer,2025-01-10,GR,android,70.03,"10,240",238,32,4
2025-08-18,twitter,TW85209,x_app_installs,2025-03-26,NL,ios,127.66,"7,782",193,24,3
2025-12-16,affiliate,AF29094,aff_autumn,2025-08-17,GR,android,62.36,"7,277",106,11,1
2025-08-17,tiktok,TI14552,tt_app_installs,2025-08-12,MT,ios,167.39,"7,746",106,17,1
2025-12-03,twitter,TW89235,x_awareness,2025-10-24,HU,android,131.23,"10,678",177,14,2
2025-01-03,affiliate,AF37386,aff_summer,2024-10-20,EE,ios,30.83,"7,387",136,9,2
2025-05-05,facebook,FA60258,fb_retargeting,2025-03-20,LV,android,131.34,"8,350",242,36,7
2025-07-25,twitter,TW11609,x_app_installs,2025-05-29,FI,android,14.56,"1,812",46,3,0
2025-01-11,affiliate,AF85874,aff_autumn,2024-10-19,DK,android,18.19,"7,358",173,18,1
2025-08-31,affiliate,AF34816,aff_autumn,2025-08-14,DK,ios,39.75,"6,896",133,23,3
2025-10-31,instagram,IN51198,ig_app_install,2025-09-20,IT,ios,35.83,"3,527",102,16,3
2025-07-10,affiliate,AF42006,aff_autumn,2025-05-09,BG,android,75.72,"16,138",209,33,5
2025-10-19,affiliate,AF30855,aff_summer,2025-10-12,RO,ios,7.86,"3,004",17,1,0
2025-10-20,twitter,TW62347,x_awareness,2025-09-22,FR,ios,75.89,"6,554",101,15,1
2025-06-14,affiliate,AF63311,aff_spring,2025-05-19,ES,android,37.16,"9,162",103,11,1
2025-01-30,twitter,TW30323,x_web_conversions,2024-12-17,HR,ios,103.52,"12,667",320,32,7
2025-11-25,instagram,IN10691,ig_retargeting,2025-08-15,ES,android,70.26,"10,028",378,48,8
2025-12-09,facebook,FA38164,fb_conversion_2025,2025-09-26,LU,android,165.57,"5,948",155,28,2
2025-04-05,tiktok,TI63865,tt_conversion_2025,2024-11-22,NL,ios,173.37,"14,669",578,183,37
2025-05-10,facebook,FA11161,fb_conversion_2025,2025-03-06,HU,android,166.12,"6,255",145,46,5
2025-03-29,twitter,TW13178,x_retargeting,2024-11-21,SI,android,142.59,"11,156",193,27,2
2025-04-16,twitter,TW31684,x_app_installs,2024-12-08,CY,android,98.45,"22,380",409,29,3
2025-07-14,affiliate,AF83034,aff_winter,2025-07-03,IT,android,53.05,"5,340",73,13,1
2025-02-11,affiliate,AF68741,aff_summer,2024-06-11,CY,ios,80.67,"7,463",125,20,1
2025-06-09,instagram,IN53169,ig_story_launch,2025-03-12,LT,ios,80.44,"3,831",42,9,2
2025-03-01,facebook,FA82742,fb_retargeting,2024-12-26,FR,ios,357.52,"17,352",396,63,8
2025-07-13,instagram,IN15197,ig_reels_push,2025-06-15,RO,ios,217.55,"10,381",113,19,3
2025-06-11,google,GO69095,google_pmax_2025,2025-02-04,BG,android,411.55,"14,898",410,103,33
2025-12-02,instagram,IN53646,ig_reels_push,2025-10-03,CY,android,46.24,"9,209",311,90,11
2025-07-06,twitter,TW63370,x_app_installs,2025-02-08,LT,ios,73.65,"9,379",190,12,2
2025-03-28,twitter,TW82684,x_web_conversions,2024-11-07,CZ,android,63.09,"8,433",232,38,3
2025-09-02,twitter,TW10864,x_app_installs,2025-08-03,SE,ios,18.56,"1,219",24,2,0
2025-07-31,facebook,FA98314,fb_app_install,2025-06-27,PL,android,101.51,"9,257",170,46,14
2025-09-04,affiliate,AF40791,aff_spring,2025-04-29,SI,android,95.03,"12,966",78,6,1
2025-02-23,twitter,TW59052,x_app_installs,2025-02-08,LV,android,51.87,"6,712",105,18,3
2025-06-10,affiliate,AF12994,aff_summer,2025-01-31,LV,ios,68.28,"13,438",242,16,2
2025-09-17,affiliate,AF89526,aff_autumn,2025-01-18,FR,android,130.08,"17,779",141,8,1
2025-12-31,facebook,FA52932,fb_app_install,2025-10-07,CZ,android,106.93,"8,758",124,31,6
2025-10-26,tiktok,TI54950,tt_creator_push,2025-08-11,IT,ios,47.51,"5,789",96,22,3
2025-02-11,google,GO86441,google_display_retargeting,2024-09-10,DE,android,219.95,"9,103",420,56,9
2025-03-06,affiliate,AF93163,aff_summer,2024-07-18,HU,ios,52.72,"5,067",28,5,1
2025-05-20,google,GO11893,google_search_brand,2025-03-31,DE,ios,267.13,"9,309",196,28,2
2025-02-23,tiktok,TI96133,tt_app_installs,2024-10-31,FI,android,46.50,"5,460",172,33,8
2025-01-28,instagram,IN95489,ig_retargeting,2024-10-14,HR,ios,247.66,"16,948",394,44,6
2025-10-13,google,GO46386,google_youtube_video,2025-07-14,NL,android,127.28,"4,931",316,51,8
2025-09-03,instagram,IN82255,ig_retargeting,2025-05-11,SE,android,27.42,"3,622",94,17,4
2025-06-18,twitter,TW41728,x_awareness,2025-04-06,DK,ios,199.66,"22,494",352,40,3
2025-01-04,tiktok,TI19121,tt_creator_push,2024-08-13,LV,android,71.48,"6,778",285,42,2
2025-01-08,tiktok,TI79922,tt_app_installs,2024-08-10,BG,android,88.80,"9,514",346,104,13
2025-12-21,twitter,TW37151,x_retargeting,2025-11-05,EE,ios,120.88,"15,524",232,37,5
2025-02-08,twitter,TW34495,x_awareness,2024-09-30,BE,ios,38.59,"6,509",182,21,2
2025-12-12,google,GO83984,google_youtube_video,2025-09-17,NL,android,110.29,"5,334",212,43,12
2025-04-05,google,GO87713,google_search_brand,2024-12-26,HR,android,147.42,"10,440",387,99,6
2025-04-27,instagram,IN44493,ig_reels_push,2025-04-13,SK,android,59.81,"6,957",75,9,1
2025-08-24,tiktok,TI58849,tt_spark_ads,2025-03-17,BE,android,37.50,"7,175",148,23,3
2025-06-21,facebook,FA27857,fb_retargeting,2025-06-16,GR,android,269.80,"10,767",216,27,3
2025-08-12,facebook,FA81334,fb_brand_awareness,2025-05-13,LT,android,106.44,"8,700",262,81,20
2025-11-26,twitter,TW87242,x_awareness,2025-10-19,SE,ios,105.95,"7,496",157,10,1
2025-02-04,instagram,IN90846,ig_app_install,2025-01-30,HU,android,189.47,"13,520",553,85,8
2025-03-26,google,GO52674,google_pmax_2025,2025-02-10,SI,ios,112.27,"7,500",345,96,11
2025-11-23,instagram,IN75524,ig_story_launch,2025-11-09,LT,ios,184.69,"11,404",324,62,8
2025-11-02,facebook,FA62151,fb_app_install,2025-10-22,CY,android,106.30,"11,011",325,96,21
2025-05-14,tiktok,TI24506,tt_creator_push,2025-04-20,CY,ios,116.65,"7,500",115,12,2
2025-04-21,google,GO56751,google_pmax_2025,2024-12-06,CZ,android,56.73,"5,323",113,17,2
2025-10-07,twitter,TW89823,x_awareness,2025-04-15,MT,android,102.31,"8,659",63,10,1
2025-11-15,twitter,TW79806,x_retargeting,2025-09-01,RO,android,94.82,"5,301",68,8,1
2025-01-26,tiktok,TI48196,tt_app_installs,2025-01-13,GR,android,127.48,"6,934",205,65,5
2025-08-08,affiliate,AF65371,aff_winter,2025-02-03,IE,android,152.99,"11,344",170,10,1
2025-04-08,affiliate,AF15730,aff_winter,2024-12-03,NL,android,150.43,"14,886",222,40,2
2025-06-22,google,GO30923,google_display_retargeting,2025-05-08,SK,ios,29.48,"2,576",146,28,5
2025-05-14,twitter,TW20304,x_retargeting,2024-12-15,CZ,android,91.57,"13,755",277,58,6
2025-11-09,instagram,IN93860,ig_retargeting,2025-07-30,BE,ios,30.67,"5,598",168,24,5
2025-05-15,instagram,IN27065,ig_app_install,2025-03-27,IT,android,131.97,"8,947",323,59,6
2025-03-18,tiktok,TI58940,tt_conversion_2025,2024-12-22,IE,ios,60.80,"8,341",427,48,9
2025-10-24,tiktok,TI71497,tt_creator_push,2025-06-13,SK,ios,114.38,"7,982",205,25,2
2025-06-01,affiliate,AF93168,aff_spring,2025-05-14,LT,ios,128.76,"10,092",157,16,2
2025-06-02,twitter,TW32499,x_awareness,2024-12-12,PT,android,63.31,"5,200",71,11,2
2025-11-25,twitter,TW17349,x_retargeting,2025-07-20,DE,ios,76.30,"8,699",87,8,1
2025-02-14,tiktok,TI91788,tt_spark_ads,2024-10-04,LU,android,106.25,"6,299",124,32,6
2025-03-29,affiliate,AF96971,aff_summer,2024-07-29,NL,android,53.28,"9,339",156,16,3
2025-07-28,instagram,IN81833,ig_retargeting,2025-07-13,FI,android,239.11,"11,661",387,101,26
2025-04-19,instagram,IN15033,ig_reels_push,2025-02-05,SI,android,18.96,"3,116",46,10,1
2025-04-09,affiliate,AF69658,aff_spring,2024-06-16,RO,android,50.38,"8,760",79,12,2
2025-03-01,google,GO42567,google_youtube_video,2025-02-07,GR,android,256.41,"14,169",853,83,13
2025-08-11,google,GO96006,google_search_brand,2025-05-15,MT,android,178.18,"7,109",207,57,10
2025-03-11,tiktok,TI38022,tt_spark_ads,2024-12-03,SI,ios,63.71,"5,640",224,59,5
2025-11-14,google,GO10893,google_search_brand,2025-06-24,FR,ios,276.59,"10,738",389,91,9
2025-11-01,google,GO41186,google_youtube_video,2025-06-11,PL,android,317.87,"10,653",271,35,5
2025-09-30,affiliate,AF11577,aff_autumn,2025-03-24,DK,ios,16.56,"6,261",38,6,0
2025-06-01,twitter,TW74173,x_awareness,2025-03-19,LU,android,203.04,"12,753",113,12,2
2025-03-31,instagram,IN16221,ig_app_install,2025-02-12,NL,ios,306.91,"14,401",553,160,20
2025-04-19,instagram,IN25240,ig_app_install,2025-04-19,PT,ios,79.72,"4,654",60,14,3
2025-04-14,affiliate,AF81916,aff_spring,2025-04-08,BE,ios,68.48,"7,975",96,7,1
2025-03-04,tiktok,TI84417,tt_spark_ads,2024-10-29,RO,android,376.01,"18,069",833,263,62
2025-04-26,facebook,FA18802,fb_retargeting,2025-04-13,AT,ios,217.71,"14,542",462,133,10
2025-03-20,tiktok,TI80990,tt_creator_push,2025-01-10,LV,ios,209.53,"13,665",671,102,19
2025-12-27,google,GO96988,google_pmax_2025,2025-09-21,FR,ios,122.84,"6,837",140,26,8
2025-11-30,facebook,FA72699,fb_retargeting,2025-08-02,LU,ios,132.84,"15,301",192,43,3
2025-01-14,instagram,IN31029,ig_story_launch,2025-01-07,SE,ios,84.03,"6,563",265,55,9
2025-09-29,facebook,FA24626,fb_brand_awareness,2025-08-11,ES,android,50.68,"2,248",43,10,1
2025-12-16,instagram,IN16054,ig_reels_push,2025-12-11,BE,ios,178.02,"12,630",127,22,4
2025-07-04,google,GO76985,google_search_brand,2025-04-30,DE,android,88.08,"7,029",462,115,29
2025-09-08,tiktok,TI19637,tt_creator_push,2025-05-22,CY,android,54.88,"10,327",437,73,7
2025-02-01,google,GO53066,google_display_retargeting,2024-08-25,ES,ios,164.39,"11,509",294,26,8
2025-12-28,google,GO81537,google_display_retargeting,2025-11-03,SK,android,198.13,"6,252",356,77,21
2025-07-01,affiliate,AF98721,aff_summer,2024-09-19,RO,ios,133.14,"9,618",132,24,2
2025-07-12,facebook,FA47333,fb_conversion_2025,2025-05-06,ES,android,239.07,"9,955",82,17,2
2025-01-20,twitter,TW95119,x_web_conversions,2024-08-19,CZ,android,26.99,"6,710",90,9,1
2025-07-04,tiktok,TI42574,tt_spark_ads,2025-05-06,BG,android,19.63,"3,315",169,35,4
2025-06-07,affiliate,AF23854,aff_winter,2025-02-16,CZ,ios,57.40,"4,731",118,11,1
2025-10-05,tiktok,TI33991,tt_spark_ads,2025-08-11,EE,ios,33.58,"5,472",245,27,6
2025-06-28,google,GO16464,google_youtube_video,2025-02-20,EE,android,40.24,"4,815",303,34,10
2025-03-06,google,GO12895,google_pmax_2025,2024-11-27,FR,ios,79.54,"6,458",251,40,8
2025-01-10,google,GO42769,google_pmax_2025,2024-09-08,RO,ios,147.10,"5,677",349,74,12
2025-02-27,facebook,FA86276,fb_app_install,2024-12-20,IT,android,177.03,"6,477",218,37,4
2025-02-05,instagram,IN49886,ig_story_launch,2024-10-20,PT,android,242.22,"11,671",164,40,7
2025-04-29,affiliate,AF18997,aff_winter,2024-10-04,PL,android,82.74,"6,359",51,4,1
2025-11-10,google,GO86290,google_display_retargeting,2025-10-10,EE,ios,373.24,"14,285",946,231,48
2025-04-13,tiktok,TI45333,tt_conversion_2025,2025-04-04,IT,android,82.71,"9,995",284,37,3
2025-11-03,tiktok,TI15801,tt_creator_push,2025-09-09,SI,ios,38.29,"5,121",177,47,9
2025-05-10,instagram,IN30977,ig_app_install,2025-04-05,LT,android,42.21,"1,989",49,6,1
2025-04-11,twitter,TW37160,x_awareness,2024-10-18,BG,ios,81.87,"10,961",168,12,1
2025-08-04,facebook,FA41376,fb_retargeting,2025-04-26,MT,ios,140.12,"7,554",226,45,4
2025-07-22,instagram,IN71607,ig_reels_push,2025-04-29,LT,android,120.23,"13,798",565,119,21
2025-07-31,facebook,FA10495,fb_retargeting,2025-04-22,RO,android,86.03,"4,569",51,6,1
2025-04-17,facebook,FA80190,fb_brand_awareness,2024-12-31,ES,ios,236.56,"10,577",158,36,4
2025-01-26,tiktok,TI89795,tt_conversion_2025,2024-08-26,LT,android,142.33,"9,994",330,59,14
2025-06-26,tiktok,TI57691,tt_app_installs,2025-04-25,LU,android,152.55,"8,362",387,110,27
2025-09-20,affiliate,AF30085,aff_summer,2025-08-06,SK,ios,123.64,"12,260",151,9,1
2025-07-19,tiktok,TI20681,tt_spark_ads,2025-02-13,SE,ios,91.10,"11,467",443,91,16
2025-03-31,affiliate,AF94633,aff_spring,2024-09-14,MT,ios,65.79,"7,031",44,5,0
2025-02-18,facebook,FA21549,fb_brand_awareness,2025-02-07,GR,ios,179.81,"8,700",195,51,11
2025-10-31,twitter,TW74148,x_app_installs,2025-05-17,BG,android,145.26,"12,101",233,20,3
2025-10-23,facebook,FA91163,fb_conversion_2025,2025-08-19,IE,ios,83.95,"4,840",93,18,5
2025-07-11,instagram,IN11996,ig_story_launch,2025-04-03,GR,android,158.08,"7,444",230,41,7
2025-03-25,tiktok,TI44565,tt_creator_push,2024-10-22,HU,ios,53.93,"6,036",94,17,3
2025-03-10,affiliate,AF44178,aff_spring,2025-02-16,PL,android,90.16,"7,489",75,9,1
2025-11-24,facebook,FA96437,fb_retargeting,2025-08-11,LU,android,259.71,"9,814",194,66,15
2025-04-29,twitter,TW10363,x_web_conversions,2025-03-27,SK,ios,64.19,"7,381",144,22,2
2025-05-01,facebook,FA38885,fb_app_install,2025-04-28,FR,android,62.75,"6,248",71,11,3
2025-11-03,affiliate,AF80268,aff_autumn,2025-02-10,LU,android,67.13,"15,360",232,22,2
2025-01-08,instagram,IN19327,ig_retargeting,2024-12-04,IT,android,174.63,"17,023",430,100,15
2025-08-24,instagram,IN30116,ig_reels_push,2025-07-06,DK,ios,85.11,"4,016",158,43,5
2025-05-25,facebook,FA52429,fb_brand_awareness,2025-04-05,NL,ios,103.47,"5,948",125,17,5
2025-02-26,instagram,IN95844,ig_retargeting,2025-01-19,BG,ios,15.76,"1,811",25,7,1
2025-06-29,twitter,TW27400,x_app_installs,2025-01-11,IT,ios,24.60,"6,489",129,10,0
2025-10-14,instagram,IN51302,ig_app_install,2025-08-12,HU,android,249.83,"11,699",158,28,5
2025-09-03,instagram,IN33548,ig_retargeting,2025-08-17,SI,ios,62.34,"9,048",190,23,3
2025-05-19,instagram,IN51136,ig_reels_push,2025-03-15,EE,android,325.18,"16,764",538,103,17
2025-11-17,twitter,TW97759,x_awareness,2025-07-01,EE,android,150.07,"12,346",91,13,3
2025-07-01,instagram,IN97453,ig_retargeting,2025-06-19,IE,android,99.03,"5,178",70,18,5
2025-03-18,google,GO98657,google_search_brand,2025-03-17,LU,ios,56.22,"6,281",249,62,9
2025-11-25,affiliate,AF97227,aff_autumn,2025-10-25,LU,android,112.98,"9,307",178,15,1
2025-05-07,facebook,FA27143,fb_conversion_2025,2025-05-01,PL,android,107.16,"4,733",124,23,2
2025-01-11,twitter,TW37200,x_awareness,2024-09-26,RO,android,43.60,"7,105",123,10,2
2025-05-03,tiktok,TI63910,tt_conversion_2025,2024-12-11,FR,android,89.60,"9,216",501,143,30
2025-03-31,instagram,IN90171,ig_story_launch,2024-12-21,EE,ios,17.32,"2,025",64,8,2
2025-12-31,google,GO94585,google_display_retargeting,2025-09-11,ES,android,128.88,"9,333",233,39,9
2025-09-13,facebook,FA95092,fb_brand_awareness,2025-07-25,IE,ios,144.04,"11,343",110,23,3
2025-12-17,tiktok,TI36627,tt_conversion_2025,2025-07-25,FI,ios,101.42,"6,620",176,33,3
2025-05-26,google,GO52292,google_search_brand,2025-03-25,IT,android,72.73,"4,581",204,22,3
2025-04-26,facebook,FA82267,fb_retargeting,2025-02-17,BE,android,342.92,"12,707",228,62,5
2025-06-23,tiktok,TI14951,tt_app_installs,2025-03-26,BG,ios,71.46,"17,294",729,139,20
2025-08-20,twitter,TW47335,x_web_conversions,2025-04-17,LV,ios,140.68,"13,361",198,43,5
2025-06-26,google,GO87527,google_pmax_2025,2025-02-23,AT,ios,232.46,"11,156",471,126,17
2025-08-02,instagram,IN10706,ig_app_install,2025-04-12,SK,android,41.47,"2,685",108,21,1
2025-07-15,instagram,IN93767,ig_retargeting,2025-04-12,HU,ios,95.65,"7,572",92,24,3
2025-02-06,twitter,TW25504,x_awareness,2024-11-22,SI,android,144.67,"10,536",219,19,3
2025-10-27,tiktok,TI43132,tt_creator_push,2025-10-21,LU,android,170.91,"14,120",447,77,4
2025-12-24,google,GO89369,google_pmax_2025,2025-08-19,GR,android,92.36,"7,118",177,40,5
2025-09-22,tiktok,TI96064,tt_app_installs,2025-05-01,ES,android,126.59,"6,993",266,52,2
2025-05-21,google,GO75184,google_display_retargeting,2025-03-05,GR,android,151.67,"10,266",497,118,37
2025-09-19,tiktok,TI65390,tt_app_installs,2025-07-25,MT,ios,92.33,"7,599",394,123,18
2025-01-25,affiliate,AF43461,aff_spring,2024-08-23,AT,android,142.75,"12,012",167,15,3
2025-07-12,twitter,TW83568,x_retargeting,2025-03-04,FR,ios,29.92,"7,271",171,20,1
2025-04-19,instagram,IN37307,ig_reels_push,2025-01-12,EE,android,227.55,"14,360",629,182,23
2025-07-20,twitter,TW91494,x_web_conversions,2025-05-01,LV,android,167.69,"11,313",223,35,7
2025-09-15,google,GO21182,google_youtube_video,2025-07-15,SK,android,319.35,"9,446",543,67,19
2025-02-05,tiktok,TI81206,tt_conversion_2025,2024-09-27,SK,android,501.89,"22,996",814,206,31
2025-07-29,instagram,IN68123,ig_retargeting,2025-07-13,SK,android,47.72,"8,599",332,34,9
2025-07-07,instagram,IN57374,ig_app_install,2025-06-03,LT,ios,32.78,"3,292",60,9,1
2025-04-13,facebook,FA72559,fb_app_install,2025-01-18,SI,ios,116.08,"12,801",437,110,29
2025-03-13,tiktok,TI39777,tt_conversion_2025,2025-01-19,SE,ios,163.29,"9,647",170,27,4
2025-09-12,facebook,FA17367,fb_retargeting,2025-07-24,AT,ios,306.74,"11,250",165,33,9
2025-07-23,twitter,TW90280,x_retargeting,2025-02-24,GR,ios,94.76,"6,669",57,11,1
2025-05-20,twitter,TW15470,x_retargeting,2025-02-04,PT,android,68.14,"7,433",79,9,2
2025-04-18,facebook,FA55641,fb_app_install,2025-04-02,LU,android,90.63,"12,231",298,42,9
2025-02-14,facebook,FA62709,fb_app_install,2024-12-19,LT,android,76.66,"5,049",94,26,7
2025-01-03,twitter,TW40111,x_awareness,2024-10-10,AT,android,44.07,"6,697",128,10,1
2025-07-30,instagram,IN58773,ig_app_install,2025-05-23,HR,ios,107.76,"5,022",52,10,1
2025-09-16,instagram,IN26535,ig_retargeting,2025-07-11,NL,android,58.87,"4,975",185,50,12
2025-08-20,google,GO48672,google_pmax_2025,2025-05-14,ES,android,72.32,"5,671",395,93,11
2025-01-22,facebook,FA53481,fb_conversion_2025,2024-10-04,HU,android,85.32,"14,113",264,58,11
2025-08-06,twitter,TW35092,x_web_conversions,2025-07-27,RO,ios,221.43,"22,900",233,34,6
2025-03-16,google,GO61742,google_search_brand,2025-01-05,PL,ios,240.39,"10,471",551,50,9
2025-05-25,facebook,FA60726,fb_brand_awareness,2025-04-11,HU,android,190.63,"8,018",217,31,8
2025-12-06,twitter,TW24549,x_retargeting,2025-09-09,BE,ios,46.17,"6,813",166,17,3
2025-06-15,affiliate,AF78369,aff_spring,2024-08-27,BG,android,87.36,"8,482",86,10,1
2025-11-06,tiktok,TI36639,tt_spark_ads,2025-07-28,MT,ios,35.33,"2,314",92,27,6
2025-11-10,twitter,TW46701,x_app_installs,2025-06-09,EE,ios,172.74,"19,628",327,67,4
2025-08-14,affiliate,AF35563,aff_autumn,2025-06-23,FI,ios,66.81,"10,967",213,18,2
2025-01-03,facebook,FA57997,fb_conversion_2025,2024-09-06,LU,ios,273.04,"12,435",412,52,12
2025-02-08,instagram,IN69412,ig_reels_push,2024-11-06,AT,ios,193.68,"9,887",277,58,6
2025-03-25,twitter,TW66805,x_web_conversions,2025-02-03,SI,android,103.79,"6,538",49,8,2
2025-08-18,facebook,FA11211,fb_conversion_2025,2025-06-19,CZ,ios,280.97,"11,721",383,132,28
2025-12-12,twitter,TW24292,x_retargeting,2025-11-17,PT,android,97.41,"8,141",73,12,1
2025-02-16,tiktok,TI35523,tt_conversion_2025,2024-11-14,ES,ios,290.10,"13,895",466,105,7
2025-09-21,twitter,TW14551,x_awareness,2025-06-17,BE,ios,132.99,"8,688",92,7,1
2025-02-27,tiktok,TI77847,tt_conversion_2025,2025-01-13,SE,ios,22.81,"3,100",49,13,2
2025-02-06,google,GO99452,google_youtube_video,2024-11-13,SI,android,66.52,"6,071",242,25,5
2025-01-14,facebook,FA22446,fb_conversion_2025,2024-09-20,ES,android,97.26,"4,921",76,10,2
2025-11-24,tiktok,TI37867,tt_conversion_2025,2025-07-15,GR,android,42.40,"4,461",186,30,6
2025-05-09,tiktok,TI89732,tt_conversion_2025,2025-02-12,PT,android,89.43,"4,950",232,53,9
2025-03-28,facebook,FA88929,fb_conversion_2025,2025-03-27,ES,ios,215.81,"10,742",303,96,12
2025-09-08,affiliate,AF70624,aff_winter,2025-05-15,BG,android,72.00,"9,077",172,13,1
2025-11-29,instagram,IN50857,ig_story_launch,2025-09-26,RO,ios,63.14,"7,052",298,88,9
2025-09-06,affiliate,AF76830,aff_autumn,2024-12-14,DE,android,119.56,"8,659",203,15,0
2025-06-27,facebook,FA51256,fb_app_install,2025-04-02,AT,android,153.52,"14,866",303,54,15
2025-03-20,tiktok,TI26559,tt_spark_ads,2025-03-19,SI,android,81.10,"8,566",352,59,5
2025-08-05,facebook,FA94003,fb_retargeting,2025-05-18,BG,ios,218.67,"10,849",320,49,4
2025-12-23,tiktok,TI48259,tt_creator_push,2025-09-15,LU,android,106.64,"6,962",244,61,11
2025-10-12,facebook,FA89910,fb_app_install,2025-08-20,BG,android,211.09,"13,756",270,64,5
2025-04-11,twitter,TW65856,x_app_installs,2025-04-10,NL,android,207.33,"13,842",410,70,6
2025-10-24,tiktok,TI27138,tt_app_installs,2025-06-24,FR,android,171.54,"14,440",411,98,13
2025-12-03,tiktok,TI40562,tt_app_installs,2025-08-20,SK,ios,232.96,"11,788",263,62,9
2025-07-04,twitter,TW42317,x_web_conversions,2025-06-06,PT,android,28.91,"8,448",197,20,3
2025-09-17,instagram,IN79468,ig_retargeting,2025-06-28,FI,android,46.82,"5,637",241,71,18
2025-12-28,google,GO36028,google_youtube_video,2025-12-09,CY,ios,217.28,"8,390",587,72,9
2025-10-20,instagram,IN60227,ig_story_launch,2025-10-13,FI,android,169.77,"15,883",702,206,18
2025-07-23,google,GO44929,google_youtube_video,2025-06-25,ES,ios,304.13,"8,816",343,34,5
2025-03-09,google,GO71869,google_pmax_2025,2025-02-13,EE,android,284.98,"11,061",251,21,2
2025-02-16,twitter,TW91899,x_web_conversions,2024-10-10,IT,ios,120.44,"9,899",132,18,1
2025-06-20,instagram,IN13895,ig_reels_push,2025-03-24,AT,android,149.48,"8,760",266,43,2
2025-02-22,google,GO74919,google_youtube_video,2025-01-11,ES,android,251.52,"17,090",1103,268,66
2025-04-14,tiktok,TI12147,tt_spark_ads,2025-02-28,IE,ios,88.39,"4,447",119,16,3
2025-11-25,google,GO45694,google_pmax_2025,2025-08-03,NL,ios,150.39,"12,654",800,129,33
2025-02-09,tiktok,TI66022,tt_spark_ads,2025-01-15,CZ,android,266.50,"13,457",596,157,11
2025-01-16,google,GO84094,google_pmax_2025,2024-12-25,SK,android,19.07,"1,932",56,8,1
2025-10-09,twitter,TW17856,x_web_conversions,2025-05-30,DE,android,140.95,"11,365",190,26,2
2025-07-24,google,GO45983,google_youtube_video,2025-06-16,GR,ios,229.11,"7,282",306,32,4
2025-06-15,twitter,TW24385,x_web_conversions,2025-03-02,MT,ios,193.01,"11,542",123,17,1
2025-09-03,affiliate,AF90021,aff_winter,2024-12-16,SK,android,126.18,"16,873",399,53,9
2025-05-21,affiliate,AF26984,aff_spring,2024-10-21,IT,android,169.03,"16,060",120,12,2
2025-10-18,affiliate,AF47921,aff_winter,2025-03-03,SE,android,73.54,"7,682",35,6,1
2025-07-29,affiliate,AF77906,aff_autumn,2025-04-18,CY,android,24.69,"10,753",136,9,1
2025-01-24,instagram,IN42463,ig_reels_push,2024-10-18,PT,ios,148.17,"8,680",389,101,25
2025-02-11,affiliate,AF55406,aff_autumn,2024-04-19,ES,android,73.18,"5,951",61,5,1
2025-10-09,facebook,FA50167,fb_brand_awareness,2025-09-11,NL,android,152.25,"7,730",227,59,4
2025-10-21,twitter,TW90729,x_retargeting,2025-07-27,LU,android,112.77,"8,455",58,4,1
2025-09-01,twitter,TW45321,x_app_installs,2025-04-24,ES,android,142.67,"9,057",226,21,4
2025-09-24,affiliate,AF93028,aff_winter,2025-07-18,HR,ios,82.06,"22,078",96,17,1
2025-04-15,affiliate,AF39825,aff_summer,2025-03-20,CZ,ios,122.07,"14,354",258,40,1
2025-11-13,twitter,TW33806,x_retargeting,2025-10-07,SI,android,65.32,"5,912",65,7,1
2025-01-13,tiktok,TI80404,tt_app_installs,2024-08-20,AT,ios,54.63,"10,283",193,60,9
2025-12-25,google,GO17957,google_display_retargeting,2025-08-17,LT,ios,298.27,"11,441",649,164,32
2025-11-28,tiktok,TI65311,tt_spark_ads,2025-08-12,HU,android,51.34,"9,467",506,153,31
2025-06-27,affiliate,AF98534,aff_spring,2025-04-12,GR,ios,43.81,"6,616",71,11,2
2025-03-31,tiktok,TI39187,tt_app_installs,2025-01-31,FR,android,192.70,"9,955",313,39,5
2025-10-16,facebook,FA35008,fb_app_install,2025-09-22,SE,ios,195.66,"8,315",147,36,7
2025-05-31,google,GO49500,google_pmax_2025,2025-04-29,DE,android,101.84,"4,340",174,26,5
2025-04-30,instagram,IN51954,ig_story_launch,2025-01-20,GR,android,198.62,"14,713",202,52,5
2025-03-21,facebook,FA54912,fb_brand_awareness,2025-03-15,SK,android,154.96,"10,835",191,43,13
2025-10-15,google,GO85536,google_search_brand,2025-09-05,FR,ios,79.73,"3,075",104,24,2
2025-09-16,affiliate,AF58037,aff_winter,2025-06-06,AT,android,53.07,"12,120",237,13,2
2025-07-18,affiliate,AF46021,aff_winter,2024-11-06,PT,ios,13.03,"3,145",34,6,0
2025-09-13,affiliate,AF90103,aff_spring,2025-08-21,LT,ios,162.94,"11,748",114,16,2
2025-07-01,twitter,TW19107,x_web_conversions,2025-03-18,DE,android,124.35,"7,993",87,7,1
2025-04-10,tiktok,TI54527,tt_conversion_2025,2025-01-14,ES,android,93.05,"9,650",199,58,5
2025-09-28,affiliate,AF63331,aff_spring,2025-01-28,CZ,android,41.86,"5,510",130,17,3
2025-07-13,tiktok,TI19719,tt_app_installs,2025-03-13,SK,ios,148.38,"6,780",109,12,1
2025-07-10,tiktok,TI88218,tt_creator_push,2025-03-25,HU,ios,46.69,"10,184",144,16,1
2025-06-20,affiliate,AF34596,aff_spring,2025-06-06,DK,android,46.96,"9,289",96,8,1
2025-04-11,affiliate,AF42376,aff_winter,2024-11-14,MT,ios,98.81,"8,209",42,6,0
2025-01-06,twitter,TW36849,x_web_conversions,2024-11-01,GR,android,44.26,"9,513",222,31,4
2025-06-07,instagram,IN96669,ig_story_launch,2025-03-19,HR,android,89.74,"13,280",300,35,4
2025-10-07,affiliate,AF95879,aff_autumn,2024-12-22,LT,android,11.06,"5,487",33,6,1
2025-08-22,twitter,TW69274,x_retargeting,2025-03-13,NL,android,152.93,"10,309",291,40,4
2025-08-25,twitter,TW94085,x_app_installs,2025-07-04,GR,android,31.13,"3,620",91,8,1
2025-10-20,tiktok,TI64712,tt_conversion_2025,2025-10-14,SE,android,76.88,"5,022",101,18,1
2025-05-12,twitter,TW25089,x_app_installs,2025-01-25,PT,ios,237.60,"15,185",293,26,3
2025-12-26,google,GO84991,google_search_brand,2025-10-21,EE,android,90.07,"3,253",173,21,2
2025-10-31,facebook,FA78104,fb_retargeting,2025-07-09,GR,ios,48.87,"4,973",136,19,3
2025-01-27,twitter,TW68703,x_retargeting,2024-10-16,IE,ios,134.74,"10,288",158,10,2
2025-08-28,twitter,TW47792,x_retargeting,2025-04-13,IE,ios,301.93,"18,926",323,66,3
2025-08-09,tiktok,TI33290,tt_conversion_2025,2025-04-09,LU,ios,27.46,"1,876",97,11,2
2025-07-19,tiktok,TI88006,tt_spark_ads,2025-04-10,CY,ios,79.78,"15,569",549,152,22
2025-10-16,google,GO33027,google_youtube_video,2025-09-07,NL,ios,271.06,"16,753",421,79,6
2025-07-18,google,GO77313,google_search_brand,2025-05-26,LV,ios,135.16,"6,405",228,54,9
2025-10-29,instagram,IN80192,ig_story_launch,2025-09-22,LU,android,129.00,"7,856",217,22,3
2025-09-30,tiktok,TI28302,tt_creator_push,2025-04-23,IE,android,282.52,"19,634",470,144,28
2025-07-16,tiktok,TI74340,tt_conversion_2025,2025-07-07,BG,ios,116.30,"9,963",423,76,4
2025-01-10,instagram,IN68759,ig_reels_push,2024-10-30,BE,android,126.52,"8,311",98,11,2
2025-02-22,instagram,IN46390,ig_reels_push,2024-11-25,CZ,android,247.76,"11,208",161,29,7
2025-06-29,twitter,TW29276,x_retargeting,2025-01-22,LU,ios,99.87,"14,219",382,48,8
2025-04-13,twitter,TW42959,x_app_installs,2024-11-25,FI,android,106.47,"10,962",105,19,2
2025-08-21,twitter,TW35032,x_app_installs,2025-05-16,SI,android,92.33,"9,391",161,16,2
2025-05-23,twitter,TW95914,x_web_conversions,2025-04-21,IE,ios,174.14,"10,438",229,26,5
2025-11-29,affiliate,AF68008,aff_spring,2025-09-06,FR,ios,110.93,"11,381",71,5,1
2025-11-23,tiktok,TI95990,tt_spark_ads,2025-09-18,GR,ios,144.28,"9,203",216,61,8
2025-04-01,tiktok,TI27459,tt_app_installs,2025-02-28,SI,ios,173.01,"8,701",269,78,14
2025-04-24,instagram,IN95468,ig_reels_push,2025-04-05,RO,android,43.42,"3,376",112,23,1
2025-04-10,instagram,IN80248,ig_retargeting,2025-01-11,ES,ios,128.95,"6,538",94,15,4
2025-08-12,instagram,IN18593,ig_app_install,2025-08-07,MT,android,87.14,"6,559",172,19,2
2025-07-29,twitter,TW60493,x_awareness,2025-03-08,NL,ios,64.75,"6,036",141,30,6
2025-05-13,google,GO43349,google_pmax_2025,2025-04-21,FR,android,109.57,"12,788",336,62,8
2025-06-28,twitter,TW78371,x_app_installs,2025-04-12,CY,android,205.08,"13,132",231,16,2
2025-04-23,facebook,FA76425,fb_conversion_2025,2024-12-27,PL,ios,322.59,"21,613",702,115,23
2025-07-31,affiliate,AF34485,aff_spring,2025-04-10,EE,ios,108.14,"12,786",123,19,1
2025-11-11,affiliate,AF71245,aff_summer,2025-05-19,SE,ios,68.37,"5,017",89,14,2
2025-10-17,affiliate,AF92606,aff_autumn,2025-05-26,LV,ios,19.22,"9,062",149,17,2
2025-09-29,twitter,TW79893,x_awareness,2025-05-07,PL,android,21.08,"5,287",138,12,1
2025-11-07,tiktok,TI92797,tt_creator_push,2025-07-02,BG,ios,110.48,"5,179",154,20,3
2025-08-13,tiktok,TI94294,tt_spark_ads,2025-04-14,RO,android,39.14,"2,781",38,9,1
2025-01-23,tiktok,TI86428,tt_creator_push,2024-11-02,DE,ios,61.34,"7,488",362,100,15
2025-12-25,affiliate,AF66862,aff_winter,2025-12-11,SK,android,125.97,"9,319",182,24,2
2025-03-18,affiliate,AF52406,aff_summer,2024-05-30,BG,android,15.14,"7,178",112,19,3
2025-04-13,instagram,IN23894,ig_story_launch,2025-01-21,SE,ios,117.29,"13,668",562,108,20
2025-11-09,tiktok,TI30080,tt_spark_ads,2025-09-10,DE,android,102.89,"8,605",310,65,5
2025-12-23,google,GO56412,google_display_retargeting,2025-10-01,MT,android,79.80,"3,476",114,10,1
2025-04-03,google,GO71293,google_search_brand,2024-11-01,BE,ios,162.42,"6,056",296,33,5
2025-03-30,affiliate,AF89332,aff_autumn,2024-10-28,AT,ios,14.67,"5,000",21,1,0
2025-08-26,instagram,IN80799,ig_story_launch,2025-08-11,IT,ios,175.65,"8,131",224,52,14
2025-05-30,tiktok,TI95193,tt_conversion_2025,2025-04-15,RO,ios,69.38,"6,663",286,47,4
2025-08-27,affiliate,AF99922,aff_summer,2025-05-05,CZ,android,95.23,"10,606",69,6,1
2025-12-07,facebook,FA20416,fb_conversion_2025,2025-10-12,FI,ios,133.91,"11,460",157,38,6
2025-12-22,google,GO96907,google_display_retargeting,2025-11-10,BE,android,128.15,"6,601",307,65,14
2025-02-20,affiliate,AF54999,aff_summer,2024-07-20,SK,ios,110.34,"9,335",117,13,1
2025-07-23,tiktok,TI82227,tt_app_installs,2025-07-13,RO,ios,310.47,"14,741",695,153,36
2025-07-20,facebook,FA81319,fb_retargeting,2025-06-20,LV,ios,140.00,"5,965",61,14,3
2025-02-25,instagram,IN21586,ig_retargeting,2024-12-25,LT,android,30.96,"3,533",59,16,2
2025-04-15,facebook,FA22881,fb_app_install,2025-01-18,RO,android,64.66,"8,688",207,50,4
2025-03-06,facebook,FA73620,fb_brand_awareness,2025-02-01,RO,ios,373.27,"14,076",415,79,5
2025-03-23,tiktok,TI95395,tt_app_installs,2024-11-15,EE,android,35.24,"6,858",184,51,5
2025-07-27,facebook,FA67654,fb_app_install,2025-07-04,HR,android,87.72,"13,731",207,67,16
2025-06-14,google,GO44332,google_pmax_2025,2025-03-26,CY,android,89.92,"9,025",349,52,10
2025-07-23,instagram,IN13258,ig_retargeting,2025-06-07,BG,ios,66.06,"5,385",189,32,6
2025-06-07,twitter,TW90720,x_web_conversions,2025-02-08,IT,android,82.16,"5,381",81,9,1
2025-12-06,affiliate,AF98648,aff_spring,2025-10-15,PL,ios,21.35,"5,989",87,9,1
2025-07-20,tiktok,TI29622,tt_creator_push,2025-03-09,DK,ios,109.98,"6,144",189,28,3
2025-07-30,facebook,FA10486,fb_retargeting,2025-04-04,SI,ios,444.93,"18,726",320,45,13
2025-07-07,twitter,TW42275,x_retargeting,2025-04-17,GR,android,57.32,"4,205",67,6,1
2025-09-10,google,GO76961,google_display_retargeting,2025-06-15,EE,android,94.74,"9,474",415,116,27
2025-11-21,affiliate,AF26142,aff_winter,2025-08-09,EE,android,73.98,"5,458",81,10,1
2025-04-15,affiliate,AF62186,aff_winter,2024-11-05,PT,android,82.73,"6,038",60,9,1
2025-09-02,instagram,IN97459,ig_retargeting,2025-06-16,SK,android,41.20,"6,927",139,28,7
2025-11-03,google,GO55771,google_search_brand,2025-07-23,ES,ios,190.07,"12,335",510,97,21
2025-05-18,tiktok,TI32419,tt_creator_push,2025-02-21,HR,ios,67.84,"3,596",168,48,7
2025-12-06,tiktok,TI38341,tt_app_installs,2025-10-03,LT,ios,67.24,"10,088",232,74,6
2025-05-19,google,GO12956,google_pmax_2025,2025-04-22,CY,android,178.17,"6,371",275,46,12
2025-01-08,twitter,TW88345,x_retargeting,2024-08-13,GR,ios,48.91,"4,601",34,6,1
2025-12-22,tiktok,TI13203,tt_app_installs,2025-10-30,AT,ios,204.19,"9,827",370,103,21
2025-10-05,facebook,FA57965,fb_conversion_2025,2025-07-28,DK,ios,67.78,"5,170",82,26,4
2025-02-15,facebook,FA46169,fb_brand_awareness,2024-12-09,LT,android,244.55,"8,959",160,42,4
2025-12-04,affiliate,AF76324,aff_autumn,2025-06-10,IE,android,57.63,"4,467",25,2,0
2025-06-28,facebook,FA53516,fb_retargeting,2025-03-08,FI,ios,52.48,"2,645",57,16,5
2025-02-25,google,GO41385,google_search_brand,2025-02-04,LT,ios,156.04,"9,589",288,64,9
2025-06-05,instagram,IN42328,ig_reels_push,2025-03-21,HU,ios,207.27,"9,748",126,28,4
2025-04-22,google,GO79928,google_youtube_video,2025-01-17,SK,ios,577.35,"18,582",381,36,7
2025-11-27,facebook,FA17086,fb_retargeting,2025-11-14,BG,android,132.98,"8,243",146,23,4
2025-10-12,facebook,FA24274,fb_brand_awareness,2025-09-25,NL,ios,192.49,"10,908",120,18,5
2025-09-10,google,GO54990,google_display_retargeting,2025-08-23,HR,ios,205.00,"11,635",599,139,36
2025-05-22,affiliate,AF30707,aff_spring,2025-05-14,RO,ios,44.78,"6,834",58,5,0
2025-06-21,instagram,IN38314,ig_story_launch,2025-05-13,GR,android,99.07,"8,079",329,69,14
2025-10-31,instagram,IN59228,ig_reels_push,2025-10-06,CY,android,220.00,"9,563",127,24,2
2025-03-18,affiliate,AF62300,aff_winter,2025-02-19,SI,ios,22.33,"8,711",183,30,4
2025-02-02,google,GO45167,google_youtube_video,2024-09-11,FI,ios,489.92,"16,695",457,102,32
2025-02-12,google,GO89071,google_search_brand,2025-02-05,LV,android,153.78,"8,483",442,72,10
2025-11-03,twitter,TW10560,x_awareness,2025-10-02,BE,android,75.60,"5,655",161,32,4
2025-07-18,twitter,TW45645,x_web_conversions,2025-07-04,GR,ios,150.61,"10,584",168,25,3
2025-02-21,google,GO68328,google_search_brand,2024-11-26,MT,ios,140.75,"4,608",137,26,8
2025-11-09,instagram,IN32369,ig_app_install,2025-08-15,BE,ios,55.44,"6,901",263,45,9
2025-07-29,instagram,IN56371,ig_app_install,2025-04-10,LV,android,82.11,"14,312",600,101,19
2025-04-23,tiktok,TI31274,tt_conversion_2025,2024-12-12,CZ,ios,48.89,"6,310",220,22,2
2025-06-16,twitter,TW79672,x_retargeting,2025-01-14,EE,android,60.89,"14,574",264,52,4
2025-11-16,instagram,IN97858,ig_story_launch,2025-09-26,SK,android,77.97,"12,089",484,116,17
2025-04-20,google,GO25659,google_search_brand,2024-11-11,MT,android,146.02,"5,800",119,29,4
2025-05-20,facebook,FA98427,fb_app_install,2025-03-20,CZ,ios,149.33,"7,388",191,57,8
2025-11-02,twitter,TW38797,x_app_installs,2025-08-06,HU,ios,35.53,"3,658",91,17,1
2025-04-15,tiktok,TI22676,tt_spark_ads,2024-11-20,SI,android,67.24,"3,297",153,24,5
2025-07-26,google,GO60575,google_search_brand,2025-04-28,LU,android,22.14,"1,293",54,11,2
2025-10-10,facebook,FA38743,fb_conversion_2025,2025-07-29,DK,android,70.08,"6,996",174,24,4
2025-03-04,twitter,TW12431,x_awareness,2024-11-12,SK,ios,49.65,"5,015",31,3,0
2025-06-01,tiktok,TI54225,tt_spark_ads,2025-03-06,MT,android,40.80,"3,360",184,38,8
2025-05-18,instagram,IN89198,ig_retargeting,2025-03-17,CY,ios,224.14,"9,584",377,87,10
2025-02-22,tiktok,TI47067,tt_app_installs,2024-10-27,EE,android,48.09,"4,187",55,8,2
2025-04-29,affiliate,AF47412,aff_winter,2025-02-22,DE,ios,137.27,"11,780",94,11,2
2025-08-19,affiliate,AF24728,aff_autumn,2025-05-20,SK,android,110.49,"9,876",202,25,1
2025-02-26,facebook,FA34853,fb_retargeting,2024-12-27,LT,ios,128.92,"7,326",207,68,13
2025-10-15,tiktok,TI81574,tt_creator_push,2025-07-22,BE,ios,72.94,"11,422",466,60,14
2025-12-17,affiliate,AF73295,aff_summer,2025-06-21,BG,ios,84.20,"10,437",179,24,4
2025-10-15,instagram,IN75888,ig_story_launch,2025-08-25,RO,android,52.73,"4,772",185,40,7
2025-09-01,tiktok,TI16533,tt_app_installs,2025-06-21,MT,ios,198.39,"11,960",519,99,17
2025-05-03,twitter,TW15192,x_web_conversions,2025-03-12,PL,android,71.57,"8,250",97,13,3
2025-05-02,facebook,FA11754,fb_app_install,2025-02-09,IE,ios,207.21,"14,047",477,129,21
2025-03-09,instagram,IN64544,ig_reels_push,2025-01-25,FI,android,56.22,"7,251",194,38,3
2025-10-09,tiktok,TI39381,tt_spark_ads,2025-07-03,DE,android,118.98,"5,961",266,71,15
2025-10-24,google,GO32211,google_display_retargeting,2025-09-04,BG,ios,117.03,"3,578",185,47,4
2025-10-13,instagram,IN68706,ig_app_install,2025-10-09,CY,ios,106.64,"7,801",189,33,8
2025-01-06,instagram,IN92215,ig_story_launch,2024-11-30,IT,android,181.49,"7,725",105,11,2
2025-12-31,tiktok,TI27290,tt_app_installs,2025-10-03,LU,android,201.02,"9,548",514,149,9
2025-02-12,instagram,IN88097,ig_story_launch,2024-11-25,FR,android,220.11,"11,393",171,41,4
2025-01-24,google,GO23313,google_search_brand,2024-11-22,BG,ios,71.25,"7,490",374,82,23
2025-07-26,affiliate,AF32694,aff_summer,2024-10-18,SE,ios,46.50,"6,900",148,25,3
2025-06-13,instagram,IN21600,ig_reels_push,2025-04-19,CY,ios,47.60,"5,523",194,37,4
2025-07-17,affiliate,AF14725,aff_spring,2024-12-25,GR,android,181.78,"14,260",72,8,1
2025-10-15,twitter,TW88627,x_app_installs,2025-08-13,PT,android,25.95,"5,873",96,19,2
2025-08-27,google,GO67920,google_display_retargeting,2025-07-26,AT,android,147.49,"6,494",332,40,8
2025-02-25,tiktok,TI10432,tt_conversion_2025,2024-12-23,HR,android,142.59,"9,158",489,108,6
2025-08-22,facebook,FA43257,fb_retargeting,2025-08-20,HR,ios,103.35,"8,581",217,32,5
2025-11-28,facebook,FA85312,fb_retargeting,2025-09-30,CY,ios,31.55,"4,719",144,27,7
2025-06-19,tiktok,TI42813,tt_spark_ads,2025-06-05,PT,ios,37.49,"6,087",248,78,13
2025-07-20,twitter,TW21351,x_awareness,2025-02-26,SE,ios,179.24,"12,674",199,19,4
2025-07-05,facebook,FA12108,fb_app_install,2025-06-05,DK,android,138.06,"10,040",314,106,19
2025-03-21,instagram,IN89305,ig_app_install,2025-03-15,SE,android,66.58,"4,538",76,22,2
2025-11-06,facebook,FA71365,fb_app_install,2025-07-11,IT,ios,677.34,"25,374",515,118,27
2025-10-29,instagram,IN36148,ig_story_launch,2025-07-09,SE,android,40.84,"2,282",36,11,1
2025-06-03,tiktok,TI29116,tt_app_installs,2025-01-05,HU,android,92.22,"5,371",216,40,3
2025-05-17,instagram,IN23908,ig_reels_push,2025-03-02,DK,ios,130.04,"12,195",167,40,7
2025-07-24,google,GO84921,google_pmax_2025,2025-05-29,IT,ios,133.50,"6,195",202,44,10
2025-12-04,facebook,FA99941,fb_retargeting,2025-10-05,PL,android,189.32,"6,892",183,36,3
2025-09-11,tiktok,TI27824,tt_creator_push,2025-05-07,LU,android,135.23,"7,260",271,60,12
2025-05-03,facebook,FA48736,fb_app_install,2025-02-03,FI,android,179.03,"9,629",142,19,4
2025-09-11,instagram,IN48773,ig_story_launch,2025-07-05,DK,ios,138.67,"10,472",227,26,2
2025-09-14,affiliate,AF92476,aff_winter,2025-08-25,HU,android,102.88,"23,837",440,71,5
2025-09-23,tiktok,TI10671,tt_creator_push,2025-07-22,GR,android,66.38,"11,423",341,69,8
2025-03-15,tiktok,TI11986,tt_spark_ads,2025-02-21,CZ,ios,23.93,"5,420",172,25,2
2025-03-08,google,GO87442,google_display_retargeting,2025-01-31,AT,android,220.76,"7,736",524,123,34
2025-08-17,facebook,FA53284,fb_brand_awareness,2025-07-06,LT,android,273.91,"16,170",519,117,26
2025-09-04,twitter,TW24318,x_web_conversions,2025-07-07,CZ,ios,158.38,"10,207",282,42,8
2025-06-10,instagram,IN21109,ig_retargeting,2025-05-13,FI,ios,251.78,"13,775",286,30,6
2025-05-18,instagram,IN73027,ig_story_launch,2025-02-20,GR,ios,53.61,"2,996",76,15,2
2025-03-10,instagram,IN49159,ig_retargeting,2024-11-11,MT,android,72.32,"6,344",243,30,4
2025-04-06,affiliate,AF50891,aff_summer,2024-07-18,MT,ios,74.18,"13,957",174,20,4
2025-05-02,affiliate,AF17973,aff_summer,2024-07-25,MT,ios,37.25,"8,803",82,14,2
2025-06-22,twitter,TW26911,x_web_conversions,2025-02-16,SE,android,66.82,"8,492",163,29,5
2025-04-16,twitter,TW56728,x_awareness,2024-10-20,CZ,android,117.92,"16,583",470,88,15
2025-05-21,facebook,FA87256,fb_app_install,2025-05-20,BE,ios,159.47,"7,442",105,25,7
2025-03-13,twitter,TW47030,x_web_conversions,2025-01-31,AT,android,73.95,"7,979",104,21,4
2025-08-09,facebook,FA98553,fb_conversion_2025,2025-06-01,NL,ios,65.92,"3,875",94,14,3
2025-08-11,instagram,IN57367,ig_reels_push,2025-07-06,RO,ios,159.42,"7,814",130,26,4
2025-04-20,google,GO81127,google_search_brand,2025-01-12,AT,ios,64.44,"4,179",166,25,7
2025-01-19,twitter,TW45157,x_web_conversions,2024-09-26,SI,ios,81.66,"14,769",141,25,1
2025-12-14,twitter,TW82154,x_awareness,2025-08-12,BG,android,291.68,"21,471",320,56,9
2025-10-28,affiliate,AF21179,aff_autumn,2025-10-21,MT,ios,105.97,"7,951",169,22,2
2025-03-21,google,GO86292,google_pmax_2025,2025-03-04,DE,ios,204.80,"7,005",397,56,6
2025-02-02,instagram,IN66414,ig_story_launch,2024-10-15,ES,android,162.86,"14,295",478,66,13
2025-08-23,affiliate,AF22109,aff_summer,2025-03-17,CZ,android,30.53,"4,207",45,7,1
2025-07-03,instagram,IN54871,ig_retargeting,2025-06-29,HU,android,80.41,"6,654",236,40,8
2025-07-29,affiliate,AF30968,aff_summer,2025-07-01,CY,ios,21.38,"8,463",92,16,2
2025-08-25,affiliate,AF32257,aff_winter,2025-07-03,RO,android,78.05,"17,136",419,23,2
2025-09-13,twitter,TW74085,x_app_installs,2025-05-19,CZ,android,99.22,"6,534",51,4,0
2025-09-25,twitter,TW77264,x_web_conversions,2025-09-22,PL,ios,73.51,"5,291",123,10,2
2025-03-10,tiktok,TI75092,tt_conversion_2025,2024-12-20,DE,ios,250.08,"14,075",609,173,22
2025-02-16,instagram,IN95279,ig_reels_push,2024-10-30,DE,ios,71.21,"4,769",212,43,11
2025-09-14,affiliate,AF78684,aff_winter,2025-05-07,SE,android,40.29,"9,991",195,22,2
2025-11-26,tiktok,TI60624,tt_app_installs,2025-07-29,FI,ios,58.53,"4,753",237,54,4
2025-03-31,instagram,IN27772,ig_app_install,2025-01-11,GR,android,31.66,"5,663",184,31,2
2025-02-23,facebook,FA63934,fb_app_install,2025-02-20,BE,android,139.67,"7,429",125,28,3
2025-01-27,tiktok,TI87078,tt_creator_push,2024-11-19,CZ,android,180.57,"8,700",264,84,13
2025-01-22,tiktok,TI46135,tt_creator_push,2024-10-03,GR,android,32.63,"8,129",287,62,4
2025-12-02,facebook,FA97897,fb_brand_awareness,2025-08-30,ES,ios,44.34,"5,735",188,32,7
2025-02-25,instagram,IN24123,ig_story_launch,2024-11-28,BG,ios,74.46,"5,528",58,16,1
2025-08-21,google,GO80819,google_search_brand,2025-07-15,DE,android,90.01,"2,806",161,21,6
2025-01-15,facebook,FA43359,fb_app_install,2024-11-29,DE,ios,114.20,"7,977",206,54,7
2025-09-26,tiktok,TI54472,tt_conversion_2025,2025-08-11,SK,ios,124.53,"6,037",194,56,6
2025-07-21,twitter,TW48562,x_app_installs,2025-04-12,DE,android,28.35,"8,873",150,10,2
2025-01-07,affiliate,AF84791,aff_winter,2024-07-18,IE,ios,59.30,"8,846",194,22,3
2025-09-17,twitter,TW95024,x_retargeting,2025-09-15,CZ,ios,42.00,"5,402",136,18,3
2025-12-23,facebook,FA28756,fb_conversion_2025,2025-11-23,DK,ios,122.34,"11,216",349,63,3
2025-11-12,tiktok,TI50818,tt_spark_ads,2025-06-20,PT,android,58.13,"4,093",94,29,7
2025-08-14,google,GO98593,google_display_retargeting,2025-06-05,HR,ios,125.47,"7,350",313,79,24
2025-01-25,tiktok,TI85587,tt_creator_push,2024-08-19,CY,ios,194.16,"9,562",332,82,7
2025-07-25,google,GO86095,google_search_brand,2025-04-12,IE,ios,237.09,"7,861",330,31,6
2025-09-13,google,GO46735,google_youtube_video,2025-07-25,DK,ios,87.50,"4,602",210,22,5
2025-12-27,facebook,FA52215,fb_retargeting,2025-09-12,CZ,android,238.88,"12,065",115,19,1
2025-10-15,facebook,FA76267,fb_brand_awareness,2025-06-30,HR,android,179.96,"6,744",55,17,1
2025-07-13,tiktok,TI74514,tt_creator_push,2025-03-26,LV,android,58.42,"5,085",156,23,3
2025-01-17,facebook,FA79002,fb_brand_awareness,2024-10-22,CZ,android,117.96,"6,907",114,24,2
2025-06-12,tiktok,TI39430,tt_spark_ads,2025-02-17,CZ,android,125.04,"11,180",366,109,27
2025-11-04,facebook,FA23844,fb_conversion_2025,2025-10-01,IT,android,37.50,"4,229",126,16,5
2025-08-03,google,GO85160,google_display_retargeting,2025-05-04,SE,android,97.21,"10,418",667,108,22
2025-04-06,twitter,TW96576,x_app_installs,2024-11-01,CY,ios,15.96,"4,480",39,5,1
2025-03-08,facebook,FA77619,fb_conversion_2025,2025-03-08,ES,android,43.29,"1,966",49,7,1
2025-04-19,twitter,TW44262,x_web_conversions,2024-12-21,LU,ios,31.71,"8,513",123,27,5
2025-07-01,tiktok,TI73753,tt_creator_push,2025-03-19,LU,android,149.18,"6,826",125,37,9
2025-06-06,twitter,TW93346,x_web_conversions,2025-06-05,LV,android,34.60,"6,585",123,21,4
2025-07-09,facebook,FA84489,fb_brand_awareness,2025-04-30,RO,ios,82.32,"9,326",140,48,13
2025-06-07,twitter,TW30534,x_web_conversions,2025-05-10,HR,android,138.53,"12,894",275,24,5
2025-02-18,instagram,IN17548,ig_retargeting,2024-10-21,DK,ios,134.41,"8,051",86,13,3
2025-01-08,instagram,IN49322,ig_app_install,2024-12-08,IE,ios,276.68,"15,864",410,106,26
2025-05-29,affiliate,AF17637,aff_autumn,2024-11-07,DK,ios,38.70,"7,567",119,21,3
2025-09-06,twitter,TW19046,x_awareness,2025-04-07,DE,ios,188.61,"13,145",370,56,6
2025-01-02,facebook,FA56060,fb_brand_awareness,2024-10-07,LU,android,207.49,"14,044",134,37,10
2025-05-08,twitter,TW15355,x_awareness,2024-12-26,FI,android,54.00,"5,897",106,21,4
2025-06-11,facebook,FA63555,fb_brand_awareness,2025-03-03,HR,android,403.40,"20,751",601,186,12
2025-09-06,instagram,IN20482,ig_retargeting,2025-06-06,MT,ios,141.18,"6,165",177,20,3
2025-09-28,facebook,FA59177,fb_app_install,2025-06-06,ES,android,320.01,"12,727",136,38,2
2025-09-06,twitter,TW57994,x_awareness,2025-06-16,IE,android,149.10,"13,221",186,18,2
2025-06-29,tiktok,TI46163,tt_creator_push,2025-06-26,MT,android,145.31,"11,478",222,69,3
2025-09-07,facebook,FA17507,fb_retargeting,2025-06-13,FI,android,58.44,"3,011",80,25,3
2025-09-23,instagram,IN96862,ig_story_launch,2025-09-09,BE,android,77.16,"4,053",175,30,7
2025-10-19,google,GO96984,google_display_retargeting,2025-09-02,BE,android,30.74,"2,162",68,9,1
2025-09-19,google,GO19436,google_pmax_2025,2025-04-19,AT,android,254.76,"12,802",836,81,9
2025-11-04,google,GO50768,google_pmax_2025,2025-08-21,FI,android,192.62,"6,869",345,41,8
2025-01-14,affiliate,AF94785,aff_winter,2024-12-30,EE,ios,89.98,"8,267",36,4,0
2025-11-06,google,GO81240,google_youtube_video,2025-06-07,SI,android,189.70,"8,605",285,71,5
2025-09-15,google,GO98267,google_youtube_video,2025-09-11,NL,ios,204.75,"8,315",495,53,7
2025-05-30,instagram,IN22380,ig_story_launch,2025-05-04,DK,android,34.80,"6,418",209,37,10
2025-07-06,affiliate,AF65486,aff_autumn,2025-04-09,SI,android,24.15,"7,392",134,10,2
2025-06-29,facebook,FA39362,fb_retargeting,2025-03-23,BG,android,90.10,"5,907",172,59,5
2025-03-22,affiliate,AF74808,aff_autumn,2024-09-29,CY,ios,223.84,"16,173",71,11,1
2025-10-01,instagram,IN87339,ig_retargeting,2025-09-06,SE,ios,18.30,"3,174",64,9,2
2025-06-24,facebook,FA58920,fb_retargeting,2025-05-01,BE,android,229.64,"8,260",66,11,1
2025-03-12,facebook,FA63879,fb_conversion_2025,2025-02-24,RO,ios,93.93,"8,895",281,59,8
2025-07-19,google,GO94720,google_pmax_2025,2025-02-13,SE,android,398.21,"12,018",581,126,8
2025-01-13,twitter,TW93108,x_retargeting,2024-10-16,PL,ios,96.63,"6,705",89,8,1
2025-01-12,affiliate,AF52235,aff_winter,2024-06-15,EE,android,96.86,"7,369",136,24,3
2025-02-03,tiktok,TI69900,tt_creator_push,2025-01-28,CZ,android,70.19,"6,040",224,70,14
2025-07-26,twitter,TW89027,x_awareness,2025-04-30,GR,ios,53.24,"4,745",119,18,1
2025-03-10,google,GO53066,google_search_brand,2024-10-30,FR,ios,373.75,"14,358",613,133,20
2025-10-18,tiktok,TI42642,tt_app_installs,2025-06-17,CZ,ios,101.36,"4,622",198,29,3
2025-09-30,instagram,IN74303,ig_retargeting,2025-08-22,PT,ios,41.51,"7,334",201,39,10
2025-03-15,google,GO20686,google_youtube_video,2024-10-19,LT,ios,126.01,"5,900",359,33,9
2025-07-21,affiliate,AF19244,aff_winter,2025-04-20,LV,ios,104.53,"17,345",223,23,1
2025-05-15,affiliate,AF39960,aff_spring,2024-12-23,NL,ios,119.99,"9,345",196,30,1
2025-01-13,instagram,IN40505,ig_reels_push,2025-01-02,NL,android,228.85,"10,904",136,19,4
2025-06-17,affiliate,AF90738,aff_summer,2025-04-25,IE,android,92.48,"8,804",188,29,2
2025-01-05,google,GO56638,google_youtube_video,2025-01-05,FI,ios,104.45,"6,823",279,51,9
2025-05-02,tiktok,TI71762,tt_spark_ads,2025-02-05,PT,android,40.97,"6,948",107,15,1
2025-10-07,twitter,TW95464,x_app_installs,2025-07-28,AT,android,297.81,"17,990",398,69,10
2025-03-03,twitter,TW20222,x_awareness,2024-12-25,FR,ios,176.42,"10,308",169,31,4
2025-01-17,tiktok,TI67802,tt_app_installs,2024-09-26,DE,android,300.58,"15,153",263,28,1
2025-02-16,affiliate,AF71807,aff_summer,2024-10-06,FI,android,48.22,"18,609",257,34,5
2025-09-13,affiliate,AF91481,aff_summer,2025-06-25,DK,ios,77.08,"6,559",99,6,0
2025-03-21,twitter,TW31976,x_web_conversions,2024-11-08,BE,android,85.08,"5,336",122,20,4
2025-08-02,affiliate,AF51542,aff_summer,2025-05-30,PT,ios,101.20,"18,993",291,32,2
2025-08-15,affiliate,AF86695,aff_winter,2025-06-05,PL,android,93.46,"7,817",84,11,0
2025-04-02,google,GO11950,google_pmax_2025,2025-03-12,IE,android,173.40,"5,922",145,39,10
2025-06-13,tiktok,TI22026,tt_app_installs,2025-03-04,MT,ios,92.47,"9,527",227,63,7
2025-02-14,google,GO61574,google_display_retargeting,2024-10-13,PT,android,46.60,"2,552",52,7,1
2025-08-31,affiliate,AF97235,aff_summer,2024-11-05,LT,android,209.72,"18,551",250,17,1
2025-12-29,instagram,IN29199,ig_retargeting,2025-10-11,FR,ios,125.34,"6,304",202,57,8
2025-01-05,tiktok,TI28298,tt_conversion_2025,2024-10-21,SK,android,79.92,"15,511",273,39,6
2025-02-01,affiliate,AF41655,aff_spring,2025-01-05,PT,android,33.92,"7,569",132,14,1
2025-12-14,affiliate,AF13688,aff_winter,2025-03-09,EE,android,21.88,"3,828",63,5,1
2025-03-21,instagram,IN84176,ig_reels_push,2024-12-30,IE,android,105.14,"6,108",155,45,4
2025-04-07,google,GO96103,google_pmax_2025,2024-11-15,MT,android,302.00,"10,170",693,180,23
2025-11-05,tiktok,TI61444,tt_app_installs,2025-07-02,LV,ios,22.84,"3,226",69,11,1
2025-04-03,affiliate,AF33482,aff_winter,2024-08-29,LV,ios,74.96,"9,512",194,14,1
2025-01-15,twitter,TW91943,x_app_installs,2024-08-05,PT,android,197.42,"13,027",239,23,2
2025-06-04,twitter,TW27140,x_awareness,2025-06-04,IE,ios,94.61,"12,221",365,54,4
2025-09-03,instagram,IN93038,ig_retargeting,2025-06-03,DK,android,293.04,"13,444",304,89,23
2025-11-23,tiktok,TI14746,tt_creator_push,2025-10-16,CY,android,143.43,"11,726",268,83,19
2025-06-28,affiliate,AF20564,aff_spring,2025-04-28,SI,ios,76.42,"11,406",162,23,3
2025-05-23,tiktok,TI56104,tt_spark_ads,2025-04-11,PL,ios,278.45,"13,939",492,84,6
2025-03-17,google,GO45361,google_search_brand,2024-12-11,AT,android,524.60,"17,674",936,149,29
2025-08-09,google,GO33446,google_display_retargeting,2025-03-20,SI,ios,439.85,"12,637",479,45,5
2025-08-22,twitter,TW79134,x_web_conversions,2025-06-21,LV,ios,79.78,"5,361",86,18,3
2025-05-15,instagram,IN82746,ig_story_launch,2025-01-19,PL,android,71.54,"5,737",238,45,5
2025-09-12,tiktok,TI44293,tt_creator_push,2025-09-11,LV,android,54.94,"5,706",141,21,2
2025-09-13,facebook,FA94579,fb_app_install,2025-06-11,LU,ios,83.36,"4,822",100,32,8
2025-09-16,affiliate,AF15806,aff_summer,2025-02-18,AT,android,29.73,"10,634",189,10,2
2025-03-06,twitter,TW74912,x_web_conversions,2024-10-27,AT,ios,103.36,"6,384",114,21,4
2025-11-16,affiliate,AF84968,aff_spring,2025-08-04,EE,android,61.16,"4,765",52,5,1
2025-03-13,google,GO71901,google_display_retargeting,2024-10-25,HR,android,264.68,"8,593",392,82,7
2025-09-16,twitter,TW72904,x_awareness,2025-05-25,CZ,ios,136.76,"13,664",195,20,2
2025-10-05,facebook,FA22521,fb_conversion_2025,2025-07-05,FR,android,249.96,"10,588",202,38,10
2025-04-21,affiliate,AF35230,aff_summer,2025-01-22,IE,ios,55.97,"7,686",74,9,1
2025-01-01,google,GO60886,google_youtube_video,2024-11-03,GR,ios,313.98,"14,612",768,179,55
2025-06-11,instagram,IN41969,ig_story_launch,2025-05-18,AT,ios,222.52,"17,344",268,74,11
2025-08-31,instagram,IN60100,ig_retargeting,2025-08-24,DK,ios,47.45,"8,397",149,30,5
2025-01-31,twitter,TW87878,x_web_conversions,2024-11-19,HR,android,159.68,"8,879",85,11,2
2025-11-02,affiliate,AF15674,aff_winter,2025-10-06,HU,android,207.81,"18,089",303,36,1
2025-06-05,twitter,TW76554,x_app_installs,2025-03-24,NL,ios,49.06,"5,312",80,6,1
2025-08-21,affiliate,AF68715,aff_winter,2024-11-29,PL,ios,148.77,"14,746",291,49,8
2025-04-11,facebook,FA43642,fb_app_install,2025-01-04,IE,android,275.50,"11,188",306,95,22
2025-02-13,tiktok,TI56624,tt_app_installs,2024-10-25,LU,android,51.24,"3,007",65,12,3
2025-09-01,tiktok,TI20360,tt_conversion_2025,2025-04-03,DK,ios,73.25,"8,580",208,29,6
2025-10-03,google,GO30927,google_youtube_video,2025-07-24,PT,ios,100.34,"8,139",212,35,5
2025-09-11,affiliate,AF98365,aff_summer,2025-08-28,NL,ios,10.91,"3,360",50,6,0
2025-09-06,tiktok,TI39250,tt_app_installs,2025-06-16,LT,ios,38.21,"4,689",91,28,6
2025-10-31,google,GO72142,google_search_brand,2025-09-15,ES,ios,255.44,"10,670",643,84,10
2025-09-14,tiktok,TI92324,tt_conversion_2025,2025-06-30,NL,ios,134.55,"9,868",478,99,5
2025-03-14,google,GO52244,google_display_retargeting,2025-03-01,GR,android,93.69,"3,633",99,25,4
2025-10-30,google,GO39714,google_display_retargeting,2025-06-17,BE,android,148.66,"8,436",576,105,23
2025-04-22,instagram,IN16163,ig_story_launch,2024-12-24,DE,ios,165.73,"8,495",236,30,5
2025-12-30,facebook,FA30229,fb_app_install,2025-09-19,PT,ios,113.83,"7,669",70,10,1
2025-03-19,facebook,FA58282,fb_brand_awareness,2025-01-01,CY,ios,182.89,"14,168",226,32,8
2025-01-24,twitter,TW30719,x_app_installs,2024-11-16,SK,ios,60.11,"7,379",103,13,1
2025-01-27,google,GO96711,google_display_retargeting,2024-11-27,IT,android,350.38,"11,856",632,90,12
2025-11-01,google,GO59396,google_youtube_video,2025-07-09,BE,ios,241.05,"11,045",267,28,3
2025-02-01,instagram,IN24456,ig_app_install,2025-01-12,FR,android,76.63,"3,408",97,19,2
2025-04-29,affiliate,AF81725,aff_summer,2025-04-11,IE,ios,68.56,"5,766",52,8,1
2025-01-14,facebook,FA40666,fb_app_install,2024-10-22,AT,ios,254.62,"9,727",226,61,8
2025-11-28,affiliate,AF21596,aff_spring,2025-06-07,DE,android,64.49,"4,886",113,8,1
2025-10-16,tiktok,TI40552,tt_spark_ads,2025-07-12,SK,ios,158.90,"9,592",449,113,22
2025-11-08,google,GO25619,google_pmax_2025,2025-09-06,CZ,ios,203.39,"12,182",544,45,4
2025-06-10,tiktok,TI21085,tt_creator_push,2025-03-16,IT,android,29.83,"6,828",177,24,3
2025-02-17,tiktok,TI19649,tt_creator_push,2024-10-18,ES,android,46.72,"10,379",190,37,3
2025-05-08,affiliate,AF20985,aff_spring,2025-01-25,HR,ios,131.54,"12,157",85,15,2
2025-08-28,affiliate,AF52923,aff_winter,2025-06-01,CZ,ios,36.50,"9,193",67,9,1
2025-05-06,tiktok,TI95782,tt_creator_push,2025-03-08,ES,android,55.18,"7,158",215,56,4
2025-02-09,instagram,IN60355,ig_story_launch,2025-02-02,SI,android,177.37,"7,829",205,36,9
2025-06-22,twitter,TW82743,x_app_installs,2024-12-26,PT,ios,90.09,"12,657",359,36,5
2025-12-20,tiktok,TI70695,tt_creator_push,2025-12-14,HR,android,192.66,"10,627",384,57,6
2025-08-11,tiktok,TI83230,tt_app_installs,2025-04-11,BG,android,147.97,"10,097",126,28,5
2025-06-15,affiliate,AF65030,aff_summer,2025-01-17,AT,ios,41.79,"3,926",51,6,0
2025-06-22,affiliate,AF19862,aff_summer,2024-12-04,LT,ios,120.97,"11,679",203,25,1
2025-06-21,tiktok,TI27997,tt_conversion_2025,2025-03-18,LV,android,95.09,"10,193",212,37,5
2025-12-07,affiliate,AF37467,aff_autumn,2025-08-21,CY,ios,121.93,"14,683",92,16,3
2025-05-01,facebook,FA28800,fb_retargeting,2025-02-12,LT,android,51.02,"4,146",98,23,4
2025-05-25,tiktok,TI72157,tt_conversion_2025,2025-03-30,BG,android,217.36,"14,392",739,89,18
2025-04-20,google,GO28781,google_display_retargeting,2024-11-21,DE,android,292.73,"13,486",629,63,18
2025-06-15,facebook,FA65031,fb_retargeting,2025-04-15,LU,android,161.74,"11,548",225,45,10
2025-01-20,tiktok,TI54348,tt_conversion_2025,2024-10-07,BG,android,64.87,"6,692",292,43,3
2025-09-22,tiktok,TI59323,tt_creator_push,2025-07-31,BG,android,188.98,"10,082",369,114,17
2025-12-29,tiktok,TI46534,tt_spark_ads,2025-11-06,HR,android,91.16,"11,961",585,88,8
2025-02-22,affiliate,AF68150,aff_winter,2024-08-15,HR,android,18.26,"3,436",67,5,1
2025-10-30,tiktok,TI43387,tt_app_installs,2025-10-22,LU,ios,121.01,"7,147",119,29,6
2025-05-31,facebook,FA27675,fb_conversion_2025,2025-03-14,LT,ios,154.92,"11,668",158,31,5
2025-11-10,affiliate,AF74814,aff_autumn,2025-07-16,DE,android,60.29,"4,837",69,10,1
2025-09-08,facebook,FA99144,fb_retargeting,2025-08-17,IT,android,168.48,"19,268",556,134,12
2025-11-22,twitter,TW69030,x_retargeting,2025-11-21,RO,android,27.78,"7,658",175,33,3
2025-10-31,affiliate,AF87722,aff_autumn,2025-08-31,HR,ios,11.26,"1,662",29,4,0
2025-06-16,affiliate,AF65773,aff_spring,2025-01-08,AT,android,52.67,"10,671",177,25,4
2025-07-07,google,GO38804,google_pmax_2025,2025-02-07,LU,android,173.95,"8,352",272,54,14
2025-01-27,affiliate,AF60460,aff_winter,2024-11-29,BE,ios,178.23,"22,009",167,22,2
2025-05-05,tiktok,TI68596,tt_conversion_2025,2025-05-04,SE,android,162.17,"12,543",444,93,6
2025-11-27,facebook,FA35772,fb_conversion_2025,2025-10-17,NL,ios,85.43,"6,405",148,21,6
2025-07-07,instagram,IN37920,ig_app_install,2025-03-31,HU,ios,54.55,"5,232",209,28,3
2025-01-24,tiktok,TI30102,tt_conversion_2025,2024-12-28,RO,android,47.07,"11,331",402,92,22
2025-07-12,facebook,FA49426,fb_brand_awareness,2025-05-01,BE,ios,330.06,"15,099",167,46,10
2025-01-13,tiktok,TI80258,tt_creator_push,2024-11-06,PT,ios,157.14,"8,309",401,83,7
2025-06-25,tiktok,TI82115,tt_app_installs,2025-04-20,LT,ios,292.91,"14,828",441,129,9
2025-05-11,twitter,TW27101,x_retargeting,2025-01-19,SE,android,150.19,"8,768",219,34,7
2025-12-21,twitter,TW90268,x_web_conversions,2025-06-26,RO,ios,92.82,"5,913",82,12,2
2025-07-09,affiliate,AF67771,aff_spring,2024-12-26,HR,android,23.50,"3,556",83,8,1
2025-12-28,affiliate,AF11832,aff_summer,2025-04-14,LT,android,62.34,"9,731",229,25,4
2025-12-18,tiktok,TI33434,tt_conversion_2025,2025-08-17,FI,android,65.11,"7,877",379,81,6
2025-05-05,google,GO42926,google_pmax_2025,2025-01-16,IT,ios,146.15,"5,342",250,62,10
2025-05-04,instagram,IN34686,ig_story_launch,2025-04-06,NL,android,84.64,"6,214",99,25,2
2025-09-16,affiliate,AF21278,aff_summer,2024-12-25,RO,ios,75.12,"14,010",295,16,1
2025-01-14,instagram,IN99407,ig_retargeting,2024-11-26,NL,android,101.78,"9,679",226,55,7
2025-09-30,affiliate,AF95239,aff_summer,2025-06-12,PT,ios,86.47,"8,892",188,32,5
2025-02-13,affiliate,AF97043,aff_spring,2024-12-20,LT,android,112.07,"13,247",115,13,1
2025-12-01,affiliate,AF54308,aff_winter,2025-09-24,SI,android,118.61,"9,755",59,5,1
2025-09-05,twitter,TW45399,x_retargeting,2025-05-28,MT,android,89.69,"10,012",244,34,7
2025-10-20,affiliate,AF28047,aff_summer,2024-12-31,IE,ios,142.90,"10,688",178,20,3
2025-01-27,twitter,TW57020,x_app_installs,2024-12-07,AT,android,101.76,"17,744",483,77,9
2025-03-11,instagram,IN51552,ig_app_install,2024-11-17,PT,ios,121.56,"6,531",224,57,9
2025-08-17,instagram,IN92104,ig_reels_push,2025-08-13,SI,ios,58.23,"5,049",81,18,4
2025-03-30,google,GO20807,google_pmax_2025,2024-11-14,CY,ios,138.91,"10,332",265,40,12
2025-11-25,affiliate,AF52548,aff_summer,2025-05-23,DK,ios,153.70,"12,848",282,39,4
2025-06-01,google,GO42596,google_youtube_video,2025-05-09,HR,ios,259.87,"8,936",539,128,27
2025-02-11,affiliate,AF14263,aff_autumn,2024-10-31,EE,android,22.85,"3,305",18,1,0
2025-08-25,affiliate,AF17377,aff_winter,2025-07-08,HU,android,74.80,"12,323",277,43,6
2025-06-30,tiktok,TI50148,tt_spark_ads,2025-03-22,LU,ios,286.68,"16,145",259,62,6
2025-01-04,facebook,FA27333,fb_conversion_2025,2024-10-09,DK,android,14.21,"2,264",70,9,1
2025-12-22,instagram,IN27533,ig_reels_push,2025-10-31,SI,ios,69.95,"11,417",149,36,2
2025-09-26,affiliate,AF52460,aff_spring,2025-09-24,FR,android,44.46,"6,837",29,2,0
2025-01-25,instagram,IN16412,ig_app_install,2024-11-02,CZ,ios,106.27,"10,426",332,70,4
2025-02-26,affiliate,AF55499,aff_winter,2024-08-26,HU,ios,56.04,"5,295",102,8,0
2025-01-06,tiktok,TI60029,tt_spark_ads,2024-10-21,LU,android,73.43,"5,198",280,29,5
2025-06-30,instagram,IN57857,ig_retargeting,2025-06-17,MT,android,66.98,"6,787",103,14,3
2025-01-31,facebook,FA40104,fb_conversion_2025,2025-01-11,IT,ios,50.33,"3,173",110,15,3
2025-11-20,facebook,FA42899,fb_retargeting,2025-08-23,DE,ios,66.18,"2,526",67,22,2
2025-07-27,affiliate,AF25748,aff_summer,2024-11-07,LV,android,52.52,"9,559",94,6,0
2025-11-25,facebook,FA85017,fb_conversion_2025,2025-09-10,LT,ios,143.18,"7,149",58,13,2
2025-08-27,instagram,IN65059,ig_app_install,2025-06-20,ES,ios,89.07,"9,912",388,83,15
2025-10-22,tiktok,TI61818,tt_creator_push,2025-06-27,BG,android,112.49,"9,111",327,100,12
2025-03-06,instagram,IN99521,ig_retargeting,2024-11-25,PT,android,43.88,"4,067",49,14,1
2025-07-28,google,GO44512,google_pmax_2025,2025-05-06,FR,ios,597.67,"17,918",713,103,23
2025-02-22,twitter,TW24325,x_retargeting,2024-11-23,LU,ios,108.94,"7,814",230,20,2
2025-09-11,facebook,FA76617,fb_conversion_2025,2025-07-22,IT,ios,90.66,"13,445",268,71,17
2025-08-09,affiliate,AF80210,aff_spring,2025-02-27,BE,android,23.85,"7,253",82,9,1
2025-03-27,tiktok,TI54406,tt_app_installs,2024-12-12,HU,android,47.85,"5,345",278,43,8
2025-05-13,twitter,TW21881,x_awareness,2024-11-17,AT,android,162.97,"14,801",385,28,5
2025-04-01,twitter,TW54989,x_retargeting,2025-02-28,LV,ios,87.46,"14,345",193,39,3
2025-05-30,google,GO91397,google_display_retargeting,2025-02-14,DE,ios,122.53,"7,954",455,41,5
2025-11-19,facebook,FA29589,fb_retargeting,2025-10-10,SI,ios,98.44,"6,226",126,37,8
2025-10-01,affiliate,AF99349,aff_winter,2025-02-07,DK,ios,35.06,"8,253",192,11,0
2025-01-09,affiliate,AF37723,aff_autumn,2024-06-28,SE,ios,51.90,"6,551",116,17,3
2025-06-16,instagram,IN76169,ig_story_launch,2025-06-09,PL,ios,258.63,"10,926",203,57,4
2025-12-23,affiliate,AF88672,aff_spring,2025-10-23,AT,android,76.52,"5,880",76,7,1
2025-06-12,affiliate,AF65268,aff_summer,2024-09-11,BE,ios,26.78,"6,869",153,9,1
2025-11-18,facebook,FA58228,fb_app_install,2025-09-01,CZ,android,258.71,"10,931",324,107,21
2025-10-07,twitter,TW44722,x_app_installs,2025-07-12,MT,ios,102.03,"7,798",107,9,1
2025-02-04,google,GO81543,google_youtube_video,2024-10-15,HU,android,250.61,"13,860",609,134,40
2025-10-22,affiliate,AF70155,aff_autumn,2025-10-17,IE,android,156.81,"27,679",259,22,1
2025-02-13,facebook,FA32733,fb_brand_awareness,2024-11-15,PT,ios,50.12,"3,269",72,20,4
2025-05-10,twitter,TW41971,x_app_installs,2024-11-17,PL,ios,212.38,"15,362",309,42,4
2025-10-03,affiliate,AF77203,aff_winter,2025-09-21,RO,ios,28.44,"8,584",81,4,0
2025-11-02,google,GO11218,google_search_brand,2025-08-17,FR,android,248.48,"11,111",529,67,17
2025-04-26,twitter,TW68215,x_app_installs,2025-03-06,FR,android,120.49,"11,476",335,71,14
2025-01-18,tiktok,TI28413,tt_creator_push,2024-10-25,SE,ios,127.65,"9,835",227,34,5
2025-02-05,tiktok,TI47170,tt_conversion_2025,2024-11-27,LU,ios,71.70,"11,050",352,90,18
2025-11-09,instagram,IN85351,ig_story_launch,2025-10-15,ES,android,82.62,"5,934",85,11,2
2025-08-17,affiliate,AF34509,aff_spring,2024-11-16,FR,android,40.30,"16,821",177,24,1
2025-08-11,facebook,FA97211,fb_retargeting,2025-05-15,HR,ios,258.79,"12,854",332,67,15
2025-07-18,facebook,FA93816,fb_brand_awareness,2025-05-04,LU,ios,68.82,"6,069",174,30,4
2025-01-17,google,GO28688,google_display_retargeting,2025-01-02,SK,android,196.22,"7,623",510,41,10
2025-11-18,instagram,IN28830,ig_story_launch,2025-09-05,PL,ios,128.75,"11,257",501,68,15
2025-04-30,instagram,IN99082,ig_retargeting,2025-04-12,EE,android,60.51,"4,729",132,20,1
2025-11-10,instagram,IN52192,ig_app_install,2025-10-22,CZ,ios,48.62,"9,036",119,17,3
2025-12-06,twitter,TW82328,x_retargeting,2025-10-23,PL,ios,190.86,"11,903",82,11,2
2025-09-06,google,GO76555,google_search_brand,2025-09-02,FI,ios,274.84,"11,889",357,38,9
2025-05-15,instagram,IN13273,ig_story_launch,2025-01-30,DE,android,46.07,"8,213",87,13,3
2025-01-27,instagram,IN56815,ig_retargeting,2024-10-14,HR,android,189.27,"10,116",279,43,9
2025-09-03,twitter,TW46820,x_app_installs,2025-08-19,DK,android,96.29,"10,735",317,64,9
2025-08-28,tiktok,TI37584,tt_creator_push,2025-04-21,DE,android,256.20,"12,797",701,88,4
2025-03-27,affiliate,AF93446,aff_spring,2025-02-24,MT,android,81.06,"7,973",164,17,3
2025-03-22,google,GO52816,google_youtube_video,2024-12-08,CZ,ios,340.40,"14,487",758,208,15
2025-05-29,google,GO17758,google_display_retargeting,2025-01-08,ES,ios,62.17,"3,474",128,14,2
2025-09-19,affiliate,AF29455,aff_autumn,2025-01-19,FI,android,46.04,"4,366",44,7,0
2025-10-15,instagram,IN39605,ig_reels_push,2025-07-22,LV,android,269.40,"14,412",189,21,3
2025-04-14,tiktok,TI96173,tt_spark_ads,2025-03-12,SI,android,79.14,"10,921",466,85,8
2025-03-28,tiktok,TI66879,tt_app_installs,2025-02-09,CZ,ios,154.76,"9,033",141,39,7
2025-08-09,google,GO97116,google_display_retargeting,2025-03-26,LU,ios,356.41,"10,765",438,77,13
2025-09-07,google,GO10997,google_search_brand,2025-07-13,SK,ios,240.43,"7,393",210,18,3
2025-06-07,facebook,FA95447,fb_app_install,2025-02-07,SE,android,126.71,"7,059",126,41,5
2025-07-05,twitter,TW78860,x_web_conversions,2025-04-06,BE,android,103.69,"6,322",105,23,4
2025-06-10,twitter,TW73083,x_retargeting,2025-01-01,PL,ios,108.69,"8,261",172,13,2
2025-12-15,google,GO26267,google_youtube_video,2025-11-14,EE,android,185.24,"10,939",580,80,10
2025-02-03,instagram,IN98757,ig_story_launch,2025-01-07,LT,ios,310.20,"23,125",660,113,26
2025-07-21,tiktok,TI89434,tt_spark_ads,2025-02-21,LT,ios,65.03,"5,114",113,26,4
2025-01-28,affiliate,AF18983,aff_spring,2024-10-04,ES,ios,89.14,"6,611",45,3,1
2025-04-15,twitter,TW60406,x_web_conversions,2024-11-02,IT,ios,123.92,"10,124",175,21,2
2025-12-14,instagram,IN19638,ig_retargeting,2025-10-22,SK,android,35.60,"3,185",36,9,1
2025-01-29,google,GO55097,google_search_brand,2024-09-28,EE,android,169.78,"11,505",315,70,12
2025-07-02,instagram,IN88118,ig_app_install,2025-03-29,FI,android,92.35,"5,359",143,39,2
2025-03-09,instagram,IN50491,ig_app_install,2025-01-21,PT,ios,38.53,"6,867",238,52,8
2025-04-30,twitter,TW57498,x_awareness,2025-03-06,HU,android,23.03,"7,374",76,5,1
2025-12-27,tiktok,TI97802,tt_app_installs,2025-08-09,BE,android,170.35,"7,840",315,78,3
2025-10-09,facebook,FA26352,fb_conversion_2025,2025-07-10,SE,android,40.08,"6,408",201,48,14
2025-12-12,twitter,TW16829,x_web_conversions,2025-09-09,HU,android,76.42,"5,323",111,11,0
2025-05-01,google,GO45843,google_search_brand,2025-02-11,LT,android,133.48,"10,214",466,50,7
2025-12-11,tiktok,TI21573,tt_conversion_2025,2025-07-19,LT,android,184.51,"11,701",434,65,5
2025-01-20,google,GO90140,google_pmax_2025,2024-11-16,LV,android,116.92,"7,795",360,74,16
2025-08-22,twitter,TW55313,x_app_installs,2025-06-04,LT,ios,78.68,"6,457",140,20,1
2025-03-22,tiktok,TI86749,tt_conversion_2025,2025-03-05,EE,ios,51.18,"4,453",147,46,11
2025-02-18,twitter,TW54528,x_awareness,2024-11-30,DK,ios,84.73,"13,735",282,39,4
2025-01-23,instagram,IN46181,ig_retargeting,2024-10-11,GR,ios,234.18,"13,877",409,64,4
2025-10-22,affiliate,AF31825,aff_spring,2025-02-24,IE,android,35.54,"15,821",267,17,2
2025-10-22,affiliate,AF81520,aff_winter,2025-02-26,LV,android,41.39,"8,645",144,20,4
2025-12-22,tiktok,TI68792,tt_conversion_2025,2025-11-12,MT,ios,215.61,"15,174",192,24,4
2025-05-16,affiliate,AF73308,aff_autumn,2024-11-15,AT,ios,91.14,"7,507",171,28,4
2025-09-28,facebook,FA20534,fb_retargeting,2025-08-07,MT,ios,144.05,"13,047",123,37,6
2025-02-04,instagram,IN49823,ig_app_install,2025-01-19,MT,ios,46.52,"8,250",322,59,10
2025-03-20,facebook,FA97091,fb_retargeting,2025-03-20,FI,ios,56.43,"5,128",162,37,2
2025-07-17,twitter,TW27868,x_retargeting,2025-04-15,NL,ios,63.61,"7,213",169,29,4
2025-08-20,affiliate,AF69526,aff_summer,2025-07-13,BG,ios,58.81,"16,180",353,58,3
2025-03-06,tiktok,TI56996,tt_creator_push,2025-02-27,LV,ios,142.69,"8,444",459,113,10
2025-04-14,instagram,IN58226,ig_story_launch,2024-12-20,NL,ios,99.84,"5,789",144,42,9
2025-09-10,twitter,TW97278,x_web_conversions,2025-03-15,NL,android,105.80,"9,507",236,38,4
2025-01-23,instagram,IN64862,ig_reels_push,2024-10-10,IT,ios,82.72,"5,383",236,36,2
2025-09-08,instagram,IN24568,ig_story_launch,2025-07-21,HU,ios,131.77,"6,526",141,38,6
2025-03-24,facebook,FA69819,fb_app_install,2025-03-07,DK,android,102.23,"5,967",50,10,1
2025-02-05,instagram,IN75642,ig_app_install,2025-01-18,CZ,android,61.31,"10,627",114,27,3
2025-11-12,twitter,TW58481,x_app_installs,2025-11-04,ES,ios,29.18,"6,849",138,19,4
2025-01-13,facebook,FA42099,fb_brand_awareness,2024-11-04,PT,ios,131.37,"18,276",190,65,18
2025-04-04,twitter,TW10395,x_app_installs,2025-02-22,SI,android,108.98,"9,264",215,30,1
2025-08-22,twitter,TW66624,x_retargeting,2025-03-27,GR,ios,25.33,"5,464",82,17,3
2025-09-19,affiliate,AF66132,aff_autumn,2025-08-28,EE,android,39.17,"3,109",56,3,0
2025-09-25,tiktok,TI76558,tt_spark_ads,2025-08-04,MT,ios,157.65,"7,178",367,103,7
2025-11-13,tiktok,TI47697,tt_conversion_2025,2025-08-28,FI,android,94.95,"8,247",115,12,2
2025-01-09,instagram,IN11617,ig_app_install,2024-09-19,FR,android,153.86,"9,924",177,43,4
2025-03-19,google,GO55104,google_display_retargeting,2024-12-30,AT,ios,260.49,"18,237",547,70,12
2025-09-01,twitter,TW79070,x_app_installs,2025-04-06,LT,ios,208.20,"12,425",174,11,1
2025-05-14,tiktok,TI82717,tt_conversion_2025,2025-02-28,RO,android,26.36,"4,020",197,25,4
2025-04-08,tiktok,TI88655,tt_spark_ads,2025-03-24,HR,ios,72.80,"12,290",405,92,17
2025-01-25,tiktok,TI29623,tt_spark_ads,2024-09-17,FI,android,150.44,"8,672",347,93,7
2025-04-30,twitter,TW19117,x_awareness,2024-12-05,NL,android,74.05,"7,020",144,17,3
2025-04-18,affiliate,AF16414,aff_autumn,2024-06-24,SI,ios,158.60,"14,008",109,13,2
2025-10-18,tiktok,TI42400,tt_creator_push,2025-10-09,CZ,android,223.47,"11,384",232,30,7
2025-09-04,twitter,TW83695,x_retargeting,2025-08-31,FI,android,113.60,"7,230",184,25,5
2025-06-18,twitter,TW13890,x_awareness,2025-05-26,SI,android,235.72,"18,597",544,86,10
2025-12-17,affiliate,AF92762,aff_spring,2025-05-22,PT,ios,57.02,"4,948",81,10,1
2025-04-19,affiliate,AF79139,aff_spring,2024-10-09,IT,ios,87.17,"10,006",187,11,1
2025-12-25,facebook,FA22194,fb_retargeting,2025-11-18,LT,android,111.60,"8,197",231,39,5
2025-12-25,google,GO25402,google_search_brand,2025-09-03,CZ,android,106.30,"4,117",288,62,20
2025-01-26,affiliate,AF13447,aff_winter,2024-04-10,ES,ios,77.46,"5,665",105,16,3
2025-10-10,instagram,IN93805,ig_story_launch,2025-08-01,NL,android,351.98,"16,870",755,186,50
2025-09-23,facebook,FA44136,fb_app_install,2025-06-22,FI,ios,52.96,"5,459",83,13,3
2025-05-22,google,GO51150,google_search_brand,2025-02-11,NL,ios,169.59,"7,233",275,66,13
2025-10-29,affiliate,AF81854,aff_autumn,2025-04-29,HU,android,30.78,"5,199",44,5,1
2025-10-10,affiliate,AF61986,aff_winter,2025-02-04,SI,ios,26.53,"12,519",114,6,1
2025-07-23,affiliate,AF49593,aff_autumn,2025-06-12,IT,ios,47.55,"5,167",36,2,0
2025-12-01,instagram,IN70669,ig_reels_push,2025-08-26,DK,ios,40.92,"3,706",42,4,1
2025-11-25,twitter,TW31563,x_web_conversions,2025-10-02,NL,ios,66.19,"12,020",92,9,2
2025-12-01,affiliate,AF82776,aff_winter,2025-06-18,GR,ios,43.72,"4,758",105,8,1
2025-02-07,affiliate,AF10026,aff_winter,2024-07-27,CZ,ios,13.98,"4,901",62,9,1
2025-08-01,google,GO25389,google_youtube_video,2025-06-25,GR,android,211.49,"12,494",284,57,10
2025-05-26,tiktok,TI83202,tt_conversion_2025,2025-01-28,LT,ios,219.54,"12,326",203,48,9
2025-11-10,affiliate,AF45200,aff_winter,2025-02-25,BG,android,108.72,"14,276",120,12,1
2025-08-07,affiliate,AF25958,aff_summer,2025-07-12,GR,android,34.16,"16,222",72,9,1
2025-07-05,instagram,IN72814,ig_retargeting,2025-06-05,IT,android,258.57,"12,276",522,114,22
2025-04-08,twitter,TW81973,x_app_installs,2024-11-24,FI,ios,169.86,"10,722",134,18,3
2025-06-10,tiktok,TI63790,tt_app_installs,2025-04-01,LU,ios,98.54,"7,775",201,30,7
2025-06-28,twitter,TW72019,x_awareness,2025-03-20,DE,ios,217.61,"19,402",235,46,8
2025-12-22,twitter,TW54787,x_awareness,2025-12-21,LU,android,154.02,"9,140",263,30,3
2025-12-17,affiliate,AF96058,aff_autumn,2025-11-01,HU,android,84.27,"6,401",115,19,1
2025-04-17,instagram,IN32564,ig_reels_push,2025-01-16,SI,android,128.84,"12,242",180,24,3
2025-07-31,affiliate,AF31711,aff_autumn,2024-11-03,MT,ios,69.53,"8,841",92,13,0
2025-06-23,tiktok,TI64583,tt_app_installs,2025-03-15,FI,ios,244.78,"13,780",576,176,34
2025-11-02,tiktok,TI13392,tt_conversion_2025,2025-11-02,PT,ios,98.69,"4,923",259,38,2
2025-06-27,google,GO34408,google_youtube_video,2025-04-30,GR,ios,353.60,"10,640",662,128,20
2025-07-26,affiliate,AF90691,aff_summer,2024-12-05,EE,android,102.28,"9,503",184,29,4
2025-07-24,facebook,FA99711,fb_brand_awareness,2025-06-28,PT,android,124.13,"12,421",404,68,7
2025-09-20,facebook,FA30010,fb_retargeting,2025-06-21,LV,android,87.44,"5,309",131,21,3
2025-12-25,google,GO11082,google_display_retargeting,2025-10-01,MT,android,50.94,"4,444",157,44,3
2025-04-13,instagram,IN52287,ig_retargeting,2024-12-18,LV,ios,81.34,"6,754",296,58,13
2025-02-05,instagram,IN59625,ig_retargeting,2024-12-18,FI,ios,141.43,"8,069",173,42,3
2025-12-13,instagram,IN32502,ig_retargeting,2025-08-31,SE,ios,68.87,"6,611",242,71,4
2025-08-27,twitter,TW89587,x_awareness,2025-07-27,CY,ios,45.05,"8,216",246,25,5
2025-02-09,facebook,FA10922,fb_app_install,2024-12-07,PT,android,233.33,"10,304",259,53,14
2025-12-11,twitter,TW48698,x_app_installs,2025-06-16,SI,ios,59.34,"16,181",288,35,5
2025-09-21,tiktok,TI83567,tt_spark_ads,2025-07-28,NL,android,101.66,"8,388",310,91,20
2025-09-13,tiktok,TI78344,tt_spark_ads,2025-08-03,LV,ios,246.95,"14,104",263,64,5
2025-03-26,twitter,TW39236,x_awareness,2025-03-10,HU,ios,135.52,"19,979",568,123,21
2025-03-22,twitter,TW93323,x_web_conversions,2025-02-14,BE,android,46.80,"7,756",134,23,3
2025-06-25,tiktok,TI33901,tt_app_installs,2025-06-20,LT,android,33.72,"2,616",122,17,2
2025-03-05,tiktok,TI79537,tt_conversion_2025,2024-09-30,IT,ios,164.48,"9,738",152,23,1
2025-06-06,affiliate,AF82597,aff_autumn,2025-04-07,DE,ios,108.67,"10,805",204,28,2
2025-04-13,facebook,FA97221,fb_retargeting,2025-02-13,HU,ios,208.71,"7,535",231,31,9
2025-01-31,google,GO36465,google_pmax_2025,2025-01-20,NL,android,160.53,"9,628",337,63,17
2025-10-05,instagram,IN82354,ig_reels_push,2025-08-30,EE,android,166.14,"11,548",399,56,8
2025-11-03,tiktok,TI58657,tt_spark_ads,2025-10-15,GR,ios,358.78,"17,378",730,154,7
2025-04-27,tiktok,TI19765,tt_creator_push,2025-04-09,DK,android,102.50,"7,143",164,35,9
2025-05-14,affiliate,AF44189,aff_summer,2024-10-14,GR,android,62.70,"7,579",36,4,1
2025-08-10,google,GO97748,google_youtube_video,2025-03-16,CZ,ios,324.12,"10,406",718,160,30
2025-08-20,twitter,TW58586,x_web_conversions,2025-08-16,SE,ios,89.96,"5,914",115,20,1
2025-06-11,affiliate,AF11301,aff_summer,2025-05-26,ES,ios,99.26,"10,181",215,16,1
2025-01-18,twitter,TW77641,x_retargeting,2024-09-06,HU,ios,67.93,"6,089",170,18,2
2025-05-12,instagram,IN62165,ig_retargeting,2025-01-24,LV,ios,37.93,"6,265",194,39,8
2025-03-07,instagram,IN65008,ig_story_launch,2025-02-23,LV,ios,94.29,"7,954",318,38,9
2025-02-02,affiliate,AF94715,aff_summer,2024-06-07,ES,android,58.20,"5,058",105,14,2
2025-09-17,google,GO36883,google_pmax_2025,2025-09-13,LU,ios,111.82,"8,695",455,121,12
2025-05-22,tiktok,TI62748,tt_app_installs,2025-04-28,RO,ios,100.88,"22,635",969,224,24
2025-06-26,facebook,FA92579,fb_retargeting,2025-03-05,SE,android,208.35,"8,334",161,41,11
2025-02-01,tiktok,TI35727,tt_app_installs,2024-11-01,IT,android,145.47,"8,956",227,39,4
2025-05-02,google,GO47282,google_pmax_2025,2024-12-11,GR,android,104.62,"8,015",301,40,8
2025-11-27,google,GO13992,google_search_brand,2025-08-28,IE,ios,472.95,"14,329",569,130,38
2025-10-15,google,GO28909,google_display_retargeting,2025-09-18,MT,ios,195.81,"7,518",297,80,10
2025-05-02,google,GO38255,google_pmax_2025,2024-12-31,DE,android,134.44,"7,623",416,83,24
2025-04-05,affiliate,AF95981,aff_autumn,2024-06-14,BG,android,200.96,"17,300",117,15,1
2025-12-13,twitter,TW80258,x_awareness,2025-12-06,IT,ios,58.25,"8,494",124,26,4
2025-07-30,instagram,IN14090,ig_reels_push,2025-06-04,IE,android,331.67,"14,405",442,72,4
2025-03-28,facebook,FA56698,fb_app_install,2025-01-21,CZ,android,139.82,"7,999",149,34,9
2025-09-23,instagram,IN15631,ig_reels_push,2025-09-11,DE,android,107.72,"7,583",262,28,7
2025-05-10,affiliate,AF32580,aff_summer,2024-10-30,NL,android,39.66,"5,653",81,6,0
2025-11-29,google,GO30373,google_youtube_video,2025-07-11,SI,android,198.98,"8,464",277,73,19
2025-11-15,affiliate,AF49423,aff_autumn,2025-05-11,IE,ios,22.88,"5,717",28,3,0
2025-06-22,instagram,IN70945,ig_app_install,2025-03-22,CY,ios,212.13,"15,670",632,80,15
2025-01-05,affiliate,AF97520,aff_summer,2024-12-03,SK,ios,40.71,"13,161",291,45,2
2025-05-29,instagram,IN67396,ig_retargeting,2025-01-31,HU,ios,149.25,"12,441",356,55,14
2025-08-14,facebook,FA87017,fb_app_install,2025-08-01,LV,ios,292.09,"17,041",164,26,4
2025-02-05,facebook,FA17925,fb_brand_awareness,2024-10-12,LT,ios,272.47,"10,106",234,52,11
2025-09-10,facebook,FA17883,fb_conversion_2025,2025-08-28,NL,ios,205.71,"7,409",199,62,14
2025-01-06,facebook,FA80543,fb_brand_awareness,2024-09-10,FR,ios,51.20,"2,891",80,12,3
2025-12-02,instagram,IN76912,ig_reels_push,2025-11-23,IT,ios,34.02,"4,737",114,33,9
2025-07-23,instagram,IN57252,ig_retargeting,2025-06-03,AT,ios,132.14,"7,670",86,24,5
2025-07-05,affiliate,AF76635,aff_summer,2025-04-19,DE,android,41.50,"10,514",114,16,2
2025-03-31,tiktok,TI25065,tt_spark_ads,2025-02-04,LU,android,84.74,"11,033",505,64,4
2025-02-24,instagram,IN21341,ig_retargeting,2024-11-21,MT,android,152.31,"7,995",299,78,7
2025-04-24,affiliate,AF63294,aff_autumn,2024-07-24,LT,android,79.29,"7,967",84,14,1
2025-06-13,google,GO80640,google_youtube_video,2025-03-19,LU,ios,177.75,"13,035",475,89,7
2025-09-28,facebook,FA58239,fb_brand_awareness,2025-07-26,FR,android,126.52,"6,952",233,65,19
2025-05-24,tiktok,TI60805,tt_spark_ads,2025-01-20,CY,android,67.57,"6,850",269,61,7
2025-06-07,facebook,FA28642,fb_app_install,2025-04-11,LT,ios,57.42,"5,443",138,36,3
2025-07-17,google,GO83124,google_pmax_2025,2025-06-01,LV,ios,169.79,"6,966",467,59,10
2025-03-10,affiliate,AF59581,aff_autumn,2025-02-08,SI,android,182.60,"13,066",123,8,1
2025-06-11,google,GO60513,google_search_brand,2025-01-12,SI,android,150.70,"7,715",319,85,11
2025-03-31,google,GO31881,google_display_retargeting,2025-01-04,ES,ios,276.44,"8,263",336,55,13
2025-05-31,twitter,TW16940,x_awareness,2025-02-10,DK,android,38.58,"3,889",101,15,1
2025-08-02,twitter,TW66586,x_retargeting,2025-05-13,HU,ios,47.86,"5,872",38,5,1
2025-07-24,instagram,IN47850,ig_story_launch,2025-06-17,SE,android,59.17,"2,684",107,23,5
2025-10-22,instagram,IN45575,ig_reels_push,2025-08-13,BG,android,92.79,"7,366",221,38,9
2025-04-25,affiliate,AF84781,aff_spring,2025-04-18,LT,android,56.71,"12,733",245,41,5
2025-01-30,google,GO25797,google_pmax_2025,2024-12-23,IE,ios,46.37,"3,947",97,19,2
2025-09-10,facebook,FA62268,fb_retargeting,2025-05-15,CY,android,208.36,"10,667",268,46,3
2025-07-26,facebook,FA30529,fb_brand_awareness,2025-06-05,NL,android,130.33,"5,904",141,27,5
2025-07-24,google,GO40358,google_youtube_video,2025-05-22,DK,android,115.28,"12,738",516,77,7
2025-05-22,facebook,FA31695,fb_retargeting,2025-05-03,BE,ios,162.98,"6,890",231,80,13
2025-01-16,instagram,IN76404,ig_app_install,2024-12-08,FR,android,173.96,"10,871",244,71,13
2025-12-27,instagram,IN35444,ig_story_launch,2025-09-14,SK,ios,96.40,"15,305",494,64,14
2025-10-18,instagram,IN66997,ig_app_install,2025-10-18,CY,ios,77.32,"6,104",128,17,4
2025-09-23,tiktok,TI72969,tt_conversion_2025,2025-06-12,DE,android,66.64,"10,965",471,130,19
2025-01-30,google,GO25115,google_youtube_video,2025-01-22,GR,android,290.45,"9,819",199,27,6
2025-04-13,affiliate,AF38750,aff_winter,2024-12-24,DE,ios,33.96,"7,883",38,4,0
2025-12-01,instagram,IN10386,ig_app_install,2025-08-25,FI,android,64.37,"6,709",149,42,11
2025-10-20,facebook,FA24633,fb_brand_awareness,2025-09-25,CZ,ios,362.48,"16,800",258,42,11
2025-07-13,google,GO49979,google_youtube_video,2025-07-12,SE,ios,131.30,"5,437",306,46,7
2025-06-08,facebook,FA14861,fb_retargeting,2025-05-09,HU,android,77.94,"4,004",33,5,1
2025-09-01,instagram,IN27430,ig_app_install,2025-06-07,DK,android,264.48,"12,164",354,46,7
2025-05-23,affiliate,AF88533,aff_winter,2025-04-17,LT,ios,76.50,"13,751",196,32,5
2025-11-20,tiktok,TI74409,tt_creator_push,2025-10-28,PT,android,101.95,"11,039",457,104,17
2025-12-01,google,GO86034,google_display_retargeting,2025-09-08,PL,ios,236.27,"13,232",888,165,46
2025-09-08,affiliate,AF99788,aff_winter,2025-01-23,FI,android,38.88,"3,075",21,4,1
2025-02-06,affiliate,AF25329,aff_summer,2024-12-05,DK,android,51.83,"6,636",102,8,1
2025-12-31,facebook,FA33703,fb_retargeting,2025-10-22,HR,ios,113.64,"7,684",98,26,1
2025-03-09,affiliate,AF70301,aff_autumn,2024-08-30,DE,ios,41.55,"8,562",89,15,2
2025-07-11,instagram,IN57387,ig_reels_push,2025-04-14,MT,ios,84.77,"4,013",136,21,4
2025-04-26,tiktok,TI91098,tt_conversion_2025,2025-02-07,AT,ios,111.18,"6,141",133,25,6
2025-09-28,twitter,TW66332,x_retargeting,2025-08-24,RO,ios,124.57,"13,820",138,17,2
2025-12-06,google,GO19388,google_search_brand,2025-11-08,EE,ios,32.80,"2,806",153,42,11
2025-11-28,tiktok,TI50168,tt_app_installs,2025-10-30,PT,android,133.40,"8,249",453,76,17
2025-10-30,affiliate,AF29491,aff_winter,2025-03-31,BE,android,40.11,"6,660",150,11,1
2025-07-13,affiliate,AF17169,aff_spring,2025-01-29,RO,ios,62.51,"4,725",56,9,1
2025-08-16,instagram,IN13065,ig_story_launch,2025-05-22,EE,android,71.58,"3,695",65,7,1
2025-07-03,twitter,TW70135,x_awareness,2025-06-19,ES,android,92.08,"6,506",94,15,2
2025-10-19,affiliate,AF19496,aff_spring,2025-04-17,AT,android,191.13,"14,327",193,20,2
2025-10-09,google,GO80917,google_display_retargeting,2025-06-19,FI,ios,245.43,"17,513",756,176,35
2025-04-27,tiktok,TI51598,tt_creator_push,2025-02-03,LU,android,217.63,"11,072",537,103,10
2025-01-06,twitter,TW87173,x_retargeting,2025-01-03,DK,ios,81.87,"7,575",80,16,3
2025-09-09,twitter,TW42806,x_awareness,2025-05-02,DE,android,45.63,"6,017",55,12,2
2025-06-05,google,GO55986,google_display_retargeting,2025-05-07,BG,ios,269.83,"8,620",392,51,8
2025-06-01,tiktok,TI37738,tt_spark_ads,2024-12-27,SE,android,146.65,"8,304",214,44,9
2025-11-22,twitter,TW70558,x_awareness,2025-05-26,IT,ios,115.15,"13,921",353,43,8
2025-10-14,affiliate,AF80229,aff_autumn,2025-01-29,SK,ios,85.10,"7,344",159,26,4
2025-12-21,facebook,FA75439,fb_conversion_2025,2025-09-27,SI,ios,76.66,"6,373",209,32,6
2025-06-01,google,GO41139,google_search_brand,2025-02-27,PT,android,281.40,"13,707",667,115,15
2025-01-16,instagram,IN80043,ig_story_launch,2024-12-30,SI,ios,132.32,"7,273",251,26,6
2025-02-14,twitter,TW96491,x_awareness,2024-11-26,DE,android,129.87,"7,968",205,29,6
2025-04-21,affiliate,AF44889,aff_summer,2025-01-09,HR,ios,14.50,"5,020",106,10,1
2025-04-03,twitter,TW48785,x_app_installs,2025-02-13,BE,ios,31.22,"3,584",36,5,1
2025-11-12,instagram,IN70062,ig_app_install,2025-09-16,DK,ios,61.97,"11,472",345,92,19
2025-07-24,tiktok,TI32448,tt_conversion_2025,2025-07-24,HR,ios,70.67,"11,613",337,65,5
2025-12-20,twitter,TW66578,x_retargeting,2025-11-11,PT,android,67.04,"6,732",122,13,3
2025-06-21,twitter,TW92297,x_awareness,2025-05-28,BE,android,51.24,"7,034",118,21,1
2025-10-09,instagram,IN99751,ig_app_install,2025-09-20,AT,ios,43.79,"5,834",248,70,5
2025-05-30,affiliate,AF13526,aff_autumn,2024-09-18,SE,ios,13.54,"4,773",52,5,1
2025-10-17,tiktok,TI68465,tt_app_installs,2025-07-10,GR,android,56.93,"8,863",253,40,7
2025-07-23,google,GO42548,google_search_brand,2025-06-28,SE,android,256.23,"7,471",434,40,3
2025-04-16,twitter,TW76846,x_app_installs,2024-12-09,SK,ios,136.91,"10,046",134,18,2
2025-04-26,google,GO90337,google_search_brand,2024-11-21,DK,ios,159.24,"6,642",441,76,20
2025-12-05,facebook,FA82613,fb_retargeting,2025-10-15,LU,android,127.31,"7,179",66,12,1
2025-12-19,instagram,IN78340,ig_retargeting,2025-10-10,LT,ios,239.39,"10,435",421,70,5
2025-12-31,twitter,TW69331,x_web_conversions,2025-12-09,LU,android,35.63,"9,420",154,25,2
2025-12-03,affiliate,AF54942,aff_winter,2025-07-14,SI,android,23.72,"5,461",39,2,0
2025-08-02,affiliate,AF13956,aff_autumn,2025-07-11,RO,android,137.56,"11,057",213,29,5
2025-06-25,facebook,FA87755,fb_retargeting,2025-04-23,ES,ios,76.25,"3,447",67,21,5
2025-07-14,twitter,TW21066,x_retargeting,2025-04-09,LT,android,63.48,"7,508",69,9,1
2025-06-23,affiliate,AF98534,aff_spring,2024-11-20,LU,android,112.87,"10,663",172,20,1
2025-03-11,google,GO86147,google_pmax_2025,2024-11-09,LU,android,233.77,"13,546",649,158,19
2025-04-10,google,GO12035,google_youtube_video,2025-02-09,SI,android,178.43,"5,931",313,52,14
2025-10-30,affiliate,AF75700,aff_summer,2025-08-02,NL,ios,83.43,"5,964",49,7,1
2025-06-16,twitter,TW55897,x_web_conversions,2025-03-15,HU,android,33.28,"5,953",120,22,1
2025-12-01,google,GO77173,google_youtube_video,2025-09-14,IT,android,86.16,"2,591",56,15,5
2025-10-15,facebook,FA66959,fb_app_install,2025-09-01,FR,ios,146.29,"10,563",245,36,7
2025-11-14,twitter,TW58197,x_web_conversions,2025-07-18,FR,ios,167.65,"13,936",244,37,8
2025-10-06,google,GO26087,google_display_retargeting,2025-09-08,DK,android,179.25,"10,568",544,151,25
2025-10-08,facebook,FA30455,fb_conversion_2025,2025-09-16,LU,ios,112.50,"18,739",398,68,6
2025-01-09,facebook,FA39178,fb_app_install,2024-10-15,IT,android,100.79,"5,251",178,39,8
2025-07-11,instagram,IN19815,ig_retargeting,2025-06-17,FI,android,20.14,"2,755",34,9,2
2025-09-23,twitter,TW65831,x_web_conversions,2025-09-11,EE,android,121.70,"8,719",136,29,6
2025-06-07,google,GO37566,google_search_brand,2025-04-23,MT,android,298.68,"9,452",624,164,52
2025-11-15,twitter,TW62271,x_web_conversions,2025-11-04,SK,ios,66.99,"11,852",280,48,5
2025-02-18,affiliate,AF69613,aff_summer,2024-08-28,ES,android,25.61,"3,848",61,4,0
2025-03-31,instagram,IN81011,ig_story_launch,2025-02-18,SE,ios,68.23,"7,962",328,93,11
2025-05-06,twitter,TW10500,x_awareness,2025-03-16,BE,android,67.21,"5,069",70,6,0
2025-05-24,facebook,FA86202,fb_app_install,2025-02-04,SI,android,192.43,"7,130",217,68,15
2025-10-14,google,GO89199,google_youtube_video,2025-08-10,IE,ios,242.67,"9,823",586,111,19
2025-04-24,instagram,IN33088,ig_app_install,2025-02-18,PL,android,65.90,"5,220",120,32,5
2025-11-21,facebook,FA27352,fb_conversion_2025,2025-08-30,LT,ios,50.70,"3,468",28,7,1
2025-09-16,google,GO43691,google_display_retargeting,2025-09-10,DE,ios,211.44,"7,800",169,37,10
2025-08-28,instagram,IN27013,ig_app_install,2025-08-22,PT,android,203.93,"10,352",341,40,4
2025-08-27,tiktok,TI32695,tt_app_installs,2025-05-14,EE,android,80.54,"8,115",254,80,19
2025-10-01,google,GO19369,google_youtube_video,2025-08-15,CY,ios,208.16,"11,069",684,79,6
2025-01-16,google,GO86625,google_search_brand,2024-09-12,LV,ios,40.71,"4,675",163,30,7
2025-12-08,twitter,TW75994,x_retargeting,2025-08-17,FI,ios,17.99,"2,737",52,10,1
2025-01-30,tiktok,TI85842,tt_creator_push,2024-10-27,SI,ios,162.27,"8,886",182,44,6
2025-02-12,instagram,IN13970,ig_story_launch,2024-11-05,LU,ios,107.96,"7,352",208,58,13
2025-12-19,tiktok,TI82123,tt_creator_push,2025-11-24,PL,ios,48.67,"7,778",286,42,4
2025-02-20,twitter,TW97154,x_web_conversions,2024-10-31,EE,ios,31.42,"6,001",83,11,1
2025-05-31,google,GO76786,google_youtube_video,2025-05-20,DE,ios,295.00,"12,853",688,59,13
2025-01-24,facebook,FA49857,fb_brand_awareness,2025-01-23,IE,android,169.96,"14,707",139,19,3
2025-09-19,google,GO89624,google_display_retargeting,2025-07-31,DE,android,91.81,"4,836",308,70,16
2025-09-14,twitter,TW64459,x_app_installs,2025-04-26,SI,android,79.28,"10,633",141,28,5
2025-10-25,instagram,IN47204,ig_reels_push,2025-10-25,NL,android,123.89,"9,481",173,29,6
2025-05-03,twitter,TW81469,x_web_conversions,2025-01-06,IT,ios,111.04,"10,311",266,23,2
2025-11-14,instagram,IN24323,ig_retargeting,2025-07-31,PT,android,247.11,"21,292",417,51,4
2025-06-05,instagram,IN42573,ig_app_install,2025-05-27,HR,ios,83.68,"6,157",194,23,4
2025-05-29,instagram,IN70985,ig_retargeting,2025-05-09,SE,android,268.69,"20,415",215,27,3
2025-05-15,facebook,FA68900,fb_conversion_2025,2025-05-09,RO,ios,127.80,"7,333",218,37,5
2025-12-08,google,GO15166,google_youtube_video,2025-11-29,LV,ios,498.89,"15,968",504,75,16
2025-09-01,google,GO49044,google_display_retargeting,2025-07-26,SK,ios,148.10,"4,271",163,42,3
2025-02-28,instagram,IN43241,ig_reels_push,2024-12-14,LU,android,47.29,"3,184",122,26,6
2025-02-18,twitter,TW32820,x_web_conversions,2024-12-14,RO,ios,42.69,"4,490",103,16,2
2025-07-04,tiktok,TI50262,tt_app_installs,2025-02-21,FI,ios,86.01,"9,277",291,81,6
2025-08-23,facebook,FA25577,fb_conversion_2025,2025-08-16,DK,android,290.51,"11,534",147,40,12
2025-03-04,facebook,FA55704,fb_brand_awareness,2024-11-29,PL,ios,201.98,"12,010",298,72,19
2025-01-01,facebook,FA72126,fb_brand_awareness,2024-09-30,PT,android,216.65,"12,992",130,18,2
2025-01-17,affiliate,AF73554,aff_summer,2024-03-28,HR,ios,27.58,"3,592",88,6,0
2025-11-20,google,GO80459,google_youtube_video,2025-09-04,EE,android,343.69,"10,330",480,112,8
2025-01-14,twitter,TW22303,x_app_installs,2024-10-27,DE,android,89.68,"8,133",179,33,6
2025-10-16,twitter,TW25583,x_app_installs,2025-04-24,CZ,ios,141.29,"7,914",156,33,3
2025-03-15,twitter,TW41952,x_retargeting,2024-11-17,LU,ios,85.29,"7,386",74,14,2
2025-08-06,facebook,FA93481,fb_retargeting,2025-07-29,LT,android,379.84,"17,035",462,90,13
2025-03-16,google,GO10663,google_youtube_video,2024-11-17,HU,ios,221.78,"7,739",238,39,5
2025-09-19,facebook,FA31705,fb_conversion_2025,2025-07-25,PT,android,43.65,"2,211",40,13,2
2025-08-22,google,GO82799,google_pmax_2025,2025-06-17,EE,android,168.26,"8,148",290,41,6
2025-12-20,facebook,FA65723,fb_conversion_2025,2025-11-24,HU,ios,155.17,"11,304",310,81,18
2025-05-06,twitter,TW36141,x_awareness,2025-01-26,EE,ios,145.89,"8,786",55,7,1
2025-01-25,google,GO34657,google_youtube_video,2025-01-18,PT,ios,59.55,"4,493",266,27,8
2025-04-07,facebook,FA15462,fb_brand_awareness,2025-02-15,LT,ios,252.08,"10,383",109,18,4
2025-08-19,tiktok,TI11783,tt_conversion_2025,2025-08-01,MT,ios,196.59,"10,560",282,69,10
2025-08-08,tiktok,TI28079,tt_spark_ads,2025-04-30,NL,android,47.49,"5,555",113,28,6
2025-12-20,tiktok,TI64313,tt_conversion_2025,2025-11-20,DK,ios,114.20,"11,338",207,42,9
2025-05-07,twitter,TW94475,x_web_conversions,2025-04-29,CY,android,48.75,"6,749",65,13,1
2025-08-07,affiliate,AF42743,aff_spring,2024-11-04,IE,ios,45.40,"4,779",106,17,2
2025-02-08,affiliate,AF71934,aff_spring,2024-08-31,DE,ios,43.66,"9,772",142,16,2
2025-11-17,twitter,TW23440,x_app_installs,2025-10-21,CZ,android,50.59,"10,272",298,24,4
2025-07-08,instagram,IN48079,ig_app_install,2025-06-27,SI,android,231.43,"12,097",187,39,4
2025-04-29,tiktok,TI64818,tt_creator_push,2025-02-24,FR,android,64.06,"10,388",208,47,9
2025-01-12,affiliate,AF85955,aff_summer,2024-06-23,CY,ios,10.80,"3,228",79,5,0
2025-04-07,facebook,FA43519,fb_retargeting,2025-02-18,CZ,ios,198.70,"10,710",356,97,11
2025-06-14,twitter,TW21273,x_awareness,2025-02-09,NL,ios,212.03,"18,543",550,37,7
2025-08-20,twitter,TW52926,x_web_conversions,2025-04-09,EE,ios,76.32,"6,551",63,10,1
2025-09-25,google,GO34942,google_search_brand,2025-05-30,RO,android,170.52,"7,311",315,75,14
2025-04-06,instagram,IN33729,ig_story_launch,2025-02-07,RO,android,140.04,"7,188",179,28,3
2025-12-08,instagram,IN47790,ig_story_launch,2025-11-04,LV,android,104.98,"6,784",126,18,1
2025-06-02,instagram,IN71526,ig_retargeting,2025-03-01,DK,ios,59.25,"4,892",166,28,3
2025-07-26,facebook,FA95695,fb_brand_awareness,2025-06-07,SI,ios,88.09,"13,433",247,31,5
2025-02-24,google,GO37549,google_youtube_video,2024-12-21,EE,ios,393.98,"11,325",417,45,4
2025-06-02,instagram,IN75875,ig_app_install,2025-04-11,CZ,android,121.36,"11,221",313,76,9
2025-09-15,twitter,TW61524,x_retargeting,2025-08-31,RO,android,68.83,"7,253",71,10,2
2025-12-02,tiktok,TI33412,tt_conversion_2025,2025-10-14,IE,android,153.85,"12,446",488,144,16
2025-05-13,facebook,FA84490,fb_brand_awareness,2025-02-03,SK,android,91.41,"8,943",72,19,2
2025-06-22,tiktok,TI62776,tt_app_installs,2025-04-10,LT,ios,107.03,"7,831",230,43,3
2025-12-01,tiktok,TI46524,tt_creator_push,2025-09-09,SE,ios,185.58,"10,093",393,65,8
2025-01-25,instagram,IN74708,ig_story_launch,2025-01-13,SK,ios,127.07,"12,103",486,96,8
2025-01-26,twitter,TW76236,x_retargeting,2024-12-04,LT,ios,127.78,"13,938",182,33,4
2025-06-05,instagram,IN68176,ig_reels_push,2025-05-23,IT,android,136.74,"18,296",647,72,13
2025-08-29,google,GO25032,google_pmax_2025,2025-08-22,IT,ios,105.35,"3,553",167,26,2
2025-09-12,tiktok,TI40856,tt_spark_ads,2025-09-10,NL,ios,217.82,"13,609",535,134,20
2025-03-13,affiliate,AF85676,aff_spring,2024-09-16,IT,android,33.42,"4,603",26,1,0
2025-02-02,facebook,FA68171,fb_app_install,2024-10-06,CZ,ios,240.94,"16,635",392,82,7
2025-04-07,tiktok,TI39328,tt_creator_push,2025-03-19,DE,android,38.64,"5,680",227,27,2
2025-09-22,facebook,FA96472,fb_retargeting,2025-09-03,IT,ios,90.48,"5,471",106,15,1
2025-10-20,tiktok,TI86868,tt_app_installs,2025-08-10,FI,android,223.03,"11,635",187,25,2
2025-08-19,affiliate,AF87015,aff_spring,2025-03-04,RO,ios,8.53,"3,251",80,7,0
2025-11-16,facebook,FA93220,fb_app_install,2025-08-05,RO,android,153.06,"6,225",60,20,5
2025-08-11,affiliate,AF18172,aff_summer,2024-11-19,BG,android,67.27,"9,316",116,17,3
2025-05-30,affiliate,AF57594,aff_spring,2024-11-23,HU,android,54.89,"8,367",72,9,1
2025-05-10,facebook,FA65037,fb_retargeting,2025-04-29,DE,ios,100.18,"9,190",111,36,3
2025-02-17,instagram,IN24498,ig_retargeting,2025-02-03,CZ,ios,80.97,"4,505",190,43,4
2025-10-27,tiktok,TI87179,tt_spark_ads,2025-07-05,FR,android,43.14,"7,036",383,85,16
2025-10-28,google,GO74910,google_display_retargeting,2025-08-18,HR,ios,46.18,"3,584",201,22,6
2025-08-07,instagram,IN86519,ig_app_install,2025-06-10,NL,android,112.14,"8,434",204,33,7
2025-12-28,facebook,FA69612,fb_brand_awareness,2025-09-02,LV,android,329.00,"12,675",293,41,11
2025-04-27,twitter,TW56110,x_app_installs,2025-01-28,NL,android,105.56,"13,349",263,29,2
2025-04-15,instagram,IN80559,ig_retargeting,2025-03-28,MT,android,51.42,"9,238",400,47,2
2025-10-16,tiktok,TI20108,tt_creator_push,2025-08-20,IT,ios,117.24,"11,977",425,91,5
2025-12-01,twitter,TW47760,x_app_installs,2025-08-29,EE,android,139.41,"10,685",250,47,8
2025-08-14,twitter,TW24620,x_web_conversions,2025-05-03,BE,ios,100.48,"10,576",249,27,4
2025-12-10,instagram,IN57027,ig_app_install,2025-09-19,PL,android,95.33,"11,360",256,62,12
2025-11-06,facebook,FA87989,fb_retargeting,2025-07-23,BE,android,99.87,"9,476",127,37,8
2025-08-06,google,GO75911,google_search_brand,2025-06-21,BE,ios,189.11,"8,569",469,78,19
2025-02-18,tiktok,TI21628,tt_conversion_2025,2025-02-13,CZ,android,149.65,"7,948",422,81,19
2025-01-27,twitter,TW20922,x_web_conversions,2024-10-04,IT,android,274.12,"17,830",405,28,5
2025-01-29,facebook,FA81895,fb_app_install,2024-10-20,SI,android,25.10,"3,056",63,18,4
2025-07-08,google,GO51936,google_pmax_2025,2025-06-02,HU,ios,137.06,"8,637",352,71,8
2025-06-21,tiktok,TI12600,tt_app_installs,2025-05-03,FR,android,49.98,"9,247",350,43,10
2025-04-05,instagram,IN98940,ig_app_install,2025-02-21,RO,android,40.15,"4,201",183,35,6
2025-06-28,google,GO68051,google_youtube_video,2025-05-12,LT,ios,223.71,"9,936",674,75,14
2025-04-07,affiliate,AF25389,aff_spring,2024-07-31,NL,ios,126.04,"13,275",146,11,2
2025-12-03,facebook,FA84586,fb_app_install,2025-08-07,LV,android,71.38,"7,867",261,90,22
2025-01-31,tiktok,TI87332,tt_spark_ads,2024-08-30,FI,android,175.85,"11,555",176,55,7
2025-05-23,instagram,IN74587,ig_story_launch,2025-04-20,LT,android,146.43,"10,252",373,97,17
2025-09-30,tiktok,TI78993,tt_conversion_2025,2025-08-04,NL,ios,84.55,"7,412",134,16,3
2025-08-18,affiliate,AF67755,aff_summer,2025-04-29,DK,ios,101.14,"7,997",50,6,1
2025-01-21,facebook,FA53401,fb_app_install,2024-12-16,IT,ios,241.49,"10,321",336,62,17
2025-11-16,affiliate,AF84329,aff_spring,2025-05-01,ES,android,25.74,"7,575",118,21,4
2025-08-07,tiktok,TI33897,tt_app_installs,2025-06-09,DE,android,231.86,"11,296",466,113,21
2025-01-23,twitter,TW48973,x_web_conversions,2024-12-11,AT,ios,37.59,"2,504",41,6,1
2025-06-23,affiliate,AF73576,aff_summer,2025-04-21,FI,ios,27.34,"9,837",98,10,1
2025-08-08,google,GO60119,google_pmax_2025,2025-06-23,LT,android,477.86,"15,721",850,103,9
2025-05-04,facebook,FA47921,fb_app_install,2025-01-16,PT,android,390.04,"14,229",226,49,11
2025-11-04,google,GO58425,google_youtube_video,2025-07-26,SK,ios,107.70,"8,046",162,14,4
2025-01-02,instagram,IN47677,ig_retargeting,2024-09-06,DE,android,344.60,"16,032",656,190,14
2025-08-08,affiliate,AF15615,aff_autumn,2025-02-17,LV,ios,104.85,"18,998",140,19,1
2025-07-30,affiliate,AF78382,aff_spring,2025-07-11,LV,ios,28.69,"8,395",47,5,1
2025-07-21,affiliate,AF47538,aff_autumn,2025-07-08,LU,android,82.38,"6,202",35,2,0
2025-09-17,tiktok,TI42407,tt_creator_push,2025-07-03,SK,ios,200.78,"24,309",1117,311,25
2025-04-22,twitter,TW18469,x_awareness,2025-02-07,MT,android,100.32,"6,390",191,34,3
2025-08-24,twitter,TW96284,x_app_installs,2025-08-04,DK,android,211.86,"13,961",176,18,3
2025-04-17,google,GO30113,google_search_brand,2025-01-05,CY,android,81.80,"6,094",289,23,2
2025-12-09,facebook,FA26289,fb_conversion_2025,2025-10-06,HU,ios,111.77,"4,954",80,16,2
2025-02-02,twitter,TW44961,x_retargeting,2025-01-30,CZ,ios,118.60,"12,630",270,57,11
2025-05-09,google,GO20686,google_pmax_2025,2025-04-25,RO,ios,131.10,"7,762",214,57,12
2025-01-26,google,GO22693,google_youtube_video,2024-11-05,BG,android,151.19,"9,789",330,29,8
2025-10-09,instagram,IN49727,ig_reels_push,2025-08-08,IT,android,132.19,"10,791",196,50,4
2025-08-29,instagram,IN30615,ig_reels_push,2025-06-03,CZ,ios,60.50,"5,968",81,13,4
2025-04-04,google,GO93138,google_search_brand,2025-01-23,SI,ios,69.83,"8,610",381,84,10
2025-02-19,facebook,FA49042,fb_brand_awareness,2024-11-19,LT,ios,248.74,"9,057",218,40,5
2025-12-21,tiktok,TI66922,tt_conversion_2025,2025-10-27,DK,android,113.82,"6,043",86,15,2
2025-07-26,tiktok,TI87236,tt_spark_ads,2025-06-08,SI,android,252.87,"11,788",463,86,20
2025-01-14,instagram,IN98896,ig_app_install,2024-10-14,SE,ios,111.15,"6,373",226,48,5
2025-04-09,instagram,IN50854,ig_app_install,2025-02-14,IT,android,54.55,"7,800",90,10,2
2025-11-04,affiliate,AF44022,aff_winter,2025-06-12,AT,android,17.83,"7,665",167,17,2
2025-08-13,facebook,FA41300,fb_app_install,2025-04-18,DE,android,215.61,"13,352",234,72,8
2025-06-04,facebook,FA77782,fb_app_install,2025-03-18,LT,android,298.11,"12,441",225,62,17
2025-12-23,facebook,FA32699,fb_conversion_2025,2025-12-07,PL,ios,239.48,"27,404",398,53,5
2025-04-22,google,GO46163,google_display_retargeting,2025-01-09,DK,android,129.37,"5,585",126,20,2
2025-04-29,google,GO88993,google_pmax_2025,2024-12-10,SI,android,260.71,"9,163",569,70,18
2025-07-02,affiliate,AF55330,aff_winter,2025-04-17,FI,ios,91.53,"12,965",305,29,1
2025-05-22,instagram,IN65333,ig_reels_push,2025-04-06,HR,ios,65.87,"3,196",66,11,2
2025-09-29,twitter,TW10792,x_app_installs,2025-09-15,DK,android,41.13,"2,675",16,2,0
2025-12-25,twitter,TW58110,x_awareness,2025-12-07,FI,ios,121.03,"9,220",241,20,4
2025-02-10,affiliate,AF35688,aff_summer,2024-05-19,MT,ios,89.61,"8,654",71,12,2
2025-07-19,instagram,IN38756,ig_app_install,2025-07-10,FR,android,75.31,"5,872",243,46,5
2025-05-31,twitter,TW96569,x_retargeting,2025-03-09,BE,ios,55.17,"8,418",55,9,2
2025-08-16,facebook,FA13484,fb_brand_awareness,2025-06-28,PT,ios,89.31,"6,642",221,53,3
2025-12-26,facebook,FA68945,fb_brand_awareness,2025-12-22,BE,ios,76.49,"4,869",115,27,6
2025-08-23,tiktok,TI81519,tt_creator_push,2025-05-05,CZ,android,310.08,"14,724",744,211,11
2025-09-22,twitter,TW93422,x_awareness,2025-09-15,FR,android,26.38,"4,547",59,6,1
2025-10-29,instagram,IN78235,ig_app_install,2025-09-30,SI,android,95.74,"7,391",240,71,6
2025-10-06,twitter,TW23698,x_web_conversions,2025-07-25,BG,android,50.58,"5,209",53,6,1
2025-03-19,facebook,FA30115,fb_brand_awareness,2024-12-01,FR,android,111.58,"10,001",317,68,8
2025-02-20,tiktok,TI68609,tt_conversion_2025,2025-02-18,EE,ios,67.99,"5,111",221,39,2
2025-10-21,twitter,TW44103,x_awareness,2025-07-28,GR,android,35.72,"6,314",73,7,1
2025-06-20,instagram,IN37868,ig_reels_push,2025-04-20,ES,android,21.56,"3,097",51,12,2
2025-05-17,tiktok,TI78481,tt_creator_push,2025-04-03,AT,ios,191.94,"9,273",384,62,11
2025-08-16,tiktok,TI99017,tt_app_installs,2025-07-06,GR,android,83.74,"8,721",227,71,6
2025-04-16,tiktok,TI30967,tt_conversion_2025,2024-11-23,FR,android,132.04,"6,415",323,99,20
2025-04-08,twitter,TW93140,x_web_conversions,2025-01-26,LT,ios,50.30,"8,434",165,21,3
2025-12-04,tiktok,TI90227,tt_app_installs,2025-06-30,DE,ios,50.93,"7,998",417,120,7
2025-09-18,google,GO10765,google_youtube_video,2025-05-07,HU,android,93.47,"10,540",463,75,22
2025-11-29,instagram,IN11663,ig_retargeting,2025-11-06,LU,ios,323.10,"15,239",604,159,25
2025-01-02,tiktok,TI68915,tt_creator_push,2024-08-29,BG,android,293.69,"14,033",655,91,19
2025-03-05,instagram,IN13376,ig_story_launch,2025-01-31,ES,android,102.96,"9,478",338,63,10
2025-11-16,twitter,TW14539,x_awareness,2025-10-14,LU,ios,69.05,"4,744",135,24,3
2025-10-22,instagram,IN53751,ig_app_install,2025-09-12,SK,android,49.58,"3,557",159,37,5
2025-04-08,facebook,FA51209,fb_brand_awareness,2025-02-21,DE,ios,219.15,"10,243",345,92,23
2025-09-19,tiktok,TI32836,tt_conversion_2025,2025-08-14,FR,android,171.38,"9,746",150,47,11
2025-09-26,facebook,FA14782,fb_app_install,2025-07-13,PT,android,58.55,"5,571",102,30,3
2025-05-18,google,GO50376,google_youtube_video,2024-12-20,PL,ios,176.82,"13,135",856,116,20
2025-07-09,facebook,FA46775,fb_retargeting,2025-04-28,SE,ios,319.53,"16,163",294,36,9
2025-11-30,twitter,TW66977,x_app_installs,2025-07-11,SI,ios,103.09,"6,286",66,12,2
2025-11-29,affiliate,AF26543,aff_spring,2025-05-07,IT,android,22.03,"9,455",142,12,1
2025-12-21,tiktok,TI23181,tt_creator_push,2025-10-05,DK,ios,36.53,"7,400",199,29,4
2025-04-02,affiliate,AF49585,aff_summer,2024-10-11,FR,android,17.16,"3,986",32,5,1
2025-03-13,tiktok,TI74749,tt_spark_ads,2024-12-09,BG,ios,88.33,"4,043",156,19,4
2025-03-04,twitter,TW52238,x_retargeting,2025-01-18,CY,android,139.81,"8,698",145,24,4
2025-03-30,facebook,FA43539,fb_conversion_2025,2025-02-10,LU,ios,41.34,"3,768",40,8,2
2025-12-27,facebook,FA55302,fb_conversion_2025,2025-09-15,HR,android,118.74,"9,099",237,79,18
2025-07-29,facebook,FA36597,fb_retargeting,2025-06-24,IE,android,139.97,"7,736",218,63,4
2025-01-19,affiliate,AF59249,aff_summer,2024-03-29,RO,android,49.86,"5,731",52,3,0
2025-08-16,tiktok,TI27507,tt_creator_push,2025-03-23,IE,ios,35.56,"5,590",143,45,6
2025-10-22,affiliate,AF47748,aff_spring,2025-08-03,LV,ios,38.18,"14,504",151,17,3
2025-07-04,instagram,IN75792,ig_story_launch,2025-06-05,SE,android,152.52,"6,902",242,31,8
2025-08-17,tiktok,TI64327,tt_conversion_2025,2025-03-26,FR,ios,205.84,"13,592",194,25,4
2025-07-21,instagram,IN52139,ig_app_install,2025-04-29,BG,ios,266.32,"13,012",466,76,12
2025-09-20,instagram,IN40608,ig_story_launch,2025-07-27,PT,android,266.57,"16,398",328,76,15
2025-11-19,instagram,IN99895,ig_app_install,2025-11-18,CY,android,54.69,"6,158",206,27,2
2025-03-19,tiktok,TI89697,tt_creator_push,2025-03-18,NL,ios,68.96,"6,051",312,92,13
2025-05-12,tiktok,TI80474,tt_creator_push,2025-02-09,LU,android,75.90,"6,070",318,45,4
2025-03-24,tiktok,TI34400,tt_spark_ads,2024-10-15,EE,ios,148.46,"7,425",162,31,5
2025-09-25,tiktok,TI98890,tt_app_installs,2025-05-09,MT,android,32.01,"5,286",289,53,5
2025-12-28,affiliate,AF53130,aff_spring,2025-09-20,RO,android,74.69,"5,343",77,4,1
2025-09-16,tiktok,TI22552,tt_spark_ads,2025-08-27,BE,ios,349.34,"20,931",1064,234,38
2025-08-06,twitter,TW78458,x_retargeting,2025-05-06,RO,android,113.38,"9,299",200,30,5
2025-08-24,facebook,FA92945,fb_brand_awareness,2025-06-06,RO,ios,482.45,"19,140",502,172,15
2025-03-14,instagram,IN23487,ig_reels_push,2024-12-17,IT,ios,82.61,"8,478",145,17,4
2025-11-20,twitter,TW87932,x_app_installs,2025-06-04,EE,android,138.38,"9,766",185,19,1
2025-07-18,affiliate,AF54084,aff_winter,2025-03-04,PT,android,57.81,"7,772",122,12,2
2025-11-27,twitter,TW52113,x_app_installs,2025-09-08,DE,ios,39.43,"6,930",182,26,5
2025-03-29,tiktok,TI58503,tt_creator_push,2024-10-24,LT,android,68.15,"4,772",149,27,7
2025-07-06,twitter,TW87281,x_awareness,2025-01-29,IE,android,57.01,"5,434",156,27,5
2025-05-10,google,GO33102,google_pmax_2025,2025-02-13,CZ,ios,197.14,"6,133",274,73,4
2025-04-19,affiliate,AF53677,aff_summer,2025-04-11,SK,android,51.07,"6,743",138,13,1
2025-09-02,facebook,FA20015,fb_brand_awareness,2025-07-17,MT,ios,71.44,"6,602",83,20,3
2025-05-06,twitter,TW89789,x_app_installs,2025-03-22,PT,android,37.63,"6,499",188,35,6
2025-07-22,affiliate,AF53715,aff_winter,2025-06-06,FR,android,42.93,"4,995",36,5,1
2025-07-18,facebook,FA23580,fb_retargeting,2025-04-14,LT,ios,81.98,"4,384",137,21,3
2025-09-14,google,GO54261,google_pmax_2025,2025-08-03,CY,android,201.16,"15,514",756,110,30
2025-06-10,google,GO80780,google_pmax_2025,2025-03-16,AT,ios,77.46,"4,188",186,16,4
2025-01-04,twitter,TW90880,x_web_conversions,2024-07-11,MT,ios,53.42,"5,881",149,30,6
2025-07-31,affiliate,AF65839,aff_autumn,2024-11-01,GR,ios,56.15,"5,440",103,6,1
2025-08-11,google,GO55833,google_display_retargeting,2025-03-12,LV,ios,192.87,"5,664",329,84,24
2025-05-22,twitter,TW50309,x_app_installs,2025-01-29,DE,ios,76.30,"15,735",244,25,2
2025-06-25,instagram,IN45271,ig_retargeting,2025-04-20,SE,android,169.72,"8,266",205,55,7
2025-05-18,tiktok,TI93459,tt_creator_push,2025-05-01,EE,android,70.95,"8,499",458,86,14
2025-07-06,affiliate,AF59531,aff_spring,2024-11-22,DK,android,86.68,"8,456",117,12,1
2025-02-15,facebook,FA70496,fb_conversion_2025,2024-12-29,SI,ios,149.27,"5,418",154,26,1
2025-05-25,facebook,FA71518,fb_retargeting,2025-02-01,IT,android,129.65,"8,084",158,24,5
2025-07-04,tiktok,TI81727,tt_spark_ads,2025-03-16,LV,ios,51.85,"9,781",158,26,6
2025-02-03,tiktok,TI13042,tt_creator_push,2024-12-04,LV,android,98.00,"5,160",243,65,15
2025-09-04,instagram,IN17802,ig_story_launch,2025-05-24,AT,android,149.06,"13,706",434,83,19
2025-09-03,tiktok,TI98704,tt_creator_push,2025-07-28,PT,android,99.67,"11,389",249,36,8
2025-08-02,twitter,TW18103,x_app_installs,2025-06-20,HR,android,71.73,"20,043",462,39,5
2025-03-19,tiktok,TI36835,tt_spark_ads,2025-03-06,DE,android,127.43,"9,133",439,72,17
2025-01-03,google,GO34992,google_search_brand,2024-08-18,FI,android,135.00,"7,426",378,94,18
2025-06-02,tiktok,TI14353,tt_conversion_2025,2025-01-07,SK,ios,97.74,"6,767",148,42,3
2025-02-18,twitter,TW78211,x_awareness,2024-12-12,PT,ios,49.69,"6,096",173,16,1
2025-05-18,google,GO59294,google_search_brand,2025-04-01,PT,ios,365.90,"14,316",331,76,5
2025-11-18,facebook,FA23336,fb_app_install,2025-10-12,IE,ios,280.27,"12,090",299,56,16
2025-04-01,twitter,TW81908,x_app_installs,2024-12-25,PT,android,30.56,"7,326",81,8,2
2025-02-19,google,GO80599,google_display_retargeting,2024-10-27,SK,android,166.71,"7,067",370,56,7
2025-04-14,google,GO33641,google_display_retargeting,2025-04-03,BE,ios,256.65,"9,685",302,64,15
2025-08-08,twitter,TW42209,x_app_installs,2025-02-27,BE,ios,131.53,"16,477",411,38,6
2025-03-19,twitter,TW95354,x_app_installs,2024-12-15,RO,ios,171.42,"9,852",258,26,2
2025-02-16,facebook,FA23394,fb_retargeting,2025-02-09,HU,ios,246.47,"9,427",167,53,8
2025-12-11,facebook,FA66921,fb_retargeting,2025-12-02,FI,android,117.47,"6,129",200,47,6
2025-04-07,tiktok,TI58423,tt_app_installs,2024-12-02,PL,android,135.86,"15,838",859,243,56
2025-10-24,google,GO29109,google_youtube_video,2025-06-10,RO,android,97.41,"3,655",178,48,8
2025-03-10,google,GO93557,google_display_retargeting,2024-10-29,SI,ios,47.29,"4,856",182,38,2
2025-12-05,google,GO45561,google_search_brand,2025-10-05,HU,android,124.01,"6,512",317,74,10
2025-10-17,google,GO86905,google_search_brand,2025-07-09,FI,android,90.52,"2,725",168,40,3
2025-01-20,instagram,IN17717,ig_story_launch,2024-09-30,BG,android,68.08,"3,829",41,9,1
2025-05-15,instagram,IN42800,ig_story_launch,2025-04-24,CZ,android,201.98,"8,649",209,62,14
2025-04-26,facebook,FA69004,fb_retargeting,2025-04-20,LU,android,341.32,"14,480",460,157,21
2025-12-18,instagram,IN67013,ig_app_install,2025-11-09,IT,android,129.68,"11,700",117,31,4
2025-07-30,facebook,FA36515,fb_app_install,2025-07-13,BG,ios,77.42,"7,219",94,29,8
2025-08-18,twitter,TW50955,x_awareness,2025-03-15,SI,android,42.91,"5,536",39,7,1
2025-02-15,facebook,FA19127,fb_brand_awareness,2024-12-27,CY,ios,141.79,"9,495",256,88,14
2025-09-15,facebook,FA46079,fb_brand_awareness,2025-07-10,FI,ios,71.96,"7,131",60,11,2
2025-10-26,affiliate,AF38820,aff_summer,2025-09-29,HU,ios,60.03,"5,459",34,6,0
2025-07-08,twitter,TW59993,x_retargeting,2025-02-20,LV,android,65.44,"4,899",71,12,2
2025-09-28,tiktok,TI50144,tt_app_installs,2025-05-20,LU,ios,282.45,"15,993",550,90,8
2025-12-16,facebook,FA66172,fb_brand_awareness,2025-09-22,RO,android,129.30,"7,255",169,34,8
2025-03-16,facebook,FA38634,fb_conversion_2025,2025-02-07,DE,android,76.55,"8,104",209,39,3
2025-07-30,tiktok,TI83502,tt_app_installs,2025-03-01,PL,ios,155.32,"9,717",468,133,24
2025-10-04,google,GO79815,google_pmax_2025,2025-05-13,BG,android,130.18,"7,471",274,74,5
2025-03-10,google,GO88711,google_display_retargeting,2025-01-14,CZ,ios,134.94,"13,378",854,123,26
2025-01-04,tiktok,TI72771,tt_conversion_2025,2024-11-23,FR,android,203.20,"11,123",308,62,12
2025-12-31,facebook,FA13543,fb_conversion_2025,2025-12-12,LV,ios,36.89,"4,898",104,32,2
2025-12-22,affiliate,AF35888,aff_autumn,2025-09-17,SK,ios,206.03,"18,395",292,32,5
2025-05-20,instagram,IN95837,ig_app_install,2025-01-27,DK,ios,142.88,"13,918",151,17,5
2025-05-27,affiliate,AF84667,aff_spring,2025-02-06,LV,android,64.97,"8,264",47,3,0
2025-03-02,facebook,FA99552,fb_conversion_2025,2024-11-10,LV,android,183.36,"9,824",261,74,10
2025-06-04,facebook,FA93230,fb_app_install,2025-04-29,DE,ios,158.70,"13,245",438,151,43
2025-11-06,google,GO58167,google_search_brand,2025-06-25,HU,ios,164.87,"7,543",317,68,7
2025-09-07,instagram,IN11963,ig_story_launch,2025-06-01,PT,ios,242.21,"10,811",290,77,18
2025-09-09,affiliate,AF27221,aff_spring,2025-02-23,BG,ios,133.00,"17,827",134,21,2
2025-05-01,affiliate,AF86441,aff_spring,2024-12-29,LV,ios,45.07,"10,136",77,7,0
2025-03-05,tiktok,TI72714,tt_app_installs,2025-01-22,EE,ios,121.82,"10,076",397,100,18
2025-09-08,facebook,FA43367,fb_retargeting,2025-06-22,PL,ios,96.57,"15,382",446,79,19
2025-09-14,google,GO64681,google_search_brand,2025-04-26,IT,ios,366.10,"18,638",413,68,6
2025-09-26,twitter,TW78225,x_app_installs,2025-04-07,SE,ios,133.30,"10,116",256,41,8
2025-03-14,facebook,FA41368,fb_brand_awareness,2025-01-26,NL,ios,121.60,"17,857",476,159,36
2025-05-05,facebook,FA82972,fb_retargeting,2025-01-10,IE,android,244.31,"9,576",239,61,18
2025-06-01,affiliate,AF76735,aff_autumn,2024-12-02,DE,ios,154.98,"13,230",259,28,5
2025-07-02,affiliate,AF98909,aff_spring,2025-05-26,DE,ios,85.69,"6,191",49,3,1
2025-01-10,facebook,FA87911,fb_retargeting,2024-11-20,DE,ios,60.84,"2,649",51,16,4
2025-12-08,facebook,FA39870,fb_conversion_2025,2025-11-07,CY,android,152.29,"6,203",214,42,11
2025-07-20,instagram,IN16590,ig_reels_push,2025-04-05,LU,ios,76.82,"7,758",220,64,6
2025-08-11,tiktok,TI43762,tt_conversion_2025,2025-04-10,MT,ios,112.07,"11,169",140,19,4
2025-03-07,instagram,IN25852,ig_app_install,2025-01-16,ES,android,133.93,"8,300",171,18,5
2025-05-13,instagram,IN81942,ig_app_install,2025-01-23,LV,ios,266.76,"13,517",571,90,20
2025-02-01,facebook,FA77539,fb_app_install,2024-12-16,CZ,ios,95.05,"3,602",90,21,4
2025-04-22,affiliate,AF10051,aff_summer,2024-07-02,IE,android,58.87,"6,295",95,5,0
2025-08-26,affiliate,AF98091,aff_spring,2025-06-25,DK,ios,77.91,"8,327",173,22,1
2025-04-22,affiliate,AF70466,aff_summer,2024-06-26,LT,android,32.55,"10,193",244,29,4
2025-03-02,tiktok,TI23654,tt_conversion_2025,2024-11-15,CZ,ios,199.85,"9,115",125,28,2
2025-07-23,twitter,TW90565,x_web_conversions,2025-02-07,RO,android,142.13,"15,174",330,38,4
2025-12-23,twitter,TW92089,x_app_installs,2025-10-18,PL,android,92.70,"5,687",102,15,3
2025-03-06,google,GO21156,google_youtube_video,2025-02-08,AT,ios,243.11,"8,444",251,26,7
2025-11-24,instagram,IN90853,ig_app_install,2025-08-19,LT,ios,211.73,"9,994",398,119,28
2025-02-16,twitter,TW94124,x_awareness,2024-11-08,SI,ios,38.45,"4,341",130,10,2
2025-11-02,tiktok,TI81980,tt_conversion_2025,2025-11-01,FI,ios,148.18,"10,500",244,36,2
2025-06-29,instagram,IN74366,ig_app_install,2025-06-07,ES,ios,175.33,"8,143",319,45,6
2025-12-24,affiliate,AF94719,aff_autumn,2025-12-06,LV,ios,60.02,"6,212",66,9,2
2025-05-24,instagram,IN47487,ig_app_install,2025-03-15,BE,android,200.73,"8,430",352,103,6
2025-06-26,google,GO87166,google_display_retargeting,2025-06-16,IE,android,113.04,"8,096",187,29,8
2025-09-18,google,GO71351,google_youtube_video,2025-05-26,BE,ios,111.87,"5,438",225,41,9
2025-09-01,affiliate,AF28260,aff_winter,2024-12-03,LU,ios,38.27,"4,098",58,9,0
2025-10-13,instagram,IN22836,ig_app_install,2025-09-03,LV,ios,145.46,"9,708",258,69,9
2025-02-15,facebook,FA65779,fb_retargeting,2024-12-19,SK,android,261.60,"11,505",295,56,5
2025-09-23,twitter,TW58702,x_awareness,2025-05-09,IE,ios,33.80,"8,602",188,13,2
2025-12-27,affiliate,AF81609,aff_summer,2025-05-20,EE,ios,14.02,"1,969",22,3,0
2025-07-07,google,GO43645,google_display_retargeting,2025-03-18,HR,ios,168.50,"14,281",525,145,28
2025-10-01,affiliate,AF49313,aff_autumn,2025-05-16,DK,android,65.06,"9,193",228,37,1
2025-05-14,instagram,IN69228,ig_app_install,2025-01-21,LV,android,90.38,"9,987",406,96,19
2025-11-17,facebook,FA51876,fb_brand_awareness,2025-08-17,CY,ios,88.90,"13,940",150,28,7
2025-02-28,twitter,TW29856,x_retargeting,2025-01-29,CZ,android,163.38,"10,460",192,33,4
2025-09-25,google,GO31601,google_display_retargeting,2025-07-28,IT,ios,107.27,"10,946",411,35,11
2025-05-05,affiliate,AF61901,aff_summer,2024-11-24,FI,ios,25.08,"4,714",65,8,1
2025-06-26,google,GO26679,google_display_retargeting,2025-05-26,BE,ios,91.05,"4,167",222,43,6
2025-01-23,google,GO53558,google_display_retargeting,2024-10-06,HR,android,386.38,"13,210",772,179,39
2025-01-07,tiktok,TI28631,tt_creator_push,2024-10-10,CZ,android,94.49,"15,549",463,77,18
2025-10-23,instagram,IN91855,ig_reels_push,2025-07-07,NL,ios,216.92,"10,851",191,57,14
2025-01-20,affiliate,AF74555,aff_spring,2024-09-24,MT,ios,126.87,"12,966",198,14,2
2025-10-01,facebook,FA47185,fb_brand_awareness,2025-06-18,LT,android,171.33,"6,800",88,26,4
2025-07-22,instagram,IN90857,ig_story_launch,2025-04-08,SE,android,124.69,"10,783",149,38,3
2025-08-16,google,GO54859,google_search_brand,2025-03-15,SK,android,116.81,"7,455",450,92,12
2025-11-02,affiliate,AF53270,aff_spring,2025-09-18,EE,android,45.13,"5,080",126,6,1
2025-07-12,tiktok,TI50000,tt_conversion_2025,2025-05-12,MT,ios,89.20,"6,563",352,84,17
2025-06-11,twitter,TW36825,x_app_installs,2025-03-16,IE,ios,33.53,"4,113",117,24,2
2025-02-17,facebook,FA25900,fb_brand_awareness,2024-10-29,SK,ios,121.60,"4,593",142,36,6
2025-09-02,tiktok,TI64641,tt_creator_push,2025-07-31,LV,ios,26.47,"6,110",116,29,4
2025-04-29,tiktok,TI42863,tt_creator_push,2025-01-02,EE,ios,44.97,"7,444",279,77,10
2025-05-06,twitter,TW58263,x_app_installs,2025-04-18,RO,android,140.17,"12,857",383,38,3
2025-11-22,instagram,IN41147,ig_retargeting,2025-09-23,GR,android,205.19,"16,159",484,134,7
2025-03-24,instagram,IN91380,ig_app_install,2025-02-14,AT,android,111.32,"12,013",352,85,14
2025-05-22,affiliate,AF78196,aff_summer,2024-11-03,CZ,android,125.85,"16,225",317,27,1
2025-06-14,twitter,TW30556,x_app_installs,2025-03-10,IT,android,24.05,"1,471",14,2,0
2025-03-03,instagram,IN46688,ig_story_launch,2025-01-20,CZ,android,176.41,"8,440",270,63,6
2025-07-20,affiliate,AF96314,aff_autumn,2025-03-08,RO,ios,115.16,"12,247",283,22,1
2025-05-26,affiliate,AF58623,aff_winter,2024-09-06,HU,android,53.27,"10,939",102,12,1
2025-05-21,twitter,TW33655,x_app_installs,2024-12-06,FR,android,138.32,"13,205",172,31,2
2025-05-20,google,GO11144,google_display_retargeting,2025-05-05,ES,ios,177.57,"11,087",489,87,25
2025-06-26,twitter,TW43744,x_awareness,2025-03-21,SK,ios,103.38,"10,860",276,35,6
2025-12-17,twitter,TW59738,x_awareness,2025-12-15,BE,ios,54.95,"6,490",129,24,4
2025-09-08,tiktok,TI14290,tt_spark_ads,2025-07-24,IT,ios,94.72,"4,720",202,51,6
2025-07-01,google,GO71810,google_pmax_2025,2025-06-27,CZ,ios,219.25,"19,356",1202,165,35
2025-05-26,twitter,TW72473,x_web_conversions,2025-04-08,CY,android,82.51,"8,936",80,10,1
2025-01-28,instagram,IN12808,ig_app_install,2024-12-21,PL,android,226.84,"11,034",470,112,6
2025-09-02,affiliate,AF52136,aff_spring,2024-12-17,SI,ios,190.38,"15,323",364,42,2
2025-06-29,google,GO70002,google_pmax_2025,2025-02-23,FI,android,184.69,"10,901",481,125,14
2025-01-18,google,GO26321,google_search_brand,2024-08-31,BG,android,36.27,"3,599",148,16,2
2025-11-07,google,GO77114,google_youtube_video,2025-10-05,LV,ios,165.05,"10,410",495,51,16
2025-05-23,tiktok,TI42161,tt_spark_ads,2025-02-16,IT,android,58.24,"3,367",93,24,4
2025-10-20,affiliate,AF18430,aff_winter,2025-10-13,DK,android,89.69,"10,643",99,8,1
2025-06-02,facebook,FA98732,fb_app_install,2025-04-06,HU,ios,90.51,"3,933",67,9,3
2025-11-05,google,GO69668,google_search_brand,2025-08-15,HR,ios,147.68,"4,635",313,85,21
2025-03-22,google,GO97328,google_search_brand,2024-11-17,RO,ios,123.29,"6,254",256,42,3
2025-03-26,tiktok,TI94798,tt_conversion_2025,2024-11-13,DK,ios,202.56,"11,356",433,80,12
2025-12-05,google,GO64030,google_youtube_video,2025-11-30,PT,ios,354.95,"10,143",371,60,13
2025-05-25,tiktok,TI59262,tt_spark_ads,2025-01-10,IE,android,175.44,"17,210",721,190,18
2025-03-17,affiliate,AF35757,aff_winter,2024-08-27,FR,ios,185.96,"20,755",374,60,10
2025-04-07,facebook,FA59962,fb_app_install,2025-02-21,ES,ios,84.82,"9,042",83,25,4
2025-01-16,twitter,TW16421,x_awareness,2025-01-04,IE,android,60.18,"8,786",146,26,4
2025-07-04,affiliate,AF47077,aff_summer,2025-06-02,LV,android,105.38,"8,194",155,24,3
2025-08-27,tiktok,TI46589,tt_spark_ads,2025-07-03,MT,ios,167.89,"8,453",132,36,2
2025-02-11,google,GO32766,google_display_retargeting,2025-01-11,ES,android,304.61,"9,404",507,114,27
2025-06-10,instagram,IN55975,ig_story_launch,2025-02-26,GR,android,143.73,"8,360",240,25,2
2025-08-05,facebook,FA28722,fb_retargeting,2025-04-25,GR,android,141.42,"19,777",401,106,20
2025-12-22,tiktok,TI39346,tt_conversion_2025,2025-12-15,NL,ios,86.40,"7,266",131,32,3
2025-12-24,affiliate,AF83728,aff_summer,2025-09-01,CZ,ios,108.54,"13,827",288,43,6
2025-07-15,affiliate,AF66224,aff_spring,2024-10-05,CZ,ios,27.11,"3,276",55,3,1
2025-02-03,facebook,FA54067,fb_app_install,2024-11-08,DE,ios,173.20,"9,515",198,66,7
2025-11-19,tiktok,TI73203,tt_spark_ads,2025-06-27,GR,ios,209.48,"13,262",505,91,5
2025-03-29,instagram,IN85324,ig_app_install,2025-03-15,PT,android,190.02,"9,301",416,75,7
2025-04-23,google,GO40875,google_display_retargeting,2024-12-11,GR,android,140.41,"9,321",219,39,7
2025-03-01,twitter,TW15404,x_web_conversions,2025-01-07,LU,android,127.51,"11,914",242,37,2
2025-09-13,facebook,FA93453,fb_app_install,2025-06-11,HU,android,135.93,"10,045",254,58,15
2025-05-16,instagram,IN64112,ig_story_launch,2025-04-01,DE,ios,135.99,"7,350",144,22,5
2025-08-27,facebook,FA59515,fb_conversion_2025,2025-08-11,PL,android,66.64,"9,838",100,28,3
2025-05-26,tiktok,TI36622,tt_spark_ads,2025-05-01,SI,ios,165.64,"10,193",541,79,12
2025-09-30,twitter,TW12944,x_retargeting,2025-08-09,DE,ios,66.89,"6,433",107,15,2
2025-12-21,affiliate,AF30497,aff_autumn,2025-05-31,BE,ios,152.87,"13,108",149,27,3
2025-09-04,affiliate,AF45449,aff_winter,2025-03-03,FR,ios,25.82,"7,566",76,9,0
2025-08-08,tiktok,TI76988,tt_conversion_2025,2025-07-21,IT,android,57.79,"3,412",54,7,1
2025-05-04,facebook,FA37924,fb_conversion_2025,2025-04-05,BE,ios,173.84,"9,456",286,86,23
2025-03-28,twitter,TW34099,x_web_conversions,2024-12-01,ES,android,48.54,"8,567",84,13,3
2025-12-11,instagram,IN28008,ig_app_install,2025-09-27,BG,android,116.83,"7,787",224,61,4
2025-01-31,affiliate,AF10975,aff_winter,2024-06-23,LT,android,14.18,"6,844",162,29,5
2025-12-06,instagram,IN50251,ig_story_launch,2025-08-09,DE,ios,62.42,"4,168",44,9,1
2025-02-22,affiliate,AF46726,aff_summer,2024-05-23,HU,ios,12.15,"5,501",65,8,1
2025-09-19,affiliate,AF51644,aff_autumn,2024-12-05,GR,android,43.19,"8,419",61,5,1
2025-04-17,google,GO19680,google_search_brand,2025-04-02,FR,android,223.13,"12,541",634,173,41
2025-10-09,google,GO86680,google_pmax_2025,2025-10-07,IT,ios,114.90,"3,452",155,33,9
2025-02-13,instagram,IN22056,ig_story_launch,2025-01-20,SK,android,125.77,"10,586",135,14,3
2025-06-01,tiktok,TI96113,tt_spark_ads,2025-05-16,CZ,android,101.65,"4,875",195,35,8
2025-04-17,affiliate,AF33390,aff_autumn,2024-07-03,CY,ios,106.41,"17,213",391,56,10
2025-01-04,instagram,IN97829,ig_retargeting,2024-11-01,FR,android,89.67,"9,797",210,54,14
2025-04-21,twitter,TW46764,x_awareness,2024-10-29,BG,android,77.32,"6,896",204,41,3
2025-07-05,facebook,FA58865,fb_app_install,2025-05-19,IE,android,231.32,"12,979",222,54,5
2025-05-12,tiktok,TI28281,tt_conversion_2025,2025-01-20,LU,android,88.38,"4,435",181,33,3
2025-05-14,affiliate,AF98304,aff_spring,2024-10-07,DK,ios,9.50,"3,530",27,5,1
2025-02-02,tiktok,TI36576,tt_spark_ads,2024-11-08,LU,android,52.42,"9,746",131,21,3
2025-10-09,facebook,FA29623,fb_conversion_2025,2025-09-02,SE,android,120.98,"18,647",226,34,10
2025-07-19,tiktok,TI97750,tt_creator_push,2025-06-08,EE,ios,122.86,"11,309",373,90,21
2025-04-07,facebook,FA99125,fb_retargeting,2024-12-21,FI,android,32.00,"4,518",85,16,4
2025-09-12,affiliate,AF20040,aff_autumn,2025-01-02,HR,android,147.82,"12,868",263,18,2
2025-04-27,tiktok,TI49758,tt_conversion_2025,2024-12-05,LV,ios,42.02,"5,522",266,69,15
2025-10-11,facebook,FA20472,fb_app_install,2025-07-08,SI,android,87.81,"9,451",140,32,9
2025-06-06,tiktok,TI76231,tt_app_installs,2025-04-15,NL,android,120.94,"10,816",387,63,6
2025-06-04,twitter,TW22460,x_retargeting,2025-03-30,MT,android,69.87,"9,611",273,27,5
2025-06-15,google,GO35215,google_youtube_video,2025-05-20,RO,ios,68.10,"7,955",208,19,4
2025-09-16,google,GO91234,google_search_brand,2025-07-24,FI,ios,166.74,"8,326",312,74,16
2025-04-26,twitter,TW35382,x_app_installs,2024-12-08,CY,android,50.17,"6,890",142,10,2
2025-03-08,tiktok,TI56384,tt_conversion_2025,2024-12-22,GR,ios,31.82,"7,212",334,36,7
2025-06-23,facebook,FA12355,fb_conversion_2025,2025-04-07,GR,android,229.54,"17,433",466,145,9
2025-12-15,affiliate,AF48842,aff_summer,2025-10-10,BE,android,12.99,"3,001",27,5,1
2025-10-01,google,GO78590,google_search_brand,2025-07-22,LT,ios,172.43,"5,734",310,59,6
2025-10-27,affiliate,AF90118,aff_spring,2025-10-05,SI,ios,134.79,"11,730",137,18,3
2025-02-07,twitter,TW85017,x_web_conversions,2024-12-26,LU,android,137.09,"12,243",223,16,3
2025-01-12,google,GO43292,google_pmax_2025,2024-11-24,FI,android,134.45,"7,945",235,19,2
2025-11-15,facebook,FA54785,fb_conversion_2025,2025-09-05,SE,ios,90.31,"6,035",130,21,4
2025-09-21,facebook,FA79484,fb_retargeting,2025-06-03,LT,android,103.27,"7,368",229,78,17
2025-04-04,google,GO17213,google_youtube_video,2024-11-18,IE,android,247.84,"8,475",444,56,11
2025-03-30,instagram,IN81255,ig_app_install,2025-02-04,DK,ios,138.78,"10,047",131,15,2
2025-04-17,twitter,TW97089,x_web_conversions,2025-04-09,SE,ios,164.83,"11,099",255,18,4
2025-04-24,twitter,TW92331,x_app_installs,2025-02-21,IE,android,133.02,"7,918",87,7,1
2025-10-05,facebook,FA41351,fb_app_install,2025-07-24,SE,ios,355.73,"15,871",256,34,8
2025-09-22,facebook,FA54700,fb_brand_awareness,2025-09-14,GR,android,358.09,"13,435",169,36,9
2025-02-12,affiliate,AF97104,aff_summer,2024-07-07,CY,android,70.40,"12,434",243,37,2
2025-09-20,twitter,TW61188,x_awareness,2025-03-31,CZ,android,131.37,"9,373",98,21,4
2025-04-21,facebook,FA93094,fb_app_install,2025-01-08,EE,ios,192.49,"11,887",158,25,5
2025-11-30,affiliate,AF80408,aff_spring,2025-04-26,RO,ios,82.14,"10,209",177,29,5
2025-11-08,google,GO45169,google_display_retargeting,2025-08-01,DK,ios,215.81,"7,956",172,36,8
2025-06-18,facebook,FA81148,fb_brand_awareness,2025-06-17,RO,ios,125.19,"5,285",124,34,6
2025-05-21,facebook,FA68642,fb_app_install,2025-04-04,SI,android,167.22,"7,970",109,33,7
2025-02-26,tiktok,TI49931,tt_app_installs,2024-11-17,DK,ios,150.75,"12,737",452,115,29
2025-08-15,facebook,FA11929,fb_app_install,2025-07-10,LV,ios,126.33,"7,447",204,40,8
2025-11-12,google,GO88636,google_search_brand,2025-09-20,BG,android,150.92,"7,386",183,45,12
2025-07-07,affiliate,AF59647,aff_winter,2025-06-20,SI,ios,82.08,"8,478",130,16,2
2025-10-08,facebook,FA51524,fb_retargeting,2025-07-02,MT,ios,100.07,"7,181",66,23,6
2025-06-22,instagram,IN32327,ig_reels_push,2025-04-19,AT,ios,221.48,"10,786",293,51,11
2025-07-28,instagram,IN11601,ig_reels_push,2025-07-19,MT,android,145.20,"11,986",289,67,11
2025-06-02,google,GO11927,google_display_retargeting,2025-02-13,LT,ios,68.93,"8,511",307,75,5
2025-11-22,twitter,TW40341,x_app_installs,2025-06-16,HR,ios,322.27,"21,826",283,45,6
2025-03-17,twitter,TW40497,x_web_conversions,2025-01-07,RO,ios,64.59,"5,752",116,18,1
2025-08-21,google,GO35463,google_display_retargeting,2025-08-01,SI,ios,121.95,"6,318",135,16,3
2025-12-08,affiliate,AF71970,aff_winter,2025-06-21,DK,android,90.73,"7,402",42,7,0
2025-08-04,google,GO29575,google_display_retargeting,2025-03-22,IT,ios,130.13,"9,113",607,132,32
2025-04-17,instagram,IN81038,ig_reels_push,2025-01-03,HU,android,98.32,"7,741",282,61,4
2025-07-25,instagram,IN59545,ig_retargeting,2025-07-18,IE,ios,159.17,"6,910",207,22,5
2025-03-03,google,GO87150,google_search_brand,2024-10-13,IT,ios,68.68,"2,365",156,33,6
2025-01-09,twitter,TW55652,x_web_conversions,2024-12-21,LV,android,73.43,"4,210",67,11,2
2025-07-07,affiliate,AF56696,aff_summer,2025-01-25,LU,ios,92.36,"7,325",166,23,2
2025-10-31,facebook,FA95904,fb_conversion_2025,2025-08-09,LV,ios,111.09,"7,843",193,48,5
2025-12-12,tiktok,TI53086,tt_spark_ads,2025-09-07,IT,android,63.23,"7,719",395,70,4
2025-10-31,affiliate,AF19741,aff_autumn,2025-10-03,EE,android,49.98,"9,982",122,16,2
2025-12-02,google,GO27399,google_youtube_video,2025-07-02,DK,ios,213.91,"6,434",412,78,10
2025-04-03,tiktok,TI82799,tt_spark_ads,2025-04-01,CZ,ios,247.27,"13,170",297,72,12
2025-03-03,affiliate,AF16405,aff_autumn,2024-07-21,PT,ios,57.34,"9,998",186,33,2
2025-11-28,tiktok,TI80231,tt_creator_push,2025-11-11,LT,ios,305.29,"14,961",647,166,20
2025-08-28,facebook,FA51705,fb_retargeting,2025-06-12,HU,android,113.30,"4,740",121,39,3
2025-02-23,affiliate,AF88243,aff_winter,2024-07-23,SK,ios,13.34,"3,778",73,6,1
2025-08-07,facebook,FA55678,fb_conversion_2025,2025-05-19,DK,android,278.01,"10,473",350,114,22
2025-05-05,instagram,IN57511,ig_story_launch,2025-01-07,HR,ios,176.16,"23,068",562,85,12
2025-07-20,tiktok,TI75316,tt_creator_push,2025-06-27,FI,android,78.19,"10,738",332,91,5
2025-09-18,affiliate,AF29622,aff_autumn,2025-06-05,GR,android,31.85,"8,046",185,30,3
2025-05-16,affiliate,AF75035,aff_autumn,2024-12-24,LV,android,27.83,"5,101",115,18,2
2025-06-06,instagram,IN89475,ig_story_launch,2025-05-24,HR,ios,348.79,"15,336",522,89,15
2025-10-07,google,GO97469,google_youtube_video,2025-05-19,LV,ios,319.95,"17,484",724,76,15
2025-12-28,affiliate,AF70378,aff_spring,2025-03-22,AT,ios,22.32,"8,372",144,16,1
2025-11-23,affiliate,AF37823,aff_winter,2025-09-20,SE,ios,51.30,"6,997",114,11,0
2025-03-02,tiktok,TI54407,tt_app_installs,2024-11-23,CZ,android,100.08,"8,606",433,132,12
2025-01-29,twitter,TW55630,x_awareness,2024-10-21,CY,android,152.03,"8,637",82,7,1
2025-12-06,twitter,TW97732,x_app_installs,2025-08-24,SI,ios,39.74,"8,498",202,34,3
2025-10-15,affiliate,AF47429,aff_autumn,2025-06-24,ES,android,13.24,"3,905",56,8,1
2025-05-01,instagram,IN49732,ig_reels_push,2025-04-29,PT,android,60.69,"9,899",362,71,12
2025-10-25,tiktok,TI86524,tt_spark_ads,2025-07-24,LU,android,63.06,"7,617",178,30,5
2025-06-03,twitter,TW98591,x_app_installs,2025-05-19,SI,ios,32.29,"4,117",64,13,1
2025-02-01,tiktok,TI42261,tt_app_installs,2024-09-10,HU,android,273.29,"12,629",501,108,12
2025-09-19,google,GO75620,google_youtube_video,2025-05-01,IT,android,345.40,"10,291",244,45,12
2025-01-03,facebook,FA12838,fb_app_install,2025-01-03,CZ,android,87.86,"13,223",107,13,2
2025-01-31,affiliate,AF73295,aff_spring,2024-07-25,LV,android,32.08,"12,652",67,8,1
2025-03-30,instagram,IN56125,ig_reels_push,2025-02-01,RO,android,42.07,"7,366",134,36,7
2025-06-16,tiktok,TI15349,tt_app_installs,2025-04-12,MT,android,43.94,"3,355",56,11,2
2025-09-04,affiliate,AF15493,aff_autumn,2024-11-15,LV,ios,86.00,"6,905",167,10,1
2025-12-22,twitter,TW32735,x_app_installs,2025-08-10,HU,android,71.78,"6,280",84,5,0
2025-05-22,tiktok,TI39123,tt_creator_push,2025-03-15,NL,android,270.58,"15,342",284,64,13
2025-07-27,google,GO44648,google_pmax_2025,2025-07-27,BE,ios,151.73,"4,377",246,21,2
2025-12-14,twitter,TW72513,x_app_installs,2025-11-13,CY,android,32.51,"8,235",64,6,0
2025-05-27,google,GO71134,google_search_brand,2025-04-10,SI,android,85.53,"8,500",542,62,8
2025-01-10,tiktok,TI56475,tt_app_installs,2024-08-31,IE,android,144.39,"9,812",390,120,12
2025-09-03,google,GO39367,google_youtube_video,2025-08-24,GR,ios,174.46,"14,405",794,133,18
2025-05-24,affiliate,AF60050,aff_spring,2025-02-11,EE,ios,55.55,"7,248",32,5,0
2025-05-18,affiliate,AF21039,aff_summer,2025-03-29,MT,ios,129.77,"9,284",115,9,1
2025-07-31,affiliate,AF33640,aff_winter,2024-11-29,FR,ios,27.87,"5,904",124,6,1
2025-08-20,google,GO22227,google_display_retargeting,2025-08-01,AT,android,129.01,"5,039",282,34,3
2025-09-26,facebook,FA67751,fb_brand_awareness,2025-08-29,PT,android,147.22,"5,410",88,14,2
2025-04-06,twitter,TW66724,x_retargeting,2025-02-08,FI,ios,44.47,"8,282",76,15,3
2025-06-11,affiliate,AF84453,aff_autumn,2025-02-27,MT,ios,19.79,"7,397",139,10,1
2025-02-25,google,GO46201,google_youtube_video,2024-11-08,MT,android,219.53,"7,275",264,30,2
2025-06-04,google,GO35793,google_search_brand,2025-04-08,ES,android,225.08,"9,493",317,39,11
2025-04-22,facebook,FA96766,fb_retargeting,2025-01-13,DE,android,105.47,"15,576",230,37,6
2025-03-11,twitter,TW11525,x_awareness,2024-11-24,CZ,android,120.11,"10,544",293,49,8
2025-12-13,google,GO91165,google_youtube_video,2025-08-04,DK,android,102.32,"5,876",345,65,6
2025-09-13,affiliate,AF56716,aff_winter,2025-04-24,SE,ios,63.85,"9,403",158,13,1
2025-05-04,google,GO58980,google_pmax_2025,2025-03-09,BE,android,128.77,"5,305",342,35,2
2025-02-07,twitter,TW87875,x_retargeting,2024-11-13,ES,ios,221.70,"12,818",132,17,2
2025-07-30,twitter,TW55785,x_app_installs,2025-07-05,RO,ios,224.14,"16,251",418,35,2
2025-03-11,twitter,TW96483,x_awareness,2025-01-19,FI,ios,42.74,"10,957",297,64,12
2025-10-20,twitter,TW63252,x_retargeting,2025-07-09,IE,ios,45.41,"5,850",88,8,2
2025-08-02,google,GO19402,google_search_brand,2025-03-07,PL,android,67.95,"7,950",555,126,10
2025-06-28,twitter,TW91618,x_awareness,2025-06-06,IE,android,111.16,"7,545",212,33,2
2025-07-11,instagram,IN15149,ig_story_launch,2025-05-20,HU,android,45.70,"6,954",296,46,10
2025-12-31,twitter,TW52967,x_retargeting,2025-09-19,PT,ios,169.42,"13,559",314,54,8
2025-09-07,facebook,FA94528,fb_retargeting,2025-06-02,MT,android,128.94,"11,633",350,101,25
2025-07-28,instagram,IN15663,ig_story_launch,2025-07-25,FI,android,167.84,"13,017",544,109,22
2025-05-05,twitter,TW19585,x_app_installs,2025-04-16,LT,ios,122.57,"7,698",172,22,4
2025-03-03,google,GO57679,google_youtube_video,2024-12-11,CY,ios,287.30,"10,378",308,56,10
2025-09-09,instagram,IN73537,ig_reels_push,2025-08-05,IE,android,90.20,"6,687",297,52,12
2025-09-22,google,GO87972,google_search_brand,2025-04-22,PL,ios,192.50,"11,123",738,155,48
2025-02-22,tiktok,TI70047,tt_spark_ads,2024-10-18,SE,android,55.21,"12,873",345,74,9
2025-03-06,affiliate,AF52876,aff_spring,2024-10-28,FI,ios,71.70,"12,508",183,30,3
2025-11-23,tiktok,TI20909,tt_conversion_2025,2025-08-10,HR,ios,57.08,"13,266",308,89,11
2025-12-19,instagram,IN55812,ig_app_install,2025-10-06,EE,android,138.65,"7,158",180,20,4
2025-08-13,tiktok,TI65833,tt_creator_push,2025-06-14,LU,android,114.65,"8,507",449,52,9
2025-06-29,tiktok,TI20935,tt_app_installs,2025-04-25,DK,ios,69.75,"4,772",108,19,3
2025-06-30,google,GO12590,google_display_retargeting,2025-06-25,AT,android,254.19,"7,548",324,89,6
2025-01-22,google,GO15293,google_display_retargeting,2024-11-24,PL,ios,72.73,"4,790",304,56,9
2025-10-08,affiliate,AF46389,aff_autumn,2024-12-25,ES,ios,79.29,"5,884",70,8,1
2025-06-09,facebook,FA35123,fb_app_install,2025-04-30,DE,android,41.11,"5,328",179,42,6
2025-11-25,facebook,FA35187,fb_brand_awareness,2025-10-11,GR,ios,275.77,"11,621",280,52,12
2025-01-24,tiktok,TI64476,tt_conversion_2025,2024-08-28,EE,ios,34.24,"3,987",165,31,4
2025-03-31,twitter,TW26585,x_app_installs,2025-01-02,LT,android,90.71,"5,929",99,9,1
2025-05-10,tiktok,TI70896,tt_app_installs,2025-03-17,EE,ios,118.66,"7,349",336,39,10
2025-11-26,google,GO15271,google_pmax_2025,2025-08-03,SE,android,250.78,"10,584",388,97,28
2025-12-05,affiliate,AF44062,aff_spring,2025-10-21,IE,ios,182.40,"15,474",246,21,2
2025-11-07,instagram,IN55635,ig_app_install,2025-09-02,CZ,ios,139.27,"12,993",551,94,20
2025-01-10,google,GO27171,google_youtube_video,2024-12-16,IE,android,153.82,"9,518",650,118,37
2025-11-24,twitter,TW73828,x_app_installs,2025-06-11,LV,android,47.35,"8,331",241,40,6
2025-10-01,affiliate,AF84383,aff_winter,2025-02-21,DE,android,63.27,"9,842",166,18,1
2025-04-24,tiktok,TI32163,tt_conversion_2025,2025-02-19,FI,ios,147.26,"7,473",231,55,8
2025-07-17,google,GO14558,google_youtube_video,2025-03-04,RO,android,129.75,"7,790",330,34,2
2025-03-12,google,GO31891,google_search_brand,2025-03-01,PL,ios,94.39,"8,866",595,157,46
2025-10-18,affiliate,AF96184,aff_winter,2025-02-15,RO,ios,85.60,"11,166",180,9,2
2025-08-19,google,GO55902,google_youtube_video,2025-05-26,FR,android,124.33,"4,023",279,43,8
2025-11-02,affiliate,AF82964,aff_winter,2025-01-10,LU,ios,92.48,"7,109",45,3,0
2025-02-20,tiktok,TI12766,tt_creator_push,2024-11-07,AT,android,192.05,"11,010",429,43,9
2025-05-23,google,GO87818,google_pmax_2025,2025-05-23,BG,ios,329.62,"20,514",948,191,61
2025-10-21,google,GO17583,google_display_retargeting,2025-09-06,CZ,android,155.52,"7,020",247,56,6
2025-03-27,affiliate,AF71679,aff_summer,2024-10-03,ES,android,81.55,"6,693",120,19,2
2025-01-27,facebook,FA66995,fb_conversion_2025,2024-11-16,BG,android,179.60,"10,272",346,120,26
2025-07-03,tiktok,TI52530,tt_creator_push,2025-03-27,SE,android,64.57,"13,438",569,93,5
2025-05-30,affiliate,AF87125,aff_autumn,2024-11-17,SE,ios,54.97,"4,341",37,3,0
2025-10-27,instagram,IN66919,ig_reels_push,2025-09-22,LT,ios,131.86,"7,225",162,23,4
2025-01-31,google,GO21955,google_youtube_video,2024-11-08,NL,android,210.60,"7,576",335,65,12
2025-02-26,tiktok,TI34419,tt_app_installs,2024-12-23,SI,ios,197.49,"14,887",492,60,7
2025-01-04,affiliate,AF93552,aff_spring,2024-10-06,PL,android,59.66,"4,464",64,7,1
2025-05-24,affiliate,AF62299,aff_spring,2025-02-13,AT,android,104.64,"13,053",297,51,6
2025-03-07,instagram,IN46116,ig_reels_push,2025-02-28,DE,ios,196.14,"25,252",443,46,10
2025-08-26,facebook,FA36930,fb_retargeting,2025-07-02,EE,ios,236.77,"10,859",133,35,10
2025-07-23,twitter,TW33157,x_retargeting,2025-03-18,ES,android,279.07,"16,085",294,56,7
2025-04-14,tiktok,TI81823,tt_creator_push,2024-12-10,SK,ios,70.64,"12,800",457,145,28
2025-11-13,google,GO18316,google_display_retargeting,2025-08-31,PT,android,156.39,"10,905",574,112,10
2025-06-01,google,GO88682,google_display_retargeting,2025-03-28,BG,android,250.95,"12,044",415,57,6
2025-11-17,google,GO99218,google_display_retargeting,2025-10-30,HU,android,296.65,"9,062",517,75,14
2025-07-29,twitter,TW27864,x_web_conversions,2025-07-11,AT,ios,78.41,"10,167",118,13,2
2025-05-31,twitter,TW36865,x_web_conversions,2025-03-30,BG,android,124.63,"11,776",298,41,8
2025-09-09,instagram,IN46232,ig_reels_push,2025-06-18,RO,ios,215.33,"9,603",182,41,10
2025-10-25,facebook,FA23068,fb_brand_awareness,2025-10-11,NL,android,182.87,"7,501",100,14,1
2025-08-28,twitter,TW17089,x_awareness,2025-08-17,CY,ios,132.92,"15,471",418,79,7
2025-03-20,google,GO26150,google_display_retargeting,2025-02-26,MT,ios,188.67,"10,747",617,131,23
2025-09-14,facebook,FA22777,fb_brand_awareness,2025-05-21,SI,android,136.10,"6,198",193,63,13
2025-09-08,affiliate,AF90166,aff_autumn,2025-05-06,HR,ios,33.16,"8,001",99,10,1
2025-09-09,affiliate,AF60321,aff_spring,2025-07-02,DK,android,51.04,"5,669",96,16,3
2025-02-17,google,GO91331,google_youtube_video,2024-09-19,HU,ios,173.54,"5,363",146,17,1
2025-03-16,tiktok,TI28640,tt_conversion_2025,2025-01-11,NL,ios,175.41,"14,736",678,199,48
2025-09-16,google,GO87664,google_display_retargeting,2025-05-04,IE,ios,79.99,"9,604",627,97,21
2025-02-23,tiktok,TI67872,tt_conversion_2025,2024-11-04,AT,android,126.72,"6,964",296,56,3
2025-05-06,google,GO44519,google_display_retargeting,2025-01-29,NL,android,140.50,"5,862",126,13,3
2025-03-03,instagram,IN71407,ig_reels_push,2024-11-17,MT,android,157.22,"8,846",312,39,7
2025-07-14,facebook,FA14225,fb_app_install,2025-03-20,LV,ios,204.99,"9,963",250,69,17
2025-06-07,google,GO51168,google_youtube_video,2025-03-19,PT,ios,272.41,"10,064",210,46,14
2025-12-25,affiliate,AF76573,aff_autumn,2025-04-27,RO,android,68.48,"7,133",69,7,1
2025-02-27,affiliate,AF54378,aff_summer,2024-09-26,BG,ios,30.72,"3,490",55,3,0
2025-12-29,twitter,TW28638,x_app_installs,2025-07-04,BE,android,91.99,"6,057",69,7,1
2025-02-18,instagram,IN37987,ig_story_launch,2025-02-16,GR,ios,227.10,"9,694",193,45,11
2025-03-17,facebook,FA71486,fb_conversion_2025,2024-12-12,LT,android,164.31,"13,378",238,80,21
2025-06-22,google,GO76247,google_youtube_video,2025-06-05,PT,android,150.46,"14,807",491,85,24
2025-07-18,instagram,IN49927,ig_app_install,2025-05-19,MT,ios,126.03,"9,293",158,17,3
2025-05-13,google,GO54390,google_display_retargeting,2024-12-21,LT,android,212.20,"10,279",524,125,36
2025-05-18,google,GO46176,google_youtube_video,2025-02-26,CY,ios,73.28,"8,067",412,59,6
2025-05-04,google,GO56295,google_youtube_video,2025-02-21,CY,android,232.21,"8,386",276,70,14
2025-01-14,facebook,FA33107,fb_conversion_2025,2024-10-09,BE,ios,263.36,"11,322",274,94,19
2025-03-26,tiktok,TI88563,tt_spark_ads,2025-02-05,SK,android,116.43,"15,245",824,168,12
2025-07-02,tiktok,TI70109,tt_spark_ads,2025-02-20,FI,android,210.47,"15,462",626,177,33
2025-02-01,twitter,TW86821,x_awareness,2024-10-30,IE,ios,190.63,"11,174",146,27,4
2025-09-09,google,GO35146,google_youtube_video,2025-06-25,SI,ios,36.52,"2,655",167,20,2
2025-02-22,twitter,TW16861,x_retargeting,2024-09-20,BE,ios,56.64,"8,466",86,8,1
2025-04-24,instagram,IN60978,ig_app_install,2025-01-12,EE,ios,59.80,"7,870",226,52,11
2025-10-26,facebook,FA97862,fb_brand_awareness,2025-09-07,FI,ios,124.45,"6,040",105,13,1
2025-10-17,affiliate,AF25689,aff_autumn,2025-05-02,IE,ios,123.35,"12,911",78,14,1
2025-06-15,tiktok,TI99422,tt_app_installs,2025-06-12,IT,android,117.39,"6,659",329,61,11
2025-03-11,affiliate,AF15983,aff_autumn,2024-09-11,IT,android,116.80,"9,718",164,12,1
2025-06-02,facebook,FA99949,fb_retargeting,2025-05-06,HR,android,51.65,"5,674",119,37,3
2025-05-02,facebook,FA39404,fb_retargeting,2025-01-18,FR,ios,528.56,"28,483",781,109,21
2025-06-23,instagram,IN26565,ig_reels_push,2025-05-14,MT,ios,236.97,"15,256",498,66,17
2025-11-13,twitter,TW89199,x_app_installs,2025-06-26,LT,ios,32.81,"9,390",107,18,4
2025-07-04,tiktok,TI62282,tt_app_installs,2025-06-24,EE,android,52.10,"10,030",223,35,1
2025-03-03,affiliate,AF90352,aff_winter,2024-07-20,DE,ios,30.26,"4,039",48,7,1
2025-10-25,google,GO16088,google_search_brand,2025-08-26,HU,android,88.50,"10,453",591,127,30
2025-01-28,twitter,TW57984,x_app_installs,2024-11-13,SE,android,37.99,"3,619",91,12,2
2025-03-07,instagram,IN79404,ig_app_install,2025-02-19,BG,android,109.39,"6,555",97,15,2
2025-08-15,affiliate,AF86637,aff_autumn,2024-12-19,IT,android,124.55,"9,711",191,25,2
2025-12-06,twitter,TW10146,x_app_installs,2025-10-07,DE,ios,66.40,"10,509",136,20,2
2025-06-06,affiliate,AF92684,aff_autumn,2025-01-24,DE,ios,77.93,"11,746",129,16,3
2025-08-17,instagram,IN85768,ig_app_install,2025-05-13,ES,android,272.90,"13,139",155,25,2
2025-10-21,google,GO78197,google_search_brand,2025-08-23,SK,ios,160.00,"13,359",757,96,15
2025-10-14,twitter,TW83746,x_retargeting,2025-09-25,BG,android,160.95,"10,402",215,40,4
2025-05-20,google,GO23646,google_display_retargeting,2025-03-04,EE,android,361.63,"10,569",523,138,41
2025-12-24,facebook,FA46801,fb_app_install,2025-09-20,DK,ios,91.51,"3,366",97,24,4
2025-05-14,tiktok,TI63702,tt_creator_push,2025-05-09,FR,ios,42.35,"3,441",164,52,9
2025-05-14,facebook,FA33950,fb_conversion_2025,2025-02-12,LV,android,64.64,"6,252",119,41,2
2025-05-29,affiliate,AF44263,aff_summer,2024-10-01,PT,ios,20.86,"6,571",82,5,1
2025-04-24,google,GO59630,google_search_brand,2025-01-01,SE,android,95.16,"2,811",79,15,3
2025-06-14,twitter,TW37133,x_web_conversions,2025-05-25,LV,android,117.45,"8,229",124,10,0
2025-09-16,tiktok,TI97542,tt_creator_push,2025-04-16,FI,android,112.67,"13,526",420,64,6
2025-01-30,facebook,FA38325,fb_brand_awareness,2024-11-26,ES,android,143.37,"9,718",327,85,23
2025-09-13,twitter,TW23351,x_web_conversions,2025-04-26,IE,android,29.28,"4,695",114,21,3
2025-02-12,facebook,FA50739,fb_app_install,2024-12-25,LT,android,72.18,"3,116",67,17,1
2025-09-12,tiktok,TI26472,tt_conversion_2025,2025-08-30,PL,ios,81.58,"10,293",348,91,7
2025-04-06,tiktok,TI81129,tt_app_installs,2025-02-01,FR,android,45.19,"8,746",352,97,17
2025-04-26,tiktok,TI52517,tt_app_installs,2025-01-26,ES,android,155.53,"14,778",490,141,21
2025-02-17,google,GO74813,google_display_retargeting,2025-01-22,CY,android,280.15,"13,250",338,45,6
2025-10-10,instagram,IN60541,ig_story_launch,2025-07-19,FR,ios,255.99,"12,557",441,92,14
2025-06-08,twitter,TW37955,x_app_installs,2025-03-17,BE,ios,55.94,"7,529",123,22,3
2025-10-05,twitter,TW36730,x_retargeting,2025-05-31,IE,ios,95.67,"5,597",153,19,3
2025-07-13,tiktok,TI35094,tt_spark_ads,2025-05-15,GR,android,68.06,"15,965",292,74,5
2025-04-08,twitter,TW13140,x_app_installs,2025-04-01,SI,ios,176.03,"21,249",609,101,13
2025-05-18,facebook,FA93031,fb_brand_awareness,2025-01-31,CZ,ios,58.53,"4,962",67,23,1
2025-12-11,tiktok,TI12921,tt_app_installs,2025-08-07,BG,android,169.69,"10,364",400,101,9
2025-03-14,affiliate,AF19028,aff_summer,2024-05-19,DE,android,139.20,"18,802",329,24,3
2025-12-23,affiliate,AF91919,aff_autumn,2025-08-18,NL,android,27.20,"3,472",66,4,1
2025-03-22,google,GO99897,google_display_retargeting,2024-10-19,DK,ios,142.53,"5,641",345,36,10
2025-11-05,facebook,FA91664,fb_conversion_2025,2025-10-15,PT,ios,282.97,"12,514",426,75,17
2025-08-05,tiktok,TI97493,tt_app_installs,2025-06-25,AT,android,105.62,"10,567",489,69,13
2025-03-26,facebook,FA98602,fb_app_install,2025-01-18,CZ,android,132.71,"6,619",126,44,6
2025-01-20,tiktok,TI20327,tt_creator_push,2024-09-17,PT,android,151.21,"12,108",297,62,4
2025-09-21,google,GO91259,google_pmax_2025,2025-05-12,RO,android,220.66,"11,956",471,90,9
2025-07-08,google,GO74948,google_search_brand,2025-01-30,CY,ios,101.06,"11,739",408,112,18
2025-01-09,facebook,FA18577,fb_retargeting,2024-09-24,HR,ios,239.88,"9,604",273,67,8
2025-04-17,affiliate,AF89066,aff_spring,2025-01-12,AT,ios,18.25,"4,850",74,10,2
2025-03-23,tiktok,TI99007,tt_conversion_2025,2024-10-31,PL,ios,81.18,"19,717",619,119,7
2025-06-17,tiktok,TI53232,tt_conversion_2025,2025-02-19,BG,android,155.59,"11,938",652,108,19
2025-03-14,tiktok,TI88588,tt_conversion_2025,2025-03-08,LV,android,162.87,"9,041",116,37,4
2025-06-23,facebook,FA47375,fb_app_install,2025-04-05,CZ,ios,35.28,"3,835",68,22,5
2025-03-25,affiliate,AF91344,aff_autumn,2024-08-24,LV,android,41.57,"5,000",111,10,1
2025-11-09,facebook,FA62488,fb_brand_awareness,2025-10-01,MT,ios,145.21,"6,101",50,6,1
2025-01-23,instagram,IN27105,ig_reels_push,2024-10-09,MT,android,162.77,"7,967",308,85,21
2025-11-30,facebook,FA28616,fb_conversion_2025,2025-10-04,AT,ios,145.20,"18,966",588,89,13
2025-09-01,affiliate,AF72468,aff_autumn,2025-08-03,IE,android,32.92,"8,982",113,12,0
2025-04-18,affiliate,AF50205,aff_summer,2025-03-04,BE,android,49.67,"3,866",30,4,1
2025-12-17,tiktok,TI41188,tt_creator_push,2025-08-08,LT,android,195.94,"17,305",383,92,16
2025-10-16,instagram,IN27127,ig_app_install,2025-09-28,LT,ios,111.75,"8,182",305,65,18
2025-07-28,tiktok,TI72233,tt_spark_ads,2025-03-18,LU,ios,64.22,"10,810",528,116,15
2025-03-07,google,GO59285,google_youtube_video,2024-11-01,LV,ios,170.42,"7,659",169,42,8
2025-02-26,tiktok,TI92895,tt_spark_ads,2025-02-22,IT,android,40.90,"8,644",306,41,9
2025-04-10,facebook,FA17304,fb_retargeting,2025-01-18,FR,ios,150.13,"5,496",110,16,4
2025-07-19,tiktok,TI22366,tt_spark_ads,2025-04-12,IT,ios,194.42,"9,909",482,126,21
2025-05-15,twitter,TW97663,x_web_conversions,2024-12-12,MT,android,96.18,"11,390",231,45,2
2025-05-30,twitter,TW93940,x_retargeting,2025-04-25,CY,android,76.26,"7,190",100,17,1
2025-11-28,affiliate,AF47880,aff_autumn,2025-10-03,IE,android,79.63,"10,031",173,17,2
2025-03-22,tiktok,TI10969,tt_conversion_2025,2025-01-15,NL,ios,161.92,"8,648",192,29,5
2025-08-22,google,GO83292,google_search_brand,2025-08-17,PT,android,43.30,"1,538",73,15,4
2025-04-03,instagram,IN98901,ig_retargeting,2024-12-29,DK,ios,28.14,"4,184",117,15,2
2025-07-23,twitter,TW80793,x_retargeting,2025-06-08,HR,android,106.28,"6,718",96,7,1
2025-05-04,tiktok,TI15202,tt_spark_ads,2025-04-08,EE,ios,176.64,"12,420",680,113,10
2025-10-16,twitter,TW64289,x_app_installs,2025-05-09,AT,android,160.29,"9,649",151,10,1
2025-08-05,google,GO52774,google_pmax_2025,2025-06-02,PT,ios,107.51,"8,888",561,105,30
2025-06-02,instagram,IN64232,ig_app_install,2025-04-22,ES,ios,89.01,"13,440",403,86,18
2025-01-29,google,GO44117,google_youtube_video,2025-01-27,HR,ios,321.35,"13,411",787,174,16
2025-11-04,facebook,FA11363,fb_retargeting,2025-09-02,LV,android,231.21,"9,132",103,14,1
2025-07-31,google,GO28405,google_pmax_2025,2025-02-28,SI,ios,174.54,"9,305",257,47,5
2025-12-13,twitter,TW68398,x_awareness,2025-12-11,CY,ios,53.20,"10,415",66,13,1
2025-07-14,affiliate,AF47976,aff_winter,2025-03-15,IT,android,70.95,"5,541",60,5,1
2025-03-01,facebook,FA72456,fb_app_install,2025-02-20,ES,ios,110.61,"4,470",52,10,2
2025-03-16,twitter,TW94256,x_app_installs,2025-01-31,LT,ios,81.29,"7,642",184,23,2
2025-07-01,instagram,IN22663,ig_app_install,2025-05-27,DK,android,42.93,"4,952",159,41,9
2025-12-03,instagram,IN82170,ig_reels_push,2025-09-22,RO,android,85.19,"6,606",237,38,7
2025-08-11,twitter,TW82968,x_retargeting,2025-03-15,SK,ios,113.59,"7,350",46,8,1
2025-09-23,instagram,IN95923,ig_reels_push,2025-09-08,DE,ios,126.37,"6,846",253,46,11
2025-03-02,facebook,FA48280,fb_retargeting,2025-01-27,IT,android,65.47,"5,617",80,20,5
2025-01-13,facebook,FA87988,fb_retargeting,2024-12-20,SE,android,78.39,"9,265",79,14,2
2025-02-12,google,GO36414,google_pmax_2025,2024-09-18,LT,ios,205.48,"6,005",266,67,7
2025-11-06,facebook,FA45687,fb_conversion_2025,2025-10-19,GR,android,229.48,"8,577",142,42,12
2025-02-15,google,GO80270,google_display_retargeting,2024-11-02,CY,android,187.65,"7,182",352,38,4
2025-09-25,instagram,IN54533,ig_retargeting,2025-06-22,ES,android,35.83,"3,554",92,21,5
2025-09-26,tiktok,TI57042,tt_creator_push,2025-06-11,IT,android,43.95,"5,550",169,21,4
2025-12-25,facebook,FA88160,fb_brand_awareness,2025-11-22,CY,ios,68.02,"4,395",89,11,3
2025-02-26,affiliate,AF26719,aff_winter,2024-09-30,BG,android,36.47,"4,109",34,4,0
2025-09-16,google,GO61969,google_youtube_video,2025-07-07,SI,ios,191.96,"9,296",594,122,15
2025-06-13,tiktok,TI26860,tt_app_installs,2025-05-21,HU,ios,94.00,"6,783",242,61,8
2025-10-06,affiliate,AF60734,aff_spring,2025-02-25,MT,ios,113.21,"11,212",180,24,2
2025-06-18,affiliate,AF48918,aff_summer,2025-02-09,IE,android,27.00,"5,568",55,8,1
2025-06-12,affiliate,AF24052,aff_summer,2024-12-30,SK,android,71.04,"11,835",276,18,1
2025-08-08,google,GO55471,google_search_brand,2025-03-23,SE,android,403.85,"12,086",706,106,25
2025-06-10,twitter,TW11649,x_web_conversions,2025-04-25,RO,android,54.99,"6,312",116,14,1
2025-04-30,tiktok,TI46189,tt_conversion_2025,2025-02-15,LU,android,213.25,"10,055",266,50,12
2025-11-21,affiliate,AF92176,aff_summer,2025-03-22,ES,android,57.62,"8,102",38,3,0
2025-04-06,instagram,IN25987,ig_reels_push,2025-01-22,BG,ios,102.87,"10,276",128,35,8
2025-10-14,twitter,TW76024,x_awareness,2025-07-26,HU,ios,213.38,"13,669",252,38,2
2025-06-25,twitter,TW22416,x_awareness,2025-01-24,DK,ios,101.53,"7,576",175,31,2
2025-11-21,twitter,TW76153,x_awareness,2025-11-11,LT,android,22.20,"3,193",50,8,1
2025-12-31,affiliate,AF42227,aff_spring,2025-05-21,AT,ios,89.28,"15,279",270,34,5
2025-04-27,twitter,TW79363,x_awareness,2024-12-19,EE,android,39.57,"5,712",102,14,1
2025-09-12,affiliate,AF70379,aff_autumn,2025-06-13,LT,ios,67.22,"6,221",31,4,0
2025-04-13,affiliate,AF94559,aff_winter,2024-08-17,SE,android,50.73,"13,991",69,4,1
2025-06-02,google,GO64501,google_pmax_2025,2024-12-30,HR,ios,298.93,"12,383",446,44,7
2025-01-11,affiliate,AF47602,aff_winter,2024-06-23,IT,android,207.56,"17,503",350,51,7
2025-05-07,twitter,TW68900,x_app_installs,2025-04-09,IT,android,85.06,"10,185",289,33,7
2025-03-04,instagram,IN98393,ig_retargeting,2025-02-19,GR,android,235.44,"21,594",622,65,7
2025-07-01,google,GO43488,google_display_retargeting,2025-06-21,RO,android,283.63,"8,381",367,49,12
2025-01-19,twitter,TW34118,x_web_conversions,2024-10-20,HR,android,220.07,"16,292",376,53,8
2025-12-29,twitter,TW19144,x_web_conversions,2025-10-31,SE,android,87.53,"7,756",136,27,3
2025-03-06,tiktok,TI13543,tt_app_installs,2025-01-08,CY,android,220.08,"10,474",538,64,7
2025-05-29,tiktok,TI86661,tt_app_installs,2025-05-20,BG,ios,41.84,"8,270",137,39,8
2025-04-03,tiktok,TI22738,tt_conversion_2025,2025-03-27,LV,ios,63.00,"4,335",218,63,16
2025-09-29,tiktok,TI16228,tt_app_installs,2025-07-14,GR,android,46.38,"2,799",77,21,5
2025-07-31,twitter,TW31747,x_retargeting,2025-07-18,FI,android,107.07,"10,215",180,22,2
2025-05-04,affiliate,AF13717,aff_autumn,2025-01-09,IT,android,53.29,"8,009",98,15,3
2025-05-21,affiliate,AF35259,aff_autumn,2025-01-10,SE,ios,50.48,"17,305",415,36,1
2025-02-05,instagram,IN21569,ig_retargeting,2024-11-19,LV,android,428.51,"22,249",854,140,23
2025-10-12,instagram,IN34729,ig_app_install,2025-08-15,RO,ios,76.12,"3,714",92,26,6
2025-06-18,tiktok,TI18629,tt_creator_push,2025-06-01,BE,ios,139.23,"9,284",274,59,5
2025-10-01,twitter,TW61332,x_awareness,2025-06-18,HR,android,26.78,"1,662",30,4,1
2025-08-20,facebook,FA60539,fb_app_install,2025-05-09,GR,android,194.29,"7,978",84,17,1
2025-07-20,facebook,FA96924,fb_retargeting,2025-06-06,HR,android,404.74,"15,726",393,107,25
2025-07-09,google,GO45862,google_pmax_2025,2025-02-01,FR,android,159.12,"5,910",149,13,4
2025-05-30,tiktok,TI55221,tt_app_installs,2025-03-07,ES,ios,176.15,"12,367",511,101,25
2025-10-18,instagram,IN54739,ig_story_launch,2025-10-11,BE,android,179.36,"11,361",140,26,5
2025-11-25,google,GO62195,google_display_retargeting,2025-11-10,CZ,android,260.35,"7,506",495,45,7
2025-10-04,facebook,FA59615,fb_app_install,2025-10-04,LU,android,154.09,"9,503",221,49,4
2025-12-19,facebook,FA14793,fb_app_install,2025-08-31,IE,android,432.13,"16,884",481,132,21
2025-04-11,twitter,TW95443,x_awareness,2024-12-26,MT,android,217.21,"19,299",264,40,7
2025-09-06,google,GO77147,google_youtube_video,2025-07-19,LV,ios,118.63,"13,722",389,33,4
2025-12-24,instagram,IN75364,ig_story_launch,2025-09-09,SI,android,94.00,"11,365",381,101,25
2025-03-18,affiliate,AF89386,aff_autumn,2025-01-21,CY,android,20.65,"6,341",104,15,1
2025-03-02,facebook,FA55311,fb_brand_awareness,2024-11-27,HU,ios,186.90,"11,880",378,76,23
2025-03-12,tiktok,TI36654,tt_spark_ads,2024-10-23,LU,ios,59.93,"7,674",125,28,2
2025-11-20,affiliate,AF45848,aff_autumn,2025-06-07,SK,android,25.24,"6,754",93,15,1
2025-06-09,affiliate,AF10907,aff_winter,2024-09-18,CZ,ios,51.85,"10,751",139,10,1
2025-11-16,twitter,TW31663,x_awareness,2025-09-06,LU,ios,161.00,"17,470",142,23,2
2025-11-19,affiliate,AF20485,aff_winter,2025-03-30,DK,ios,32.99,"9,052",83,12,2
2025-06-30,twitter,TW62485,x_web_conversions,2025-01-08,SI,android,110.19,"6,256",166,25,1
2025-03-09,twitter,TW36261,x_app_installs,2025-02-21,HR,ios,66.84,"5,130",94,19,1
2025-04-01,facebook,FA64470,fb_conversion_2025,2025-01-04,ES,ios,236.36,"9,399",237,39,4
2025-12-17,instagram,IN83836,ig_story_launch,2025-11-23,BG,android,148.83,"13,327",478,76,12
2025-05-04,tiktok,TI66625,tt_app_installs,2025-03-04,LV,ios,150.09,"9,116",382,52,5
2025-12-31,google,GO37563,google_youtube_video,2025-12-03,CZ,android,167.62,"5,773",165,17,4
2025-12-21,facebook,FA69595,fb_conversion_2025,2025-08-31,HU,android,141.10,"5,127",98,34,4
2025-02-14,facebook,FA24450,fb_app_install,2024-11-19,HR,ios,355.93,"15,389",333,105,25
2025-12-21,google,GO54651,google_display_retargeting,2025-07-14,CZ,android,79.71,"8,214",529,124,37
2025-10-11,facebook,FA55061,fb_retargeting,2025-08-06,FR,android,53.99,"7,856",168,55,11
2025-10-08,affiliate,AF46516,aff_spring,2025-02-28,BE,android,26.94,"2,797",61,8,1
2025-08-27,instagram,IN83131,ig_app_install,2025-05-12,RO,ios,234.75,"10,089",330,37,4
2025-05-02,google,GO17017,google_youtube_video,2025-03-11,HR,android,308.66,"14,369",434,102,13
2025-09-14,instagram,IN84805,ig_story_launch,2025-05-21,DE,android,335.57,"18,575",212,32,4
2025-08-26,tiktok,TI45169,tt_app_installs,2025-06-18,BE,ios,144.77,"10,230",195,22,5
2025-04-09,instagram,IN82607,ig_retargeting,2025-03-28,LV,android,168.60,"7,116",193,57,15
2025-02-02,facebook,FA34448,fb_conversion_2025,2025-01-04,BE,android,285.65,"13,257",167,28,7
2025-08-12,tiktok,TI84279,tt_creator_push,2025-03-14,BG,android,103.73,"10,306",316,38,7
2025-04-08,facebook,FA42827,fb_brand_awareness,2025-01-24,PL,ios,111.30,"7,876",226,66,3
2025-11-11,facebook,FA90000,fb_conversion_2025,2025-09-09,LU,ios,65.45,"4,944",72,21,2
2025-02-14,instagram,IN57284,ig_retargeting,2024-11-22,FR,android,157.36,"7,814",87,9,2
2025-10-04,tiktok,TI97719,tt_app_installs,2025-05-02,PL,ios,99.00,"9,126",239,60,13
2025-12-05,instagram,IN79468,ig_reels_push,2025-10-14,LU,ios,72.76,"9,585",405,119,14
2025-09-13,instagram,IN50785,ig_story_launch,2025-07-01,LU,android,291.58,"17,216",264,78,10
2025-03-22,facebook,FA89923,fb_app_install,2024-12-13,SE,android,262.49,"14,729",512,165,39
2025-02-06,twitter,TW21036,x_awareness,2024-08-18,PL,ios,62.12,"4,781",89,6,1
2025-12-17,facebook,FA56875,fb_app_install,2025-10-08,LV,android,288.22,"12,566",349,74,15
2025-03-19,twitter,TW85475,x_awareness,2025-02-02,SE,android,123.89,"8,082",138,28,6
2025-04-19,google,GO70117,google_display_retargeting,2025-03-23,MT,android,142.48,"5,924",338,84,15
2025-10-08,facebook,FA56880,fb_retargeting,2025-06-23,SK,ios,87.06,"8,014",176,48,3
2025-10-18,google,GO35390,google_search_brand,2025-06-24,HU,ios,158.27,"9,949",453,51,15
2025-11-07,instagram,IN86177,ig_reels_push,2025-08-06,IE,ios,58.43,"9,911",193,56,11
2025-02-08,twitter,TW79529,x_awareness,2024-10-01,PT,android,70.70,"3,947",72,10,1
2025-02-26,affiliate,AF32625,aff_summer,2024-11-12,SI,android,64.72,"5,836",40,7,1
2025-12-20,google,GO28535,google_display_retargeting,2025-11-08,PT,android,124.11,"10,069",367,39,10
2025-02-10,google,GO65704,google_display_retargeting,2025-02-08,IT,android,153.84,"5,063",182,40,4
2025-01-19,facebook,FA85827,fb_retargeting,2025-01-08,PL,ios,116.31,"8,279",108,17,2
2025-10-14,twitter,TW48210,x_retargeting,2025-07-31,AT,ios,100.85,"8,575",109,9,1
2025-09-17,affiliate,AF20605,aff_spring,2025-01-22,IE,android,76.85,"8,494",115,6,1
2025-03-16,tiktok,TI75138,tt_app_installs,2024-12-09,ES,ios,100.84,"4,786",153,40,2
2025-08-27,twitter,TW15461,x_app_installs,2025-05-20,SE,android,181.22,"12,953",214,30,6
2025-10-15,affiliate,AF35960,aff_winter,2025-10-08,GR,android,42.87,"7,282",159,15,1
2025-11-30,twitter,TW29564,x_awareness,2025-10-26,HU,ios,80.31,"5,336",138,27,5
2025-04-17,affiliate,AF78071,aff_winter,2024-10-30,HR,android,122.63,"10,092",118,9,1
2025-09-03,google,GO89423,google_display_retargeting,2025-06-19,IT,ios,292.78,"9,550",562,133,30
2025-05-21,instagram,IN40956,ig_app_install,2025-03-04,SI,android,154.32,"9,350",265,28,2
2025-03-22,affiliate,AF49280,aff_summer,2024-06-10,DK,ios,35.94,"4,814",117,11,2
2025-07-28,twitter,TW96653,x_awareness,2025-03-17,ES,ios,167.20,"10,101",268,48,5
2025-10-30,instagram,IN61318,ig_story_launch,2025-09-15,GR,ios,97.76,"7,040",97,24,2
2025-05-08,google,GO85998,google_youtube_video,2025-03-19,RO,ios,228.44,"13,491",583,93,26
2025-05-10,facebook,FA52586,fb_retargeting,2025-04-24,SE,android,98.87,"14,140",436,85,19
2025-03-16,facebook,FA26318,fb_conversion_2025,2025-01-05,MT,android,153.60,"10,978",335,47,3
2025-03-05,instagram,IN37428,ig_retargeting,2024-11-13,PT,ios,170.76,"7,585",218,23,2
2025-12-26,facebook,FA33486,fb_retargeting,2025-10-26,SK,ios,268.24,"11,914",363,60,5
2025-06-07,instagram,IN76877,ig_reels_push,2025-02-07,MT,ios,179.18,"12,356",496,111,29
2025-02-23,twitter,TW82053,x_awareness,2024-10-28,DK,ios,92.62,"8,105",229,41,4
2025-03-08,affiliate,AF65614,aff_summer,2024-07-18,PT,android,90.16,"16,277",324,18,2
2025-10-19,facebook,FA24003,fb_brand_awareness,2025-08-02,PL,ios,201.35,"9,053",103,34,7
2025-08-13,google,GO42716,google_youtube_video,2025-04-22,IE,android,242.88,"14,181",911,216,48
2025-05-25,facebook,FA92782,fb_brand_awareness,2025-03-28,LV,android,337.88,"13,929",470,156,11
2025-03-13,twitter,TW17322,x_app_installs,2024-09-15,SK,ios,92.90,"6,565",114,10,1
2025-10-10,facebook,FA11705,fb_conversion_2025,2025-07-31,IE,android,360.50,"19,200",535,183,14
2025-01-18,google,GO37384,google_search_brand,2024-08-26,HU,ios,40.95,"4,318",141,19,4
2025-01-30,google,GO59966,google_search_brand,2024-12-06,MT,ios,213.81,"10,090",389,48,3
2025-03-09,affiliate,AF15060,aff_spring,2024-11-04,RO,android,60.81,"12,966",75,6,0
2025-08-28,facebook,FA29417,fb_retargeting,2025-08-28,DK,ios,173.13,"7,144",188,49,11
2025-12-28,google,GO71166,google_pmax_2025,2025-08-06,BG,ios,60.40,"3,560",127,28,7
2025-05-08,facebook,FA51472,fb_brand_awareness,2025-05-08,IE,ios,43.92,"7,082",69,11,2
2025-08-31,twitter,TW33612,x_awareness,2025-08-19,SE,android,25.20,"6,526",193,33,7
2025-10-25,instagram,IN69424,ig_app_install,2025-10-11,LV,ios,230.11,"15,113",531,80,21
2025-07-09,google,GO86939,google_search_brand,2025-04-05,SE,android,255.76,"10,579",598,84,18
2025-01-17,twitter,TW19514,x_web_conversions,2024-10-08,BG,android,56.77,"4,666",83,9,1
2025-10-21,facebook,FA16609,fb_brand_awareness,2025-06-30,MT,ios,77.53,"7,289",175,57,8
2025-09-18,facebook,FA23133,fb_app_install,2025-06-01,BE,android,145.52,"7,684",75,24,4
2025-10-19,google,GO48221,google_search_brand,2025-07-17,ES,ios,122.73,"6,966",341,35,6
2025-03-20,facebook,FA55692,fb_brand_awareness,2025-01-19,BE,android,141.26,"6,670",171,27,6
2025-02-27,twitter,TW19906,x_retargeting,2025-02-21,BG,ios,157.86,"11,924",356,47,2
2025-10-21,affiliate,AF55485,aff_winter,2025-10-09,LU,ios,195.75,"14,986",69,9,1
2025-01-16,google,GO96223,google_youtube_video,2024-12-04,HU,ios,184.41,"5,975",350,91,24
2025-08-26,twitter,TW14866,x_retargeting,2025-05-30,EE,ios,81.48,"12,387",265,43,3
2025-07-19,tiktok,TI79445,tt_creator_push,2025-05-02,IT,android,103.31,"8,809",368,58,13
2025-03-31,twitter,TW88807,x_app_installs,2025-02-10,DE,ios,48.13,"7,501",171,31,3
2025-10-28,tiktok,TI19764,tt_spark_ads,2025-06-09,MT,ios,104.82,"12,393",435,90,13
2025-12-09,facebook,FA57470,fb_app_install,2025-09-10,AT,ios,68.37,"5,613",184,43,9
2025-09-04,twitter,TW32474,x_web_conversions,2025-09-03,MT,ios,30.13,"5,903",129,21,4
2025-09-20,affiliate,AF44828,aff_summer,2024-12-07,GR,android,71.43,"5,769",135,21,3
2025-09-18,tiktok,TI57659,tt_creator_push,2025-08-10,CZ,ios,46.69,"8,598",246,36,2
2025-04-16,instagram,IN39730,ig_app_install,2025-01-15,BE,ios,122.80,"7,236",91,25,2
2025-01-23,google,GO79507,google_youtube_video,2024-09-04,LT,android,237.35,"12,281",423,35,4
2025-05-03,google,GO82337,google_display_retargeting,2024-12-27,CY,android,222.98,"10,265",305,85,5
2025-11-20,google,GO44754,google_pmax_2025,2025-09-24,FR,android,199.32,"9,597",408,94,21
2025-01-04,facebook,FA42691,fb_retargeting,2024-11-29,BE,ios,209.55,"12,163",330,65,6
2025-06-22,twitter,TW85652,x_app_installs,2025-06-02,IE,android,162.16,"9,238",126,11,0
2025-08-30,instagram,IN86369,ig_retargeting,2025-07-10,PL,ios,296.13,"16,943",303,34,2
2025-03-13,facebook,FA31487,fb_conversion_2025,2025-01-03,DK,android,219.81,"10,734",276,66,8
2025-03-21,affiliate,AF16886,aff_autumn,2025-01-15,NL,android,47.45,"6,537",93,9,2
2025-08-31,twitter,TW77117,x_awareness,2025-07-31,NL,android,124.08,"9,901",111,21,4
2025-04-12,tiktok,TI68172,tt_spark_ads,2024-12-20,CZ,ios,67.64,"7,090",106,32,3
2025-04-18,tiktok,TI52124,tt_app_installs,2025-03-06,LV,ios,133.31,"11,315",296,56,11
2025-11-12,facebook,FA84648,fb_retargeting,2025-07-20,RO,ios,57.63,"3,387",30,10,2
2025-12-26,tiktok,TI86620,tt_conversion_2025,2025-09-27,EE,android,54.13,"7,475",205,41,4
2025-09-27,affiliate,AF93725,aff_summer,2025-03-03,ES,android,60.78,"10,908",78,8,1
2025-09-21,instagram,IN83855,ig_story_launch,2025-06-21,CZ,ios,200.36,"12,214",525,107,18
2025-10-08,google,GO98121,google_search_brand,2025-08-25,BG,android,423.33,"13,215",348,41,6
2025-10-31,facebook,FA94285,fb_app_install,2025-07-30,CY,android,142.51,"14,176",315,87,23
2025-07-22,tiktok,TI86572,tt_conversion_2025,2025-06-13,PL,android,28.07,"6,397",110,30,6
2025-10-07,facebook,FA12962,fb_app_install,2025-08-28,DK,ios,234.98,"20,016",186,56,13
2025-09-10,google,GO53861,google_display_retargeting,2025-07-13,EE,android,75.09,"3,074",199,31,5
2025-01-22,affiliate,AF47575,aff_spring,2024-06-18,DE,ios,67.55,"6,401",103,8,1
2025-01-14,instagram,IN23138,ig_retargeting,2025-01-05,AT,ios,147.53,"10,710",247,32,9
2025-04-21,google,GO94258,google_search_brand,2025-02-13,AT,ios,387.74,"13,567",858,76,13
2025-02-04,tiktok,TI17590,tt_app_installs,2024-10-25,DE,ios,240.39,"17,670",740,147,31
2025-02-25,google,GO13972,google_youtube_video,2024-11-06,EE,android,186.80,"10,473",447,72,5
2025-03-30,google,GO85909,google_display_retargeting,2024-11-19,LT,android,114.75,"8,805",253,57,9
2025-10-19,affiliate,AF66577,aff_winter,2025-06-17,HR,ios,60.20,"4,639",66,8,0
2025-10-27,instagram,IN66938,ig_retargeting,2025-10-09,DK,android,170.00,"11,533",458,133,27
2025-01-23,affiliate,AF37100,aff_summer,2024-11-12,DE,android,34.62,"4,821",34,2,0
2025-01-09,affiliate,AF56478,aff_spring,2024-12-28,BE,ios,98.06,"7,792",60,4,1
2025-08-16,twitter,TW69317,x_awareness,2025-05-19,ES,ios,39.55,"5,419",63,6,1
2025-06-30,google,GO18338,google_display_retargeting,2025-04-12,BE,android,420.98,"12,357",275,44,7
2025-02-18,instagram,IN74262,ig_story_launch,2024-11-15,DK,ios,185.86,"8,384",185,34,8
2025-02-16,tiktok,TI23333,tt_app_installs,2024-11-16,CZ,android,133.62,"8,667",290,75,4
2025-01-10,affiliate,AF75210,aff_summer,2024-09-12,LV,android,46.47,"9,089",182,26,5
2025-04-28,instagram,IN70712,ig_reels_push,2025-01-19,RO,android,47.39,"8,616",381,98,18
2025-04-16,twitter,TW51573,x_retargeting,2024-10-28,RO,android,67.49,"7,671",203,31,2
2025-10-17,tiktok,TI13868,tt_spark_ads,2025-10-11,MT,android,121.02,"5,980",94,27,4
2025-12-25,affiliate,AF33184,aff_winter,2025-05-31,DK,ios,88.62,"9,104",147,17,3
2025-05-07,instagram,IN62463,ig_story_launch,2025-01-25,EE,android,110.28,"4,923",98,14,3
2025-12-03,instagram,IN92158,ig_reels_push,2025-09-10,IE,android,168.93,"7,572",137,22,6
2025-06-11,twitter,TW95398,x_web_conversions,2025-02-15,SE,android,20.25,"3,843",96,18,1
2025-02-18,google,GO52019,google_search_brand,2024-11-04,CY,ios,79.74,"6,612",259,32,8
2025-12-08,google,GO66485,google_youtube_video,2025-09-22,LT,android,292.92,"9,133",329,83,24
2025-09-21,instagram,IN84089,ig_app_install,2025-06-26,IT,android,121.22,"9,604",106,12,2
2025-05-15,tiktok,TI88893,tt_creator_push,2025-03-16,IT,android,233.47,"25,234",1147,183,13
2025-06-11,tiktok,TI12057,tt_spark_ads,2025-06-08,ES,android,119.31,"8,757",125,27,3
2025-04-17,google,GO85073,google_pmax_2025,2025-01-22,HU,ios,223.45,"10,986",701,74,14
2025-02-23,instagram,IN14840,ig_story_launch,2024-11-13,EE,android,108.51,"9,669",323,93,6
2025-10-14,affiliate,AF24862,aff_winter,2025-10-05,GR,ios,103.36,"12,846",111,11,2
2025-06-17,google,GO78577,google_search_brand,2025-05-21,ES,android,99.12,"7,517",312,83,16
2025-03-07,instagram,IN31370,ig_app_install,2025-02-27,HR,ios,265.57,"11,261",251,59,11
2025-02-20,google,GO44139,google_search_brand,2024-12-12,LU,ios,291.53,"13,508",497,108,24
2025-07-12,google,GO69113,google_display_retargeting,2025-04-19,PT,android,66.61,"3,872",96,26,2
2025-08-17,google,GO73428,google_pmax_2025,2025-08-10,SK,android,96.51,"3,812",260,61,8
2025-08-12,instagram,IN22657,ig_retargeting,2025-04-19,SI,android,137.36,"6,047",98,20,2
2025-07-05,facebook,FA73000,fb_conversion_2025,2025-05-19,FR,android,97.98,"5,549",130,22,3
2025-09-16,tiktok,TI82604,tt_creator_push,2025-05-05,SE,ios,145.10,"7,853",224,40,2
2025-09-20,tiktok,TI74702,tt_conversion_2025,2025-06-08,HU,ios,37.65,"4,764",121,24,2
2025-06-30,instagram,IN36328,ig_retargeting,2025-04-01,LV,ios,123.68,"7,390",253,36,2
2025-10-30,twitter,TW68956,x_retargeting,2025-08-17,SK,android,69.25,"8,486",163,30,2
2025-03-04,google,GO39052,google_search_brand,2024-10-28,DE,ios,136.97,"6,831",191,32,3
2025-03-24,tiktok,TI63565,tt_creator_push,2024-11-22,DK,android,81.10,"9,924",279,31,2
2025-06-03,tiktok,TI33462,tt_app_installs,2025-05-24,GR,ios,138.22,"8,379",261,80,12
2025-02-20,twitter,TW86213,x_web_conversions,2025-01-09,FR,ios,136.65,"8,836",137,22,4
2025-02-20,tiktok,TI96488,tt_spark_ads,2024-11-02,DE,ios,298.90,"15,542",582,120,29
2025-01-20,tiktok,TI13909,tt_creator_push,2024-12-25,PT,android,99.86,"5,895",90,16,1
2025-02-15,affiliate,AF48260,aff_summer,2024-07-14,DE,ios,81.82,"7,529",143,13,1
2025-11-24,twitter,TW30897,x_app_installs,2025-11-06,CY,ios,217.71,"12,116",93,10,1
2025-01-07,google,GO77777,google_youtube_video,2024-08-22,HU,ios,254.69,"10,545",684,107,26
2025-11-03,tiktok,TI11207,tt_app_installs,2025-05-31,LU,android,132.64,"11,491",289,59,14
2025-07-19,instagram,IN72099,ig_story_launch,2025-07-19,HR,android,96.15,"9,152",183,48,4
2025-05-13,twitter,TW88455,x_retargeting,2025-01-10,PL,android,86.74,"9,253",197,43,5
2025-04-17,facebook,FA18280,fb_retargeting,2025-01-15,HR,ios,139.54,"12,268",142,30,3
2025-11-21,facebook,FA88871,fb_brand_awareness,2025-10-19,AT,ios,175.71,"19,067",210,65,13
2025-07-26,instagram,IN16639,ig_app_install,2025-06-22,HU,android,46.61,"8,098",255,44,5
2025-02-17,instagram,IN67148,ig_retargeting,2024-10-29,FR,ios,368.77,"17,160",247,33,8
2025-08-16,tiktok,TI50273,tt_app_installs,2025-04-21,GR,ios,72.67,"15,008",367,63,3
2025-05-09,instagram,IN33091,ig_reels_push,2025-04-10,IE,android,95.67,"6,999",296,35,6
2025-04-09,instagram,IN88330,ig_app_install,2025-03-10,CY,android,276.45,"11,780",523,151,13
2025-11-30,tiktok,TI47214,tt_app_installs,2025-06-26,HU,ios,139.18,"11,225",258,60,11
2025-07-18,instagram,IN79401,ig_retargeting,2025-04-18,FR,android,102.34,"4,931",117,16,3
2025-07-16,affiliate,AF17135,aff_autumn,2024-10-12,CZ,android,16.62,"2,220",55,8,1
2025-06-11,twitter,TW93990,x_web_conversions,2025-02-15,LT,android,156.77,"9,822",221,25,3
2025-03-25,google,GO86084,google_display_retargeting,2024-12-10,AT,ios,221.86,"11,923",517,93,16
2025-06-05,tiktok,TI60486,tt_app_installs,2025-01-28,SE,android,193.90,"14,197",401,77,9
2025-10-14,twitter,TW74052,x_web_conversions,2025-10-07,LT,android,33.14,"4,324",87,13,2
2025-06-12,twitter,TW96333,x_retargeting,2025-05-23,IT,android,40.87,"4,946",70,12,1
2025-06-08,twitter,TW29606,x_app_installs,2025-04-16,SK,ios,55.68,"3,613",101,11,1
2025-07-03,google,GO54696,google_youtube_video,2025-01-26,GR,android,211.97,"8,543",337,62,9
2025-02-01,tiktok,TI75480,tt_conversion_2025,2024-08-28,IE,ios,123.60,"20,320",307,91,15
2025-01-12,instagram,IN32713,ig_story_launch,2024-12-19,IT,android,167.64,"15,810",488,111,25
2025-01-27,affiliate,AF89922,aff_spring,2024-08-16,RO,ios,119.63,"10,628",151,19,1
2025-10-14,tiktok,TI25419,tt_app_installs,2025-07-18,EE,ios,96.83,"8,157",443,52,10
2025-07-30,google,GO94644,google_pmax_2025,2025-07-08,PT,ios,291.20,"14,122",562,150,29
2025-11-30,affiliate,AF53315,aff_spring,2025-07-15,LV,android,83.64,"6,827",54,6,0
2025-09-13,twitter,TW59101,x_app_installs,2025-04-28,GR,ios,100.79,"5,643",86,7,1
2025-10-28,facebook,FA49441,fb_conversion_2025,2025-07-24,IE,android,108.87,"6,982",98,17,3
2025-03-24,instagram,IN69053,ig_reels_push,2025-02-24,DK,ios,115.21,"5,725",70,14,2
2025-03-07,tiktok,TI50452,tt_app_installs,2024-11-17,BG,android,30.06,"3,872",166,43,10
2025-02-20,tiktok,TI66636,tt_spark_ads,2024-10-08,SK,android,122.90,"11,815",457,117,7
2025-01-11,instagram,IN50965,ig_story_launch,2024-12-26,BE,ios,63.98,"2,776",28,7,1
2025-05-07,google,GO80632,google_search_brand,2024-12-28,RO,ios,134.30,"8,785",284,70,10
2025-04-09,google,GO66310,google_youtube_video,2025-03-28,LV,android,150.20,"4,676",104,25,7
2025-03-03,facebook,FA82807,fb_app_install,2025-01-10,LU,ios,321.84,"11,838",141,41,10
2025-02-24,affiliate,AF12353,aff_autumn,2025-02-13,CY,android,42.57,"4,048",83,10,0
2025-02-20,google,GO32522,google_display_retargeting,2024-12-19,CZ,ios,175.55,"7,049",295,34,4
2025-10-09,twitter,TW35176,x_app_installs,2025-05-24,CZ,android,53.92,"7,779",58,9,2
2025-06-14,facebook,FA68990,fb_brand_awareness,2025-04-15,CZ,ios,280.13,"12,880",360,109,12
2025-10-29,affiliate,AF15456,aff_winter,2025-07-20,PT,android,69.79,"5,877",35,4,1
2025-07-15,instagram,IN87762,ig_story_launch,2025-03-17,GR,ios,99.12,"6,017",158,32,9
2025-09-30,instagram,IN22281,ig_app_install,2025-07-02,PT,ios,100.15,"6,888",255,70,10
2025-08-18,tiktok,TI94172,tt_app_installs,2025-07-24,SE,ios,70.60,"3,631",187,34,4
2025-07-26,tiktok,TI19415,tt_spark_ads,2025-04-01,IT,ios,58.19,"10,353",511,53,5
2025-07-28,twitter,TW33115,x_app_installs,2025-06-01,BE,android,293.06,"17,015",412,69,12
2025-05-04,instagram,IN99317,ig_retargeting,2025-02-06,GR,ios,213.90,"9,670",354,42,7
2025-08-07,instagram,IN54696,ig_app_install,2025-05-09,AT,android,45.66,"6,520",235,63,6
2025-02-24,facebook,FA49768,fb_app_install,2025-02-08,DE,ios,182.68,"8,888",223,66,7
2025-11-19,affiliate,AF99471,aff_winter,2025-05-21,EE,ios,151.51,"11,330",113,8,0
2025-03-28,affiliate,AF83180,aff_spring,2024-08-31,SK,ios,24.95,"6,585",119,14,1
2025-06-18,facebook,FA69783,fb_brand_awareness,2025-04-21,LT,ios,229.01,"9,590",264,55,4
2025-03-03,google,GO53871,google_pmax_2025,2025-02-16,LU,ios,209.03,"7,698",171,21,5
2025-06-10,twitter,TW21263,x_web_conversions,2025-04-22,LU,android,77.05,"5,196",69,11,2
2025-07-28,tiktok,TI47210,tt_app_installs,2025-05-06,EE,ios,102.59,"5,707",288,86,21
2025-01-21,facebook,FA59662,fb_conversion_2025,2025-01-06,DE,ios,332.60,"16,570",544,119,15
2025-03-01,facebook,FA84944,fb_brand_awareness,2024-12-31,PL,android,134.40,"10,749",278,90,6
2025-12-12,facebook,FA92306,fb_brand_awareness,2025-09-17,DK,android,153.07,"6,527",103,27,8
2025-12-01,instagram,IN83285,ig_app_install,2025-09-14,PT,android,93.02,"6,419",111,13,2
2025-10-25,affiliate,AF33051,aff_summer,2025-03-14,BE,ios,87.03,"6,511",105,11,1
2025-01-18,instagram,IN97943,ig_story_launch,2024-09-23,FR,android,124.29,"16,587",345,54,10
2025-10-10,facebook,FA10797,fb_retargeting,2025-09-30,FI,ios,141.44,"8,749",204,52,7
2025-02-12,twitter,TW47639,x_awareness,2024-08-27,PL,android,180.53,"14,921",431,92,13
2025-04-03,affiliate,AF92494,aff_spring,2024-09-09,DE,ios,46.16,"8,065",85,5,1
2025-11-09,affiliate,AF28904,aff_summer,2025-08-15,PT,android,73.25,"7,412",166,30,5
2025-03-23,facebook,FA53938,fb_conversion_2025,2025-01-09,AT,android,204.27,"7,452",188,33,5
2025-09-09,tiktok,TI86587,tt_conversion_2025,2025-04-24,LT,ios,155.06,"7,780",326,84,19
2025-08-25,instagram,IN58556,ig_app_install,2025-07-24,NL,ios,464.94,"23,941",628,89,17
2025-07-25,google,GO91438,google_display_retargeting,2025-07-08,SK,android,474.19,"14,613",719,63,7
2025-05-10,instagram,IN93375,ig_app_install,2025-04-19,BE,ios,106.19,"11,498",315,46,4
2025-06-22,google,GO34312,google_youtube_video,2025-03-14,FR,ios,177.27,"9,826",495,103,24
2025-02-03,instagram,IN36490,ig_story_launch,2024-10-07,DK,ios,72.38,"9,300",113,20,3
2025-06-02,instagram,IN21391,ig_story_launch,2025-02-10,SK,android,54.17,"8,075",329,68,13
2025-08-31,instagram,IN97142,ig_reels_push,2025-08-25,DE,ios,114.06,"15,603",255,55,11
2025-07-14,twitter,TW37492,x_retargeting,2025-07-13,PL,android,41.33,"7,145",197,24,4
2025-12-05,facebook,FA24837,fb_retargeting,2025-09-24,SK,android,334.15,"13,207",206,25,2
2025-10-30,google,GO75196,google_display_retargeting,2025-08-03,DK,ios,84.06,"6,879",199,43,7
2025-02-07,affiliate,AF77966,aff_spring,2024-11-11,ES,ios,65.52,"5,310",116,15,1
2025-02-06,twitter,TW98907,x_retargeting,2024-10-29,LT,android,105.24,"6,224",163,32,4
2025-04-30,instagram,IN52861,ig_story_launch,2025-04-29,PL,ios,61.38,"3,494",45,7,2
2025-08-22,facebook,FA73564,fb_brand_awareness,2025-06-22,BG,ios,314.21,"12,798",197,36,5
2025-09-27,facebook,FA31198,fb_retargeting,2025-06-27,DK,ios,114.24,"9,819",137,44,12
2025-04-26,facebook,FA47133,fb_retargeting,2024-12-31,MT,ios,131.75,"12,054",318,82,12
2025-09-28,instagram,IN51813,ig_app_install,2025-09-17,IE,android,238.59,"10,017",415,93,15
2025-05-25,google,GO89707,google_display_retargeting,2025-05-14,SK,ios,102.88,"8,810",322,58,9
2025-09-29,instagram,IN79134,ig_story_launch,2025-09-08,CZ,ios,145.43,"11,860",527,117,19
2025-12-31,google,GO35618,google_pmax_2025,2025-08-13,MT,android,264.66,"13,331",504,70,10
2025-07-02,affiliate,AF80714,aff_spring,2025-02-06,FI,android,54.72,"6,352",72,11,0
2025-01-30,facebook,FA68504,fb_conversion_2025,2025-01-13,HU,android,112.93,"14,752",486,75,17
2025-12-11,instagram,IN37313,ig_story_launch,2025-08-23,IT,android,71.96,"3,382",66,15,4
2025-04-01,twitter,TW39622,x_retargeting,2025-03-27,SI,ios,144.18,"9,792",104,14,3
2025-04-26,tiktok,TI13475,tt_app_installs,2025-03-15,SI,android,97.82,"8,222",138,26,5
2025-05-31,tiktok,TI52257,tt_app_installs,2025-02-25,SI,android,77.15,"8,773",363,41,6
2025-10-27,twitter,TW18747,x_web_conversions,2025-10-01,LU,ios,92.89,"5,529",64,13,2
2025-01-03,google,GO85764,google_youtube_video,2024-09-11,IT,android,85.47,"4,322",145,37,3
2025-08-27,tiktok,TI67407,tt_spark_ads,2025-08-12,HU,android,120.60,"10,403",281,86,16
2025-07-31,facebook,FA62233,fb_conversion_2025,2025-04-14,CY,android,281.37,"13,760",244,66,9
2025-01-24,instagram,IN32188,ig_retargeting,2025-01-06,DK,ios,232.93,"11,441",471,77,11
2025-08-22,facebook,FA58747,fb_conversion_2025,2025-08-11,LV,android,49.29,"6,548",147,35,2
2025-12-17,tiktok,TI29467,tt_creator_push,2025-10-26,SK,android,43.12,"4,515",165,34,4
2025-10-06,tiktok,TI89395,tt_creator_push,2025-09-18,FR,ios,233.98,"14,461",349,86,7
2025-03-03,tiktok,TI38735,tt_app_installs,2024-11-14,HR,android,203.51,"9,907",474,51,5
2025-06-28,twitter,TW63448,x_web_conversions,2025-06-15,DK,android,168.67,"10,397",226,24,3
2025-03-13,google,GO66052,google_pmax_2025,2024-12-03,LT,android,132.49,"9,185",193,48,14
2025-11-18,affiliate,AF15379,aff_summer,2025-09-03,RO,ios,43.14,"7,041",115,15,1
2025-02-03,affiliate,AF59302,aff_autumn,2024-10-03,IE,ios,97.66,"8,552",91,9,1
2025-03-21,instagram,IN31871,ig_story_launch,2024-11-24,BE,android,329.87,"14,184",176,39,8
2025-12-03,affiliate,AF44524,aff_winter,2025-11-25,RO,ios,29.63,"10,002",62,3,1
2025-01-26,google,GO33665,google_youtube_video,2024-12-04,PT,ios,186.04,"11,423",245,45,8
2025-05-10,google,GO77967,google_display_retargeting,2025-03-12,NL,ios,128.83,"4,958",230,57,6
2025-06-02,facebook,FA96070,fb_app_install,2025-03-23,SI,ios,158.47,"10,399",222,39,8
2025-06-11,affiliate,AF78861,aff_autumn,2025-05-22,HU,ios,18.63,"6,771",30,4,1
2025-01-01,twitter,TW78213,x_web_conversions,2024-07-18,IE,ios,159.51,"9,611",237,44,2
2025-04-07,tiktok,TI93853,tt_spark_ads,2025-04-01,RO,android,52.87,"9,075",410,77,14
2025-10-06,twitter,TW86008,x_retargeting,2025-09-07,MT,android,110.47,"6,662",64,10,1
2025-08-21,affiliate,AF99786,aff_autumn,2024-12-12,SI,ios,56.84,"4,271",32,2,0
2025-02-10,facebook,FA20334,fb_conversion_2025,2025-01-06,SE,ios,47.35,"5,224",104,23,7
2025-01-09,google,GO10290,google_display_retargeting,2024-09-14,SK,android,299.96,"13,357",517,130,25
2025-10-03,affiliate,AF57698,aff_summer,2025-01-16,AT,ios,39.69,"8,276",152,26,2
2025-01-21,tiktok,TI40541,tt_app_installs,2024-09-07,HR,ios,96.65,"5,264",120,22,2
2025-03-23,affiliate,AF53781,aff_autumn,2025-01-17,LT,android,57.58,"11,327",115,14,1
2025-05-31,affiliate,AF12590,aff_summer,2024-10-02,SK,android,50.79,"7,754",161,28,1
2025-01-09,instagram,IN92850,ig_retargeting,2024-10-23,GR,ios,52.85,"6,997",238,64,12
2025-07-07,affiliate,AF67272,aff_spring,2025-02-18,DK,android,34.44,"10,963",235,14,2
2025-04-16,instagram,IN26471,ig_app_install,2025-03-29,IT,ios,60.86,"3,341",41,7,0
2025-04-22,instagram,IN22029,ig_retargeting,2025-03-08,BE,ios,214.49,"11,239",293,30,3
2025-05-01,instagram,IN78882,ig_reels_push,2025-01-17,IE,android,247.41,"11,712",206,33,9
2025-12-11,affiliate,AF22438,aff_winter,2025-10-08,PL,ios,187.21,"19,565",413,55,3
2025-01-04,facebook,FA81135,fb_conversion_2025,2025-01-04,BG,android,118.27,"9,859",112,24,1
2025-12-27,facebook,FA48369,fb_conversion_2025,2025-12-24,BG,android,97.12,"10,072",239,75,16
2025-07-19,facebook,FA99827,fb_retargeting,2025-04-22,LV,android,132.12,"9,226",284,98,22
2025-05-21,affiliate,AF41747,aff_winter,2024-12-07,AT,ios,72.77,"7,906",90,14,1
2025-09-10,google,GO59325,google_search_brand,2025-05-22,PT,ios,250.58,"10,619",316,27,5
2025-07-18,facebook,FA18012,fb_retargeting,2025-05-11,LT,ios,163.31,"8,354",176,42,2
2025-07-15,tiktok,TI63164,tt_spark_ads,2025-06-16,LV,android,171.71,"9,790",206,22,5
2025-10-12,google,GO94705,google_youtube_video,2025-09-01,DE,android,259.13,"11,563",504,86,13
2025-03-18,affiliate,AF50776,aff_summer,2025-02-16,DE,ios,97.93,"8,772",74,12,1
2025-02-20,google,GO46110,google_youtube_video,2025-01-29,HU,ios,417.96,"18,448",1150,280,18
2025-12-23,google,GO47952,google_pmax_2025,2025-12-06,ES,ios,267.55,"11,221",548,144,40
2025-04-30,facebook,FA44261,fb_brand_awareness,2025-01-29,RO,android,110.78,"6,189",70,24,6
2025-07-14,affiliate,AF77083,aff_spring,2024-11-10,AT,ios,12.25,"2,924",15,2,0
2025-12-14,twitter,TW75200,x_awareness,2025-12-08,RO,ios,108.37,"9,690",269,34,3
2025-05-01,google,GO50252,google_youtube_video,2025-03-20,NL,android,157.54,"5,410",167,42,3
2025-04-22,twitter,TW30152,x_retargeting,2024-12-01,PT,ios,123.39,"11,027",95,20,3
2025-07-06,facebook,FA61542,fb_conversion_2025,2025-06-22,AT,android,111.14,"5,489",124,20,6
2025-12-19,facebook,FA45375,fb_conversion_2025,2025-09-09,PT,android,188.74,"8,423",152,28,7
2025-02-22,instagram,IN94343,ig_story_launch,2024-11-16,HU,ios,122.20,"8,304",352,39,10
2025-01-22,google,GO93726,google_youtube_video,2024-12-06,LV,ios,313.14,"11,625",745,140,44
2025-11-11,affiliate,AF67392,aff_autumn,2025-03-02,FR,ios,16.87,"3,803",41,5,1
2025-09-06,affiliate,AF97892,aff_spring,2025-04-26,LT,ios,165.01,"12,239",84,6,1
2025-02-21,instagram,IN51971,ig_story_launch,2025-01-06,ES,ios,221.46,"9,755",176,53,8
2025-02-02,google,GO61175,google_youtube_video,2024-08-31,CZ,android,52.31,"5,021",208,57,6
2025-09-12,facebook,FA25438,fb_brand_awareness,2025-08-27,PT,ios,160.23,"13,111",384,106,11
2025-08-01,instagram,IN51347,ig_retargeting,2025-04-04,CZ,ios,156.39,"8,032",151,25,5
2025-03-06,facebook,FA72205,fb_brand_awareness,2024-11-11,RO,ios,149.81,"10,516",357,44,12
2025-09-25,instagram,IN27365,ig_reels_push,2025-08-27,HU,android,46.49,"9,102",374,78,21
2025-09-29,instagram,IN77166,ig_reels_push,2025-06-03,PT,android,105.67,"7,982",341,88,18
2025-02-15,affiliate,AF91986,aff_winter,2025-01-04,PT,ios,39.46,"5,445",108,13,1
2025-05-26,twitter,TW13347,x_retargeting,2025-02-15,BG,android,148.65,"8,833",201,20,2
2025-04-10,instagram,IN25009,ig_app_install,2025-01-30,PL,android,47.17,"3,224",139,39,8
2025-02-23,tiktok,TI50664,tt_creator_push,2024-12-06,PL,android,139.45,"7,467",139,16,3
2025-04-29,instagram,IN19198,ig_retargeting,2025-02-20,FI,ios,131.22,"9,164",282,57,16
2025-07-12,google,GO70554,google_search_brand,2025-02-25,HR,ios,565.71,"16,538",988,203,40
2025-10-16,google,GO32016,google_display_retargeting,2025-07-06,SK,ios,230.95,"8,450",383,102,15
2025-03-17,twitter,TW23302,x_awareness,2025-01-14,CY,android,67.29,"9,080",205,21,4
2025-12-14,tiktok,TI86925,tt_app_installs,2025-11-05,FR,ios,136.39,"7,642",394,109,8
2025-07-25,twitter,TW45228,x_web_conversions,2025-02-10,HU,android,134.06,"11,133",261,42,3
2025-10-16,google,GO45281,google_pmax_2025,2025-06-21,ES,ios,140.57,"4,871",174,30,5
2025-04-10,twitter,TW28134,x_web_conversions,2025-02-12,HR,android,65.87,"8,175",63,13,1
2025-04-11,facebook,FA55580,fb_brand_awareness,2025-03-16,DE,ios,159.42,"12,551",155,36,6
2025-12-26,google,GO70539,google_display_retargeting,2025-10-24,LV,android,84.21,"6,009",223,50,10
2025-07-04,instagram,IN37467,ig_reels_push,2025-05-02,CY,ios,181.25,"7,662",111,17,4
2025-02-04,twitter,TW94614,x_awareness,2024-08-25,FR,ios,86.17,"5,964",63,9,1
2025-10-24,google,GO40558,google_youtube_video,2025-08-11,PL,ios,231.90,"10,296",594,161,11
2025-10-21,tiktok,TI58302,tt_spark_ads,2025-07-02,RO,android,129.86,"10,994",425,124,20
2025-06-04,facebook,FA76771,fb_conversion_2025,2025-04-21,CY,ios,121.24,"6,461",100,21,4
2025-11-13,affiliate,AF97599,aff_spring,2025-10-28,RO,ios,8.17,"3,259",55,4,0
2025-04-06,instagram,IN50943,ig_story_launch,2025-01-29,SK,android,229.27,"11,380",502,74,14
2025-10-07,google,GO85498,google_display_retargeting,2025-07-27,AT,android,482.30,"14,831",917,103,7
2025-09-02,google,GO55262,google_youtube_video,2025-06-02,PT,android,152.69,"5,242",228,60,4
2025-01-02,google,GO14930,google_youtube_video,2024-10-27,HU,ios,281.16,"11,286",514,133,24
2025-06-06,twitter,TW98219,x_awareness,2025-02-20,FR,ios,62.64,"19,576",464,82,6
2025-09-17,affiliate,AF51614,aff_autumn,2025-01-16,HR,ios,39.04,"15,951",159,21,1
2025-10-14,google,GO86981,google_search_brand,2025-09-28,RO,android,216.92,"15,800",985,145,39
2025-11-15,tiktok,TI96596,tt_conversion_2025,2025-09-07,MT,ios,173.34,"9,036",239,41,6
2025-05-12,tiktok,TI12027,tt_creator_push,2025-05-02,FR,ios,165.46,"18,634",539,146,36
2025-11-23,instagram,IN17988,ig_retargeting,2025-09-01,ES,ios,281.80,"15,397",275,57,10
2025-09-14,affiliate,AF80344,aff_winter,2025-06-01,GR,ios,34.26,"4,337",71,7,0
2025-07-13,affiliate,AF94104,aff_spring,2025-01-01,HU,android,42.72,"10,548",251,31,2
2025-01-16,affiliate,AF58603,aff_spring,2024-10-31,BE,ios,25.18,"9,103",95,7,1
2025-04-05,google,GO53058,google_youtube_video,2025-03-26,CZ,ios,131.57,"8,030",165,23,7
2025-01-21,facebook,FA79879,fb_conversion_2025,2024-12-12,MT,android,83.52,"11,524",143,22,4
2025-05-26,instagram,IN78378,ig_story_launch,2025-05-14,EE,ios,107.18,"15,949",641,139,14
2025-01-01,facebook,FA59366,fb_retargeting,2024-10-07,HU,android,289.50,"10,910",242,44,6
2025-02-10,google,GO54029,google_display_retargeting,2025-02-08,PL,android,151.51,"10,217",438,85,15
2025-11-28,affiliate,AF88711,aff_winter,2025-06-13,SI,android,64.58,"12,445",93,13,1
2025-03-28,affiliate,AF65959,aff_autumn,2024-12-24,FI,android,36.47,"17,133",330,25,3
2025-08-19,google,GO23635,google_search_brand,2025-05-14,HR,ios,246.58,"7,381",278,50,15
2025-11-20,facebook,FA31775,fb_app_install,2025-09-20,LV,ios,132.38,"14,018",330,85,15
2025-10-18,facebook,FA24280,fb_brand_awareness,2025-08-23,FI,ios,230.45,"9,112",103,21,6
2025-11-09,twitter,TW72020,x_web_conversions,2025-06-24,HU,android,35.85,"3,422",79,17,2
2025-08-31,affiliate,AF17421,aff_autumn,2024-11-28,FR,ios,43.86,"8,253",136,10,1
2025-06-14,facebook,FA57609,fb_conversion_2025,2025-03-29,BG,ios,131.13,"8,926",143,47,11
2025-04-23,tiktok,TI81762,tt_app_installs,2025-04-09,HU,android,94.80,"5,421",202,43,5
2025-10-15,facebook,FA43783,fb_app_install,2025-07-09,SI,ios,164.96,"7,001",151,46,12
2025-12-31,affiliate,AF96346,aff_winter,2025-12-21,CZ,ios,107.71,"9,242",190,32,3
2025-10-23,facebook,FA96548,fb_brand_awareness,2025-09-12,ES,android,67.39,"7,511",94,28,4
2025-08-17,facebook,FA15615,fb_app_install,2025-05-26,CY,ios,269.68,"13,655",121,34,10
2025-06-03,affiliate,AF62239,aff_spring,2024-12-29,BG,android,59.45,"11,024",47,6,0
2025-12-17,facebook,FA32894,fb_app_install,2025-12-02,HR,android,263.92,"10,884",259,49,10
2025-06-05,google,GO80063,google_display_retargeting,2025-02-04,IE,ios,67.49,"4,919",146,32,10
2025-06-09,instagram,IN70891,ig_reels_push,2025-04-23,BE,android,99.92,"6,736",296,31,6
2025-10-25,affiliate,AF48877,aff_autumn,2025-01-02,CY,android,21.59,"5,878",147,11,0
2025-01-03,affiliate,AF26552,aff_summer,2024-07-17,LT,android,27.84,"7,191",99,13,1
2025-10-22,twitter,TW57865,x_web_conversions,2025-08-05,RO,ios,85.77,"11,872",237,47,8
2025-08-15,affiliate,AF38481,aff_winter,2025-07-02,EE,ios,74.63,"5,759",36,6,1
2025-09-07,instagram,IN31058,ig_retargeting,2025-06-23,FR,ios,82.85,"8,556",215,59,16
2025-10-03,instagram,IN57674,ig_retargeting,2025-07-03,MT,android,200.72,"10,607",235,66,8
2025-10-21,google,GO61696,google_display_retargeting,2025-06-15,SK,android,140.04,"11,686",315,38,10
2025-09-13,facebook,FA77870,fb_conversion_2025,2025-08-16,FI,android,411.81,"22,525",654,124,13
2025-01-31,affiliate,AF30558,aff_spring,2025-01-28,HU,android,38.95,"7,475",106,10,1
2025-01-04,facebook,FA53562,fb_conversion_2025,2024-11-04,PT,android,139.42,"9,899",291,99,11
2025-12-01,affiliate,AF96993,aff_spring,2025-04-08,LU,ios,57.52,"4,802",108,16,1
2025-01-20,facebook,FA84783,fb_conversion_2025,2024-11-29,PL,ios,120.52,"4,726",47,16,2
2025-09-30,affiliate,AF11885,aff_summer,2025-04-27,MT,ios,70.46,"6,557",152,8,1
2025-07-15,tiktok,TI16449,tt_conversion_2025,2025-05-16,DE,android,201.04,"10,306",283,51,13
2025-03-29,tiktok,TI85225,tt_app_installs,2025-03-13,NL,ios,201.96,"9,681",153,39,9
2025-09-07,facebook,FA86323,fb_conversion_2025,2025-08-18,HR,ios,247.92,"11,247",299,88,11
2025-02-05,affiliate,AF34160,aff_autumn,2024-08-22,BG,android,52.52,"9,130",214,16,3
2025-09-10,affiliate,AF36295,aff_winter,2024-12-12,GR,android,132.53,"11,080",199,19,1
2025-06-18,google,GO33038,google_display_retargeting,2025-04-23,ES,ios,190.85,"7,502",191,19,6
2025-12-03,google,GO28772,google_search_brand,2025-11-26,HR,android,270.85,"9,164",279,58,13
2025-07-27,instagram,IN94059,ig_story_launch,2025-05-13,HR,ios,112.82,"7,354",310,38,9
2025-09-14,instagram,IN32670,ig_reels_push,2025-05-31,MT,android,155.30,"8,414",120,34,8
2025-02-27,facebook,FA81509,fb_conversion_2025,2025-01-20,RO,android,208.60,"17,884",414,84,16
2025-12-06,twitter,TW18878,x_awareness,2025-07-05,NL,ios,31.10,"5,484",157,16,3
2025-10-06,facebook,FA36568,fb_retargeting,2025-09-30,DE,android,98.53,"11,926",175,33,7
2025-08-15,instagram,IN34401,ig_reels_push,2025-07-30,ES,android,203.63,"8,982",225,48,3
2025-09-06,tiktok,TI15135,tt_conversion_2025,2025-06-01,FI,ios,152.97,"9,760",173,18,3
2025-09-19,affiliate,AF84663,aff_spring,2025-05-28,PT,ios,80.56,"6,601",103,14,2
2025-04-30,instagram,IN20047,ig_story_launch,2025-03-21,MT,android,109.96,"9,323",268,64,13
2025-06-03,facebook,FA28788,fb_conversion_2025,2025-05-31,RO,ios,224.99,"8,608",142,30,7
2025-09-06,affiliate,AF37172,aff_autumn,2025-04-04,RO,android,121.70,"14,731",336,57,2
2025-03-30,instagram,IN83386,ig_story_launch,2024-12-03,GR,android,145.40,"9,730",161,43,11
2025-12-10,twitter,TW55129,x_awareness,2025-07-01,FI,android,248.13,"14,174",284,45,7
2025-05-22,twitter,TW73778,x_web_conversions,2025-03-28,FR,ios,142.76,"9,088",163,15,3
2025-09-24,google,GO76404,google_youtube_video,2025-08-29,SI,android,296.77,"10,421",558,117,14
2025-04-14,facebook,FA28319,fb_app_install,2025-02-08,BG,ios,166.15,"13,650",386,78,15
2025-02-18,facebook,FA37377,fb_retargeting,2024-10-30,MT,ios,137.89,"6,392",83,26,5
2025-09-28,facebook,FA32702,fb_conversion_2025,2025-07-28,LU,android,21.62,"2,946",30,7,2
2025-02-09,facebook,FA65639,fb_brand_awareness,2024-10-23,PT,ios,116.47,"12,013",252,47,8
2025-09-01,tiktok,TI98792,tt_creator_push,2025-05-16,LT,ios,34.09,"4,491",197,32,4
2025-07-08,tiktok,TI30009,tt_app_installs,2025-07-05,NL,ios,140.47,"13,290",591,61,4
2025-02-11,affiliate,AF81050,aff_winter,2024-11-11,RO,android,14.63,"6,108",82,12,1
2025-05-05,affiliate,AF87316,aff_summer,2025-02-08,EE,ios,125.64,"11,796",226,39,1
2025-01-25,twitter,TW67684,x_retargeting,2024-12-18,CZ,ios,77.89,"6,337",186,34,3
2025-05-19,instagram,IN50640,ig_app_install,2025-05-04,GR,ios,83.86,"11,990",259,60,6
2025-11-30,twitter,TW76247,x_awareness,2025-09-13,BE,android,181.34,"12,845",203,13,2
2025-08-29,tiktok,TI37475,tt_creator_push,2025-07-07,CZ,android,62.55,"8,245",223,53,4
2025-05-25,facebook,FA24020,fb_conversion_2025,2025-05-05,PT,ios,291.79,"10,603",235,47,9
2025-01-01,twitter,TW31245,x_app_installs,2024-08-07,FR,android,99.11,"8,257",244,40,4
2025-05-29,tiktok,TI51588,tt_spark_ads,2025-05-17,FI,ios,210.43,"10,251",203,21,2
2025-12-24,facebook,FA21139,fb_brand_awareness,2025-11-20,DK,android,221.83,"8,820",131,43,8
2025-05-30,affiliate,AF17529,aff_winter,2025-03-30,IT,android,99.35,"9,941",138,10,0
2025-08-07,facebook,FA56213,fb_conversion_2025,2025-07-02,AT,android,59.80,"7,221",148,48,4
2025-02-05,google,GO64433,google_pmax_2025,2024-09-08,GR,ios,129.76,"6,853",264,53,12
2025-03-07,facebook,FA97613,fb_conversion_2025,2025-02-12,SK,ios,340.93,"13,837",116,14,3
2025-03-28,tiktok,TI35836,tt_spark_ads,2024-12-23,AT,ios,93.98,"9,840",435,67,7
2025-01-18,tiktok,TI31185,tt_creator_push,2024-09-15,DK,ios,32.66,"2,965",160,40,5
2025-04-03,twitter,TW94436,x_web_conversions,2025-02-03,IE,ios,223.46,"13,130",112,12,1
2025-04-04,tiktok,TI49939,tt_app_installs,2024-11-23,CY,android,235.31,"11,690",448,75,15
2025-02-21,instagram,IN84690,ig_story_launch,2025-01-19,HU,android,143.60,"10,954",161,46,6
2025-09-14,google,GO90855,google_pmax_2025,2025-09-03,IE,ios,75.76,"4,401",242,56,15
2025-08-26,twitter,TW48554,x_awareness,2025-07-05,HR,android,228.61,"13,578",130,19,3
2025-10-26,affiliate,AF88763,aff_autumn,2025-03-22,CZ,ios,49.26,"11,617",123,21,2
2025-02-04,google,GO20836,google_youtube_video,2024-10-11,AT,android,108.36,"10,461",247,22,2
2025-12-22,affiliate,AF87096,aff_spring,2025-10-15,HR,ios,58.17,"12,843",116,13,2
2025-05-24,google,GO25096,google_search_brand,2025-04-28,CY,android,111.93,"12,091",389,65,10
2025-02-10,tiktok,TI16704,tt_spark_ads,2025-01-22,BE,ios,52.99,"9,124",441,137,33
2025-07-28,affiliate,AF10944,aff_spring,2025-07-10,LV,android,37.67,"3,362",76,4,1
2025-07-20,facebook,FA90380,fb_brand_awareness,2025-07-16,LV,android,196.90,"8,217",231,73,6
2025-06-06,affiliate,AF65280,aff_spring,2025-03-19,DE,android,261.60,"20,290",320,52,6
2025-04-16,twitter,TW54480,x_retargeting,2025-01-25,CY,ios,165.23,"12,817",130,11,2
2025-11-18,facebook,FA98854,fb_app_install,2025-08-08,CY,ios,49.06,"7,140",179,47,4
2025-04-29,google,GO21194,google_search_brand,2025-01-11,SI,ios,134.24,"10,011",695,145,42
2025-11-19,facebook,FA76036,fb_conversion_2025,2025-08-08,IE,ios,202.55,"7,715",185,48,6
2025-04-19,tiktok,TI56390,tt_creator_push,2025-01-17,FR,android,86.32,"7,535",318,78,9
2025-01-28,tiktok,TI80803,tt_app_installs,2025-01-26,SI,android,148.91,"7,372",228,46,6
2025-03-07,instagram,IN25032,ig_retargeting,2025-02-15,SK,ios,210.30,"10,413",339,95,17
2025-02-26,instagram,IN50566,ig_reels_push,2025-02-24,SI,ios,160.39,"6,901",206,53,8
2025-06-24,google,GO28032,google_display_retargeting,2025-03-28,PT,android,96.40,"9,082",402,97,13
2025-12-24,instagram,IN69650,ig_story_launch,2025-12-05,RO,ios,138.21,"9,267",412,119,25
2025-09-14,affiliate,AF23070,aff_spring,2025-05-13,DK,ios,24.44,"6,560",125,13,2
2025-08-24,instagram,IN92343,ig_app_install,2025-08-01,CY,android,70.11,"8,142",298,45,6
2025-06-06,facebook,FA20773,fb_conversion_2025,2025-03-10,DK,ios,328.93,"20,264",493,77,21
2025-02-08,tiktok,TI56158,tt_app_installs,2025-01-12,NL,ios,255.18,"17,691",702,213,22
2025-09-30,facebook,FA23057,fb_app_install,2025-07-18,HU,android,184.30,"7,473",126,27,4
2025-09-23,twitter,TW16504,x_awareness,2025-05-31,RO,ios,130.75,"8,552",123,11,1
2025-12-02,instagram,IN12272,ig_reels_push,2025-08-22,IE,android,96.67,"7,519",141,40,4
2025-03-21,facebook,FA89544,fb_brand_awareness,2025-03-09,PL,ios,95.44,"10,167",235,49,8
2025-07-04,google,GO19373,google_search_brand,2025-06-05,FI,android,188.47,"10,451",482,102,11
2025-01-08,google,GO21467,google_pmax_2025,2024-10-05,RO,android,256.98,"7,611",461,114,7
2025-12-25,instagram,IN70356,ig_reels_push,2025-12-17,BE,ios,156.14,"11,653",182,25,4
2025-05-31,facebook,FA25220,fb_app_install,2025-02-03,BE,android,97.27,"4,445",85,13,1
2025-09-13,instagram,IN13964,ig_reels_push,2025-08-27,LV,android,34.31,"5,289",122,27,6
2025-12-04,twitter,TW20884,x_app_installs,2025-10-30,IE,ios,120.06,"16,450",261,38,3
2025-04-19,google,GO67012,google_youtube_video,2024-12-06,GR,android,162.57,"14,577",994,204,21
2025-01-29,google,GO33349,google_search_brand,2024-09-14,HR,ios,47.38,"5,013",177,31,4
2025-09-25,affiliate,AF84345,aff_spring,2025-03-16,DE,android,100.58,"7,638",38,6,0
2025-01-22,affiliate,AF90398,aff_summer,2024-11-19,SK,android,115.21,"11,174",140,15,3
2025-06-01,instagram,IN22924,ig_reels_push,2025-05-20,DK,android,129.22,"10,263",242,35,3
2025-07-28,facebook,FA90171,fb_app_install,2025-05-01,CY,ios,55.45,"7,474",85,27,6
2025-01-28,facebook,FA81442,fb_retargeting,2025-01-22,DK,android,188.03,"8,124",169,49,6
2025-08-31,facebook,FA10051,fb_app_install,2025-08-09,LU,android,314.51,"12,584",315,63,15
2025-10-03,google,GO69749,google_youtube_video,2025-06-17,SI,ios,157.10,"5,749",261,55,4
2025-01-21,twitter,TW91604,x_web_conversions,2024-09-01,BE,ios,102.66,"7,076",89,17,2
2025-11-25,instagram,IN56205,ig_story_launch,2025-08-08,LU,android,115.04,"6,888",241,47,9
2025-03-02,twitter,TW58450,x_awareness,2024-12-28,GR,android,64.10,"5,820",42,4,0
2025-08-27,affiliate,AF77115,aff_winter,2025-07-31,IE,ios,92.53,"9,433",41,6,1
2025-11-04,tiktok,TI67039,tt_creator_push,2025-09-03,LT,ios,454.68,"20,716",1078,243,25
2025-09-25,instagram,IN11883,ig_reels_push,2025-06-30,RO,ios,269.05,"12,654",450,86,10
2025-10-18,google,GO71300,google_search_brand,2025-07-27,MT,ios,136.26,"11,912",307,76,14
2025-01-19,affiliate,AF83497,aff_spring,2024-09-02,SK,android,66.59,"10,658",187,14,2
2025-03-08,tiktok,TI19893,tt_app_installs,2024-12-29,CZ,android,151.92,"9,716",452,84,11
2025-11-24,twitter,TW21908,x_retargeting,2025-11-04,LU,android,91.96,"6,075",37,5,1
2025-07-10,tiktok,TI92641,tt_spark_ads,2025-02-03,DK,ios,274.84,"13,605",523,110,5
2025-07-26,facebook,FA67970,fb_retargeting,2025-04-01,MT,ios,479.59,"18,599",536,185,53
2025-04-24,twitter,TW88096,x_app_installs,2024-11-24,ES,android,25.54,"7,638",130,21,2
2025-01-22,twitter,TW62418,x_awareness,2024-10-03,FR,ios,91.48,"12,886",346,26,5
2025-06-23,google,GO32951,google_pmax_2025,2025-01-25,LU,ios,264.45,"12,849",848,196,46
2025-05-31,instagram,IN60762,ig_retargeting,2025-04-21,BE,ios,49.42,"3,457",100,11,3
2025-04-02,google,GO33885,google_search_brand,2025-03-23,PL,ios,375.69,"11,002",472,79,8
2025-11-21,google,GO25930,google_display_retargeting,2025-08-28,FI,ios,60.63,"7,435",239,64,4
2025-12-08,affiliate,AF34356,aff_spring,2025-10-22,SE,ios,82.38,"8,678",197,10,2
2025-07-27,twitter,TW89429,x_app_installs,2025-05-30,AT,android,52.62,"4,655",62,6,1
2025-11-05,affiliate,AF18627,aff_summer,2025-07-15,DE,ios,83.96,"9,530",68,12,2
2025-06-09,affiliate,AF99484,aff_summer,2025-01-06,SK,ios,134.64,"13,042",170,30,3
2025-03-23,tiktok,TI56988,tt_spark_ads,2025-01-19,DE,ios,79.32,"8,731",304,65,3
2025-06-17,affiliate,AF71886,aff_winter,2025-02-25,SE,android,152.42,"11,862",160,13,2
2025-01-06,instagram,IN86759,ig_reels_push,2024-12-31,CZ,android,68.79,"7,378",233,33,8
2025-07-01,facebook,FA58443,fb_app_install,2025-05-28,SK,android,83.75,"4,558",48,7,1
2025-04-06,affiliate,AF76512,aff_summer,2024-07-02,PL,ios,43.88,"3,909",43,8,0
2025-09-16,tiktok,TI59102,tt_conversion_2025,2025-08-02,DE,android,176.93,"9,177",489,123,30
2025-08-02,instagram,IN54659,ig_story_launch,2025-05-28,CY,android,136.04,"6,763",112,26,4
2025-03-13,instagram,IN14734,ig_story_launch,2024-12-06,GR,ios,63.35,"6,447",271,68,14
2025-12-17,tiktok,TI10203,tt_app_installs,2025-10-16,LV,ios,123.19,"12,499",616,194,47
2025-01-07,tiktok,TI17825,tt_conversion_2025,2024-10-13,SE,ios,270.57,"12,363",283,87,7
2025-03-31,instagram,IN75937,ig_story_launch,2025-02-04,SK,ios,73.65,"6,252",133,18,3
2025-06-04,affiliate,AF12967,aff_summer,2024-10-28,AT,android,22.51,"7,827",76,8,1
2025-10-05,instagram,IN14720,ig_retargeting,2025-09-16,SE,android,210.98,"16,308",484,106,26
2025-03-23,affiliate,AF33898,aff_spring,2024-07-31,BG,ios,49.99,"8,746",123,18,3
2025-09-01,facebook,FA99064,fb_brand_awareness,2025-06-01,EE,android,135.96,"8,849",173,26,8
2025-05-01,affiliate,AF87848,aff_autumn,2024-09-14,HR,ios,51.33,"23,958",329,57,8
2025-11-06,affiliate,AF70452,aff_winter,2025-06-11,NL,ios,182.45,"15,846",225,29,2
2025-03-29,tiktok,TI76314,tt_creator_push,2025-01-02,AT,ios,62.30,"4,678",124,31,4
2025-10-28,facebook,FA19487,fb_app_install,2025-09-25,CY,ios,170.73,"12,928",375,94,20
2025-09-03,facebook,FA73818,fb_conversion_2025,2025-06-12,CY,ios,60.12,"8,749",186,32,6
2025-08-04,facebook,FA75129,fb_app_install,2025-05-06,LU,android,138.54,"10,496",147,25,4
2025-09-18,affiliate,AF43147,aff_winter,2025-05-31,DK,ios,42.60,"8,832",179,9,1
2025-12-01,tiktok,TI24553,tt_creator_push,2025-08-13,SE,ios,23.75,"4,170",174,33,2
2025-07-10,google,GO86639,google_pmax_2025,2025-05-11,LV,ios,144.50,"6,732",148,17,4
2025-07-05,instagram,IN69718,ig_app_install,2025-04-03,LU,android,116.70,"6,427",68,20,2
2025-07-24,affiliate,AF22778,aff_winter,2025-06-04,AT,ios,207.47,"15,408",226,40,7
2025-08-07,facebook,FA39297,fb_conversion_2025,2025-06-15,HR,android,73.62,"5,724",159,22,2
2025-11-26,instagram,IN68612,ig_app_install,2025-08-02,EE,ios,121.00,"6,185",78,17,4
2025-11-08,instagram,IN87857,ig_story_launch,2025-07-30,HU,ios,61.95,"5,974",132,39,9
2025-09-02,google,GO41989,google_pmax_2025,2025-07-25,EE,android,31.37,"2,573",138,33,9
2025-01-05,affiliate,AF53220,aff_winter,2024-09-09,LV,ios,95.78,"8,163",92,10,1
2025-07-24,facebook,FA74817,fb_retargeting,2025-04-14,HR,android,151.61,"10,299",331,46,13
2025-03-05,google,GO69624,google_search_brand,2024-11-29,NL,android,181.79,"9,918",563,157,41
2025-09-04,facebook,FA28507,fb_conversion_2025,2025-07-07,BG,ios,272.16,"11,573",313,79,5
2025-07-21,twitter,TW18014,x_web_conversions,2025-02-16,CZ,android,116.34,"6,573",120,8,2
2025-07-02,twitter,TW88876,x_awareness,2025-01-14,NL,ios,182.92,"12,323",286,41,7
2025-11-29,affiliate,AF50643,aff_autumn,2025-07-28,CY,android,44.89,"3,611",57,4,0
2025-04-30,twitter,TW91580,x_awareness,2025-04-14,GR,ios,49.07,"7,200",55,7,0
2025-04-03,google,GO55333,google_youtube_video,2025-02-28,PT,android,340.51,"15,687",465,121,12
2025-05-25,google,GO83545,google_search_brand,2025-02-14,ES,ios,221.72,"8,238",196,49,8
2025-02-01,instagram,IN56357,ig_retargeting,2024-12-17,DE,ios,230.67,"10,281",259,49,7
2025-03-05,tiktok,TI48551,tt_creator_push,2024-12-26,SK,android,127.63,"6,220",324,65,6
2025-03-03,facebook,FA29075,fb_app_install,2025-02-28,MT,android,179.50,"13,668",265,73,12
2025-11-17,affiliate,AF78028,aff_summer,2025-08-27,CY,ios,109.13,"11,549",105,8,1
2025-08-08,google,GO84047,google_display_retargeting,2025-03-04,CZ,android,128.10,"5,447",321,55,16
2025-04-14,google,GO34124,google_pmax_2025,2025-02-13,LV,android,154.45,"6,307",173,20,6
2025-06-14,tiktok,TI41146,tt_creator_push,2025-01-09,NL,android,148.20,"9,028",305,91,7
2025-11-16,instagram,IN86087,ig_retargeting,2025-07-19,HU,android,167.37,"13,613",488,125,18
2025-03-19,twitter,TW97564,x_retargeting,2024-12-25,LU,android,46.05,"10,291",72,7,1
2025-07-27,twitter,TW52162,x_web_conversions,2025-02-01,HU,ios,129.87,"14,116",173,34,3
2025-08-17,twitter,TW16773,x_retargeting,2025-03-23,LT,ios,156.17,"10,678",139,22,2
2025-03-02,affiliate,AF54308,aff_winter,2025-02-07,EE,android,76.33,"7,774",61,6,0
2025-03-29,facebook,FA41254,fb_retargeting,2025-03-16,AT,android,145.08,"6,951",80,18,4
2025-05-08,twitter,TW78907,x_retargeting,2024-11-20,CY,ios,106.39,"9,922",296,51,8
2025-01-13,facebook,FA22818,fb_conversion_2025,2024-12-28,GR,ios,55.85,"6,643",141,21,4
2025-03-13,google,GO39492,google_youtube_video,2024-12-26,CY,android,162.98,"10,209",592,76,18
2025-04-28,instagram,IN82193,ig_retargeting,2025-03-23,SE,ios,55.10,"5,811",192,55,15
2025-03-11,facebook,FA89928,fb_retargeting,2025-01-19,HR,ios,75.68,"3,648",114,22,2
2025-05-14,tiktok,TI87684,tt_app_installs,2025-02-02,RO,android,325.37,"22,071",479,75,5
2025-04-29,google,GO24220,google_search_brand,2025-01-21,RO,ios,208.08,"8,032",335,38,7
2025-05-20,affiliate,AF91401,aff_winter,2024-11-21,LV,ios,75.95,"7,226",89,11,1
2025-08-25,facebook,FA45214,fb_retargeting,2025-08-02,GR,ios,89.48,"3,588",58,15,2
2025-08-06,facebook,FA23834,fb_retargeting,2025-08-06,BG,ios,64.69,"5,682",97,16,5
2025-07-18,twitter,TW40472,x_retargeting,2025-01-28,CY,ios,71.09,"4,079",31,3,0
2025-11-11,tiktok,TI40702,tt_conversion_2025,2025-10-14,SK,android,154.64,"8,257",373,116,11
2025-05-29,tiktok,TI54001,tt_creator_push,2025-04-03,SK,android,294.89,"16,624",776,125,24
2025-03-12,tiktok,TI73012,tt_app_installs,2025-03-07,FR,ios,134.57,"11,854",338,105,6
2025-07-08,instagram,IN89625,ig_app_install,2025-04-19,PL,ios,52.72,"8,002",81,10,1
2025-08-13,twitter,TW76287,x_web_conversions,2025-07-04,LT,ios,163.14,"9,445",198,25,3
2025-08-28,facebook,FA46133,fb_brand_awareness,2025-05-29,SE,android,130.46,"10,575",353,123,22
2025-06-10,affiliate,AF32878,aff_autumn,2025-01-07,LU,android,16.74,"7,973",175,13,2
2025-01-14,twitter,TW83861,x_awareness,2024-12-19,RO,ios,95.02,"7,344",111,20,3
2025-11-04,tiktok,TI60393,tt_conversion_2025,2025-06-12,FI,ios,113.28,"6,473",118,22,1
2025-01-04,twitter,TW14567,x_retargeting,2024-10-12,CY,ios,67.98,"14,151",86,9,1
2025-12-24,tiktok,TI13371,tt_app_installs,2025-11-10,EE,android,113.28,"6,514",222,42,10
2025-06-17,instagram,IN24407,ig_app_install,2025-04-21,SE,android,109.37,"7,367",220,32,3
2025-09-22,tiktok,TI84170,tt_spark_ads,2025-06-11,PL,android,34.22,"5,522",73,16,4
2025-06-17,tiktok,TI19695,tt_conversion_2025,2025-03-19,BE,android,179.59,"10,526",307,82,12
2025-09-05,affiliate,AF23908,aff_autumn,2025-03-24,DK,android,77.25,"5,770",97,13,2
2025-05-11,facebook,FA40795,fb_app_install,2025-03-17,BG,android,94.23,"4,686",154,19,5
2025-07-04,twitter,TW18187,x_awareness,2025-05-19,AT,ios,118.37,"11,302",140,10,1
2025-09-28,google,GO38093,google_display_retargeting,2025-08-11,LU,ios,177.91,"6,473",342,84,22
2025-10-24,facebook,FA47872,fb_retargeting,2025-09-26,NL,ios,114.13,"10,720",285,76,17
2025-05-12,google,GO68376,google_display_retargeting,2025-02-25,LU,ios,451.49,"21,400",696,56,9
2025-09-01,affiliate,AF35314,aff_winter,2025-07-09,EE,android,190.81,"18,160",212,12,2
2025-07-30,facebook,FA92635,fb_app_install,2025-04-24,MT,android,66.06,"4,509",84,27,3
2025-03-25,facebook,FA26819,fb_app_install,2025-01-01,DE,ios,263.60,"9,598",226,39,6
2025-07-05,google,GO77260,google_search_brand,2025-05-14,GR,android,389.63,"13,568",491,132,9
2025-12-28,tiktok,TI11459,tt_conversion_2025,2025-11-21,DE,android,98.10,"6,445",276,76,18
2025-06-12,affiliate,AF14825,aff_summer,2025-04-28,CY,ios,101.90,"7,294",90,7,1
2025-09-08,google,GO88702,google_youtube_video,2025-09-02,SK,ios,206.46,"9,377",521,90,13
2025-03-26,twitter,TW26820,x_web_conversions,2025-01-12,AT,android,71.12,"15,446",270,37,4
2025-06-11,tiktok,TI71639,tt_app_installs,2025-05-06,FR,ios,88.53,"8,692",450,68,10
2025-09-15,instagram,IN39347,ig_story_launch,2025-06-25,BG,ios,67.85,"7,368",148,36,8
2025-07-08,affiliate,AF27527,aff_spring,2025-05-24,DK,ios,121.93,"20,920",148,12,1
2025-01-14,affiliate,AF68327,aff_spring,2024-06-14,LT,android,24.95,"7,971",141,15,1
2025-12-05,tiktok,TI19714,tt_conversion_2025,2025-11-15,DE,android,348.36,"21,004",298,82,11
2025-08-26,google,GO55600,google_youtube_video,2025-08-09,BE,android,239.99,"8,735",526,76,14
2025-10-08,instagram,IN16878,ig_retargeting,2025-06-27,NL,ios,51.54,"4,375",189,55,3
2025-05-06,instagram,IN14138,ig_story_launch,2025-04-28,HR,ios,188.02,"8,488",181,53,4
2025-03-10,instagram,IN68844,ig_reels_push,2024-12-26,LU,ios,63.59,"4,477",90,12,1
2025-03-01,tiktok,TI72025,tt_app_installs,2025-01-19,IT,android,221.01,"11,209",250,36,6
2025-12-31,instagram,IN62915,ig_reels_push,2025-09-09,CZ,ios,146.15,"6,141",114,24,4
2025-12-19,google,GO44446,google_pmax_2025,2025-10-24,GR,ios,56.25,"4,459",306,82,10
2025-12-16,facebook,FA49986,fb_retargeting,2025-11-01,RO,android,259.07,"11,079",310,80,6
2025-03-13,google,GO91124,google_youtube_video,2024-10-18,FI,android,91.02,"8,649",174,23,3
2025-10-17,affiliate,AF16058,aff_spring,2025-02-01,HR,android,156.50,"12,483",169,28,4
2025-03-06,facebook,FA52722,fb_conversion_2025,2025-01-31,FR,android,138.65,"6,790",84,28,6
2025-04-14,tiktok,TI63857,tt_conversion_2025,2024-12-20,IT,android,137.31,"9,972",330,72,7
2025-05-09,twitter,TW74147,x_awareness,2025-04-12,GR,ios,148.22,"15,233",128,24,4
2025-08-06,affiliate,AF12039,aff_autumn,2025-03-06,LT,android,111.26,"9,793",50,6,1
2025-06-04,google,GO15258,google_search_brand,2025-05-13,NL,ios,86.97,"7,144",304,83,19
2025-10-31,affiliate,AF33557,aff_spring,2025-07-22,RO,ios,45.57,"4,616",52,4,0
2025-05-21,instagram,IN74618,ig_app_install,2025-02-14,FR,android,141.38,"10,288",199,31,4
2025-01-06,instagram,IN79037,ig_story_launch,2024-10-16,BG,ios,114.57,"7,507",123,30,3
2025-06-19,tiktok,TI71680,tt_creator_push,2025-03-21,PT,ios,133.50,"8,535",222,54,13
2025-09-23,google,GO78034,google_youtube_video,2025-05-07,IT,android,223.94,"7,781",540,96,12
2025-06-17,facebook,FA22839,fb_app_install,2025-04-05,CZ,ios,103.59,"10,699",202,43,7
2025-10-07,tiktok,TI80593,tt_creator_push,2025-05-19,DK,android,191.82,"11,090",361,107,4
2025-12-29,google,GO94562,google_search_brand,2025-12-17,DE,android,147.54,"5,472",358,94,20
2025-05-15,twitter,TW59411,x_retargeting,2025-01-05,DK,android,103.61,"10,425",180,32,2
2025-04-13,facebook,FA33689,fb_conversion_2025,2025-04-11,IT,ios,195.60,"7,004",189,55,12
2025-01-10,twitter,TW11530,x_web_conversions,2024-10-16,LV,ios,160.71,"11,426",232,44,6
2025-07-21,affiliate,AF31576,aff_spring,2025-04-20,DE,ios,26.07,"9,747",122,19,1
2025-07-30,twitter,TW86647,x_retargeting,2025-04-23,BE,android,227.97,"13,913",159,18,3
2025-02-09,tiktok,TI99841,tt_creator_push,2024-10-31,DK,ios,125.87,"9,258",122,19,1
2025-09-04,instagram,IN78712,ig_app_install,2025-08-28,SI,android,56.18,"5,069",132,25,7
2025-10-29,google,GO97916,google_pmax_2025,2025-08-25,PL,ios,165.08,"6,864",407,35,7
2025-01-13,facebook,FA69823,fb_retargeting,2024-10-03,BG,android,158.25,"7,866",156,32,7
2025-03-09,tiktok,TI52541,tt_app_installs,2024-11-02,FR,android,154.63,"8,267",176,45,7
2025-03-20,tiktok,TI53224,tt_conversion_2025,2024-11-22,PT,android,216.11,"12,211",477,133,27
2025-01-05,instagram,IN63433,ig_app_install,2024-11-21,BG,android,24.49,"2,954",68,14,1
2025-09-29,google,GO69588,google_pmax_2025,2025-09-12,CZ,ios,287.91,"12,991",506,105,22
2025-08-16,google,GO87598,google_youtube_video,2025-08-01,LV,android,188.48,"11,805",655,174,49
2025-02-07,twitter,TW79285,x_web_conversions,2025-01-19,RO,android,58.29,"9,845",184,27,5
2025-03-13,google,GO95230,google_youtube_video,2025-01-19,SE,ios,361.04,"10,456",436,85,26
2025-08-06,twitter,TW86981,x_web_conversions,2025-03-20,BG,ios,53.61,"8,290",91,15,2
2025-01-30,google,GO81096,google_pmax_2025,2024-09-02,AT,ios,179.39,"7,696",465,112,30
2025-08-03,tiktok,TI70084,tt_conversion_2025,2025-04-08,LV,android,126.02,"5,827",144,23,4
2025-02-04,facebook,FA48009,fb_brand_awareness,2024-10-23,FI,ios,174.81,"7,012",224,31,6
2025-08-05,tiktok,TI97340,tt_conversion_2025,2025-04-03,PL,android,256.36,"11,655",269,61,11
2025-12-15,affiliate,AF36414,aff_winter,2025-04-30,BE,ios,38.55,"18,621",100,12,1
2025-12-28,affiliate,AF88167,aff_spring,2025-09-15,IE,ios,111.88,"10,008",221,38,2
2025-11-11,twitter,TW24744,x_retargeting,2025-10-13,DK,android,39.54,"5,057",56,5,0
2025-12-09,instagram,IN13069,ig_retargeting,2025-08-28,PT,ios,261.75,"12,828",220,42,7
2025-12-08,google,GO80773,google_pmax_2025,2025-11-16,AT,android,44.35,"4,763",235,49,8
2025-01-07,google,GO56996,google_search_brand,2024-09-02,RO,android,256.85,"7,453",352,95,15
2025-07-22,affiliate,AF21637,aff_autumn,2025-06-12,IE,android,74.40,"7,409",33,4,1
2025-07-04,google,GO98003,google_pmax_2025,2025-05-04,SE,android,203.57,"7,589",434,63,17
2025-03-08,twitter,TW29359,x_awareness,2024-11-14,HR,ios,134.07,"8,193",129,22,1
2025-08-05,tiktok,TI93182,tt_creator_push,2025-06-23,GR,ios,36.87,"8,654",423,90,8
2025-05-11,twitter,TW82650,x_web_conversions,2024-12-09,LU,android,81.97,"15,377",282,50,8
2025-02-15,tiktok,TI97158,tt_spark_ads,2024-11-24,PT,android,111.81,"6,318",300,42,8
2025-11-12,affiliate,AF94648,aff_summer,2025-01-29,RO,ios,94.76,"9,163",75,9,2
2025-10-15,facebook,FA83490,fb_app_install,2025-07-02,BG,ios,100.72,"7,979",256,43,11
2025-07-08,twitter,TW95573,x_retargeting,2025-05-07,HR,android,120.34,"9,816",122,8,1
2025-01-11,affiliate,AF77076,aff_winter,2024-12-04,PL,android,73.96,"9,123",65,5,0
2025-10-27,twitter,TW70108,x_app_installs,2025-07-05,PT,android,93.69,"5,861",63,12,1
2025-01-23,tiktok,TI74441,tt_conversion_2025,2024-09-15,EE,android,121.61,"7,566",340,103,25
2025-03-23,twitter,TW44682,x_retargeting,2024-12-05,HR,ios,90.24,"5,319",55,4,1
2025-07-15,tiktok,TI48281,tt_app_installs,2025-06-19,GR,android,80.84,"6,189",133,16,3
2025-06-28,tiktok,TI48627,tt_creator_push,2025-06-17,AT,android,57.89,"7,076",374,63,4
2025-01-30,instagram,IN80514,ig_reels_push,2025-01-18,FI,android,234.69,"14,731",505,107,16
2025-03-02,google,GO89098,google_youtube_video,2024-10-07,PT,ios,630.71,"18,375",1136,255,31
2025-07-10,facebook,FA18882,fb_brand_awareness,2025-03-24,BE,ios,118.75,"11,246",227,36,5
2025-11-05,facebook,FA11585,fb_retargeting,2025-09-21,ES,android,118.70,"8,224",93,28,2
2025-09-29,twitter,TW24989,x_awareness,2025-07-05,DE,ios,103.25,"6,004",109,20,1
2025-04-29,twitter,TW55676,x_retargeting,2025-01-07,EE,android,46.78,"13,317",319,64,11
2025-10-21,instagram,IN39420,ig_story_launch,2025-07-24,SE,ios,124.79,"11,370",168,28,4
2025-06-03,twitter,TW35406,x_retargeting,2025-04-22,CY,android,79.63,"8,556",115,20,4
2025-09-11,affiliate,AF75133,aff_spring,2025-03-08,HU,android,47.07,"8,315",178,16,1
2025-02-22,twitter,TW17787,x_web_conversions,2025-02-17,IE,ios,223.71,"12,996",224,49,3
2025-05-23,facebook,FA33452,fb_retargeting,2025-03-27,LT,ios,84.85,"3,572",52,14,4
2025-03-16,affiliate,AF90880,aff_autumn,2024-07-29,SE,android,90.91,"7,898",75,7,1
2025-12-22,twitter,TW32622,x_web_conversions,2025-09-23,DE,ios,62.50,"5,193",56,7,1
2025-11-29,facebook,FA68784,fb_app_install,2025-09-28,AT,android,47.47,"5,425",67,22,3
2025-09-23,facebook,FA53394,fb_retargeting,2025-06-29,AT,ios,239.24,"16,457",429,82,8
2025-01-29,twitter,TW93295,x_retargeting,2024-11-05,AT,ios,114.90,"8,104",151,22,3
2025-06-24,tiktok,TI79676,tt_spark_ads,2025-03-27,CZ,ios,32.32,"7,289",148,16,2
2025-09-03,affiliate,AF77797,aff_spring,2025-07-28,FR,ios,41.94,"8,524",127,12,1
2025-12-07,twitter,TW36065,x_web_conversions,2025-10-10,SK,android,32.17,"7,714",59,7,1
2025-01-14,google,GO63796,google_search_brand,2024-09-29,FI,ios,189.28,"5,870",203,18,4
2025-12-17,instagram,IN17111,ig_app_install,2025-10-24,PL,ios,68.74,"4,900",205,57,13
2025-02-23,facebook,FA99937,fb_brand_awareness,2024-12-18,NL,ios,507.67,"18,871",551,148,24
2025-11-10,facebook,FA87558,fb_retargeting,2025-10-22,FR,android,62.50,"5,058",70,24,4
2025-01-15,instagram,IN76828,ig_app_install,2024-11-04,BG,android,78.23,"6,734",210,56,4
2025-06-23,google,GO47997,google_display_retargeting,2025-02-14,HU,ios,170.48,"12,983",655,132,39
2025-07-02,tiktok,TI10092,tt_app_installs,2025-05-20,IE,ios,38.31,"6,240",293,77,17
2025-09-23,tiktok,TI54031,tt_app_installs,2025-05-17,DK,android,85.94,"8,597",314,94,21
2025-04-07,tiktok,TI40740,tt_spark_ads,2025-02-20,PL,android,66.75,"8,433",107,24,5
2025-02-02,instagram,IN20097,ig_retargeting,2025-01-31,FR,ios,99.58,"5,945",138,25,6
2025-04-02,instagram,IN81447,ig_app_install,2024-12-28,HR,android,111.22,"7,822",258,30,2
2025-03-26,google,GO18985,google_youtube_video,2024-12-31,NL,ios,139.07,"7,103",359,101,27
2025-08-31,instagram,IN36741,ig_reels_push,2025-08-03,HR,ios,166.01,"7,863",154,22,3
2025-09-21,twitter,TW11042,x_app_installs,2025-04-16,LU,ios,124.06,"8,924",193,34,2
2025-10-03,twitter,TW10361,x_web_conversions,2025-09-23,DK,android,33.31,"8,463",247,18,2
2025-04-05,facebook,FA24530,fb_retargeting,2024-12-21,AT,android,45.76,"6,754",84,26,2
2025-03-18,instagram,IN31708,ig_retargeting,2025-02-09,BG,ios,84.36,"6,139",128,31,3
2025-05-05,google,GO12435,google_pmax_2025,2024-12-16,LV,ios,296.59,"12,070",802,106,13
2025-09-10,facebook,FA96679,fb_conversion_2025,2025-07-06,RO,android,147.76,"12,169",323,63,12
2025-02-20,tiktok,TI87579,tt_creator_push,2025-02-11,IE,android,110.75,"7,878",196,29,2
2025-08-26,instagram,IN91746,ig_reels_push,2025-06-06,CZ,ios,54.57,"3,745",44,11,2
2025-04-01,affiliate,AF94039,aff_summer,2025-02-24,HU,ios,23.72,"7,520",186,18,3
2025-01-23,twitter,TW57883,x_awareness,2024-10-05,CZ,ios,37.36,"8,572",250,44,7
2025-05-24,affiliate,AF81341,aff_autumn,2024-11-27,IE,android,35.71,"7,525",165,21,3
2025-07-28,tiktok,TI38544,tt_spark_ads,2025-02-24,SE,android,222.38,"12,029",559,99,16
2025-10-24,twitter,TW39764,x_app_installs,2025-05-04,NL,android,107.89,"8,898",245,46,10
2025-05-01,tiktok,TI83210,tt_conversion_2025,2025-01-08,MT,android,83.44,"7,327",167,25,1
2025-08-28,google,GO86262,google_search_brand,2025-07-12,IT,ios,254.92,"7,421",215,21,6
2025-05-12,facebook,FA71379,fb_conversion_2025,2025-02-01,MT,android,82.01,"10,239",239,68,11
2025-01-27,google,GO13140,google_pmax_2025,2024-11-23,HU,ios,177.25,"6,354",379,42,13
2025-08-23,facebook,FA14675,fb_retargeting,2025-05-10,ES,android,191.37,"8,948",302,79,18
2025-05-01,tiktok,TI61227,tt_conversion_2025,2025-01-29,GR,ios,45.05,"6,081",91,28,4
2025-09-26,facebook,FA16011,fb_retargeting,2025-08-26,PT,android,159.89,"7,719",241,56,5
2025-05-30,google,GO43179,google_display_retargeting,2025-03-24,SI,android,81.89,"4,923",195,53,14
2025-08-11,facebook,FA31259,fb_app_install,2025-06-26,DE,ios,197.83,"7,447",165,47,5
2025-08-16,affiliate,AF24263,aff_summer,2024-12-24,DK,android,80.90,"6,313",102,18,2
2025-05-13,twitter,TW47929,x_awareness,2025-03-14,EE,ios,117.87,"14,825",427,33,5
2025-02-02,tiktok,TI61046,tt_spark_ads,2024-10-31,NL,ios,141.91,"8,402",315,43,3
2025-06-29,twitter,TW66993,x_web_conversions,2025-03-19,HR,android,192.20,"12,742",127,27,4
2025-03-24,affiliate,AF94639,aff_winter,2024-10-21,MT,android,45.48,"6,527",109,6,1
2025-12-03,affiliate,AF88593,aff_autumn,2025-12-03,DE,android,52.01,"8,026",83,9,1
2025-04-21,instagram,IN65885,ig_retargeting,2025-04-08,BE,android,324.57,"13,823",369,86,20
2025-02-07,tiktok,TI82470,tt_app_installs,2024-09-04,FI,android,80.70,"5,558",104,33,4
2025-07-17,facebook,FA75027,fb_app_install,2025-05-15,IT,ios,139.83,"5,766",182,56,6
2025-05-13,twitter,TW76653,x_awareness,2024-11-23,MT,android,13.01,"4,290",84,13,1
2025-12-09,instagram,IN13801,ig_app_install,2025-10-25,FR,ios,192.35,"8,421",364,87,10
2025-05-16,affiliate,AF82532,aff_winter,2025-01-21,IT,android,20.75,"7,965",39,7,0
2025-01-04,instagram,IN67731,ig_story_launch,2024-11-29,BE,ios,72.29,"11,558",389,84,8
2025-10-02,google,GO57634,google_search_brand,2025-08-22,BG,android,190.83,"8,511",475,62,13
2025-12-09,facebook,FA60091,fb_brand_awareness,2025-08-22,SK,android,247.45,"11,630",278,56,6
2025-12-08,google,GO18422,google_pmax_2025,2025-12-08,SI,android,313.62,"13,279",740,197,49
2025-10-12,tiktok,TI86620,tt_app_installs,2025-09-07,LU,android,28.15,"6,259",287,57,5
2025-08-16,tiktok,TI31480,tt_app_installs,2025-05-27,HU,android,150.64,"7,588",202,21,4
2025-10-21,affiliate,AF80245,aff_autumn,2025-02-21,LV,ios,58.88,"4,978",104,6,0
2025-12-27,google,GO38234,google_search_brand,2025-12-02,AT,ios,276.08,"8,006",214,51,11
2025-09-16,facebook,FA70631,fb_app_install,2025-07-06,CY,ios,187.55,"15,807",343,86,25
2025-08-22,google,GO62479,google_youtube_video,2025-05-15,EE,ios,122.65,"9,436",548,58,10
2025-05-03,facebook,FA93889,fb_retargeting,2025-02-12,SK,android,89.10,"10,976",135,33,4
2025-07-02,twitter,TW47930,x_app_installs,2025-05-11,RO,ios,22.36,"4,577",72,7,0
2025-08-01,google,GO68333,google_search_brand,2025-04-02,HR,ios,137.85,"7,727",193,27,7
2025-08-21,google,GO77720,google_search_brand,2025-04-29,FI,android,288.70,"15,340",730,192,41
2025-01-26,affiliate,AF33982,aff_autumn,2024-11-18,FI,ios,114.12,"12,676",192,19,3
2025-12-07,instagram,IN61576,ig_story_launch,2025-09-17,HR,ios,349.44,"15,754",640,172,16
2025-11-06,google,GO76313,google_display_retargeting,2025-08-29,SI,android,168.45,"20,174",782,218,67
2025-04-30,affiliate,AF33440,aff_autumn,2025-04-05,PT,ios,169.51,"19,430",315,50,9
2025-08-12,twitter,TW83159,x_web_conversions,2025-04-14,MT,android,77.75,"9,611",139,10,2
2025-12-09,affiliate,AF62310,aff_autumn,2025-07-09,FI,android,57.79,"6,418",39,6,1
2025-11-03,affiliate,AF23887,aff_autumn,2025-08-20,EE,ios,41.03,"4,299",42,6,0
2025-08-10,google,GO49348,google_pmax_2025,2025-03-07,RO,ios,171.16,"14,294",774,95,7
2025-02-20,google,GO15437,google_display_retargeting,2025-02-14,PT,ios,208.10,"8,315",176,23,4
2025-09-15,affiliate,AF63250,aff_winter,2024-12-27,BG,android,78.39,"14,202",301,19,3
2025-04-28,facebook,FA25185,fb_retargeting,2025-04-24,AT,ios,173.42,"17,526",212,63,10
2025-07-17,tiktok,TI17548,tt_creator_push,2025-04-24,DK,android,109.20,"5,977",225,46,3
2025-12-30,facebook,FA55738,fb_conversion_2025,2025-10-04,DK,android,109.48,"8,252",164,43,12
2025-01-21,google,GO48457,google_youtube_video,2024-08-26,PL,ios,251.74,"7,815",353,32,5
2025-01-23,twitter,TW20379,x_app_installs,2024-09-13,CY,ios,134.21,"8,134",212,27,4
2025-04-05,google,GO78879,google_youtube_video,2025-02-17,IT,ios,152.90,"8,484",198,20,3
2025-07-10,tiktok,TI12661,tt_conversion_2025,2025-06-12,BG,android,68.12,"8,084",199,41,4
2025-06-04,tiktok,TI71402,tt_conversion_2025,2025-02-16,PT,android,101.30,"5,426",144,28,1
2025-03-30,twitter,TW97071,x_app_installs,2024-10-10,CY,android,74.01,"9,589",262,58,10
2025-12-12,facebook,FA13268,fb_app_install,2025-11-08,EE,ios,228.22,"14,032",227,53,5
2025-02-17,tiktok,TI48521,tt_conversion_2025,2025-02-01,FI,ios,40.16,"6,914",190,54,10
2025-09-06,tiktok,TI75546,tt_creator_push,2025-07-21,GR,android,121.25,"6,084",109,18,3
2025-03-31,facebook,FA58545,fb_app_install,2024-12-01,GR,android,160.80,"8,653",97,25,7
2025-04-28,instagram,IN35036,ig_retargeting,2025-01-30,HU,android,189.68,"9,447",326,82,12
2025-01-24,twitter,TW31383,x_awareness,2024-08-11,BE,android,330.81,"22,653",368,51,8
2025-06-08,google,GO26505,google_pmax_2025,2025-01-16,HR,ios,161.56,"9,804",612,81,9
2025-12-12,affiliate,AF67158,aff_autumn,2025-04-05,SK,android,278.31,"21,126",119,20,2
2025-07-13,instagram,IN16440,ig_reels_push,2025-03-31,DK,android,253.29,"12,737",416,109,9
2025-06-23,instagram,IN48402,ig_reels_push,2025-03-04,LT,android,191.02,"10,040",307,82,14
2025-07-02,twitter,TW51392,x_retargeting,2025-03-07,HR,ios,92.80,"10,616",131,16,1
2025-04-21,affiliate,AF22097,aff_spring,2024-07-03,HR,ios,21.68,"8,694",122,13,2
2025-09-17,facebook,FA13165,fb_app_install,2025-06-03,BE,android,131.46,"7,741",99,24,1
2025-03-23,instagram,IN11407,ig_app_install,2024-11-23,LU,ios,50.29,"2,533",82,11,1
2025-04-04,google,GO88593,google_display_retargeting,2024-12-10,NL,android,428.14,"17,948",1044,218,68
2025-03-21,tiktok,TI97218,tt_creator_push,2024-12-14,HR,ios,89.42,"5,891",116,19,3
2025-11-29,affiliate,AF84116,aff_summer,2025-11-19,LV,ios,40.13,"6,440",143,11,1
2025-12-10,instagram,IN87764,ig_retargeting,2025-09-08,GR,android,120.88,"8,789",102,24,5
2025-08-27,affiliate,AF34209,aff_summer,2024-11-08,SK,ios,19.47,"7,854",125,17,1
2025-07-09,facebook,FA92909,fb_retargeting,2025-07-09,LT,android,64.95,"4,010",57,18,3
2025-12-31,affiliate,AF72423,aff_summer,2025-09-08,RO,ios,25.27,"8,035",57,8,1
2025-01-10,instagram,IN87813,ig_reels_push,2024-10-14,PT,ios,157.54,"9,702",217,60,4
2025-02-12,instagram,IN82974,ig_retargeting,2025-01-17,DE,android,226.38,"16,131",643,141,16
2025-01-08,instagram,IN72051,ig_app_install,2024-11-07,PT,android,54.98,"9,172",304,50,7
2025-05-08,tiktok,TI73876,tt_spark_ads,2025-05-04,AT,ios,44.27,"5,527",261,46,5
2025-06-27,google,GO12545,google_search_brand,2025-03-08,CZ,ios,453.13,"14,395",930,126,15
2025-02-02,twitter,TW16520,x_awareness,2024-11-22,LV,ios,133.91,"11,872",167,20,4
2025-01-31,tiktok,TI93017,tt_conversion_2025,2025-01-18,LV,ios,178.78,"11,078",589,60,4
2025-07-13,facebook,FA19042,fb_app_install,2025-06-03,MT,android,329.07,"12,045",359,54,7
2025-02-28,instagram,IN19029,ig_retargeting,2025-02-03,SI,ios,295.49,"12,497",256,29,4
2025-05-23,facebook,FA87024,fb_app_install,2025-04-07,FR,android,105.05,"11,116",149,30,3
2025-07-11,tiktok,TI95939,tt_creator_push,2025-03-13,SK,android,44.70,"7,824",119,27,3
2025-01-16,twitter,TW39644,x_awareness,2024-08-02,PT,android,180.09,"14,869",239,28,5
2025-02-27,google,GO39151,google_pmax_2025,2024-11-14,IT,ios,56.89,"1,795",100,22,3
2025-04-13,google,GO32857,google_pmax_2025,2024-11-19,RO,android,152.51,"5,105",242,41,4
2025-01-06,twitter,TW76972,x_retargeting,2024-11-29,HR,android,28.09,"8,552",231,46,6
2025-03-22,affiliate,AF62006,aff_winter,2024-10-07,CY,android,54.62,"8,275",130,19,1
2025-01-30,instagram,IN52701,ig_retargeting,2024-11-02,GR,android,29.86,"3,613",118,31,5
2025-04-05,facebook,FA39146,fb_retargeting,2025-03-27,MT,android,52.40,"7,241",239,39,11
2025-12-14,google,GO43388,google_display_retargeting,2025-10-28,SK,ios,231.19,"8,413",449,123,27
2025-10-19,instagram,IN30655,ig_story_launch,2025-09-01,PL,ios,18.08,"3,122",95,24,4
2025-11-20,google,GO48754,google_youtube_video,2025-08-21,LT,ios,58.92,"5,174",320,30,9
2025-05-30,google,GO75110,google_pmax_2025,2025-02-05,DE,android,87.03,"5,805",332,64,12
2025-09-30,twitter,TW20865,x_retargeting,2025-08-24,FI,android,60.90,"5,900",84,12,2
2025-08-28,instagram,IN62557,ig_app_install,2025-05-01,MT,android,253.84,"10,996",390,111,22
2025-05-08,twitter,TW23849,x_app_installs,2024-12-15,IE,android,84.91,"10,525",76,7,1
2025-03-30,twitter,TW98095,x_awareness,2024-10-04,FR,ios,148.99,"9,135",70,5,1
2025-09-16,facebook,FA49093,fb_brand_awareness,2025-06-24,PT,ios,44.44,"6,698",222,53,3
2025-08-01,tiktok,TI25843,tt_conversion_2025,2025-06-01,LT,android,279.15,"14,507",383,104,7
2025-05-29,twitter,TW74106,x_web_conversions,2025-01-15,FR,android,85.06,"7,801",204,44,7
2025-10-22,google,GO81095,google_search_brand,2025-07-29,ES,android,33.28,"4,154",197,22,7
2025-02-04,facebook,FA95176,fb_brand_awareness,2024-11-24,BE,ios,59.20,"3,426",35,12,2
2025-02-09,google,GO81478,google_search_brand,2024-11-05,BE,android,122.62,"7,899",451,60,12
2025-12-20,google,GO19564,google_search_brand,2025-07-24,IE,android,267.46,"8,969",266,72,8
2025-03-02,affiliate,AF64523,aff_winter,2024-06-07,BE,android,195.28,"14,239",162,22,4
2025-11-24,instagram,IN66243,ig_reels_push,2025-10-31,FR,ios,181.20,"8,849",146,32,2
2025-03-18,facebook,FA74694,fb_conversion_2025,2025-02-05,CY,ios,213.36,"8,245",168,28,5
2025-04-04,tiktok,TI18072,tt_app_installs,2024-11-12,FR,ios,148.55,"7,254",384,45,7
2025-05-02,facebook,FA83706,fb_brand_awareness,2025-02-23,GR,ios,205.63,"9,112",158,42,3
2025-12-05,affiliate,AF48147,aff_autumn,2025-04-06,IE,android,158.22,"12,674",202,15,2
2025-08-24,facebook,FA69961,fb_conversion_2025,2025-07-03,FR,android,137.70,"7,508",80,18,5
2025-02-12,instagram,IN98448,ig_story_launch,2024-11-09,PT,android,139.02,"8,313",188,52,4
2025-04-12,twitter,TW22061,x_web_conversions,2025-04-02,PT,ios,40.97,"4,943",130,28,1
2025-06-14,google,GO40697,google_display_retargeting,2025-02-07,IE,ios,489.93,"18,658",1050,101,18
2025-04-08,google,GO22768,google_pmax_2025,2025-01-26,BG,android,173.37,"6,264",161,36,10
2025-03-28,twitter,TW92512,x_retargeting,2024-11-03,LU,ios,242.57,"17,507",521,99,12
2025-12-09,tiktok,TI11086,tt_creator_push,2025-08-21,HR,ios,46.95,"4,505",156,39,8
2025-05-03,twitter,TW12896,x_retargeting,2025-03-08,RO,android,22.30,"3,463",100,11,2
2025-07-14,twitter,TW48696,x_awareness,2025-02-28,IT,android,46.30,"8,532",199,21,1
2025-12-09,tiktok,TI80920,tt_creator_push,2025-11-02,IE,android,226.77,"14,725",418,42,4
2025-12-09,tiktok,TI79427,tt_app_installs,2025-10-25,LU,ios,47.31,"4,879",254,51,5
2025-04-15,tiktok,TI84906,tt_app_installs,2024-11-19,SI,ios,52.78,"5,346",108,27,3
2025-01-29,twitter,TW82279,x_awareness,2024-09-19,ES,ios,34.55,"4,794",125,24,4
2025-09-26,twitter,TW29371,x_awareness,2025-06-25,CY,android,48.79,"7,554",89,11,2
2025-12-14,facebook,FA70357,fb_brand_awareness,2025-12-10,CY,android,66.95,"4,856",76,20,2
2025-09-13,affiliate,AF20168,aff_winter,2024-11-18,IT,android,28.17,"11,746",112,14,2
2025-06-24,facebook,FA90632,fb_app_install,2025-03-29,BE,android,238.12,"22,354",724,248,64
2025-04-22,affiliate,AF34560,aff_winter,2025-01-31,DE,ios,95.75,"11,094",217,18,2
2025-04-06,google,GO43146,google_youtube_video,2025-03-25,RO,android,248.42,"8,621",175,22,5
2025-03-24,facebook,FA97129,fb_app_install,2025-01-04,SK,ios,166.60,"7,355",193,57,13
2025-06-24,affiliate,AF52823,aff_spring,2024-11-12,LT,ios,78.76,"14,225",63,4,0
2025-11-05,twitter,TW87700,x_retargeting,2025-07-28,CY,ios,71.80,"12,396",284,59,8
2025-12-15,affiliate,AF95578,aff_spring,2025-08-11,FR,android,63.53,"11,216",247,17,1
2025-05-29,affiliate,AF53766,aff_winter,2025-04-04,ES,android,90.20,"8,235",43,5,0
2025-10-27,twitter,TW45383,x_web_conversions,2025-07-20,HR,ios,109.05,"9,005",150,28,5
2025-06-12,facebook,FA87510,fb_retargeting,2025-06-02,NL,ios,205.41,"21,388",271,51,12
2025-08-13,twitter,TW17997,x_app_installs,2025-03-17,EE,ios,108.02,"12,435",97,14,1
2025-12-10,facebook,FA18524,fb_brand_awareness,2025-11-03,AT,android,73.90,"3,124",64,17,2
2025-05-15,tiktok,TI77799,tt_app_installs,2025-04-03,HR,android,218.09,"11,402",529,97,7
2025-03-25,tiktok,TI51783,tt_creator_push,2025-02-22,CZ,ios,32.27,"6,715",271,61,11
2025-09-08,twitter,TW61716,x_awareness,2025-04-12,SE,android,157.74,"15,379",300,38,6
2025-05-10,affiliate,AF64739,aff_winter,2025-03-14,IE,ios,81.93,"13,420",81,10,2
2025-03-01,affiliate,AF49388,aff_winter,2024-07-07,CZ,ios,127.84,"12,353",183,24,1
2025-02-11,affiliate,AF83183,aff_spring,2024-11-30,CZ,ios,170.94,"18,504",235,37,3
2025-06-10,tiktok,TI82723,tt_creator_push,2025-02-15,FR,android,119.02,"5,669",206,61,14
2025-03-02,affiliate,AF35435,aff_winter,2025-01-24,MT,android,173.49,"14,111",267,23,4
2025-05-10,google,GO69351,google_pmax_2025,2025-04-13,HU,android,480.15,"14,671",812,204,62
2025-06-09,affiliate,AF46742,aff_winter,2025-06-06,IT,android,30.14,"6,284",75,7,1
2025-12-02,tiktok,TI41586,tt_conversion_2025,2025-10-16,AT,android,471.80,"22,274",743,156,29
2025-02-12,tiktok,TI73402,tt_app_installs,2024-10-02,MT,android,154.49,"12,109",662,199,29
2025-06-02,facebook,FA11268,fb_conversion_2025,2025-02-26,BE,android,213.21,"9,152",97,24,6
2025-01-29,facebook,FA69214,fb_conversion_2025,2024-11-25,CY,android,94.06,"4,898",80,26,3
2025-04-03,affiliate,AF76883,aff_autumn,2024-07-30,FI,ios,31.44,"6,882",40,2,0
2025-08-21,instagram,IN93610,ig_reels_push,2025-05-30,LT,ios,25.19,"3,438",75,14,1
2025-05-20,google,GO41632,google_youtube_video,2025-01-18,LT,ios,100.59,"2,961",158,33,6
2025-10-03,instagram,IN92675,ig_retargeting,2025-06-13,GR,android,48.87,"6,377",76,22,5
2025-04-13,tiktok,TI26549,tt_conversion_2025,2025-03-28,FI,android,142.65,"15,593",513,78,9
2025-08-13,tiktok,TI77557,tt_app_installs,2025-03-31,SE,android,244.05,"14,218",712,113,14
2025-11-27,tiktok,TI41461,tt_creator_push,2025-11-23,NL,ios,219.30,"14,179",525,131,24
2025-01-19,twitter,TW57911,x_awareness,2024-10-30,CY,android,26.93,"3,774",23,2,0
2025-02-18,twitter,TW72041,x_awareness,2024-10-31,MT,android,36.66,"4,611",72,7,1
2025-02-26,facebook,FA21631,fb_app_install,2025-01-11,AT,ios,40.91,"3,145",77,23,2
2025-07-17,instagram,IN59109,ig_app_install,2025-03-29,PT,ios,126.19,"6,652",132,25,3
2025-08-07,tiktok,TI77390,tt_creator_push,2025-06-20,DE,ios,291.21,"13,925",341,108,23
2025-05-30,affiliate,AF39921,aff_spring,2024-10-05,HR,ios,67.59,"6,955",148,10,1
2025-08-13,affiliate,AF39980,aff_autumn,2025-06-22,SI,android,33.70,"12,801",163,21,3
2025-03-02,facebook,FA17998,fb_app_install,2025-01-01,NL,android,23.26,"2,651",81,15,1
2025-03-03,facebook,FA94195,fb_app_install,2025-01-02,SK,ios,221.81,"9,925",105,15,4
2025-05-22,tiktok,TI39332,tt_spark_ads,2025-04-19,NL,ios,51.93,"8,279",205,42,3
2025-12-28,instagram,IN54747,ig_reels_push,2025-11-13,HR,android,35.29,"6,360",170,45,6
2025-12-19,tiktok,TI54223,tt_conversion_2025,2025-09-14,PL,ios,118.27,"11,908",349,42,7
2025-02-21,instagram,IN89817,ig_reels_push,2024-10-30,LV,android,54.28,"5,146",107,30,5
2025-12-17,affiliate,AF41314,aff_summer,2025-03-10,EE,ios,34.34,"4,615",34,5,1
2025-05-04,affiliate,AF13682,aff_spring,2025-03-21,IE,ios,72.55,"12,332",183,11,1
2025-04-25,facebook,FA39212,fb_app_install,2025-01-06,PL,ios,120.97,"10,285",216,73,17
2025-06-19,instagram,IN76856,ig_app_install,2025-02-24,ES,ios,106.47,"10,946",424,58,13
2025-02-06,facebook,FA89738,fb_conversion_2025,2025-02-04,SI,android,100.88,"10,679",367,82,9
2025-04-05,twitter,TW12278,x_app_installs,2025-02-18,DE,ios,44.28,"5,224",98,21,3
2025-07-02,affiliate,AF33410,aff_autumn,2024-09-19,DK,ios,85.10,"7,317",145,21,1
2025-11-19,twitter,TW91516,x_retargeting,2025-06-07,LT,android,129.01,"8,644",193,25,5
2025-03-01,google,GO52956,google_display_retargeting,2025-02-03,ES,ios,261.72,"8,945",271,44,6
2025-03-04,tiktok,TI81160,tt_creator_push,2025-03-01,PL,android,82.87,"6,764",149,36,5
2025-11-20,facebook,FA72996,fb_app_install,2025-07-29,CY,android,220.56,"8,912",228,35,7
2025-04-27,facebook,FA13708,fb_app_install,2025-01-30,LV,ios,101.42,"8,828",122,18,4
2025-06-19,facebook,FA74043,fb_conversion_2025,2025-03-18,AT,ios,95.72,"8,611",147,27,8
2025-02-23,google,GO33719,google_pmax_2025,2024-10-06,HU,android,148.58,"4,901",246,37,6
2025-07-25,facebook,FA68087,fb_retargeting,2025-04-18,FR,ios,179.20,"6,961",128,26,3
2025-02-21,twitter,TW38129,x_web_conversions,2025-01-17,LT,android,95.45,"11,106",245,34,5
2025-07-04,tiktok,TI37677,tt_app_installs,2025-06-02,LU,ios,82.61,"11,727",619,64,14
2025-03-18,twitter,TW45689,x_retargeting,2024-12-15,FI,ios,85.48,"10,412",154,26,3
2025-02-24,facebook,FA35270,fb_conversion_2025,2025-02-10,IE,android,133.04,"7,565",225,69,12
2025-08-28,instagram,IN15099,ig_reels_push,2025-06-04,SI,ios,207.36,"14,790",555,133,27
2025-03-14,instagram,IN43094,ig_retargeting,2024-12-07,LU,android,51.57,"6,606",263,47,10
2025-12-12,affiliate,AF49787,aff_winter,2025-09-05,EE,android,111.35,"8,120",85,13,2
2025-07-30,facebook,FA40832,fb_app_install,2025-07-07,GR,ios,128.62,"8,799",219,54,3
2025-12-03,tiktok,TI69081,tt_app_installs,2025-07-30,LU,android,127.41,"6,931",337,73,18
2025-08-14,instagram,IN36943,ig_reels_push,2025-07-28,SK,ios,100.33,"4,683",183,28,3
2025-07-05,facebook,FA67248,fb_app_install,2025-06-11,LV,ios,153.80,"7,551",158,31,9
2025-01-26,affiliate,AF44202,aff_summer,2024-12-19,IE,android,84.78,"9,907",94,17,3
2025-11-27,google,GO21571,google_display_retargeting,2025-09-16,AT,ios,295.49,"10,572",709,199,58
2025-10-03,facebook,FA45143,fb_retargeting,2025-07-20,LU,android,62.54,"7,155",186,35,4
2025-01-01,affiliate,AF33054,aff_winter,2024-08-18,LU,android,122.48,"9,854",42,7,1
2025-07-26,facebook,FA41052,fb_brand_awareness,2025-04-17,SI,android,67.61,"3,363",58,18,1
2025-07-18,affiliate,AF93892,aff_spring,2025-07-04,IE,android,56.66,"4,078",30,2,0
2025-08-19,twitter,TW46911,x_web_conversions,2025-06-14,HR,android,35.82,"8,758",168,17,2
2025-05-11,facebook,FA19152,fb_conversion_2025,2025-02-13,GR,ios,273.07,"9,817",177,38,7
2025-01-12,google,GO26921,google_youtube_video,2024-12-06,BE,ios,97.54,"6,046",413,54,16
2025-02-17,instagram,IN34466,ig_app_install,2024-12-09,MT,ios,110.67,"14,650",178,51,8
2025-09-12,instagram,IN57791,ig_story_launch,2025-08-24,SK,ios,163.23,"7,339",221,33,6
2025-07-02,facebook,FA55642,fb_retargeting,2025-04-07,SE,ios,138.37,"9,195",253,69,10
2025-06-29,facebook,FA34955,fb_app_install,2025-05-24,CY,android,81.73,"6,689",225,49,12
2025-09-26,instagram,IN80671,ig_reels_push,2025-08-25,BE,android,191.42,"9,658",178,39,2
2025-06-22,google,GO10819,google_display_retargeting,2025-04-28,FR,ios,403.85,"13,122",423,117,9
2025-12-21,twitter,TW94901,x_retargeting,2025-10-11,LV,ios,64.03,"10,587",255,46,2
2025-06-10,affiliate,AF84035,aff_winter,2025-03-08,BG,android,22.55,"8,218",156,20,3
2025-08-27,twitter,TW16813,x_web_conversions,2025-08-18,LV,android,101.20,"9,473",109,15,3
2025-07-02,instagram,IN31220,ig_story_launch,2025-06-10,RO,android,51.33,"4,976",169,38,5
2025-12-04,google,GO84045,google_pmax_2025,2025-07-03,PL,ios,28.15,"2,700",137,35,7
2025-12-01,twitter,TW10408,x_awareness,2025-06-08,DE,ios,107.02,"6,049",51,5,1
2025-11-01,facebook,FA13907,fb_conversion_2025,2025-10-15,IE,android,105.65,"4,139",49,17,5
2025-07-27,google,GO26548,google_search_brand,2025-04-17,DK,ios,451.40,"13,110",406,38,6
2025-04-21,twitter,TW55373,x_web_conversions,2025-01-25,FR,ios,96.40,"14,919",397,74,16
2025-02-18,facebook,FA92847,fb_conversion_2025,2025-01-12,SK,ios,401.06,"15,145",286,51,14
2025-10-12,facebook,FA86773,fb_retargeting,2025-09-10,RO,android,67.66,"8,106",71,23,5
2025-08-26,affiliate,AF38327,aff_autumn,2025-03-21,HR,ios,95.39,"11,486",75,7,1
2025-01-23,tiktok,TI58860,tt_app_installs,2024-08-22,FI,android,66.59,"5,967",221,28,5
2025-06-01,twitter,TW98631,x_retargeting,2025-01-15,FR,ios,129.81,"7,427",168,30,2
2025-06-25,facebook,FA85076,fb_conversion_2025,2025-05-18,NL,android,174.50,"16,388",157,23,4
2025-01-12,tiktok,TI53084,tt_app_installs,2024-12-17,HU,android,97.26,"6,714",152,35,8
2025-04-23,tiktok,TI29748,tt_app_installs,2024-12-25,EE,ios,85.75,"6,586",310,46,3
2025-03-12,tiktok,TI57133,tt_conversion_2025,2024-10-16,PT,android,246.10,"13,932",201,39,4
2025-04-24,twitter,TW92897,x_app_installs,2025-01-13,PT,android,70.47,"7,838",108,16,3
2025-01-17,facebook,FA45166,fb_conversion_2025,2024-10-23,AT,android,167.63,"7,283",110,25,7
2025-04-14,google,GO75126,google_display_retargeting,2025-03-11,SI,ios,268.94,"8,223",544,48,5
2025-04-25,google,GO28564,google_youtube_video,2024-12-26,IE,ios,194.37,"6,282",257,71,15
2025-05-27,facebook,FA77253,fb_brand_awareness,2025-02-23,SK,android,124.45,"4,779",93,31,5
2025-02-18,twitter,TW24012,x_retargeting,2024-11-04,IE,android,64.55,"5,105",60,12,2
2025-12-27,instagram,IN72968,ig_story_launch,2025-11-15,IT,ios,61.18,"6,289",199,44,12
2025-10-06,instagram,IN62398,ig_app_install,2025-06-14,FI,android,177.66,"10,704",275,62,10
2025-05-28,facebook,FA85234,fb_retargeting,2025-02-23,SI,android,176.39,"13,348",223,27,7
2025-04-30,google,GO51522,google_youtube_video,2024-12-14,BE,android,304.03,"11,737",647,152,25
2025-03-19,google,GO60006,google_pmax_2025,2025-02-14,PT,android,139.78,"5,972",216,42,11
2025-01-26,affiliate,AF34290,aff_winter,2024-07-24,HR,android,128.28,"10,158",245,40,1
2025-10-07,twitter,TW94145,x_awareness,2025-09-08,SE,android,184.82,"12,110",297,23,3
2025-12-01,instagram,IN35688,ig_story_launch,2025-10-12,IT,ios,28.77,"4,035",76,9,1
2025-06-23,tiktok,TI69916,tt_app_installs,2025-02-19,IT,ios,181.03,"9,230",334,63,13
2025-02-24,google,GO82858,google_youtube_video,2024-11-11,PL,ios,292.55,"8,620",398,98,24
2025-06-04,tiktok,TI91107,tt_app_installs,2025-05-29,MT,ios,242.50,"12,542",410,47,11
2025-10-17,google,GO89652,google_pmax_2025,2025-06-06,BG,android,466.47,"14,502",634,104,14
2025-09-06,instagram,IN68879,ig_reels_push,2025-06-04,SI,android,52.17,"5,418",54,8,1
2025-05-17,google,GO91999,google_youtube_video,2025-03-08,CY,ios,60.53,"7,016",305,51,14
2025-05-01,affiliate,AF21443,aff_spring,2024-11-09,CY,ios,47.89,"9,667",144,20,1
2025-04-18,instagram,IN66470,ig_app_install,2025-03-25,PL,ios,115.44,"10,612",421,126,23
2025-04-12,instagram,IN45702,ig_story_launch,2025-01-11,MT,android,118.04,"5,856",112,29,7
2025-06-30,facebook,FA89468,fb_retargeting,2025-04-05,BE,android,170.42,"13,645",194,46,7
2025-10-01,google,GO39579,google_search_brand,2025-06-02,PT,android,231.78,"7,158",449,73,22
2025-09-02,twitter,TW27228,x_app_installs,2025-06-14,NL,ios,42.44,"11,233",120,25,5
2025-08-05,google,GO35527,google_search_brand,2025-07-17,BG,android,298.10,"16,725",477,50,3
2025-09-04,facebook,FA63751,fb_app_install,2025-05-30,EE,ios,64.96,"4,486",136,38,6
2025-04-05,google,GO94389,google_pmax_2025,2024-10-28,SE,android,79.79,"6,114",147,21,4
2025-12-30,facebook,FA66153,fb_brand_awareness,2025-12-29,FR,ios,43.45,"5,139",127,30,4
2025-03-17,facebook,FA71402,fb_conversion_2025,2025-02-11,NL,android,81.86,"3,008",47,10,1
2025-08-10,google,GO70044,google_youtube_video,2025-03-10,PL,android,180.69,"10,749",250,55,11
2025-01-08,tiktok,TI65214,tt_spark_ads,2024-08-03,NL,ios,249.59,"21,119",683,135,20
2025-01-19,instagram,IN49854,ig_reels_push,2024-11-24,BE,android,120.99,"9,640",302,33,7
2025-12-25,instagram,IN25224,ig_app_install,2025-11-12,HR,ios,169.76,"8,395",112,29,4
2025-09-04,google,GO97426,google_pmax_2025,2025-07-12,DK,android,131.65,"7,218",367,89,16
2025-08-28,twitter,TW43384,x_app_installs,2025-03-17,PT,ios,72.57,"11,327",299,30,6
2025-12-19,tiktok,TI68175,tt_app_installs,2025-08-27,BG,ios,48.01,"8,495",321,82,19
2025-04-11,twitter,TW77763,x_retargeting,2024-12-18,LU,ios,133.33,"11,167",289,29,4
2025-04-12,twitter,TW19414,x_app_installs,2025-01-12,NL,android,70.11,"5,117",35,7,1
2025-12-03,affiliate,AF37492,aff_autumn,2025-08-12,DE,android,98.99,"8,953",121,21,1
2025-11-19,instagram,IN98191,ig_reels_push,2025-10-05,EE,android,118.35,"5,363",217,50,7
2025-02-24,instagram,IN89086,ig_reels_push,2024-11-06,EE,android,84.23,"8,732",384,91,7
2025-07-17,google,GO25729,google_search_brand,2025-07-04,RO,ios,383.51,"12,442",278,35,11
2025-03-03,tiktok,TI90272,tt_creator_push,2024-11-14,GR,ios,129.01,"9,574",317,46,9
2025-09-21,google,GO66108,google_search_brand,2025-07-19,GR,android,175.04,"12,689",784,76,15
2025-06-13,twitter,TW14430,x_web_conversions,2025-04-09,IT,android,67.48,"3,841",36,6,1
2025-09-26,instagram,IN57232,ig_retargeting,2025-07-19,LU,ios,64.70,"11,790",253,39,7
2025-07-17,tiktok,TI52232,tt_conversion_2025,2025-04-28,NL,android,96.64,"7,444",240,64,13
2025-08-08,google,GO69967,google_pmax_2025,2025-05-05,DE,ios,169.74,"5,202",187,43,11
2025-03-24,facebook,FA58637,fb_brand_awareness,2025-01-23,IE,ios,170.47,"8,151",160,20,1
2025-11-27,twitter,TW23583,x_retargeting,2025-08-22,PL,ios,149.17,"9,335",226,46,7
2025-12-27,instagram,IN89588,ig_story_launch,2025-10-24,AT,ios,151.44,"8,271",309,57,9
2025-01-07,facebook,FA98093,fb_brand_awareness,2024-12-27,FI,android,247.88,"13,700",442,147,10
2025-11-21,affiliate,AF49984,aff_winter,2025-01-28,CY,ios,38.47,"4,285",85,10,1
2025-04-24,tiktok,TI39730,tt_app_installs,2025-02-22,RO,ios,344.74,"21,497",872,147,20
2025-12-25,facebook,FA29432,fb_retargeting,2025-08-29,LT,android,171.60,"7,722",257,58,17
2025-02-22,tiktok,TI93351,tt_spark_ads,2024-12-21,CY,android,52.30,"6,948",293,34,2
2025-07-22,affiliate,AF56427,aff_spring,2024-10-26,RO,android,212.53,"19,107",277,40,2
2025-02-01,facebook,FA55054,fb_conversion_2025,2024-11-10,SE,android,43.43,"5,178",110,33,3
2025-03-23,twitter,TW95934,x_app_installs,2024-11-13,SK,ios,39.09,"12,671",362,77,12
2025-01-17,facebook,FA94368,fb_conversion_2025,2024-10-21,IT,android,209.51,"8,681",95,17,4
2025-06-17,affiliate,AF55585,aff_autumn,2025-03-28,SK,android,79.23,"7,576",172,24,1
2025-01-20,google,GO49349,google_youtube_video,2025-01-06,RO,ios,503.26,"19,549",1357,150,32
2025-02-01,affiliate,AF42548,aff_spring,2024-12-21,SK,ios,17.64,"8,422",102,18,1
2025-06-13,instagram,IN30841,ig_app_install,2025-05-29,MT,android,46.09,"6,759",78,20,3
2025-04-14,affiliate,AF75768,aff_autumn,2025-04-09,HU,android,54.53,"7,574",39,6,1
2025-05-29,tiktok,TI86705,tt_conversion_2025,2024-12-31,LT,android,68.99,"13,825",227,27,1
2025-11-10,facebook,FA81862,fb_retargeting,2025-09-28,FR,android,133.44,"10,257",87,19,2
2025-11-29,google,GO89742,google_search_brand,2025-08-23,MT,android,141.69,"5,826",364,88,21
2025-01-31,google,GO53798,google_pmax_2025,2024-08-27,HU,android,193.79,"10,327",330,83,18
2025-10-30,instagram,IN97303,ig_retargeting,2025-10-25,BE,ios,310.50,"13,788",365,86,15
2025-10-06,tiktok,TI86607,tt_spark_ads,2025-08-07,MT,android,221.31,"10,308",534,56,10
2025-10-09,facebook,FA68514,fb_conversion_2025,2025-09-05,FR,ios,145.31,"6,599",166,42,6
2025-08-11,facebook,FA98297,fb_conversion_2025,2025-04-30,FI,android,65.46,"2,829",74,15,3
2025-12-14,tiktok,TI80013,tt_conversion_2025,2025-07-15,CZ,android,114.54,"11,243",352,103,23
2025-02-22,google,GO16898,google_search_brand,2024-09-30,EE,android,252.85,"8,272",280,26,7
2025-07-06,instagram,IN23268,ig_app_install,2025-06-24,DK,ios,144.25,"11,002",437,68,17
2025-09-02,facebook,FA48383,fb_app_install,2025-07-21,LU,ios,148.62,"7,381",237,30,6
2025-12-06,facebook,FA66173,fb_brand_awareness,2025-09-29,SE,ios,136.28,"5,540",72,16,4
2025-02-27,google,GO88033,google_display_retargeting,2025-01-16,FR,android,249.35,"8,440",431,85,10
2025-03-24,affiliate,AF39028,aff_autumn,2024-06-14,LT,ios,48.54,"4,552",81,5,0
2025-12-25,tiktok,TI49920,tt_spark_ads,2025-12-01,HR,ios,17.00,"3,729",68,12,3
2025-07-16,tiktok,TI69610,tt_creator_push,2025-02-22,LV,android,212.52,"11,791",644,119,21
2025-08-18,facebook,FA35436,fb_retargeting,2025-06-13,FI,ios,85.44,"9,948",326,106,29
2025-03-06,google,GO61910,google_search_brand,2024-12-08,SK,ios,357.07,"11,844",642,97,24
2025-04-23,affiliate,AF78761,aff_winter,2024-12-28,DE,ios,24.34,"8,688",135,19,2
2025-12-27,twitter,TW54132,x_awareness,2025-08-04,FI,android,60.99,"5,162",133,16,1
2025-07-05,affiliate,AF64488,aff_winter,2025-06-09,RO,android,84.01,"17,433",308,41,2
2025-05-12,facebook,FA35644,fb_brand_awareness,2025-01-19,HR,android,226.24,"14,196",176,57,15
2025-05-03,instagram,IN72419,ig_app_install,2025-03-26,PL,ios,83.38,"12,740",408,44,3
2025-11-15,instagram,IN61560,ig_retargeting,2025-10-15,MT,android,152.00,"8,447",285,66,10
2025-05-31,instagram,IN83728,ig_retargeting,2025-05-26,FI,android,70.20,"3,199",41,6,1
2025-09-02,instagram,IN69032,ig_story_launch,2025-05-11,SE,ios,230.42,"11,193",155,41,9
2025-11-07,affiliate,AF55536,aff_autumn,2025-10-27,FR,ios,50.37,"7,437",82,10,2
2025-04-09,instagram,IN85962,ig_app_install,2025-03-01,LT,ios,148.34,"10,588",367,91,22
2025-08-05,facebook,FA32470,fb_brand_awareness,2025-07-08,BG,android,431.55,"18,623",205,64,14
2025-06-17,twitter,TW61243,x_web_conversions,2025-05-18,RO,ios,50.67,"6,772",187,39,5
2025-04-20,facebook,FA17721,fb_brand_awareness,2025-03-11,RO,android,106.51,"7,132",244,61,5
2025-07-31,twitter,TW21502,x_retargeting,2025-05-12,PL,ios,299.03,"18,298",259,37,5
2025-10-18,affiliate,AF30771,aff_summer,2025-09-19,LV,ios,77.23,"5,815",109,14,1
2025-08-14,google,GO51620,google_display_retargeting,2025-07-21,FR,android,372.08,"11,897",623,53,13
2025-12-05,tiktok,TI90361,tt_creator_push,2025-07-02,NL,android,57.72,"4,268",166,38,9
2025-11-07,twitter,TW26729,x_retargeting,2025-07-19,FR,ios,159.09,"11,085",210,24,2
2025-03-28,instagram,IN59410,ig_app_install,2025-02-27,SI,android,218.68,"9,675",201,40,8
2025-11-05,tiktok,TI52167,tt_creator_push,2025-09-19,DE,ios,226.37,"10,972",268,62,15
2025-01-21,affiliate,AF90650,aff_autumn,2024-09-17,HR,ios,107.48,"13,662",166,23,1
2025-01-17,tiktok,TI97639,tt_spark_ads,2024-10-19,PT,ios,161.82,"10,065",246,36,5
2025-08-08,google,GO15944,google_youtube_video,2025-05-29,RO,ios,264.65,"8,567",323,28,8
2025-09-02,tiktok,TI33872,tt_creator_push,2025-08-10,NL,android,107.16,"8,683",260,52,7
2025-03-24,affiliate,AF65124,aff_spring,2024-08-15,AT,android,56.43,"5,088",122,18,3
2025-01-10,google,GO31045,google_display_retargeting,2024-10-20,ES,android,197.78,"8,038",494,67,14
2025-05-04,facebook,FA85338,fb_conversion_2025,2025-03-14,FI,android,205.77,"9,220",213,63,14
2025-06-07,tiktok,TI40278,tt_creator_push,2025-04-26,ES,android,231.77,"12,190",417,82,9
2025-08-21,tiktok,TI87568,tt_creator_push,2025-08-02,FI,ios,258.77,"12,388",495,132,21
2025-10-02,google,GO22231,google_youtube_video,2025-08-09,SK,ios,533.61,"19,204",513,116,30
2025-05-24,google,GO32427,google_search_brand,2025-04-04,FR,android,113.11,"7,222",222,58,14
2025-12-02,tiktok,TI43105,tt_conversion_2025,2025-09-06,MT,ios,36.17,"4,650",172,49,5
2025-01-06,twitter,TW95893,x_web_conversions,2024-09-08,SI,ios,70.61,"4,519",58,9,1
2025-05-25,twitter,TW37634,x_awareness,2025-01-28,CY,ios,147.15,"11,863",257,52,7
2025-04-26,affiliate,AF64711,aff_winter,2025-02-05,ES,android,102.64,"9,376",53,4,1
2025-04-02,facebook,FA18532,fb_conversion_2025,2025-03-19,GR,ios,184.24,"8,002",122,37,11
2025-06-03,affiliate,AF56791,aff_winter,2025-03-26,LT,ios,13.59,"4,492",75,9,1
2025-11-30,google,GO26652,google_display_retargeting,2025-07-29,CZ,android,150.37,"7,449",350,47,14
2025-10-22,affiliate,AF47861,aff_spring,2025-01-13,FR,ios,22.35,"3,247",22,2,0
2025-09-16,google,GO25529,google_pmax_2025,2025-06-19,IE,ios,360.97,"15,073",763,201,18
2025-10-29,twitter,TW12859,x_web_conversions,2025-09-23,AT,ios,73.86,"7,247",145,10,2
2025-07-28,facebook,FA22392,fb_app_install,2025-05-28,LT,android,39.93,"4,419",61,14,3
2025-05-16,tiktok,TI27258,tt_app_installs,2025-01-21,CZ,android,30.45,"6,822",374,42,5
2025-10-19,google,GO90385,google_search_brand,2025-08-26,EE,ios,63.41,"7,923",315,56,7
2025-03-03,facebook,FA61303,fb_conversion_2025,2025-02-07,SK,ios,88.41,"7,891",70,20,1
2025-06-30,tiktok,TI59221,tt_creator_push,2025-04-17,CY,android,46.99,"5,142",179,35,5
2025-08-03,facebook,FA68720,fb_app_install,2025-07-20,BG,android,135.99,"6,743",215,59,17
2025-05-02,facebook,FA86944,fb_app_install,2025-04-06,SK,ios,188.38,"7,319",163,32,7
2025-05-11,facebook,FA30694,fb_brand_awareness,2025-01-26,DK,android,201.10,"8,740",71,10,1
2025-10-24,google,GO36469,google_youtube_video,2025-10-03,LT,ios,218.91,"10,195",360,62,5
2025-09-04,google,GO72635,google_pmax_2025,2025-04-25,IT,ios,322.52,"9,961",431,117,36
2025-04-19,facebook,FA83902,fb_conversion_2025,2025-02-13,PL,android,53.09,"5,930",159,20,2
2025-04-23,tiktok,TI58229,tt_spark_ads,2025-04-15,IE,ios,193.71,"9,724",448,93,6
2025-03-27,instagram,IN45974,ig_story_launch,2025-01-03,LU,android,108.47,"11,370",509,61,9
2025-09-27,tiktok,TI91876,tt_spark_ads,2025-05-01,RO,ios,95.45,"6,777",94,19,4
2025-12-07,tiktok,TI92867,tt_app_installs,2025-08-22,LV,android,65.15,"7,236",337,103,6
2025-01-31,google,GO48178,google_search_brand,2024-10-04,IT,ios,150.92,"18,130",512,118,28
2025-05-01,twitter,TW26173,x_app_installs,2025-01-01,HU,ios,51.29,"10,298",216,43,4
2025-05-05,tiktok,TI16078,tt_spark_ads,2025-02-04,LV,ios,102.28,"5,769",291,85,17
2025-02-24,affiliate,AF52478,aff_summer,2024-06-21,DE,ios,141.42,"14,317",311,31,5
2025-10-15,affiliate,AF44184,aff_winter,2025-01-30,HR,ios,158.78,"13,186",119,13,2
2025-04-03,instagram,IN33683,ig_story_launch,2025-03-18,MT,ios,311.77,"16,205",523,122,32
2025-01-20,facebook,FA93996,fb_retargeting,2025-01-16,HU,android,273.95,"23,591",506,168,32
2025-08-16,twitter,TW23319,x_web_conversions,2025-04-19,BE,android,184.54,"13,577",325,34,6
2025-07-06,google,GO22988,google_youtube_video,2025-03-05,FR,android,242.04,"9,363",434,83,7
2025-06-22,instagram,IN96140,ig_app_install,2025-05-18,DE,android,84.89,"4,749",97,22,2
2025-09-18,facebook,FA34553,fb_conversion_2025,2025-07-23,RO,ios,292.18,"10,604",334,95,17
2025-10-09,twitter,TW15760,x_retargeting,2025-08-22,LU,android,66.24,"11,131",308,33,1
2025-02-25,google,GO97684,google_display_retargeting,2024-11-07,DE,android,556.08,"16,374",952,115,32
2025-08-31,affiliate,AF34902,aff_autumn,2024-12-13,LT,ios,53.15,"12,963",262,37,6
2025-06-27,facebook,FA42671,fb_brand_awareness,2025-03-25,RO,ios,68.57,"7,700",264,72,20
2025-07-04,tiktok,TI35746,tt_conversion_2025,2025-01-29,SI,ios,76.38,"5,003",84,9,1
2025-01-05,instagram,IN59269,ig_app_install,2024-12-04,CZ,ios,72.31,"5,316",78,16,3
2025-10-10,tiktok,TI39666,tt_app_installs,2025-07-27,BE,android,121.84,"5,891",175,31,8
2025-09-24,tiktok,TI22099,tt_conversion_2025,2025-07-05,PL,android,103.34,"7,555",218,46,3
2025-01-03,instagram,IN33951,ig_story_launch,2024-12-11,HU,ios,120.09,"11,976",507,56,9
2025-11-18,google,GO45229,google_search_brand,2025-06-26,IE,android,118.56,"3,440",119,24,6
2025-01-22,affiliate,AF33665,aff_summer,2025-01-03,LT,android,138.66,"13,389",61,4,0
2025-10-03,twitter,TW47362,x_awareness,2025-07-13,MT,ios,206.87,"13,559",277,24,1
2025-11-09,instagram,IN92489,ig_reels_push,2025-08-15,LT,ios,240.31,"15,397",318,54,10
2025-11-14,twitter,TW76565,x_awareness,2025-10-13,LT,android,36.39,"2,890",47,9,1
2025-11-23,tiktok,TI16352,tt_creator_push,2025-11-01,DK,android,167.36,"12,548",608,112,11
2025-12-13,affiliate,AF13449,aff_spring,2025-08-24,CZ,android,70.72,"7,220",170,28,3
2025-10-23,facebook,FA29319,fb_conversion_2025,2025-08-09,IE,ios,114.88,"8,872",260,43,12
2025-10-19,instagram,IN83436,ig_story_launch,2025-10-09,BG,ios,203.80,"13,325",460,107,28
2025-04-22,google,GO74237,google_display_retargeting,2025-03-02,DK,ios,350.42,"15,906",506,137,24
2025-11-03,twitter,TW52850,x_retargeting,2025-07-28,DE,ios,127.77,"11,064",213,36,3
2025-04-27,facebook,FA44114,fb_brand_awareness,2025-02-24,NL,ios,125.97,"9,834",317,96,24
2025-04-03,facebook,FA80994,fb_conversion_2025,2025-01-31,PL,ios,181.68,"8,335",165,50,4
2025-11-19,google,GO41872,google_search_brand,2025-07-31,DK,android,27.37,"2,391",49,7,1
2025-01-31,google,GO41475,google_youtube_video,2024-09-06,MT,android,317.05,"17,546",562,138,39
2025-04-10,google,GO70934,google_youtube_video,2025-01-20,FI,ios,90.12,"9,577",248,33,5
2025-07-12,facebook,FA61742,fb_retargeting,2025-03-31,HR,ios,111.38,"8,740",283,88,12
2025-10-26,google,GO14583,google_display_retargeting,2025-08-21,FI,ios,51.71,"3,590",198,31,3
2025-06-14,instagram,IN81188,ig_story_launch,2025-05-18,DE,android,99.30,"5,750",195,52,11
2025-12-20,affiliate,AF48217,aff_autumn,2025-11-24,DK,ios,31.35,"6,343",64,6,1
2025-02-19,facebook,FA57624,fb_retargeting,2025-02-19,DK,ios,99.38,"5,248",88,25,6
2025-04-18,twitter,TW67707,x_web_conversions,2025-04-05,CY,ios,174.56,"13,495",383,62,3
2025-10-15,tiktok,TI52398,tt_app_installs,2025-05-31,DE,ios,99.45,"7,179",236,33,6
2025-08-18,facebook,FA48153,fb_retargeting,2025-06-25,LT,android,222.79,"10,500",229,78,20
2025-03-11,tiktok,TI88771,tt_creator_push,2025-01-17,DE,android,47.37,"9,059",266,43,9
2025-06-03,twitter,TW89132,x_app_installs,2025-05-08,EE,android,81.18,"5,301",77,7,1
2025-05-11,tiktok,TI79721,tt_creator_push,2024-12-02,RO,android,113.11,"9,430",290,32,6
2025-09-26,google,GO96169,google_pmax_2025,2025-05-15,SE,android,186.89,"16,026",1012,188,16
2025-12-05,twitter,TW58179,x_app_installs,2025-06-22,NL,ios,27.60,"2,643",77,12,2
2025-07-01,instagram,IN23227,ig_reels_push,2025-04-15,RO,ios,58.54,"4,414",54,12,2
2025-10-08,tiktok,TI87776,tt_creator_push,2025-08-17,LV,android,59.33,"5,092",187,23,4
2025-02-04,affiliate,AF76030,aff_winter,2024-08-06,LU,android,38.55,"7,359",58,6,1
2025-12-18,affiliate,AF97003,aff_summer,2025-12-01,CZ,ios,72.66,"6,278",29,4,0
2025-06-19,google,GO26026,google_youtube_video,2025-04-15,SI,android,159.65,"8,558",497,58,7
2025-02-02,affiliate,AF96421,aff_autumn,2025-01-10,DK,ios,76.26,"6,241",57,9,0
2025-12-12,tiktok,TI97745,tt_spark_ads,2025-07-09,CZ,ios,62.18,"7,013",184,25,2
2025-07-30,instagram,IN65714,ig_story_launch,2025-07-16,GR,ios,160.69,"9,488",351,72,14
2025-09-16,facebook,FA15117,fb_conversion_2025,2025-05-29,DE,ios,89.76,"10,155",88,17,4
2025-11-13,google,GO16137,google_pmax_2025,2025-10-02,LT,ios,37.74,"3,606",246,33,8
2025-12-17,twitter,TW91197,x_awareness,2025-11-24,BE,android,92.69,"6,213",153,33,7
2025-02-25,affiliate,AF24426,aff_autumn,2024-07-15,HU,ios,53.66,"5,453",38,3,0
2025-08-16,affiliate,AF20207,aff_summer,2025-08-08,FI,ios,131.22,"9,456",60,6,1
2025-06-21,twitter,TW35956,x_app_installs,2025-03-26,RO,android,81.60,"11,197",141,15,1
2025-04-29,twitter,TW26988,x_retargeting,2025-03-29,LV,ios,68.47,"9,476",204,39,4
2025-10-09,tiktok,TI90934,tt_app_installs,2025-07-30,BE,android,28.45,"4,293",215,43,8
2025-08-25,facebook,FA43837,fb_retargeting,2025-08-18,RO,ios,151.85,"5,475",60,11,2
2025-08-20,instagram,IN20985,ig_app_install,2025-06-20,IE,ios,138.32,"9,472",227,42,8
2025-07-01,facebook,FA63989,fb_brand_awareness,2025-05-11,PL,ios,150.05,"5,445",145,46,7
2025-03-14,google,GO41285,google_search_brand,2025-03-01,LU,android,330.45,"11,102",346,69,18
2025-03-18,instagram,IN33376,ig_app_install,2024-11-21,DE,android,75.28,"4,090",77,10,2
2025-12-23,affiliate,AF79205,aff_spring,2025-11-23,MT,android,39.02,"11,337",246,16,1
2025-06-24,twitter,TW91563,x_app_installs,2025-05-24,PT,android,90.87,"9,690",128,20,2
2025-01-24,tiktok,TI62337,tt_app_installs,2024-12-26,BG,ios,60.07,"4,444",131,32,8
2025-12-28,twitter,TW59437,x_web_conversions,2025-09-18,SK,android,142.31,"8,284",227,26,5
2025-02-18,facebook,FA50975,fb_retargeting,2024-11-01,IT,ios,124.19,"11,137",182,39,8
2025-06-16,google,GO45022,google_display_retargeting,2025-06-15,RO,android,152.98,"8,311",296,58,7
2025-05-13,instagram,IN75665,ig_app_install,2025-02-04,FR,android,58.73,"7,106",126,36,5
2025-10-15,twitter,TW35414,x_awareness,2025-06-27,HR,android,64.69,"11,250",177,37,4
2025-01-31,tiktok,TI79499,tt_app_installs,2024-09-28,MT,android,93.34,"7,954",159,21,4
2025-11-14,facebook,FA87131,fb_app_install,2025-10-20,BG,ios,146.22,"12,877",270,89,22
2025-05-10,affiliate,AF43301,aff_winter,2025-05-04,CZ,android,59.70,"7,683",94,12,1
2025-03-12,twitter,TW99937,x_app_installs,2025-01-15,SI,ios,156.21,"8,724",73,16,2
2025-11-30,facebook,FA13981,fb_retargeting,2025-10-09,PL,android,240.47,"11,004",229,40,8
2025-02-11,tiktok,TI96117,tt_app_installs,2025-02-05,SK,ios,52.32,"6,068",269,55,4
2025-05-30,google,GO87171,google_display_retargeting,2025-03-07,SK,ios,318.35,"11,490",286,53,11
2025-02-23,google,GO69690,google_search_brand,2024-12-18,HU,android,114.39,"6,807",395,73,6
2025-05-18,instagram,IN27309,ig_reels_push,2025-03-22,CY,android,81.90,"11,527",379,54,12
2025-05-04,tiktok,TI47772,tt_conversion_2025,2025-02-26,SE,ios,93.99,"4,636",138,17,1
2025-04-22,google,GO64080,google_display_retargeting,2025-02-10,CZ,android,235.07,"9,492",661,118,22
2025-04-30,google,GO12052,google_youtube_video,2025-01-06,FI,ios,403.11,"13,051",526,67,5
2025-05-08,tiktok,TI16553,tt_spark_ads,2025-02-22,MT,android,34.51,"2,957",154,39,7
2025-11-08,google,GO82905,google_youtube_video,2025-07-14,SE,ios,391.86,"14,833",553,100,11
2025-11-27,facebook,FA52044,fb_brand_awareness,2025-08-03,CY,ios,27.76,"2,773",58,20,3
2025-03-31,affiliate,AF95520,aff_autumn,2024-12-14,GR,android,66.07,"9,278",47,2,0
2025-09-25,instagram,IN41041,ig_reels_push,2025-08-14,RO,android,137.34,"7,290",151,29,3
2025-04-29,facebook,FA88258,fb_retargeting,2025-03-14,FI,ios,127.91,"9,052",298,71,16
2025-04-01,tiktok,TI67873,tt_spark_ads,2025-02-14,BE,ios,62.48,"12,221",471,146,32
2025-11-04,twitter,TW20423,x_web_conversions,2025-08-29,LV,ios,107.06,"6,852",203,20,3
2025-01-18,tiktok,TI40860,tt_spark_ads,2024-09-01,GR,android,108.01,"6,898",285,87,10
2025-04-17,affiliate,AF76196,aff_winter,2025-02-18,DE,ios,88.20,"7,982",138,13,2
2025-12-28,affiliate,AF16146,aff_summer,2025-12-02,AT,ios,91.34,"10,959",172,28,5
2025-03-05,tiktok,TI68697,tt_creator_push,2025-02-23,DE,android,50.13,"8,167",444,76,5
2025-07-26,affiliate,AF50633,aff_winter,2024-11-14,CZ,android,42.90,"8,234",105,14,2
2025-11-22,google,GO85961,google_display_retargeting,2025-11-11,IT,ios,236.85,"9,463",303,61,13
2025-03-31,facebook,FA45061,fb_brand_awareness,2025-02-14,ES,android,92.74,"5,705",86,11,3
2025-11-07,twitter,TW87897,x_retargeting,2025-10-13,SK,android,132.72,"11,427",170,24,1
2025-02-07,tiktok,TI36889,tt_conversion_2025,2024-10-07,FI,android,71.31,"11,383",219,70,9
2025-03-01,twitter,TW41453,x_awareness,2024-11-21,LV,android,206.37,"20,787",264,40,2
2025-01-28,google,GO27572,google_search_brand,2024-10-05,EE,ios,131.56,"12,502",769,110,34
2025-06-14,tiktok,TI75974,tt_creator_push,2025-04-29,SI,android,49.22,"8,636",357,51,9
2025-05-05,twitter,TW95765,x_retargeting,2024-11-17,MT,ios,45.89,"4,010",28,5,1
2025-06-04,instagram,IN28445,ig_retargeting,2025-05-21,FR,ios,70.95,"4,718",186,55,14
2025-07-08,twitter,TW91395,x_web_conversions,2025-04-18,CY,android,282.91,"20,370",468,76,12
2025-08-28,facebook,FA83860,fb_app_install,2025-06-12,FR,ios,74.92,"11,365",346,112,17
2025-09-07,google,GO75847,google_youtube_video,2025-07-11,HU,ios,235.54,"8,965",349,80,14
2025-03-17,tiktok,TI27628,tt_app_installs,2024-10-13,PT,ios,45.57,"7,765",423,100,24
2025-03-21,instagram,IN87419,ig_retargeting,2025-03-17,FR,android,47.25,"4,375",134,27,6
2025-01-25,facebook,FA77881,fb_retargeting,2024-11-20,EE,ios,242.46,"8,782",176,51,13
2025-06-14,tiktok,TI77004,tt_app_installs,2025-05-31,SK,ios,121.13,"14,530",430,82,17
2025-01-19,instagram,IN46738,ig_reels_push,2024-12-10,AT,android,244.51,"10,570",458,101,20
2025-03-09,instagram,IN73388,ig_reels_push,2025-01-03,HR,android,54.78,"6,717",152,25,4
2025-01-09,twitter,TW69489,x_retargeting,2024-08-04,RO,ios,172.71,"14,866",199,43,9
2025-07-13,tiktok,TI36851,tt_creator_push,2025-06-20,SE,android,96.16,"9,590",413,44,3
2025-09-03,affiliate,AF77062,aff_spring,2025-06-06,SI,ios,119.92,"10,413",213,38,7
2025-12-05,tiktok,TI42173,tt_conversion_2025,2025-10-11,DE,ios,86.74,"9,639",328,50,12
2025-01-02,tiktok,TI81814,tt_spark_ads,2024-07-26,FR,android,102.71,"11,114",351,58,4
2025-11-20,twitter,TW69321,x_retargeting,2025-06-23,LU,ios,50.40,"4,273",92,17,2
2025-05-30,google,GO85495,google_youtube_video,2025-05-24,PT,ios,81.31,"4,639",253,53,11
2025-04-12,instagram,IN23095,ig_retargeting,2025-04-02,SI,ios,160.98,"8,812",190,57,6
2025-04-10,google,GO75820,google_pmax_2025,2024-11-30,DE,ios,80.83,"3,443",171,34,7
2025-02-11,twitter,TW83291,x_retargeting,2024-11-09,BG,ios,74.24,"17,413",398,83,15
2025-02-23,instagram,IN52983,ig_story_launch,2024-11-06,DK,ios,170.12,"12,991",132,37,4
2025-10-25,instagram,IN18461,ig_reels_push,2025-07-19,IE,ios,70.07,"5,229",88,24,6
2025-11-22,google,GO41869,google_youtube_video,2025-08-30,PL,ios,61.79,"6,974",189,47,4
2025-03-14,tiktok,TI38911,tt_conversion_2025,2024-10-07,FR,android,143.31,"6,977",224,50,7
2025-05-09,tiktok,TI13459,tt_creator_push,2024-12-13,BE,android,230.42,"15,765",455,120,10
2025-04-16,tiktok,TI19236,tt_conversion_2025,2025-01-27,CZ,android,149.12,"19,497",1003,150,10
2025-02-07,affiliate,AF82108,aff_winter,2024-10-04,IT,ios,39.52,"9,870",120,21,2
2025-11-15,google,GO90957,google_search_brand,2025-09-21,PL,android,43.82,"3,234",173,41,10
2025-03-03,facebook,FA79037,fb_retargeting,2025-03-03,DE,ios,131.25,"8,715",109,17,1
2025-08-09,twitter,TW81733,x_retargeting,2025-04-11,PT,android,52.40,"5,868",91,7,0
2025-03-27,facebook,FA32870,fb_brand_awareness,2025-02-24,PL,android,191.00,"7,683",127,17,2
2025-06-23,tiktok,TI71619,tt_app_installs,2025-02-11,FR,android,70.40,"14,138",304,85,18
2025-05-08,google,GO53475,google_search_brand,2024-12-03,NL,android,192.98,"8,480",476,56,13
2025-08-16,twitter,TW67824,x_awareness,2025-04-02,SI,android,183.91,"17,913",274,49,7
2025-02-09,affiliate,AF76300,aff_summer,2024-08-07,LU,android,31.11,"4,469",19,1,0
2025-09-04,facebook,FA90045,fb_retargeting,2025-07-22,IE,android,127.64,"10,001",255,58,12
2025-05-05,affiliate,AF68384,aff_winter,2024-10-06,CY,ios,197.62,"14,833",137,18,1
2025-07-06,google,GO79240,google_pmax_2025,2025-02-25,DK,android,81.58,"5,620",209,52,16
2025-09-26,tiktok,TI55986,tt_app_installs,2025-09-01,IT,android,109.93,"10,423",565,155,27
2025-03-11,facebook,FA11147,fb_app_install,2024-11-22,LV,android,236.97,"9,977",294,71,12
2025-03-13,google,GO59874,google_search_brand,2025-01-23,NL,android,150.41,"7,636",496,62,13
2025-05-09,google,GO96688,google_youtube_video,2025-02-14,DE,android,291.60,"9,621",311,76,17
2025-11-13,facebook,FA76544,fb_conversion_2025,2025-10-09,CZ,android,276.17,"11,280",204,59,9
2025-04-10,google,GO11006,google_youtube_video,2024-12-12,AT,android,205.66,"6,130",345,36,2
2025-01-20,google,GO32716,google_pmax_2025,2024-10-30,PL,ios,135.06,"4,365",223,57,5
2025-09-29,twitter,TW36775,x_app_installs,2025-07-11,GR,ios,28.15,"7,294",76,13,2
2025-03-01,twitter,TW56075,x_retargeting,2024-11-10,EE,ios,80.56,"5,336",74,12,2
2025-01-28,facebook,FA46877,fb_app_install,2025-01-15,CY,ios,300.96,"14,427",249,60,7
2025-03-09,affiliate,AF47448,aff_autumn,2024-05-27,IE,android,15.33,"5,337",35,3,0
2025-01-24,google,GO21070,google_youtube_video,2024-11-22,RO,ios,325.24,"11,793",578,62,11
2025-12-06,affiliate,AF76323,aff_autumn,2025-07-07,BE,ios,31.53,"9,101",176,17,2
2025-01-09,google,GO96648,google_pmax_2025,2024-10-19,BE,ios,268.97,"10,145",208,20,5
2025-09-30,twitter,TW60502,x_app_installs,2025-05-17,HU,ios,29.17,"9,070",131,24,4
2025-02-28,google,GO51955,google_pmax_2025,2025-01-30,IE,android,79.97,"4,460",274,32,7
2025-08-01,facebook,FA53196,fb_retargeting,2025-06-27,SK,android,80.78,"5,506",73,10,2
2025-07-10,affiliate,AF98262,aff_winter,2024-11-21,SE,android,87.53,"11,039",93,12,1
2025-06-07,facebook,FA17375,fb_retargeting,2025-03-31,MT,android,30.61,"4,132",134,29,8
2025-02-20,google,GO42103,google_display_retargeting,2025-02-02,RO,ios,405.77,"20,220",677,188,15
2025-05-16,google,GO80779,google_youtube_video,2025-04-30,DK,android,110.25,"4,458",268,62,17
2025-07-02,google,GO23042,google_display_retargeting,2025-06-05,FI,ios,367.46,"11,193",536,138,30
2025-06-26,twitter,TW71382,x_retargeting,2025-03-01,CZ,android,56.09,"15,245",173,14,3
2025-07-12,google,GO14178,google_search_brand,2025-07-07,IE,ios,277.28,"14,281",472,91,11
2025-12-25,facebook,FA78895,fb_brand_awareness,2025-09-20,PT,ios,120.52,"8,456",256,84,23
2025-06-15,google,GO82289,google_pmax_2025,2025-02-10,IT,android,194.54,"5,890",330,40,9
2025-10-03,facebook,FA37238,fb_retargeting,2025-09-27,EE,ios,170.84,"12,105",130,22,5
2025-12-26,affiliate,AF62848,aff_summer,2025-08-18,EE,ios,154.13,"18,699",92,8,1
2025-05-02,twitter,TW50104,x_awareness,2025-01-08,SK,android,71.28,"10,923",189,39,4
2025-11-28,twitter,TW62861,x_retargeting,2025-06-29,PL,android,46.45,"7,043",193,13,3
2025-10-27,twitter,TW45878,x_retargeting,2025-07-15,LV,ios,63.07,"7,058",97,14,3
2025-09-19,google,GO36617,google_pmax_2025,2025-07-16,DE,android,90.14,"7,840",500,102,22
2025-01-31,tiktok,TI85821,tt_conversion_2025,2024-09-02,IT,android,375.68,"18,994",656,123,23
2025-05-01,instagram,IN88422,ig_retargeting,2025-02-15,PT,android,94.17,"9,040",112,27,2
2025-02-28,google,GO44374,google_youtube_video,2024-11-12,BE,ios,472.51,"17,672",597,125,14
2025-09-09,affiliate,AF59121,aff_autumn,2025-05-30,LU,android,79.97,"5,887",61,7,1
2025-06-02,facebook,FA84346,fb_retargeting,2025-03-04,SK,android,341.05,"13,771",281,36,10
2025-12-20,google,GO67962,google_pmax_2025,2025-11-26,SI,android,258.66,"11,564",383,95,11
2025-06-17,tiktok,TI12053,tt_creator_push,2025-03-11,AT,ios,46.47,"11,203",208,40,7
2025-07-12,twitter,TW56064,x_web_conversions,2025-06-23,NL,android,58.93,"8,024",148,13,1
2025-09-07,twitter,TW16958,x_retargeting,2025-04-26,IE,ios,289.73,"24,147",323,24,5
2025-01-31,google,GO31585,google_youtube_video,2025-01-28,EE,android,71.97,"6,139",139,36,5
2025-07-23,twitter,TW16140,x_web_conversions,2025-05-12,HU,ios,143.27,"11,270",234,49,8
2025-09-15,facebook,FA54770,fb_brand_awareness,2025-07-09,DK,ios,99.16,"14,954",428,114,29
2025-01-22,facebook,FA35957,fb_conversion_2025,2024-12-21,CZ,ios,240.61,"9,593",221,38,6
2025-04-02,affiliate,AF77050,aff_autumn,2024-07-11,LU,android,65.87,"5,410",66,3,0
2025-01-06,google,GO53453,google_display_retargeting,2024-08-28,IE,android,49.38,"4,843",128,34,4
2025-05-25,google,GO70258,google_pmax_2025,2025-03-12,PL,ios,219.77,"12,310",669,119,28
2025-02-18,affiliate,AF57565,aff_summer,2024-05-08,LT,android,54.92,"4,944",75,6,0
2025-07-03,instagram,IN77192,ig_story_launch,2025-05-17,LV,android,197.13,"10,905",390,61,15
2025-10-11,google,GO10228,google_youtube_video,2025-08-12,CZ,ios,222.86,"10,838",510,124,19
2025-10-12,tiktok,TI42272,tt_spark_ads,2025-08-17,AT,android,70.65,"9,148",278,87,5
2025-07-22,tiktok,TI27275,tt_conversion_2025,2025-06-22,PT,ios,144.62,"10,078",142,38,4
2025-10-29,tiktok,TI25317,tt_creator_push,2025-09-06,IE,android,125.95,"10,307",137,23,5
2025-01-28,instagram,IN46347,ig_app_install,2024-11-14,NL,ios,41.28,"2,967",66,15,3
2025-10-19,instagram,IN45482,ig_app_install,2025-08-22,NL,android,87.87,"7,470",205,21,4
2025-08-06,facebook,FA86993,fb_conversion_2025,2025-06-05,NL,ios,310.32,"12,037",205,31,4
2025-07-25,instagram,IN89558,ig_story_launch,2025-07-04,PT,ios,59.99,"2,642",105,30,4
2025-08-07,google,GO30616,google_search_brand,2025-06-14,SK,android,276.18,"8,816",391,93,26
2025-11-28,twitter,TW21416,x_web_conversions,2025-09-27,CZ,android,95.89,"11,619",281,36,2
2025-03-11,google,GO62980,google_display_retargeting,2024-12-30,CZ,android,407.42,"13,909",504,73,11
2025-01-21,affiliate,AF47161,aff_spring,2024-05-11,DE,ios,31.99,"6,928",84,14,1
2025-12-31,google,GO53393,google_search_brand,2025-11-28,AT,ios,137.22,"9,128",237,59,10
2025-05-29,twitter,TW23104,x_retargeting,2025-03-03,IT,ios,84.06,"6,109",133,26,3
2025-12-26,affiliate,AF11440,aff_autumn,2025-06-26,EE,ios,12.27,"3,422",64,8,1
2025-09-30,tiktok,TI34587,tt_app_installs,2025-07-03,ES,android,102.08,"5,049",80,16,4
2025-07-27,instagram,IN90659,ig_retargeting,2025-07-03,IT,ios,175.99,"11,529",393,72,8
2025-03-06,facebook,FA37993,fb_app_install,2025-02-06,PT,android,223.52,"9,109",133,23,1
2025-11-23,twitter,TW37875,x_retargeting,2025-10-09,HU,ios,63.82,"5,057",45,6,1
2025-04-07,tiktok,TI69724,tt_spark_ads,2025-03-09,RO,ios,57.94,"9,179",438,70,8
2025-05-05,affiliate,AF49308,aff_winter,2025-02-15,IT,android,47.64,"13,570",282,21,2
2025-01-10,affiliate,AF83866,aff_winter,2025-01-08,FR,android,70.93,"5,255",21,1,0
2025-08-06,affiliate,AF64826,aff_winter,2025-06-10,GR,android,83.64,"15,053",139,15,1
2025-06-01,affiliate,AF89821,aff_autumn,2024-10-08,IE,ios,66.58,"6,059",77,7,1
2025-04-16,facebook,FA95520,fb_retargeting,2025-01-05,FI,ios,40.38,"5,818",119,31,7
2025-07-25,affiliate,AF42155,aff_spring,2024-10-30,GR,android,39.14,"4,288",62,4,1
2025-04-24,affiliate,AF35607,aff_summer,2025-04-20,CY,ios,80.85,"6,152",46,6,1
2025-01-31,tiktok,TI68265,tt_conversion_2025,2024-12-12,FI,ios,81.59,"10,216",546,58,11
2025-09-13,google,GO41212,google_search_brand,2025-08-04,IT,android,126.02,"7,850",174,15,4
2025-01-29,instagram,IN82392,ig_reels_push,2024-10-06,DE,android,54.52,"7,397",185,19,3
2025-11-02,affiliate,AF82052,aff_autumn,2025-03-30,DE,android,39.03,"4,187",93,5,0
2025-01-15,affiliate,AF69264,aff_summer,2024-08-16,MT,android,140.66,"11,954",188,11,1
2025-11-22,twitter,TW81634,x_app_installs,2025-07-17,SI,ios,48.00,"6,063",42,8,1
2025-09-30,instagram,IN95041,ig_reels_push,2025-06-03,AT,ios,118.56,"6,843",273,40,7
2025-07-24,google,GO97701,google_pmax_2025,2025-05-29,RO,android,181.15,"12,108",457,68,14
2025-08-04,google,GO30790,google_display_retargeting,2025-04-04,MT,android,140.15,"15,723",840,233,23
2025-04-21,tiktok,TI10148,tt_creator_push,2025-04-02,PT,android,77.88,"4,021",110,16,2
2025-11-20,instagram,IN15628,ig_retargeting,2025-09-16,CY,android,114.64,"5,978",115,31,4
2025-06-24,tiktok,TI40685,tt_spark_ads,2025-02-19,PL,ios,58.20,"7,929",350,74,13
2025-12-17,facebook,FA46484,fb_retargeting,2025-12-07,MT,android,53.30,"7,292",204,38,7
2025-10-11,instagram,IN86999,ig_app_install,2025-07-24,FI,android,142.54,"8,411",303,85,9
2025-03-02,affiliate,AF55386,aff_autumn,2024-06-12,LV,ios,82.92,"6,726",59,8,0
2025-07-03,google,GO54938,google_display_retargeting,2025-01-29,MT,android,543.46,"20,658",1180,330,81
2025-03-16,twitter,TW90630,x_awareness,2025-01-14,HU,android,229.66,"15,961",218,40,2
2025-10-29,affiliate,AF58469,aff_spring,2025-01-29,LT,android,18.01,"4,501",104,19,2
2025-08-18,instagram,IN67405,ig_story_launch,2025-05-29,HU,ios,130.43,"8,329",185,21,5
2025-02-13,affiliate,AF62650,aff_winter,2024-05-02,DE,ios,45.28,"5,167",107,8,1
2025-02-24,google,GO69999,google_display_retargeting,2024-10-16,EE,ios,126.47,"10,566",436,51,3
2025-07-06,google,GO62158,google_search_brand,2025-04-11,PL,ios,178.74,"8,814",451,58,4
2025-09-29,google,GO78397,google_youtube_video,2025-06-02,IT,ios,263.27,"7,897",461,67,20
2025-02-18,affiliate,AF55132,aff_spring,2024-06-28,SK,ios,147.75,"14,153",190,10,2
2025-01-31,google,GO23377,google_search_brand,2024-12-24,HU,ios,100.87,"11,062",284,49,5
2025-04-08,google,GO46087,google_search_brand,2024-11-04,FI,ios,139.31,"6,825",372,53,12
2025-07-22,facebook,FA18947,fb_brand_awareness,2025-05-09,MT,ios,135.53,"11,864",327,58,13
2025-07-24,instagram,IN46855,ig_reels_push,2025-03-28,ES,ios,54.42,"4,806",90,18,2
2025-03-25,affiliate,AF28691,aff_spring,2024-09-15,EE,android,70.28,"8,584",110,10,1
2025-11-06,instagram,IN22324,ig_app_install,2025-08-02,NL,android,410.67,"17,242",390,76,19
2025-01-07,twitter,TW49756,x_awareness,2024-11-04,BG,ios,118.10,"8,255",224,48,7
2025-10-12,affiliate,AF91242,aff_winter,2025-10-08,CY,android,45.30,"9,993",178,29,4
2025-05-17,facebook,FA64490,fb_retargeting,2025-01-20,EE,ios,308.18,"13,788",352,81,7
2025-05-02,twitter,TW91456,x_retargeting,2025-02-22,IT,ios,58.93,"8,699",213,35,7
2025-03-20,twitter,TW14142,x_app_installs,2025-02-07,DE,ios,57.24,"10,984",159,15,2
2025-05-15,instagram,IN78646,ig_story_launch,2025-04-07,HR,android,100.71,"5,426",141,37,8
2025-01-12,facebook,FA22092,fb_brand_awareness,2024-10-02,DK,ios,83.69,"9,813",287,98,27
2025-08-03,twitter,TW74720,x_web_conversions,2025-03-10,NL,android,140.77,"8,415",250,35,7
2025-06-29,google,GO13552,google_search_brand,2025-03-27,MT,android,284.86,"11,852",529,147,24
2025-01-18,facebook,FA45868,fb_brand_awareness,2024-12-13,SI,ios,132.54,"6,580",217,55,12
2025-03-30,twitter,TW22663,x_retargeting,2025-01-06,AT,android,76.06,"14,724",439,51,3
2025-01-26,tiktok,TI65233,tt_spark_ads,2024-11-24,LV,ios,61.98,"3,664",164,44,6
2025-11-10,google,GO71490,google_youtube_video,2025-06-28,LT,android,148.88,"8,576",390,80,19
2025-11-08,affiliate,AF85969,aff_summer,2025-04-13,FI,ios,24.99,"2,819",35,6,0
2025-03-03,google,GO15116,google_pmax_2025,2024-11-23,PT,android,350.95,"11,977",455,100,7
2025-08-19,affiliate,AF10207,aff_autumn,2024-11-21,HR,ios,140.88,"13,132",82,13,1
2025-09-23,tiktok,TI12461,tt_app_installs,2025-07-22,DE,android,192.22,"10,316",305,80,5
2025-07-28,tiktok,TI22251,tt_conversion_2025,2025-04-06,CZ,ios,478.37,"23,581",495,147,7
2025-12-28,tiktok,TI18058,tt_spark_ads,2025-07-25,HR,android,87.80,"5,366",249,51,4
2025-01-22,google,GO72457,google_display_retargeting,2024-10-25,DK,ios,164.77,"10,952",416,98,29
2025-07-30,instagram,IN26753,ig_retargeting,2025-06-18,FR,android,133.09,"8,853",150,30,7
2025-10-26,google,GO58743,google_youtube_video,2025-08-29,HR,android,421.06,"19,329",461,106,31
2025-06-06,twitter,TW88377,x_web_conversions,2025-03-20,MT,ios,90.69,"16,226",148,25,3
2025-11-06,google,GO61672,google_display_retargeting,2025-10-08,DK,android,170.40,"8,310",210,26,5
2025-09-28,instagram,IN61293,ig_retargeting,2025-08-13,NL,ios,167.34,"9,064",177,35,9
2025-09-22,google,GO90280,google_youtube_video,2025-09-01,PL,android,336.82,"10,662",282,54,4
2025-09-11,affiliate,AF74617,aff_summer,2025-06-06,EE,android,139.34,"22,721",353,63,5
2025-01-16,tiktok,TI12681,tt_spark_ads,2024-09-17,GR,ios,215.68,"11,678",245,60,9
2025-01-14,google,GO15127,google_pmax_2025,2024-09-06,SK,android,141.33,"8,683",577,97,7
2025-10-07,affiliate,AF44311,aff_summer,2025-09-11,IT,android,107.34,"13,015",228,31,4
2025-06-30,tiktok,TI96284,tt_creator_push,2025-05-09,SI,android,112.36,"6,862",360,72,13
2025-10-29,facebook,FA99702,fb_brand_awareness,2025-09-29,BE,android,94.97,"4,650",92,22,6
2025-11-22,google,GO23353,google_display_retargeting,2025-07-14,IT,android,107.96,"7,743",283,66,13
2025-11-25,facebook,FA53024,fb_retargeting,2025-10-10,DK,android,66.06,"8,693",79,25,4
2025-02-10,google,GO67344,google_pmax_2025,2024-11-30,AT,android,126.92,"3,934",138,32,6
2025-09-03,tiktok,TI46540,tt_creator_push,2025-07-24,DE,ios,125.14,"9,022",436,132,16
2025-05-11,instagram,IN84608,ig_story_launch,2025-04-03,FI,ios,132.83,"15,689",619,75,20
2025-04-19,facebook,FA44546,fb_retargeting,2025-03-01,CZ,android,157.20,"7,210",244,47,4
2025-05-15,affiliate,AF69846,aff_autumn,2024-11-04,SK,android,49.11,"7,973",79,6,0
2025-06-13,facebook,FA41643,fb_brand_awareness,2025-02-28,RO,android,151.37,"5,730",109,24,5
2025-11-07,instagram,IN86962,ig_reels_push,2025-09-24,NL,android,283.17,"18,113",256,35,4
2025-04-01,facebook,FA77627,fb_app_install,2025-01-24,BE,android,89.66,"7,607",163,22,2
2025-09-21,google,GO74167,google_pmax_2025,2025-06-09,IT,android,136.39,"8,116",254,34,3
2025-08-05,facebook,FA82933,fb_brand_awareness,2025-07-03,CY,ios,69.85,"5,213",98,12,2
2025-08-09,google,GO38899,google_youtube_video,2025-04-09,SE,ios,94.38,"8,169",268,27,7
2025-03-10,instagram,IN75263,ig_reels_push,2025-03-02,MT,ios,152.81,"6,441",230,69,10
2025-02-28,twitter,TW74414,x_app_installs,2025-02-03,IT,ios,241.83,"14,574",254,48,5
2025-09-10,google,GO10405,google_pmax_2025,2025-07-17,LU,android,256.46,"7,927",255,35,8
2025-02-21,affiliate,AF41305,aff_winter,2024-07-30,CY,ios,38.59,"9,394",89,14,1
2025-01-19,affiliate,AF97718,aff_summer,2024-06-27,GR,android,46.97,"4,999",112,17,3
2025-10-11,affiliate,AF92224,aff_spring,2025-04-05,CZ,android,255.47,"20,123",303,28,4
2025-01-01,tiktok,TI79102,tt_conversion_2025,2024-10-28,IT,android,243.29,"15,415",305,32,5
2025-12-08,google,GO11757,google_display_retargeting,2025-08-27,PT,android,286.19,"11,011",650,56,15
2025-03-16,google,GO18549,google_search_brand,2025-02-05,CY,ios,163.62,"6,148",231,56,14
2025-05-01,affiliate,AF65701,aff_autumn,2025-04-21,IE,android,102.14,"8,594",68,8,1
2025-07-19,tiktok,TI51543,tt_app_installs,2025-06-17,SE,ios,162.12,"8,461",138,20,3
2025-01-18,twitter,TW34324,x_awareness,2024-11-17,AT,android,107.33,"8,127",230,25,5
2025-11-23,facebook,FA66698,fb_conversion_2025,2025-09-14,ES,android,335.03,"15,010",266,63,19
2025-01-31,google,GO98901,google_pmax_2025,2024-11-28,PL,ios,84.19,"8,156",551,105,15
2025-11-07,affiliate,AF28674,aff_winter,2025-04-17,MT,ios,28.29,"9,658",74,9,1
2025-11-11,twitter,TW48910,x_app_installs,2025-09-21,LU,ios,79.40,"5,761",95,19,4
2025-06-16,twitter,TW60677,x_app_installs,2025-01-09,MT,android,124.48,"9,476",70,12,2
2025-01-31,twitter,TW53887,x_web_conversions,2024-11-13,SI,ios,64.68,"10,641",82,9,1
2025-07-09,affiliate,AF72086,aff_autumn,2025-06-10,SE,android,98.20,"7,287",56,9,1
2025-10-25,tiktok,TI80314,tt_creator_push,2025-10-02,SK,ios,204.85,"12,636",376,106,21
2025-04-30,affiliate,AF28362,aff_summer,2024-10-10,BG,ios,123.96,"9,821",46,6,1
2025-03-12,affiliate,AF25350,aff_summer,2024-11-22,IT,android,49.62,"8,680",64,5,1
2025-07-26,facebook,FA74058,fb_brand_awareness,2025-04-13,MT,android,195.16,"9,588",317,43,5
2025-06-29,facebook,FA37160,fb_brand_awareness,2025-03-29,AT,ios,117.38,"5,233",104,25,2
2025-02-22,instagram,IN51287,ig_reels_push,2025-01-12,IE,ios,282.59,"17,840",539,144,38
2025-05-16,google,GO31810,google_display_retargeting,2025-03-20,MT,android,89.88,"10,385",234,54,7
2025-11-11,twitter,TW98195,x_retargeting,2025-08-10,PL,ios,100.06,"11,248",217,18,1
2025-05-25,twitter,TW10220,x_awareness,2025-02-25,RO,ios,85.31,"5,363",75,13,1
2025-02-17,instagram,IN48759,ig_retargeting,2025-01-01,DK,android,427.81,"20,992",864,251,67
2025-07-30,instagram,IN75913,ig_app_install,2025-06-29,AT,ios,163.59,"13,814",173,43,4
2025-07-20,instagram,IN53359,ig_reels_push,2025-05-27,BG,android,88.09,"5,894",121,30,2
2025-11-22,google,GO74267,google_display_retargeting,2025-08-31,PT,ios,101.35,"3,443",213,25,7
2025-07-25,instagram,IN62421,ig_reels_push,2025-06-04,CZ,android,127.16,"8,001",229,67,6
2025-01-26,google,GO83925,google_display_retargeting,2024-10-20,DK,android,132.83,"3,975",243,34,10
2025-06-28,facebook,FA26524,fb_retargeting,2025-06-24,IT,ios,45.49,"4,020",105,26,7
2025-12-23,tiktok,TI93650,tt_app_installs,2025-09-26,IT,ios,24.35,"4,797",81,19,2
2025-09-20,tiktok,TI44574,tt_app_installs,2025-05-28,IT,android,73.22,"3,930",154,45,8
2025-09-07,tiktok,TI65611,tt_conversion_2025,2025-06-23,DK,android,289.01,"15,019",406,112,15
2025-01-24,twitter,TW25775,x_app_installs,2024-12-27,BG,ios,58.58,"6,054",107,9,1
2025-11-02,twitter,TW64513,x_app_installs,2025-06-28,CZ,ios,182.16,"20,125",263,50,2
2025-12-13,facebook,FA74532,fb_brand_awareness,2025-12-04,SK,android,348.27,"16,145",341,66,17
2025-04-17,affiliate,AF61129,aff_summer,2024-09-30,IE,ios,53.08,"10,501",151,12,1
2025-06-15,instagram,IN99652,ig_app_install,2025-05-27,ES,android,182.40,"8,290",361,104,26
2025-06-08,tiktok,TI38268,tt_spark_ads,2025-05-13,LT,ios,52.61,"10,259",423,95,8
2025-02-12,tiktok,TI59689,tt_app_installs,2025-01-25,AT,android,180.14,"14,972",478,148,10
2025-04-24,tiktok,TI29232,tt_creator_push,2025-03-16,HR,android,154.08,"18,755",1028,200,36
2025-09-29,google,GO97686,google_pmax_2025,2025-04-24,SE,ios,80.64,"8,019",300,74,9
2025-06-25,tiktok,TI17951,tt_spark_ads,2025-03-05,EE,ios,241.43,"12,564",593,92,10
2025-11-20,affiliate,AF19727,aff_autumn,2025-04-11,LV,ios,40.54,"15,677",238,40,5
2025-04-09,google,GO36254,google_pmax_2025,2025-04-01,BE,ios,99.94,"6,058",373,43,5
2025-05-20,instagram,IN16612,ig_retargeting,2025-05-14,MT,ios,61.34,"5,942",167,32,9
2025-06-10,instagram,IN94962,ig_retargeting,2025-05-25,CY,android,96.60,"6,962",198,30,4
2025-04-10,facebook,FA69917,fb_app_install,2025-01-04,NL,ios,180.83,"6,914",180,54,9
2025-05-16,affiliate,AF92433,aff_summer,2025-01-20,GR,android,46.47,"3,946",95,10,1
2025-07-10,instagram,IN50629,ig_story_launch,2025-04-29,CZ,ios,151.16,"9,680",285,54,14
2025-07-30,twitter,TW25029,x_web_conversions,2025-03-31,SK,ios,94.30,"7,085",103,15,2
2025-08-04,google,GO42492,google_search_brand,2025-06-01,ES,ios,356.07,"11,798",821,132,12
2025-04-12,facebook,FA63695,fb_brand_awareness,2025-02-25,DK,android,185.33,"13,837",123,16,3
2025-06-13,tiktok,TI40620,tt_spark_ads,2025-02-25,SE,android,163.14,"12,114",584,112,25
2025-01-10,twitter,TW78976,x_awareness,2024-11-20,AT,ios,81.72,"12,042",181,16,2
2025-01-28,google,GO67872,google_search_brand,2024-09-25,LV,ios,114.12,"4,386",268,33,10
2025-06-07,affiliate,AF20931,aff_spring,2024-09-25,IE,ios,11.18,"5,539",124,20,3
2025-02-24,twitter,TW64346,x_retargeting,2025-02-16,SI,ios,126.74,"10,338",154,15,2
2025-03-14,instagram,IN23580,ig_app_install,2024-12-15,AT,android,109.35,"14,521",534,153,10
2025-07-16,instagram,IN66292,ig_app_install,2025-06-08,IE,ios,431.97,"18,749",712,82,18
2025-10-04,facebook,FA75737,fb_brand_awareness,2025-07-07,IT,android,272.48,"10,604",176,48,8
2025-04-05,twitter,TW81882,x_retargeting,2024-10-11,CY,ios,78.95,"7,604",159,21,4
2025-12-02,google,GO97099,google_youtube_video,2025-06-30,LV,android,346.73,"11,890",689,154,23
2025-06-04,instagram,IN96786,ig_reels_push,2025-03-03,PT,android,54.90,"3,439",97,28,6
2025-08-08,twitter,TW51922,x_app_installs,2025-07-25,LV,android,39.80,"6,834",157,23,2
2025-09-22,affiliate,AF39000,aff_spring,2025-01-31,CY,ios,42.39,"3,112",21,2,0
2025-09-30,twitter,TW44726,x_web_conversions,2025-05-26,ES,ios,167.35,"10,839",262,19,4
2025-06-06,instagram,IN39526,ig_app_install,2025-04-27,SK,ios,182.35,"8,006",199,32,9
2025-04-09,affiliate,AF16572,aff_autumn,2025-04-04,FR,ios,57.05,"4,678",62,10,1
2025-06-22,instagram,IN84892,ig_retargeting,2025-06-03,FI,ios,69.77,"6,813",142,32,6
2025-08-16,affiliate,AF89430,aff_summer,2025-04-26,DE,android,39.15,"10,524",119,14,2
2025-04-16,affiliate,AF48199,aff_summer,2024-12-27,SI,ios,19.02,"7,610",85,13,1
2025-01-23,google,GO26585,google_youtube_video,2024-10-26,GR,ios,66.86,"7,172",234,61,11
2025-07-21,twitter,TW14471,x_app_installs,2025-03-20,SK,android,76.49,"5,905",137,26,4
2025-11-12,affiliate,AF62929,aff_winter,2025-01-29,ES,ios,38.49,"9,121",102,9,2
2025-01-29,instagram,IN69056,ig_app_install,2024-10-10,CY,ios,122.33,"17,553",273,50,7
2025-09-30,instagram,IN84905,ig_retargeting,2025-06-09,HU,android,165.70,"8,664",378,40,7
2025-08-18,facebook,FA88074,fb_brand_awareness,2025-07-25,LV,android,194.28,"8,122",237,34,2
2025-04-10,instagram,IN70638,ig_story_launch,2025-03-16,IT,ios,172.10,"9,100",282,59,11
2025-04-18,tiktok,TI49824,tt_spark_ads,2024-12-04,LU,android,233.22,"18,034",241,53,13
2025-03-28,facebook,FA75948,fb_conversion_2025,2024-12-20,PL,android,224.55,"8,603",141,19,3
2025-03-08,google,GO18389,google_display_retargeting,2024-11-11,FI,android,309.65,"9,501",506,83,8
2025-08-04,tiktok,TI88950,tt_creator_push,2025-07-15,PT,ios,58.71,"6,661",126,36,2
2025-08-02,affiliate,AF90278,aff_summer,2025-06-22,SI,android,57.79,"6,692",158,19,2
2025-01-18,facebook,FA38369,fb_conversion_2025,2024-10-03,IE,ios,125.62,"14,645",293,82,17
2025-09-26,twitter,TW94718,x_web_conversions,2025-05-31,HR,ios,83.95,"12,338",267,31,1
2025-04-02,tiktok,TI68741,tt_app_installs,2025-02-12,HR,android,66.46,"11,607",248,37,5
2025-02-10,instagram,IN13093,ig_reels_push,2024-11-13,FR,android,55.11,"3,011",93,16,1
2025-06-07,tiktok,TI80092,tt_app_installs,2025-05-01,LT,ios,211.12,"12,990",206,63,14
2025-12-29,tiktok,TI49407,tt_conversion_2025,2025-10-02,CY,ios,73.49,"6,754",171,39,2
2025-07-30,facebook,FA81839,fb_retargeting,2025-05-23,SK,android,144.45,"6,208",136,30,4
2025-11-15,twitter,TW97994,x_web_conversions,2025-07-22,MT,ios,50.07,"3,519",100,16,1
2025-07-25,twitter,TW81407,x_awareness,2025-05-12,LU,ios,108.12,"6,061",166,29,6
2025-04-04,affiliate,AF98921,aff_spring,2024-10-20,GR,ios,82.01,"18,374",453,26,3
2025-04-30,facebook,FA87189,fb_retargeting,2025-02-18,PL,ios,338.27,"19,093",647,169,42
2025-02-21,affiliate,AF95331,aff_spring,2024-08-26,LU,android,36.18,"15,877",145,20,1
2025-12-14,instagram,IN54865,ig_reels_push,2025-11-27,BE,android,128.25,"7,281",259,52,12
2025-01-19,google,GO42514,google_youtube_video,2024-09-17,LT,android,289.21,"10,130",478,39,12
2025-09-09,tiktok,TI24272,tt_creator_push,2025-08-03,DE,ios,42.02,"7,482",119,23,4
2025-03-09,affiliate,AF28027,aff_summer,2024-11-26,AT,ios,171.06,"12,703",313,35,1
2025-04-13,google,GO80343,google_pmax_2025,2024-12-10,DK,ios,275.05,"8,821",260,47,11
2025-10-18,facebook,FA39830,fb_brand_awareness,2025-09-27,CY,ios,99.69,"10,928",183,41,8
2025-05-29,tiktok,TI63822,tt_conversion_2025,2025-05-10,SI,ios,33.57,"5,463",90,12,3
2025-10-21,tiktok,TI89140,tt_conversion_2025,2025-09-07,PL,android,75.57,"10,883",390,68,14
2025-02-20,tiktok,TI28484,tt_conversion_2025,2024-11-12,EE,android,112.65,"10,524",199,42,5
2025-08-07,facebook,FA18272,fb_retargeting,2025-08-06,FI,ios,355.96,"13,152",125,30,2
2025-09-17,tiktok,TI60386,tt_app_installs,2025-06-07,SK,ios,61.36,"7,581",326,85,16
2025-06-04,instagram,IN77255,ig_story_launch,2025-05-04,CY,android,74.04,"10,855",484,67,16
2025-01-16,google,GO23686,google_search_brand,2024-11-03,PL,ios,129.72,"4,338",92,21,3
2025-03-26,twitter,TW36362,x_awareness,2025-01-23,LT,ios,33.14,"7,116",167,13,2
2025-01-28,affiliate,AF86890,aff_autumn,2024-08-27,EE,android,116.04,"11,792",198,34,2
2025-09-03,google,GO13239,google_search_brand,2025-05-08,LU,android,100.97,"8,120",247,50,10
2025-10-18,instagram,IN99586,ig_app_install,2025-09-08,SI,android,315.72,"16,386",422,101,6
2025-12-02,google,GO46166,google_search_brand,2025-11-04,HU,android,104.83,"6,071",122,16,2
2025-06-09,facebook,FA64150,fb_brand_awareness,2025-05-17,IE,ios,246.88,"13,744",313,61,5
2025-03-31,affiliate,AF27227,aff_autumn,2025-01-23,SI,android,39.54,"3,889",78,8,1
2025-04-21,instagram,IN30012,ig_app_install,2025-01-31,BG,android,102.37,"16,408",399,107,19
2025-08-23,instagram,IN39527,ig_story_launch,2025-08-16,SE,android,69.71,"8,899",316,38,10
2025-10-19,tiktok,TI94613,tt_app_installs,2025-05-20,PL,ios,97.67,"8,963",320,36,7
2025-10-17,google,GO22965,google_pmax_2025,2025-07-26,FI,android,144.69,"5,909",203,23,6
2025-12-26,tiktok,TI13488,tt_spark_ads,2025-09-25,GR,ios,247.60,"11,546",535,98,13
2025-12-19,facebook,FA24658,fb_app_install,2025-11-19,RO,android,141.87,"9,112",88,14,2
2025-05-05,instagram,IN49241,ig_story_launch,2025-03-07,EE,android,114.67,"7,904",101,16,1
2025-07-31,affiliate,AF38671,aff_summer,2025-07-24,HR,android,146.36,"14,883",351,46,5
2025-11-09,twitter,TW41790,x_retargeting,2025-09-16,NL,android,62.53,"7,504",65,12,1
2025-09-21,facebook,FA23571,fb_app_install,2025-08-17,MT,ios,78.77,"9,965",339,48,12
2025-09-17,twitter,TW83042,x_app_installs,2025-03-25,HR,ios,57.14,"14,293",211,34,4
2025-02-14,google,GO28955,google_youtube_video,2024-10-02,SE,android,299.98,"9,197",385,55,9
2025-10-05,affiliate,AF83995,aff_winter,2025-05-04,GR,android,148.94,"13,462",87,14,1
2025-10-21,tiktok,TI52042,tt_app_installs,2025-10-02,HU,android,136.34,"10,512",247,44,5
2025-07-26,affiliate,AF46636,aff_winter,2025-02-05,DK,ios,127.82,"13,429",61,5,0
2025-07-16,facebook,FA56096,fb_conversion_2025,2025-05-17,HR,android,265.59,"10,583",186,49,14
2025-12-08,tiktok,TI95402,tt_app_installs,2025-09-08,SK,android,151.29,"7,412",338,101,11
2025-08-08,google,GO86118,google_pmax_2025,2025-03-23,SE,android,231.50,"17,680",619,83,14
2025-02-19,google,GO15648,google_display_retargeting,2024-09-19,FI,android,172.08,"7,736",445,51,4
2025-03-25,facebook,FA36451,fb_conversion_2025,2025-03-03,IT,android,225.07,"10,735",131,46,6
2025-02-28,instagram,IN85391,ig_retargeting,2024-12-23,LU,android,187.00,"8,148",356,66,12
2025-02-21,affiliate,AF40093,aff_autumn,2024-11-30,SI,android,42.47,"4,900",71,4,1
2025-08-14,instagram,IN19198,ig_story_launch,2025-08-07,BG,android,380.20,"16,969",748,182,29
2025-11-26,google,GO36654,google_display_retargeting,2025-06-22,DE,android,289.66,"13,320",757,82,17
2025-07-29,facebook,FA12120,fb_app_install,2025-06-05,PL,android,316.32,"16,170",211,73,11
2025-10-16,google,GO26297,google_youtube_video,2025-09-04,PL,ios,70.40,"4,959",174,43,6
2025-07-30,tiktok,TI67753,tt_conversion_2025,2025-07-07,FI,android,146.62,"11,380",514,97,21
2025-09-19,google,GO22832,google_pmax_2025,2025-09-04,ES,android,159.28,"8,928",604,141,45
2025-09-15,google,GO92442,google_display_retargeting,2025-06-21,CZ,android,183.45,"15,600",825,138,39
2025-07-17,facebook,FA58788,fb_app_install,2025-05-13,DK,android,137.17,"6,894",157,43,3
2025-05-24,twitter,TW96555,x_awareness,2025-03-27,SI,ios,75.08,"15,352",399,34,5
2025-11-28,tiktok,TI88107,tt_app_installs,2025-11-02,DK,ios,92.29,"7,624",221,25,6
2025-01-19,facebook,FA10667,fb_brand_awareness,2024-09-26,FI,ios,115.60,"18,360",197,38,8
2025-05-06,affiliate,AF98299,aff_summer,2024-08-14,LU,android,23.34,"5,588",103,10,0
2025-06-18,tiktok,TI33255,tt_conversion_2025,2025-05-24,HU,ios,160.77,"13,373",700,204,19
2025-10-29,affiliate,AF40607,aff_summer,2025-06-11,NL,ios,22.76,"6,991",127,10,1
2025-04-17,google,GO18895,google_display_retargeting,2024-11-28,IT,ios,286.65,"11,171",699,93,27
2025-06-13,instagram,IN16325,ig_retargeting,2025-02-17,PT,android,136.27,"9,157",175,32,3
2025-12-03,facebook,FA46996,fb_brand_awareness,2025-10-03,EE,ios,257.18,"11,349",213,45,8
2025-12-13,instagram,IN14237,ig_retargeting,2025-10-18,IT,ios,138.88,"12,509",425,55,7
2025-12-06,instagram,IN85921,ig_app_install,2025-08-31,FR,ios,146.47,"7,992",146,27,3
2025-05-31,facebook,FA42844,fb_brand_awareness,2025-05-18,SE,android,32.37,"5,265",130,26,5
2025-09-26,tiktok,TI81810,tt_conversion_2025,2025-06-13,IE,ios,21.52,"4,665",241,67,12
2025-05-16,twitter,TW92948,x_retargeting,2024-12-15,PL,android,160.96,"11,450",88,10,2
2025-05-13,affiliate,AF18681,aff_summer,2024-11-23,RO,android,69.57,"8,604",157,19,3
2025-11-15,google,GO53691,google_youtube_video,2025-06-29,GR,android,301.71,"9,814",608,170,24
2025-09-18,instagram,IN11271,ig_reels_push,2025-09-15,LU,android,55.86,"3,037",111,16,3
2025-02-26,facebook,FA15602,fb_retargeting,2024-12-27,DE,ios,78.93,"11,982",121,16,2
2025-05-06,twitter,TW10218,x_web_conversions,2025-01-13,HR,android,97.29,"12,045",94,7,1
2025-09-26,twitter,TW40058,x_awareness,2025-06-13,HR,ios,179.14,"14,737",234,26,3
2025-05-16,affiliate,AF23118,aff_summer,2024-12-14,RO,ios,29.84,"10,843",65,9,1
2025-11-03,tiktok,TI99704,tt_spark_ads,2025-09-15,MT,ios,86.96,"8,182",154,44,7
2025-07-05,tiktok,TI61277,tt_creator_push,2025-04-04,LV,android,159.00,"8,191",244,72,9
2025-12-06,facebook,FA81449,fb_retargeting,2025-12-06,AT,android,63.75,"8,134",130,43,3
2025-10-06,twitter,TW68679,x_app_installs,2025-08-14,GR,android,42.68,"12,609",129,27,2
2025-12-18,affiliate,AF58872,aff_spring,2025-07-18,BG,android,115.85,"14,463",299,24,1
2025-05-22,facebook,FA99146,fb_conversion_2025,2025-03-02,MT,android,66.80,"3,232",53,18,5
2025-03-11,affiliate,AF82793,aff_winter,2024-09-08,RO,android,29.28,"10,117",221,16,1
2025-02-13,tiktok,TI51030,tt_conversion_2025,2024-11-22,HU,ios,165.24,"7,643",284,85,11
2025-06-10,affiliate,AF23687,aff_autumn,2025-03-01,FR,android,87.76,"6,542",162,21,3
2025-08-10,google,GO40961,google_display_retargeting,2025-07-27,MT,android,123.76,"9,854",593,98,8
2025-06-09,instagram,IN93031,ig_reels_push,2025-03-13,AT,ios,118.26,"9,152",189,50,12
2025-10-05,affiliate,AF86069,aff_summer,2025-01-20,MT,ios,51.22,"4,420",99,9,0
2025-07-13,facebook,FA17151,fb_app_install,2025-05-09,LT,android,243.97,"16,201",170,31,7
2025-09-07,affiliate,AF38540,aff_spring,2025-01-26,SK,ios,11.38,"5,337",57,9,1
2025-11-21,instagram,IN16842,ig_retargeting,2025-08-04,SE,ios,57.47,"4,256",98,14,2
2025-11-02,facebook,FA69850,fb_brand_awareness,2025-07-16,SK,ios,184.54,"12,233",402,81,5
2025-05-13,google,GO25095,google_search_brand,2025-03-31,HR,android,243.90,"12,592",573,80,9
2025-03-01,twitter,TW37180,x_retargeting,2024-12-26,ES,android,132.06,"8,612",176,30,4
2025-10-19,tiktok,TI50487,tt_creator_push,2025-05-24,CY,android,57.17,"12,805",285,88,9
2025-02-26,instagram,IN11335,ig_app_install,2024-12-30,FR,android,315.58,"13,163",197,40,4
2025-01-29,instagram,IN24903,ig_story_launch,2024-10-11,FI,android,305.38,"13,113",514,103,28
2025-08-25,facebook,FA92137,fb_retargeting,2025-06-14,FI,android,232.88,"9,425",196,41,6
2025-04-20,instagram,IN84426,ig_retargeting,2025-03-24,GR,ios,157.85,"9,204",275,57,8
2025-05-25,google,GO62604,google_youtube_video,2025-03-08,SI,ios,234.69,"8,424",413,91,15
2025-01-26,twitter,TW20410,x_awareness,2025-01-20,AT,ios,106.81,"9,039",145,14,1
2025-11-16,twitter,TW40779,x_app_installs,2025-05-23,PT,android,227.79,"21,170",621,118,21
2025-02-28,facebook,FA14174,fb_retargeting,2025-02-02,AT,ios,119.81,"13,128",116,40,3
2025-07-27,facebook,FA92163,fb_conversion_2025,2025-05-01,HU,android,78.70,"4,876",125,17,2
2025-04-26,facebook,FA80277,fb_conversion_2025,2025-01-16,BG,ios,457.10,"16,610",460,95,8
2025-12-05,instagram,IN28587,ig_story_launch,2025-09-03,CZ,ios,161.67,"8,091",110,23,5
2025-02-06,google,GO84936,google_search_brand,2025-01-31,PT,ios,259.95,"7,736",394,64,17
2025-09-15,twitter,TW73365,x_awareness,2025-08-08,MT,ios,140.98,"12,571",227,42,3
2025-06-12,tiktok,TI38682,tt_conversion_2025,2025-05-07,LT,ios,35.15,"6,189",222,57,6
2025-10-10,tiktok,TI22869,tt_app_installs,2025-10-01,NL,ios,72.30,"10,889",547,68,13
2025-08-06,twitter,TW62995,x_app_installs,2025-03-24,ES,android,74.91,"12,494",207,14,2
2025-11-07,google,GO12019,google_search_brand,2025-09-02,GR,ios,215.55,"11,910",564,118,35
2025-09-01,twitter,TW70227,x_web_conversions,2025-08-05,HR,android,23.85,"3,981",100,17,3
2025-12-23,instagram,IN97524,ig_retargeting,2025-12-20,NL,android,191.22,"9,316",222,28,6
2025-06-26,tiktok,TI54741,tt_creator_push,2025-04-12,ES,android,48.81,"2,938",37,5,1
2025-08-16,facebook,FA68749,fb_app_install,2025-06-19,DE,ios,99.65,"4,879",119,37,9
2025-10-05,google,GO93517,google_display_retargeting,2025-08-10,EE,android,195.38,"8,960",528,134,22
2025-07-11,instagram,IN31602,ig_story_launch,2025-04-26,BE,android,64.68,"5,945",100,17,2
2025-11-28,facebook,FA77905,fb_brand_awareness,2025-10-20,ES,ios,59.66,"6,172",205,51,11
2025-03-30,twitter,TW47187,x_app_installs,2024-11-02,PT,android,101.26,"7,851",210,23,4
2025-06-19,twitter,TW78628,x_retargeting,2025-05-19,SI,ios,131.73,"7,391",80,6,1
2025-10-06,google,GO43267,google_pmax_2025,2025-07-29,CY,android,295.03,"10,275",377,90,22
2025-05-25,instagram,IN79939,ig_reels_push,2025-04-05,PL,android,95.32,"4,624",61,7,1
2025-04-04,tiktok,TI72781,tt_creator_push,2025-04-02,HU,ios,23.44,"3,265",99,14,3
2025-03-03,tiktok,TI17724,tt_app_installs,2025-02-02,LV,ios,62.31,"10,837",517,163,22
2025-09-07,google,GO70273,google_youtube_video,2025-06-18,NL,android,254.31,"8,226",363,96,10
2025-10-18,google,GO84781,google_youtube_video,2025-08-17,ES,android,108.77,"5,739",118,15,4
2025-06-26,affiliate,AF26659,aff_winter,2025-03-20,LT,ios,18.30,"3,906",63,7,0
2025-02-14,instagram,IN33185,ig_app_install,2024-10-28,FR,ios,127.60,"7,534",269,69,6
2025-02-06,affiliate,AF19862,aff_summer,2024-11-07,SK,ios,114.98,"9,063",222,40,7
2025-07-03,twitter,TW20208,x_app_installs,2025-05-31,BE,android,50.72,"9,475",200,14,3
2025-03-14,tiktok,TI86427,tt_conversion_2025,2024-12-26,GR,ios,26.57,"4,555",171,52,6
2025-09-13,affiliate,AF98353,aff_autumn,2025-02-20,SK,ios,92.48,"9,679",60,4,1
2025-10-01,twitter,TW45116,x_awareness,2025-08-31,PT,ios,20.28,"3,478",46,8,0
2025-09-06,instagram,IN12485,ig_app_install,2025-08-24,IT,ios,201.39,"10,109",194,40,3
2025-02-03,instagram,IN34287,ig_reels_push,2024-10-10,BG,ios,126.52,"11,227",501,75,5
2025-08-03,tiktok,TI49190,tt_conversion_2025,2025-05-25,MT,ios,89.57,"6,314",271,33,5
2025-11-19,facebook,FA58559,fb_brand_awareness,2025-08-31,DK,ios,23.01,"3,514",35,11,1
2025-07-31,google,GO13177,google_search_brand,2025-05-24,EE,android,124.28,"11,874",366,84,25
2025-03-11,instagram,IN93611,ig_story_launch,2024-11-26,SE,ios,134.73,"9,945",424,87,6
2025-02-26,google,GO82220,google_youtube_video,2024-09-19,BE,ios,55.79,"3,924",253,40,3
2025-04-26,instagram,IN37588,ig_retargeting,2025-01-15,NL,android,79.51,"9,441",252,46,13
2025-07-29,tiktok,TI18996,tt_spark_ads,2025-07-03,DK,android,178.82,"19,893",629,127,14
2025-06-12,tiktok,TI71693,tt_app_installs,2025-06-07,IE,android,297.45,"18,220",681,112,8
2025-07-10,tiktok,TI28991,tt_spark_ads,2025-07-02,SE,ios,96.43,"11,038",449,113,23
2025-05-12,tiktok,TI45230,tt_spark_ads,2025-03-26,NL,ios,244.73,"12,207",389,75,7
2025-10-18,affiliate,AF32331,aff_autumn,2025-03-03,BE,android,68.33,"9,582",54,7,1
2025-04-29,instagram,IN20468,ig_retargeting,2025-04-16,BG,ios,217.97,"9,456",121,25,6
2025-07-10,facebook,FA56045,fb_retargeting,2025-06-08,ES,android,239.48,"9,725",195,67,17
2025-02-24,facebook,FA95105,fb_retargeting,2024-10-27,LU,android,87.95,"7,206",252,46,9
2025-08-02,instagram,IN55116,ig_reels_push,2025-05-06,PT,android,212.63,"15,857",614,83,13
2025-05-03,google,GO83466,google_pmax_2025,2025-04-28,FR,android,209.98,"9,022",211,44,8
2025-05-29,facebook,FA33878,fb_app_install,2025-03-26,HU,ios,202.82,"7,925",166,48,13
2025-03-05,facebook,FA92671,fb_brand_awareness,2025-01-28,DK,ios,226.77,"9,269",280,90,27
2025-11-11,twitter,TW98131,x_app_installs,2025-08-14,LV,android,152.97,"9,934",209,38,6
2025-02-11,facebook,FA69679,fb_app_install,2024-10-16,EE,ios,74.57,"5,408",182,44,5
2025-10-16,tiktok,TI44730,tt_conversion_2025,2025-07-30,BG,ios,120.97,"6,579",86,9,1
2025-04-10,instagram,IN59475,ig_story_launch,2025-01-19,NL,android,105.23,"17,734",744,83,9
2025-07-01,tiktok,TI76991,tt_conversion_2025,2025-02-26,IT,ios,209.99,"11,074",208,47,8
2025-04-17,affiliate,AF13591,aff_spring,2025-01-01,SI,ios,54.69,"10,539",134,21,2
2025-08-04,affiliate,AF34479,aff_summer,2025-04-12,BE,ios,58.72,"8,459",46,7,1
2025-04-28,instagram,IN86946,ig_reels_push,2025-01-01,FI,ios,189.59,"10,961",306,72,10
2025-04-03,google,GO72703,google_youtube_video,2025-03-07,DK,ios,85.60,"9,850",216,43,12
2025-02-27,tiktok,TI75882,tt_creator_push,2024-12-31,CY,android,51.02,"5,733",211,43,9
2025-05-24,twitter,TW76050,x_app_installs,2025-05-16,EE,ios,69.93,"7,346",111,21,4
2025-09-21,affiliate,AF78714,aff_spring,2025-01-12,DE,android,60.84,"5,001",55,9,1
2025-03-08,facebook,FA84440,fb_brand_awareness,2024-11-08,BG,ios,235.62,"10,965",300,99,28
2025-09-02,twitter,TW11467,x_awareness,2025-05-02,LU,ios,87.16,"8,008",79,12,2
2025-04-14,instagram,IN92648,ig_reels_push,2024-12-21,BE,ios,85.69,"8,124",125,37,5
2025-12-30,affiliate,AF98251,aff_winter,2025-08-09,IE,ios,23.95,"5,425",69,4,0
2025-03-21,twitter,TW37419,x_web_conversions,2024-09-28,SK,android,110.28,"8,718",231,40,7
2025-01-02,google,GO62802,google_search_brand,2024-08-14,CY,ios,126.55,"5,495",361,94,8
2025-02-08,affiliate,AF97823,aff_spring,2024-04-26,AT,android,24.17,"4,936",49,7,1
2025-10-11,facebook,FA18594,fb_app_install,2025-09-19,SE,android,116.87,"8,696",97,21,2
2025-06-08,twitter,TW49814,x_app_installs,2025-04-10,EE,ios,123.01,"8,304",229,32,4
2025-08-29,twitter,TW43566,x_app_installs,2025-03-14,AT,android,42.20,"11,486",94,16,3
2025-05-15,twitter,TW70916,x_retargeting,2025-05-13,FR,android,69.94,"6,508",142,17,3
2025-05-22,tiktok,TI21412,tt_conversion_2025,2025-01-04,PT,android,83.62,"6,852",290,46,7
2025-03-05,twitter,TW16867,x_awareness,2024-11-22,GR,android,61.76,"4,505",27,4,0
2025-01-17,tiktok,TI39576,tt_conversion_2025,2024-10-15,IT,android,104.06,"12,991",280,80,18
2025-07-10,instagram,IN78336,ig_retargeting,2025-04-16,FR,ios,174.28,"7,953",221,42,8
2025-02-17,tiktok,TI39213,tt_spark_ads,2024-11-16,CZ,android,147.18,"10,900",239,56,8
2025-12-27,affiliate,AF77344,aff_winter,2025-08-12,IE,android,118.80,"12,603",157,9,1
2025-07-11,instagram,IN71687,ig_app_install,2025-03-21,IT,android,48.34,"8,061",287,67,11
2025-10-13,affiliate,AF42477,aff_spring,2025-07-25,HU,ios,45.34,"7,832",181,25,2
2025-11-23,affiliate,AF12455,aff_summer,2025-06-01,DK,android,38.03,"11,248",127,17,2
2025-12-22,tiktok,TI27470,tt_creator_push,2025-11-28,IT,android,261.07,"12,167",263,67,3
2025-05-27,tiktok,TI36506,tt_creator_push,2025-03-14,IT,android,98.20,"9,559",416,86,11
2025-02-28,google,GO46777,google_pmax_2025,2024-11-06,PT,android,59.73,"6,313",283,27,5
2025-04-13,instagram,IN45229,ig_retargeting,2025-03-10,EE,ios,92.28,"9,581",269,70,15
2025-07-20,affiliate,AF75927,aff_spring,2025-02-09,MT,ios,81.87,"8,710",106,15,2
2025-12-03,affiliate,AF73371,aff_summer,2025-06-01,IT,android,46.87,"6,745",106,14,1
2025-11-12,google,GO47101,google_pmax_2025,2025-09-02,DK,android,65.17,"5,505",295,81,10
2025-12-31,instagram,IN32879,ig_story_launch,2025-12-26,HR,android,90.51,"5,485",89,15,3
2025-05-28,google,GO36520,google_youtube_video,2025-04-23,BE,ios,401.30,"12,984",823,156,46
2025-12-10,instagram,IN87166,ig_reels_push,2025-10-24,LU,ios,94.93,"8,270",346,85,10
2025-02-08,affiliate,AF65146,aff_autumn,2024-06-18,LT,android,122.21,"15,103",105,15,1
2025-08-18,instagram,IN95567,ig_story_launch,2025-06-29,AT,ios,151.48,"13,063",290,70,13
2025-05-03,tiktok,TI13775,tt_conversion_2025,2024-12-30,FI,ios,50.21,"8,092",180,38,6
2025-06-26,affiliate,AF64720,aff_autumn,2025-01-22,MT,ios,37.22,"7,624",131,22,2
2025-05-25,instagram,IN47279,ig_story_launch,2025-04-16,DE,android,240.65,"13,421",552,156,14
2025-08-30,instagram,IN39980,ig_retargeting,2025-07-12,SI,android,175.44,"7,620",129,37,8
2025-12-09,google,GO39529,google_search_brand,2025-10-07,PT,ios,95.65,"6,880",213,37,9
2025-02-09,facebook,FA14110,fb_app_install,2024-11-21,AT,ios,261.27,"11,256",273,76,14
2025-09-15,facebook,FA30878,fb_conversion_2025,2025-05-24,BG,android,115.83,"10,840",185,38,9
2025-02-07,google,GO53638,google_display_retargeting,2024-10-29,SK,ios,237.10,"8,917",511,113,11
2025-03-26,instagram,IN98499,ig_reels_push,2024-12-14,SE,ios,291.57,"12,836",359,85,7
2025-07-31,google,GO70972,google_pmax_2025,2025-05-22,MT,android,61.80,"6,887",466,58,8
2025-01-15,tiktok,TI61036,tt_spark_ads,2025-01-08,RO,ios,60.23,"11,630",313,73,9
2025-07-17,google,GO52146,google_pmax_2025,2025-02-16,HR,ios,111.66,"6,750",427,59,4
2025-06-08,instagram,IN97523,ig_retargeting,2025-02-12,IE,ios,53.92,"5,171",175,23,2
2025-12-09,twitter,TW76181,x_retargeting,2025-08-12,CZ,android,15.26,"1,873",14,3,1
2025-01-02,affiliate,AF88466,aff_summer,2024-04-29,RO,ios,88.34,"7,851",42,7,0
2025-08-05,facebook,FA38957,fb_retargeting,2025-05-23,IT,ios,135.90,"8,792",132,42,5
2025-04-21,facebook,FA10900,fb_retargeting,2025-04-08,HU,android,59.16,"9,446",90,25,4
2025-10-08,tiktok,TI40641,tt_creator_push,2025-09-07,CZ,ios,97.29,"7,239",184,22,4
2025-04-09,twitter,TW87008,x_awareness,2024-11-24,IT,ios,63.95,"8,727",53,5,0
2025-09-13,tiktok,TI21246,tt_app_installs,2025-04-17,LV,android,122.40,"6,268",285,76,7
2025-09-01,google,GO70131,google_search_brand,2025-04-14,GR,ios,224.96,"13,850",906,230,18
2025-09-14,instagram,IN82666,ig_retargeting,2025-08-16,NL,android,138.25,"7,695",89,26,7
2025-11-17,affiliate,AF64226,aff_autumn,2025-10-04,CY,ios,43.29,"6,330",146,17,2
2025-05-30,affiliate,AF53190,aff_spring,2025-04-24,PL,android,114.89,"8,294",95,9,0
2025-03-25,google,GO30715,google_search_brand,2024-12-25,GR,android,63.03,"2,507",90,8,2
2025-02-27,facebook,FA15062,fb_brand_awareness,2024-11-22,CZ,android,45.33,"6,193",92,13,4
2025-12-05,google,GO24903,google_display_retargeting,2025-09-26,LT,android,40.69,"1,324",81,14,4
2025-03-22,twitter,TW30467,x_app_installs,2024-11-26,LV,android,57.45,"17,839",268,39,4
2025-11-29,instagram,IN95532,ig_app_install,2025-11-04,PL,ios,130.69,"8,438",334,98,16
2025-05-10,affiliate,AF23754,aff_summer,2025-05-08,FI,android,30.14,"4,427",104,7,0
2025-06-07,tiktok,TI87711,tt_spark_ads,2025-02-16,BE,android,190.85,"10,541",432,60,4
2025-01-20,affiliate,AF48907,aff_autumn,2024-06-23,PT,ios,48.20,"8,874",205,18,3
2025-05-04,google,GO50564,google_search_brand,2025-04-07,CY,ios,320.49,"12,354",520,97,22
2025-04-06,affiliate,AF31277,aff_winter,2024-09-04,FR,android,93.59,"7,329",109,15,2
2025-04-07,instagram,IN43550,ig_story_launch,2025-01-23,HU,android,280.63,"15,921",543,89,7
2025-07-29,facebook,FA45256,fb_conversion_2025,2025-07-20,RO,android,354.75,"13,830",460,105,15
2025-06-11,google,GO18064,google_pmax_2025,2025-04-12,ES,android,281.39,"8,842",434,98,8
2025-07-11,tiktok,TI14355,tt_spark_ads,2025-06-27,CY,android,52.67,"6,674",109,24,4
2025-07-16,affiliate,AF10038,aff_summer,2025-04-29,LU,ios,35.31,"7,944",116,17,3
2025-11-06,tiktok,TI81074,tt_spark_ads,2025-09-06,FI,ios,94.10,"4,973",73,12,1
2025-12-06,tiktok,TI86326,tt_app_installs,2025-07-14,ES,android,120.49,"11,680",174,39,5
2025-04-16,twitter,TW98155,x_app_installs,2025-02-27,AT,ios,210.67,"14,023",135,18,4
2025-09-23,facebook,FA97516,fb_retargeting,2025-07-23,BG,ios,47.29,"5,781",110,15,3
2025-06-14,google,GO10580,google_search_brand,2025-06-13,CY,ios,68.32,"5,692",122,27,2
2025-10-03,facebook,FA17647,fb_app_install,2025-08-22,AT,ios,273.19,"11,413",163,31,7
2025-12-08,affiliate,AF82113,aff_summer,2025-09-14,NL,ios,30.04,"6,632",45,4,0
2025-02-11,instagram,IN71049,ig_story_launch,2024-12-14,PL,android,111.37,"10,145",413,122,20
2025-05-11,affiliate,AF36619,aff_winter,2024-11-22,NL,ios,108.54,"11,435",249,16,3
2025-12-27,facebook,FA78163,fb_retargeting,2025-10-25,DK,ios,295.73,"10,737",288,62,5
2025-07-04,instagram,IN93947,ig_app_install,2025-03-22,RO,ios,100.82,"4,637",153,19,5
2025-04-07,facebook,FA93228,fb_brand_awareness,2025-01-24,ES,ios,57.11,"2,246",38,6,1
2025-03-15,instagram,IN48548,ig_app_install,2024-12-31,RO,ios,100.17,"10,651",211,54,5
2025-07-08,tiktok,TI44985,tt_spark_ads,2025-06-07,PL,ios,47.73,"5,093",96,18,2
2025-09-26,tiktok,TI47603,tt_conversion_2025,2025-05-08,RO,android,219.17,"21,929",789,175,32
2025-12-23,twitter,TW23777,x_web_conversions,2025-11-15,LV,android,62.26,"3,613",82,5,0
2025-11-19,affiliate,AF37337,aff_winter,2025-07-04,IT,ios,64.06,"7,215",102,8,1
2025-03-01,twitter,TW97137,x_app_installs,2025-02-11,BG,ios,58.38,"11,162",166,23,4
2025-04-29,instagram,IN31185,ig_reels_push,2025-01-09,CY,ios,69.83,"4,005",54,16,1
2025-11-05,affiliate,AF86668,aff_winter,2025-04-28,RO,ios,110.52,"18,335",88,7,0
2025-12-24,instagram,IN60703,ig_retargeting,2025-08-28,DE,ios,171.99,"9,867",354,60,8
2025-05-03,instagram,IN58531,ig_story_launch,2025-03-02,PL,android,239.09,"10,938",270,48,6
2025-11-19,twitter,TW34829,x_retargeting,2025-06-06,LT,android,6.84,"1,178",34,5,1
2025-10-09,instagram,IN36696,ig_story_launch,2025-07-14,FI,android,68.00,"3,161",68,18,2
2025-09-21,affiliate,AF11625,aff_spring,2024-11-27,LT,ios,15.42,"2,293",41,3,0
2025-07-18,affiliate,AF85869,aff_summer,2025-01-31,FR,ios,126.72,"9,225",129,12,2
2025-11-05,facebook,FA76286,fb_app_install,2025-10-02,BG,android,150.59,"9,595",200,65,13
2025-07-09,google,GO72405,google_search_brand,2025-03-22,NL,android,180.49,"18,593",480,56,7
2025-12-07,facebook,FA80775,fb_brand_awareness,2025-10-26,AT,ios,185.21,"9,086",158,20,5
2025-08-10,google,GO54328,google_pmax_2025,2025-07-10,RO,ios,140.82,"4,637",169,18,3
2025-12-19,twitter,TW91120,x_awareness,2025-12-14,SK,android,72.51,"6,005",156,33,4
2025-03-18,tiktok,TI14231,tt_spark_ads,2024-12-11,SK,android,176.07,"8,756",477,140,26
2025-07-15,google,GO81581,google_youtube_video,2025-06-12,FR,android,96.89,"11,392",686,158,35
2025-04-24,google,GO48151,google_display_retargeting,2025-01-10,EE,ios,431.20,"12,979",904,212,45
2025-01-23,facebook,FA87096,fb_conversion_2025,2024-12-01,IE,android,163.88,"12,221",363,74,9
2025-04-03,tiktok,TI47667,tt_spark_ads,2025-02-17,ES,android,122.74,"10,577",297,49,11
2025-11-08,tiktok,TI95203,tt_creator_push,2025-08-14,IT,ios,122.52,"17,726",233,73,10
2025-07-12,instagram,IN82369,ig_story_launch,2025-07-03,IE,ios,120.71,"5,317",92,19,2
2025-03-27,instagram,IN81227,ig_reels_push,2025-02-16,HU,ios,70.42,"7,961",246,50,12
2025-08-28,tiktok,TI26417,tt_spark_ads,2025-06-17,AT,android,219.61,"20,325",607,143,14
2025-03-27,affiliate,AF17247,aff_spring,2025-01-27,CY,ios,58.04,"5,934",103,8,1
2025-11-06,instagram,IN58723,ig_app_install,2025-09-27,AT,android,166.69,"11,431",267,54,15
2025-07-04,tiktok,TI40766,tt_conversion_2025,2025-04-24,FI,android,41.21,"8,776",155,23,2
2025-06-02,instagram,IN38283,ig_app_install,2025-03-06,LV,android,210.77,"9,514",196,49,6
2025-08-03,instagram,IN31405,ig_reels_push,2025-06-28,SE,android,155.04,"14,388",521,74,6
2025-05-28,instagram,IN96002,ig_retargeting,2025-04-28,LV,android,171.62,"7,927",261,71,14
2025-02-04,tiktok,TI70126,tt_creator_push,2024-12-26,CZ,android,59.29,"5,114",146,20,3
2025-05-21,affiliate,AF87400,aff_winter,2024-11-29,GR,ios,18.63,"7,104",169,10,0
2025-10-14,facebook,FA18004,fb_conversion_2025,2025-09-21,RO,android,180.82,"15,011",520,79,5
2025-10-31,twitter,TW41027,x_awareness,2025-08-06,CY,ios,104.20,"7,190",52,11,1
2025-02-19,twitter,TW15940,x_retargeting,2024-09-16,ES,ios,37.27,"10,149",191,13,2
2025-10-11,tiktok,TI64927,tt_creator_push,2025-05-11,AT,android,187.16,"9,087",451,84,8
2025-02-05,affiliate,AF62201,aff_spring,2024-12-02,DE,android,29.78,"9,407",222,14,2
2025-12-11,affiliate,AF34347,aff_autumn,2025-03-26,NL,ios,74.76,"7,819",174,27,2
2025-08-03,twitter,TW37737,x_web_conversions,2025-04-11,LT,android,232.74,"17,511",430,76,7
2025-03-04,google,GO95028,google_pmax_2025,2025-02-21,ES,ios,103.12,"5,201",171,46,6
2025-03-08,google,GO27585,google_youtube_video,2025-02-16,BG,ios,404.27,"12,408",449,87,13
2025-10-07,tiktok,TI52543,tt_spark_ads,2025-05-03,IE,ios,66.69,"9,180",439,102,25
2025-02-14,instagram,IN92016,ig_reels_push,2025-02-08,RO,ios,192.08,"10,200",106,27,3
2025-11-08,google,GO84469,google_youtube_video,2025-07-18,ES,android,305.72,"14,566",463,62,6
2025-09-09,twitter,TW72841,x_awareness,2025-03-27,MT,android,146.90,"11,872",334,59,11
2025-01-25,affiliate,AF65153,aff_spring,2024-06-03,CY,android,200.19,"14,900",113,6,1
2025-05-23,affiliate,AF97473,aff_spring,2025-05-07,RO,ios,140.09,"11,070",195,35,3
2025-06-07,instagram,IN68116,ig_story_launch,2025-04-24,MT,android,87.58,"8,574",139,24,6
2025-06-13,facebook,FA76076,fb_conversion_2025,2025-06-05,LT,ios,51.48,"8,275",114,35,4
2025-07-04,tiktok,TI14226,tt_conversion_2025,2025-06-21,NL,android,40.65,"7,220",319,63,5
2025-03-11,facebook,FA78160,fb_brand_awareness,2025-01-26,IT,android,98.13,"8,854",146,36,3
2025-09-02,facebook,FA76045,fb_brand_awareness,2025-06-16,HU,ios,83.07,"3,053",32,6,1
2025-09-23,google,GO97423,google_display_retargeting,2025-07-21,GR,ios,179.05,"5,748",189,37,6
2025-11-20,tiktok,TI92168,tt_conversion_2025,2025-08-09,EE,ios,142.54,"7,176",98,14,1
2025-08-16,google,GO76045,google_pmax_2025,2025-04-10,SE,android,88.09,"4,672",295,32,2
2025-01-25,twitter,TW64056,x_web_conversions,2024-09-03,ES,android,19.64,"4,210",37,6,0
2025-11-15,google,GO19612,google_youtube_video,2025-11-05,DE,ios,276.17,"8,757",474,121,8
2025-12-30,affiliate,AF97460,aff_spring,2025-06-03,NL,ios,10.37,"4,300",74,11,1
2025-01-18,google,GO35505,google_search_brand,2024-12-15,SK,ios,104.95,"8,518",235,66,10
2025-10-31,twitter,TW79146,x_awareness,2025-08-24,EE,android,88.19,"11,960",279,50,9
2025-01-14,tiktok,TI73101,tt_app_installs,2024-12-07,FR,android,54.66,"9,588",194,36,4
2025-08-15,instagram,IN53760,ig_retargeting,2025-07-03,FR,ios,46.67,"7,339",307,84,8
2025-01-05,facebook,FA32590,fb_brand_awareness,2024-10-20,BG,android,53.97,"3,743",84,16,5
2025-02-01,tiktok,TI77173,tt_conversion_2025,2025-01-23,IT,android,195.53,"12,809",258,41,4
2025-09-30,twitter,TW16464,x_web_conversions,2025-08-20,NL,android,144.97,"8,307",158,26,3
2025-04-27,google,GO32969,google_search_brand,2024-12-17,FI,android,75.38,"3,104",190,48,4
2025-03-01,google,GO84536,google_display_retargeting,2024-11-10,RO,android,354.09,"11,414",791,207,64
2025-03-29,google,GO70977,google_display_retargeting,2025-03-09,MT,ios,294.47,"10,394",274,56,15
2025-08-03,google,GO42961,google_search_brand,2025-03-14,HR,ios,407.22,"13,104",391,45,4
2025-10-10,google,GO55132,google_youtube_video,2025-07-16,GR,ios,101.91,"6,809",255,42,7
2025-08-30,google,GO16647,google_youtube_video,2025-05-10,LU,ios,236.20,"8,606",188,21,3
2025-05-09,affiliate,AF77617,aff_autumn,2025-04-30,PL,android,103.93,"7,609",91,11,0
2025-06-18,tiktok,TI92259,tt_conversion_2025,2025-04-24,DE,ios,102.59,"11,583",567,124,9
2025-07-18,affiliate,AF36085,aff_summer,2024-12-07,DE,ios,46.83,"4,927",74,6,1
2025-10-11,twitter,TW81444,x_app_installs,2025-09-10,SK,ios,119.86,"9,075",242,29,6
2025-11-22,tiktok,TI87245,tt_app_installs,2025-07-08,BG,ios,167.24,"11,075",172,17,1
2025-03-31,instagram,IN73429,ig_app_install,2025-01-29,LT,ios,82.22,"11,651",197,24,6
2025-10-03,affiliate,AF93506,aff_spring,2025-02-12,BG,android,97.06,"6,943",130,20,3
2025-09-07,google,GO72831,google_pmax_2025,2025-08-30,BG,android,90.88,"9,075",311,34,3
2025-03-16,google,GO56782,google_search_brand,2025-02-19,LV,android,103.05,"7,697",407,36,2
2025-09-16,twitter,TW64645,x_app_installs,2025-05-10,LT,android,39.24,"5,364",33,7,0
2025-09-17,affiliate,AF11383,aff_autumn,2025-06-11,RO,ios,55.05,"4,058",22,3,0
2025-04-26,twitter,TW92361,x_app_installs,2024-12-13,SE,ios,159.66,"9,101",211,31,4
2025-01-16,tiktok,TI19440,tt_conversion_2025,2024-10-07,HR,android,98.05,"5,810",257,82,6
2025-06-18,instagram,IN88385,ig_retargeting,2025-05-16,BE,ios,160.48,"7,959",240,54,10
2025-09-22,facebook,FA91844,fb_retargeting,2025-06-05,LV,ios,65.63,"5,670",184,44,9
2025-10-26,facebook,FA23217,fb_retargeting,2025-09-29,SI,ios,192.83,"10,948",340,98,21
2025-02-18,instagram,IN50434,ig_retargeting,2024-12-24,LT,android,49.03,"7,353",215,32,7
2025-06-01,google,GO96519,google_youtube_video,2025-01-03,SI,android,88.05,"7,359",466,90,25
2025-10-30,facebook,FA54940,fb_conversion_2025,2025-07-09,LV,ios,36.21,"5,094",119,28,7
2025-11-04,affiliate,AF60416,aff_autumn,2025-04-07,LU,ios,34.89,"6,550",113,8,1
2025-11-12,facebook,FA61703,fb_retargeting,2025-08-01,MT,ios,304.60,"16,891",494,136,17
2025-08-06,instagram,IN47103,ig_retargeting,2025-06-14,MT,android,128.88,"9,824",433,130,11
2025-07-31,facebook,FA51302,fb_conversion_2025,2025-04-04,RO,ios,131.18,"5,522",186,64,17
2025-08-24,twitter,TW84106,x_awareness,2025-05-06,LT,ios,193.81,"20,014",232,32,5
2025-01-11,tiktok,TI12402,tt_conversion_2025,2024-12-08,CY,ios,71.90,"5,457",292,84,13
2025-04-01,affiliate,AF48565,aff_summer,2024-07-28,FI,android,127.64,"11,129",123,12,1
2025-05-21,twitter,TW34630,x_retargeting,2025-03-09,CZ,ios,109.66,"10,337",261,30,5
2025-03-03,twitter,TW56660,x_awareness,2024-09-18,DE,ios,160.65,"12,787",162,25,4
2025-09-23,google,GO74208,google_pmax_2025,2025-09-18,HU,ios,157.28,"13,281",367,76,20
2025-08-22,affiliate,AF77713,aff_summer,2025-08-19,IT,ios,79.92,"11,015",184,27,4
2025-04-10,tiktok,TI59308,tt_creator_push,2024-11-22,DK,ios,41.07,"8,152",402,70,17
2025-05-11,facebook,FA94031,fb_app_install,2025-03-01,HU,ios,102.58,"5,909",52,12,1
2025-05-20,affiliate,AF75879,aff_spring,2025-05-12,DK,android,51.07,"15,624",316,47,7
2025-05-30,affiliate,AF72926,aff_spring,2025-05-26,MT,android,182.49,"14,206",68,10,1
2025-01-11,google,GO18498,google_youtube_video,2024-09-07,BE,ios,217.16,"6,479",336,59,8
2025-05-17,twitter,TW45311,x_awareness,2025-04-25,DK,ios,133.96,"9,029",254,48,9
2025-05-22,google,GO83147,google_search_brand,2025-04-28,DK,ios,140.18,"11,432",358,38,7
2025-06-10,google,GO58175,google_display_retargeting,2025-01-28,LV,android,259.14,"10,817",281,53,15
2025-03-28,affiliate,AF11939,aff_summer,2024-07-26,IT,android,21.86,"9,825",154,20,2
2025-03-29,twitter,TW45523,x_web_conversions,2025-02-22,LV,android,263.51,"19,015",273,29,4
2025-12-25,twitter,TW20522,x_awareness,2025-07-01,ES,ios,36.48,"7,182",50,10,1
2025-09-07,facebook,FA38807,fb_app_install,2025-05-17,AT,ios,96.13,"13,829",198,43,10
2025-09-11,twitter,TW72960,x_app_installs,2025-04-07,AT,android,59.30,"7,111",101,17,3
2025-01-05,facebook,FA25317,fb_conversion_2025,2024-12-25,IT,android,159.21,"17,492",608,171,31
2025-04-10,affiliate,AF95483,aff_spring,2025-02-12,HR,ios,123.46,"10,585",71,11,2
2025-11-17,google,GO62404,google_display_retargeting,2025-10-22,PL,ios,269.08,"7,803",376,74,15
2025-05-27,tiktok,TI85279,tt_spark_ads,2025-01-19,BG,android,130.60,"9,513",366,59,11
2025-12-25,tiktok,TI41096,tt_app_installs,2025-10-21,FR,ios,164.88,"7,913",141,30,3
2025-11-09,facebook,FA72429,fb_conversion_2025,2025-09-26,CY,android,112.49,"5,371",137,37,8
2025-10-19,tiktok,TI65405,tt_conversion_2025,2025-06-11,HR,ios,61.53,"4,728",82,12,2
2025-09-03,tiktok,TI49579,tt_conversion_2025,2025-05-18,AT,ios,327.42,"17,696",748,181,30
2025-08-30,facebook,FA20657,fb_retargeting,2025-08-09,IT,android,141.43,"5,112",130,45,10
2025-02-16,google,GO44657,google_search_brand,2024-10-22,RO,android,124.73,"7,392",400,53,5
2025-02-27,facebook,FA78438,fb_retargeting,2024-12-23,DK,ios,91.93,"7,325",215,41,8
2025-07-27,tiktok,TI12155,tt_creator_push,2025-07-07,AT,ios,117.55,"8,475",180,28,5
2025-10-28,tiktok,TI14351,tt_creator_push,2025-05-26,SE,android,42.83,"8,377",312,33,3
2025-12-07,tiktok,TI45691,tt_conversion_2025,2025-09-25,AT,ios,94.19,"6,791",178,50,4
2025-05-31,affiliate,AF40248,aff_winter,2024-09-06,SI,android,11.83,"4,696",92,13,1
2025-05-03,affiliate,AF39671,aff_summer,2025-03-23,SK,android,137.08,"13,528",290,35,3
2025-05-16,instagram,IN48946,ig_reels_push,2025-01-22,AT,android,176.46,"8,173",342,45,9
2025-09-04,instagram,IN34057,ig_retargeting,2025-08-16,RO,android,156.82,"10,938",136,31,6
2025-05-07,facebook,FA87781,fb_app_install,2025-02-08,MT,android,116.40,"6,314",139,40,9
2025-10-24,twitter,TW45894,x_retargeting,2025-07-07,ES,ios,75.52,"13,025",136,14,3
2025-01-18,affiliate,AF88304,aff_winter,2024-07-17,FR,android,41.72,"8,109",80,11,1
2025-03-21,facebook,FA29067,fb_conversion_2025,2025-03-03,IT,android,114.21,"7,807",142,32,3
2025-12-07,twitter,TW25406,x_web_conversions,2025-11-19,GR,android,40.65,"7,247",53,7,0
2025-05-21,affiliate,AF17234,aff_spring,2024-07-31,DE,android,39.81,"15,536",230,16,1
2025-01-24,tiktok,TI31149,tt_conversion_2025,2024-11-22,MT,android,74.06,"7,825",389,121,11
2025-09-17,google,GO77855,google_youtube_video,2025-08-17,GR,android,222.40,"7,523",340,92,8
2025-02-11,instagram,IN54819,ig_story_launch,2025-02-02,PT,android,80.26,"8,535",172,40,3
2025-03-20,google,GO91861,google_youtube_video,2024-12-13,BG,android,144.97,"12,857",800,80,5
2025-04-20,instagram,IN10071,ig_reels_push,2024-12-29,GR,android,119.67,"5,780",174,49,3
2025-03-30,tiktok,TI16381,tt_conversion_2025,2024-11-07,BE,android,81.22,"11,330",562,151,33
2025-07-14,twitter,TW96509,x_web_conversions,2025-03-13,NL,android,32.35,"6,356",172,30,6
2025-01-02,twitter,TW48996,x_web_conversions,2024-07-06,ES,ios,185.90,"10,760",146,24,2
2025-12-09,instagram,IN35547,ig_story_launch,2025-09-09,BG,android,210.36,"13,593",367,108,28
2025-10-07,facebook,FA34242,fb_app_install,2025-07-04,LT,ios,293.54,"12,989",339,115,9
2025-03-16,twitter,TW44907,x_app_installs,2024-10-30,FI,ios,278.16,"15,740",329,68,6
2025-09-16,affiliate,AF73663,aff_spring,2024-12-03,PT,android,13.46,"5,735",135,16,2
2025-12-02,tiktok,TI10163,tt_app_installs,2025-07-21,DE,android,52.52,"4,530",160,47,9
2025-01-22,twitter,TW81875,x_retargeting,2024-09-15,LT,android,25.74,"6,191",93,19,3
2025-01-27,instagram,IN84223,ig_reels_push,2025-01-13,SK,android,61.48,"9,375",326,51,4
2025-09-13,affiliate,AF77730,aff_winter,2025-05-27,EE,android,68.01,"5,580",79,10,1
2025-07-27,instagram,IN60951,ig_retargeting,2025-05-21,RO,ios,83.00,"5,674",138,20,3
2025-06-19,twitter,TW54180,x_app_installs,2025-03-22,LV,ios,198.21,"15,853",354,34,3
2025-11-13,facebook,FA26504,fb_conversion_2025,2025-11-04,EE,android,297.01,"19,201",659,99,15
2025-08-23,google,GO29189,google_display_retargeting,2025-05-10,LU,ios,284.75,"14,194",956,156,23
2025-07-22,instagram,IN63401,ig_app_install,2025-04-25,AT,ios,209.16,"12,253",291,75,13
2025-06-11,google,GO52147,google_search_brand,2025-06-03,DK,ios,68.35,"6,039",188,38,4
2025-10-19,affiliate,AF90423,aff_winter,2025-09-15,BG,android,96.43,"9,276",82,6,0
2025-11-02,tiktok,TI30640,tt_app_installs,2025-05-28,IE,android,45.26,"6,534",208,27,4
2025-08-22,affiliate,AF88160,aff_autumn,2024-12-17,AT,android,70.22,"11,389",207,19,3
2025-06-28,google,GO73475,google_youtube_video,2025-02-05,GR,ios,207.98,"6,216",367,58,18
2025-04-09,google,GO10817,google_youtube_video,2025-01-05,NL,android,108.67,"9,712",374,54,17
2025-09-02,affiliate,AF67036,aff_winter,2025-04-29,PT,android,104.42,"8,046",133,21,2
2025-11-05,facebook,FA43857,fb_brand_awareness,2025-08-22,DE,android,202.66,"14,078",200,33,3
2025-03-24,facebook,FA44125,fb_conversion_2025,2025-01-14,RO,android,60.21,"3,433",113,35,2
2025-11-05,tiktok,TI15294,tt_app_installs,2025-08-31,IE,android,177.38,"8,678",209,58,14
2025-09-18,affiliate,AF45864,aff_autumn,2025-08-02,AT,android,32.83,"4,929",44,4,0
2025-08-16,facebook,FA65414,fb_brand_awareness,2025-05-06,SI,ios,38.03,"3,866",135,18,4
2025-08-06,tiktok,TI78436,tt_spark_ads,2025-07-25,LU,ios,46.03,"4,127",74,13,1
2025-12-15,facebook,FA25535,fb_retargeting,2025-11-05,SK,ios,48.06,"5,374",114,25,2
2025-09-27,tiktok,TI21506,tt_creator_push,2025-08-24,SK,android,108.61,"12,441",222,62,15
2025-03-27,instagram,IN23920,ig_story_launch,2025-02-03,BE,android,80.42,"4,157",126,19,1
2025-01-12,google,GO73903,google_youtube_video,2024-10-18,DK,android,256.44,"8,466",220,30,7
2025-12-07,facebook,FA21391,fb_app_install,2025-10-12,PT,ios,86.05,"4,305",129,24,5
2025-12-01,twitter,TW83854,x_app_installs,2025-06-21,LT,android,17.67,"4,342",26,4,1
2025-09-22,facebook,FA25941,fb_retargeting,2025-07-09,IT,android,93.71,"9,514",238,65,11
2025-07-24,affiliate,AF72468,aff_autumn,2024-11-22,ES,ios,29.92,"6,008",48,4,1
2025-01-26,google,GO31547,google_search_brand,2024-12-22,RO,android,202.70,"10,607",409,107,9
2025-07-27,instagram,IN59666,ig_story_launch,2025-06-24,FR,ios,255.99,"11,010",352,65,17
2025-11-23,facebook,FA96820,fb_conversion_2025,2025-10-05,NL,android,50.91,"6,894",151,38,8
2025-11-03,tiktok,TI80888,tt_app_installs,2025-06-07,PT,ios,143.01,"7,665",185,49,5
2025-12-01,facebook,FA87453,fb_retargeting,2025-11-18,LV,android,93.41,"6,154",61,19,5
2025-03-27,instagram,IN41262,ig_app_install,2025-03-18,HU,ios,75.88,"7,654",312,48,9
2025-01-09,tiktok,TI66093,tt_app_installs,2024-10-19,FR,ios,38.27,"5,004",83,14,3
2025-10-13,instagram,IN84374,ig_reels_push,2025-07-29,PT,android,167.94,"9,783",105,28,6
2025-10-18,instagram,IN89139,ig_story_launch,2025-09-03,ES,ios,43.88,"3,983",175,46,3
2025-09-17,facebook,FA75463,fb_retargeting,2025-06-07,CY,ios,169.69,"7,801",161,41,5
2025-03-11,affiliate,AF12374,aff_winter,2024-08-16,IT,android,110.71,"9,910",45,8,1
2025-05-12,google,GO24482,google_youtube_video,2025-02-20,AT,android,202.91,"11,678",762,108,26
2025-12-02,affiliate,AF47807,aff_winter,2025-07-07,IE,android,35.18,"8,346",91,6,0
2025-01-24,facebook,FA77089,fb_conversion_2025,2024-10-03,IE,android,76.14,"3,999",83,24,1
2025-07-22,facebook,FA54934,fb_app_install,2025-04-11,BG,android,61.08,"3,319",43,8,1
2025-12-27,affiliate,AF49927,aff_summer,2025-10-05,LV,android,38.82,"13,067",239,31,5
2025-08-08,twitter,TW32065,x_web_conversions,2025-03-14,CY,ios,24.81,"3,428",94,16,3
2025-01-07,facebook,FA87471,fb_retargeting,2024-09-13,BG,ios,93.34,"8,862",209,50,15
2025-04-02,affiliate,AF11716,aff_spring,2024-08-28,IT,android,86.50,"8,571",61,5,1
2025-04-24,twitter,TW84484,x_awareness,2025-04-15,LV,ios,76.04,"8,324",165,14,2
2025-11-11,affiliate,AF21900,aff_spring,2025-05-29,MT,android,41.07,"6,456",39,3,0
2025-01-18,facebook,FA96443,fb_app_install,2024-09-20,EE,ios,76.47,"9,341",87,23,5
2025-04-13,instagram,IN40657,ig_reels_push,2025-01-27,CY,android,169.69,"9,462",338,68,6
2025-11-08,facebook,FA89787,fb_conversion_2025,2025-07-12,BE,ios,406.46,"26,820",308,97,23
2025-10-06,facebook,FA26881,fb_conversion_2025,2025-06-24,MT,ios,107.77,"7,472",230,80,23
2025-06-20,google,GO26161,google_display_retargeting,2025-01-16,DE,ios,337.53,"14,108",717,106,29
2025-06-28,tiktok,TI12070,tt_conversion_2025,2025-02-04,DK,android,193.29,"14,578",473,144,12
2025-02-01,tiktok,TI43593,tt_creator_push,2024-09-15,DK,ios,109.25,"11,008",290,48,3
2025-09-08,instagram,IN19551,ig_story_launch,2025-06-02,LU,ios,94.70,"3,980",78,13,3
2025-11-09,instagram,IN83429,ig_retargeting,2025-10-30,LT,ios,109.97,"20,865",909,197,51
2025-03-27,facebook,FA38082,fb_brand_awareness,2025-02-08,LT,ios,104.62,"4,215",105,26,4
2025-06-01,twitter,TW56270,x_web_conversions,2025-04-13,EE,android,85.43,"5,322",51,8,1
2025-12-29,affiliate,AF62644,aff_summer,2025-04-14,EE,android,159.26,"19,571",116,10,1
2025-05-10,tiktok,TI96167,tt_app_installs,2025-01-05,SI,android,189.35,"11,626",521,91,6
2025-12-16,facebook,FA45341,fb_conversion_2025,2025-10-20,SI,android,291.51,"14,913",425,147,36
2025-12-20,facebook,FA19905,fb_retargeting,2025-12-01,PT,android,96.31,"4,039",75,17,3
2025-09-14,tiktok,TI34871,tt_creator_push,2025-05-19,NL,ios,30.96,"6,962",335,107,22
2025-03-21,affiliate,AF54107,aff_spring,2025-01-29,LV,android,113.11,"11,945",219,35,2
2025-03-17,affiliate,AF90690,aff_spring,2024-12-30,EE,android,65.59,"11,910",130,17,2
2025-08-18,tiktok,TI31014,tt_app_installs,2025-07-01,IE,ios,107.78,"5,763",135,42,9
2025-04-13,tiktok,TI95276,tt_app_installs,2024-11-20,LU,ios,76.90,"7,403",173,23,3
2025-10-11,affiliate,AF52271,aff_spring,2025-01-17,SI,ios,41.77,"9,225",121,7,1
2025-04-11,google,GO44830,google_pmax_2025,2025-03-31,HU,android,54.09,"2,500",104,9,1
2025-04-24,tiktok,TI37066,tt_spark_ads,2024-12-26,FR,android,49.92,"8,003",242,72,16
2025-08-13,google,GO65499,google_youtube_video,2025-08-07,LT,android,395.46,"13,304",395,41,9
2025-06-29,tiktok,TI46492,tt_conversion_2025,2025-06-15,LV,android,78.31,"6,508",210,49,7
2025-12-06,facebook,FA63079,fb_brand_awareness,2025-09-04,DE,ios,29.71,"4,722",132,41,6
2025-06-24,google,GO13571,google_pmax_2025,2025-04-26,FI,android,89.97,"8,604",350,85,18
2025-02-20,twitter,TW62480,x_web_conversions,2024-09-30,DE,android,18.27,"3,416",48,8,1
2025-03-17,instagram,IN28049,ig_retargeting,2025-02-27,GR,android,77.75,"10,319",310,57,3
2025-04-19,instagram,IN96245,ig_reels_push,2025-01-26,LT,android,327.35,"15,636",545,153,14
2025-03-23,google,GO22394,google_pmax_2025,2024-11-08,NL,android,277.11,"10,764",252,60,12
2025-03-21,affiliate,AF48197,aff_spring,2024-09-21,SI,ios,52.74,"11,575",238,29,4
2025-08-22,affiliate,AF79662,aff_summer,2025-05-31,DK,android,25.46,"4,482",43,7,1
2025-01-22,affiliate,AF25942,aff_summer,2024-11-08,DK,android,28.30,"5,471",25,3,0
2025-01-13,twitter,TW23913,x_web_conversions,2024-08-10,HR,android,44.30,"6,252",150,33,2
2025-08-01,affiliate,AF96090,aff_spring,2024-10-31,DK,android,11.18,"3,424",62,7,0
2025-08-25,instagram,IN27986,ig_story_launch,2025-08-07,GR,ios,94.64,"8,279",104,24,3
2025-10-26,tiktok,TI23421,tt_creator_push,2025-08-13,RO,android,129.24,"8,088",362,77,12
2025-08-31,twitter,TW21805,x_retargeting,2025-07-11,LU,android,103.09,"6,053",167,27,5
2025-06-21,instagram,IN13033,ig_reels_push,2025-06-16,NL,ios,95.37,"7,079",211,26,3
2025-09-18,google,GO32537,google_search_brand,2025-07-17,HU,android,303.90,"10,210",571,68,11
2025-02-09,facebook,FA18450,fb_app_install,2025-01-21,DK,android,132.12,"10,923",341,50,4
2025-01-11,tiktok,TI76015,tt_creator_push,2024-08-12,LU,android,187.62,"8,924",471,59,5
2025-09-27,twitter,TW14273,x_retargeting,2025-07-28,DK,android,80.97,"5,245",111,15,2
2025-03-30,facebook,FA75948,fb_brand_awareness,2024-12-12,PL,android,107.03,"5,648",196,60,14
2025-04-17,twitter,TW56548,x_app_installs,2025-04-03,LV,android,49.60,"6,199",60,5,1
2025-08-21,tiktok,TI48807,tt_spark_ads,2025-05-03,HR,ios,140.67,"8,757",371,68,17
2025-04-26,instagram,IN36738,ig_app_install,2025-01-08,GR,ios,171.03,"7,928",274,53,14
2025-05-24,facebook,FA91301,fb_app_install,2025-02-10,FI,ios,46.45,"4,046",60,18,3
2025-06-24,twitter,TW57515,x_awareness,2025-04-14,CY,ios,24.13,"2,903",54,9,1
2025-01-13,affiliate,AF73706,aff_autumn,2024-04-06,DK,ios,89.12,"10,771",239,32,4
2025-01-31,affiliate,AF75772,aff_winter,2024-07-03,AT,ios,71.63,"6,966",133,14,2
2025-06-28,google,GO64090,google_pmax_2025,2025-04-05,FR,android,88.18,"4,245",216,21,3
2025-09-03,instagram,IN44761,ig_retargeting,2025-05-25,EE,android,65.72,"3,015",68,16,2
2025-12-14,twitter,TW41626,x_awareness,2025-08-29,SE,ios,275.67,"19,418",582,124,21
2025-03-15,instagram,IN44888,ig_app_install,2025-01-05,LU,android,125.02,"7,219",91,23,6
2025-12-02,instagram,IN20709,ig_retargeting,2025-08-27,ES,android,79.57,"6,321",112,27,2
2025-02-04,instagram,IN49900,ig_app_install,2025-01-11,CZ,ios,219.49,"19,368",537,125,30
2025-05-19,twitter,TW69097,x_awareness,2024-11-24,ES,android,128.57,"10,590",198,43,9
2025-12-13,facebook,FA54338,fb_app_install,2025-12-05,EE,android,196.40,"13,743",426,137,19
2025-03-13,instagram,IN14146,ig_retargeting,2025-01-30,IT,ios,105.65,"11,529",290,39,9
2025-04-14,instagram,IN31925,ig_retargeting,2025-02-23,FI,ios,283.93,"12,085",170,33,4
2025-03-13,facebook,FA20086,fb_retargeting,2024-11-17,PT,android,336.44,"18,335",634,196,14
2025-08-19,tiktok,TI40173,tt_creator_push,2025-04-14,IT,ios,93.67,"4,728",224,57,8
2025-07-04,instagram,IN48733,ig_app_install,2025-07-02,BG,android,197.37,"8,606",105,13,2
2025-07-15,affiliate,AF11365,aff_autumn,2025-05-17,IT,ios,69.69,"7,763",65,4,1
2025-08-05,affiliate,AF37817,aff_autumn,2025-07-23,NL,android,40.39,"7,657",173,15,1
2025-01-08,facebook,FA91726,fb_conversion_2025,2024-12-13,DK,android,71.34,"3,770",40,13,1
2025-12-14,tiktok,TI48906,tt_spark_ads,2025-08-14,DE,ios,56.52,"7,565",131,32,8
2025-12-03,tiktok,TI14617,tt_creator_push,2025-09-24,SE,android,68.89,"8,189",178,37,4
2025-10-25,twitter,TW22696,x_web_conversions,2025-08-02,GR,ios,151.99,"15,367",154,23,2
2025-12-04,affiliate,AF42958,aff_winter,2025-03-01,NL,android,47.91,"4,975",124,12,2
2025-03-15,instagram,IN67237,ig_story_launch,2024-11-27,DK,ios,92.28,"6,541",95,21,2
2025-02-13,google,GO13371,google_pmax_2025,2025-01-08,HU,android,117.07,"11,670",588,90,7
2025-07-14,instagram,IN22464,ig_reels_push,2025-05-31,EE,android,164.27,"7,316",292,74,14
2025-12-05,twitter,TW39362,x_retargeting,2025-08-30,AT,ios,76.42,"9,427",103,21,4
2025-04-28,affiliate,AF26852,aff_winter,2025-01-05,IT,ios,19.44,"7,001",161,23,3
2025-04-12,tiktok,TI63792,tt_spark_ads,2025-03-23,GR,android,380.50,"24,961",1096,316,46
2025-06-24,facebook,FA89835,fb_brand_awareness,2025-04-13,IE,android,164.28,"10,730",343,51,8
2025-08-03,tiktok,TI26059,tt_app_installs,2025-03-04,IE,android,94.10,"4,814",241,58,5
2025-08-01,google,GO35632,google_display_retargeting,2025-03-14,FI,android,89.44,"5,499",264,38,9
2025-12-20,google,GO41335,google_youtube_video,2025-09-16,CZ,ios,142.98,"11,661",357,38,5
2025-04-23,instagram,IN80158,ig_retargeting,2025-02-27,BE,android,170.13,"14,545",211,56,15
2025-05-14,google,GO82402,google_search_brand,2025-02-02,SI,ios,320.50,"10,160",588,97,9
2025-05-27,facebook,FA21740,fb_retargeting,2025-01-31,BG,ios,134.71,"5,874",205,44,8
2025-08-11,google,GO18628,google_search_brand,2025-07-24,LT,android,285.76,"10,792",432,68,21
2025-03-17,tiktok,TI28015,tt_conversion_2025,2025-02-13,FR,ios,37.67,"8,705",164,28,4
2025-04-30,tiktok,TI24125,tt_spark_ads,2025-03-14,CZ,ios,124.20,"14,512",486,109,13
2025-11-01,tiktok,TI96340,tt_spark_ads,2025-06-21,CZ,ios,113.79,"10,618",274,83,13
2025-08-19,instagram,IN91273,ig_app_install,2025-07-11,NL,ios,263.78,"14,512",221,29,8
2025-06-12,twitter,TW53489,x_web_conversions,2025-03-24,FR,android,228.95,"15,769",187,30,3
2025-10-22,tiktok,TI58669,tt_conversion_2025,2025-06-07,EE,ios,207.70,"22,189",1062,206,36
2025-07-07,instagram,IN43099,ig_app_install,2025-06-13,BG,ios,124.48,"5,830",177,48,13
2025-02-25,google,GO13569,google_display_retargeting,2024-09-30,LU,ios,126.11,"5,022",199,24,4
2025-11-10,tiktok,TI34232,tt_spark_ads,2025-11-03,SK,ios,65.41,"6,028",307,92,7
2025-12-24,instagram,IN67104,ig_retargeting,2025-12-01,EE,ios,47.45,"9,137",270,53,5
2025-07-04,google,GO85120,google_display_retargeting,2025-06-15,SI,android,443.08,"15,944",531,126,20
2025-08-23,twitter,TW25631,x_app_installs,2025-06-13,LT,ios,160.32,"10,025",254,42,7
2025-01-25,tiktok,TI38590,tt_conversion_2025,2024-12-01,CZ,ios,246.66,"11,853",607,96,13
2025-02-05,tiktok,TI34055,tt_conversion_2025,2025-01-21,CY,ios,53.92,"11,290",400,57,10
2025-03-30,twitter,TW23045,x_awareness,2025-03-27,MT,android,37.45,"4,850",41,8,1
2025-11-30,tiktok,TI64639,tt_conversion_2025,2025-11-04,IT,ios,128.64,"7,606",266,52,12
2025-03-25,affiliate,AF17109,aff_winter,2025-02-26,RO,ios,33.08,"6,627",144,20,3
2025-08-28,instagram,IN31958,ig_app_install,2025-05-27,BG,android,116.15,"8,344",238,51,9
2025-07-26,instagram,IN99217,ig_app_install,2025-04-14,FR,android,22.20,"4,317",157,22,4
2025-10-12,twitter,TW25712,x_retargeting,2025-05-17,PT,android,77.02,"22,119",633,131,27
2025-01-10,twitter,TW64376,x_retargeting,2024-09-13,LT,android,130.50,"8,681",139,29,1
2025-06-16,affiliate,AF61108,aff_summer,2024-11-24,ES,android,58.21,"7,078",35,3,0
2025-02-15,google,GO58916,google_youtube_video,2024-10-18,CZ,android,311.19,"9,722",412,42,12
2025-06-07,instagram,IN31246,ig_app_install,2025-05-25,DK,ios,78.38,"5,119",120,36,3
2025-03-08,twitter,TW51596,x_awareness,2025-03-02,SE,android,402.62,"23,129",638,56,7
2025-07-15,facebook,FA39045,fb_brand_awareness,2025-05-13,HU,android,159.76,"6,037",104,31,3
2025-04-17,google,GO65078,google_pmax_2025,2025-01-08,AT,android,487.41,"19,867",604,135,29
2025-11-29,tiktok,TI90283,tt_conversion_2025,2025-07-04,SI,ios,317.73,"14,746",365,64,9
2025-04-26,instagram,IN73636,ig_story_launch,2025-04-19,SI,ios,408.88,"18,003",371,98,24
2025-04-20,tiktok,TI75370,tt_conversion_2025,2025-02-24,PL,android,43.43,"6,595",343,84,5
2025-06-09,tiktok,TI16646,tt_conversion_2025,2025-01-20,CY,ios,195.68,"12,192",662,90,14
2025-05-15,instagram,IN42897,ig_story_launch,2025-03-30,FI,android,163.28,"8,625",265,61,10
2025-02-05,tiktok,TI24272,tt_creator_push,2025-01-20,RO,android,124.69,"12,089",542,77,4
2025-04-01,google,GO91242,google_display_retargeting,2024-11-01,IT,ios,433.73,"13,221",599,146,30
2025-07-06,tiktok,TI49735,tt_app_installs,2025-05-05,EE,ios,303.17,"17,756",861,106,17
2025-06-22,affiliate,AF74180,aff_winter,2024-10-25,FR,android,17.71,"3,701",44,7,0
2025-05-06,facebook,FA26057,fb_conversion_2025,2025-04-11,IT,android,170.23,"7,411",143,29,9
2025-09-09,affiliate,AF59902,aff_autumn,2025-03-07,BG,android,237.53,"26,823",320,49,8
2025-12-20,google,GO35322,google_youtube_video,2025-12-05,BE,android,225.00,"10,511",517,67,18
2025-10-08,facebook,FA31716,fb_conversion_2025,2025-08-13,DE,ios,63.59,"8,697",129,37,6
2025-04-23,google,GO44212,google_display_retargeting,2025-01-02,AT,ios,220.25,"6,408",443,54,9
2025-03-12,instagram,IN57602,ig_reels_push,2024-11-26,BE,ios,98.79,"11,377",308,54,11
2025-08-05,twitter,TW23746,x_web_conversions,2025-07-05,PL,android,83.35,"8,556",52,7,1
2025-05-02,facebook,FA26714,fb_brand_awareness,2025-04-23,HU,android,108.97,"5,063",81,21,3
2025-10-09,twitter,TW12940,x_retargeting,2025-05-17,GR,android,63.80,"7,459",67,13,1
2025-07-15,google,GO77306,google_pmax_2025,2025-07-12,BE,ios,166.09,"15,078",656,55,11
2025-11-01,tiktok,TI50284,tt_creator_push,2025-10-17,IE,ios,28.94,"7,179",181,28,6
2025-07-31,affiliate,AF90110,aff_winter,2024-12-13,CY,android,77.71,"15,044",211,17,2
2025-05-30,google,GO75415,google_youtube_video,2025-04-02,SK,android,104.76,"7,006",240,42,11
2025-11-14,instagram,IN94412,ig_retargeting,2025-10-15,SI,ios,170.72,"16,089",376,84,5
2025-04-01,facebook,FA80243,fb_brand_awareness,2025-03-22,FI,android,160.61,"14,083",175,25,6
2025-05-20,instagram,IN48899,ig_app_install,2025-02-09,BE,android,78.81,"7,318",212,25,4
2025-03-04,facebook,FA77558,fb_retargeting,2025-02-10,DK,android,306.75,"12,576",303,55,9
2025-03-12,twitter,TW32346,x_web_conversions,2025-01-29,IE,ios,59.68,"5,334",34,3,1
2025-12-15,tiktok,TI69009,tt_spark_ads,2025-11-04,DK,ios,21.90,"4,486",131,35,4
2025-07-17,facebook,FA76986,fb_retargeting,2025-05-07,BE,android,61.89,"3,148",74,16,1
2025-08-21,affiliate,AF54738,aff_autumn,2025-04-15,ES,ios,17.97,"3,721",26,2,0
2025-12-14,instagram,IN26674,ig_story_launch,2025-09-21,CZ,android,113.49,"17,873",737,179,35
2025-05-29,facebook,FA61290,fb_app_install,2025-04-30,PT,android,174.81,"6,335",88,26,3
2025-07-09,google,GO62420,google_pmax_2025,2025-06-05,LV,android,468.16,"19,991",426,69,10
2025-09-19,twitter,TW53015,x_awareness,2025-06-25,PL,android,303.78,"18,486",422,56,7
2025-07-27,twitter,TW38478,x_web_conversions,2025-05-12,PT,android,151.27,"20,804",404,25,5
2025-07-20,twitter,TW73607,x_web_conversions,2025-03-07,EE,ios,207.41,"13,509",304,39,6
2025-01-14,tiktok,TI17353,tt_creator_push,2024-10-16,FI,android,92.36,"8,052",123,14,1
2025-08-07,twitter,TW55759,x_awareness,2025-04-13,LV,android,64.51,"4,603",61,4,1
2025-06-11,facebook,FA65529,fb_conversion_2025,2025-04-26,ES,android,143.05,"9,673",201,38,4
2025-08-24,facebook,FA74407,fb_retargeting,2025-06-19,LU,ios,144.60,"16,262",516,132,24
2025-03-20,instagram,IN89820,ig_retargeting,2025-01-14,IT,ios,41.92,"6,020",239,27,6
2025-01-08,facebook,FA89738,fb_conversion_2025,2024-10-08,IE,android,241.20,"10,790",285,76,5
2025-08-06,tiktok,TI91306,tt_spark_ads,2025-07-23,FR,ios,108.69,"8,304",437,98,15
2025-06-24,instagram,IN35167,ig_retargeting,2025-03-13,NL,android,121.53,"7,699",204,31,3
2025-06-23,affiliate,AF11093,aff_winter,2024-12-17,SI,android,131.05,"12,710",140,11,0
2025-11-30,facebook,FA41107,fb_brand_awareness,2025-09-07,HU,android,152.19,"13,052",217,49,4
2025-12-28,instagram,IN52971,ig_story_launch,2025-09-11,LV,ios,178.40,"10,825",337,35,6
2025-11-23,google,GO54327,google_pmax_2025,2025-07-10,HR,android,194.01,"5,785",327,87,27
2025-02-16,instagram,IN91577,ig_story_launch,2024-10-28,LV,android,81.29,"4,928",102,30,4
2025-03-23,twitter,TW12366,x_web_conversions,2025-02-22,HU,android,81.45,"4,631",43,8,1
2025-08-03,instagram,IN57292,ig_reels_push,2025-07-04,EE,ios,207.30,"11,389",329,83,5
2025-06-25,google,GO68984,google_display_retargeting,2025-05-08,NL,android,83.18,"9,381",243,61,5
2025-09-23,twitter,TW34809,x_retargeting,2025-06-26,BG,ios,71.33,"6,678",140,30,1
2025-01-12,facebook,FA53911,fb_app_install,2024-09-17,ES,ios,29.87,"3,928",41,7,2
2025-01-05,instagram,IN10944,ig_story_launch,2024-11-20,LV,ios,87.90,"4,134",42,9,2
2025-02-20,affiliate,AF30387,aff_spring,2024-09-29,BE,ios,123.91,"14,048",184,12,1
2025-05-03,tiktok,TI48920,tt_conversion_2025,2025-04-26,BE,ios,210.51,"10,630",242,35,4
2025-01-23,google,GO84435,google_pmax_2025,2025-01-15,PT,android,98.80,"4,102",224,55,9
2025-12-29,affiliate,AF68216,aff_winter,2025-11-17,BE,ios,11.17,"5,566",105,12,1
2025-02-14,google,GO98601,google_pmax_2025,2024-10-08,HR,ios,61.43,"4,160",190,52,5
2025-04-01,twitter,TW35120,x_app_installs,2025-03-09,BE,ios,28.33,"5,456",161,27,3
2025-06-06,instagram,IN25716,ig_retargeting,2025-03-26,HU,android,145.99,"11,908",193,38,10
2025-09-09,facebook,FA55160,fb_conversion_2025,2025-09-05,MT,android,68.04,"9,759",307,50,8
2025-09-19,twitter,TW37577,x_app_installs,2025-05-01,SE,android,95.47,"9,291",223,26,5
2025-01-14,instagram,IN46359,ig_app_install,2024-12-22,IT,android,183.57,"15,386",316,83,9
2025-02-25,instagram,IN96816,ig_app_install,2024-12-26,LV,ios,61.96,"5,620",236,68,3
2025-02-27,affiliate,AF36636,aff_summer,2024-06-14,BE,android,73.11,"12,207",189,16,2
2025-01-05,google,GO38025,google_display_retargeting,2024-08-15,RO,android,469.35,"14,801",505,138,31
2025-03-26,tiktok,TI27519,tt_spark_ads,2025-01-11,LT,android,99.81,"6,551",216,27,7
2025-09-05,google,GO46761,google_youtube_video,2025-07-11,IE,ios,133.87,"9,334",450,36,11
2025-10-03,google,GO97293,google_pmax_2025,2025-05-03,DK,ios,110.04,"5,035",172,46,14
2025-04-16,tiktok,TI58562,tt_conversion_2025,2025-01-01,RO,ios,107.33,"8,343",430,88,9
2025-07-31,facebook,FA49338,fb_app_install,2025-04-02,BE,ios,162.42,"7,380",132,31,7
2025-05-20,instagram,IN48998,ig_app_install,2025-03-06,IT,ios,299.96,"15,108",228,37,4
2025-12-29,instagram,IN10217,ig_app_install,2025-09-09,FR,android,40.84,"4,226",131,24,3
2025-01-07,affiliate,AF96802,aff_summer,2024-05-26,MT,ios,112.34,"12,263",118,7,0
2025-07-26,affiliate,AF54689,aff_autumn,2025-06-02,IE,android,23.40,"6,261",152,21,3
2025-07-11,facebook,FA76360,fb_conversion_2025,2025-04-23,RO,ios,49.83,"4,639",83,18,2
2025-06-12,tiktok,TI50538,tt_app_installs,2025-05-15,GR,ios,119.30,"13,552",484,102,21
2025-07-07,tiktok,TI51393,tt_conversion_2025,2025-06-24,GR,ios,74.25,"10,373",243,68,9
2025-06-29,facebook,FA56461,fb_app_install,2025-06-06,SE,android,79.95,"9,435",165,25,2
2025-01-02,tiktok,TI58149,tt_conversion_2025,2024-09-22,SE,android,26.20,"5,490",264,44,10
2025-05-12,tiktok,TI78269,tt_creator_push,2025-05-06,ES,android,130.92,"11,087",382,66,9
2025-09-08,tiktok,TI45169,tt_conversion_2025,2025-05-12,SE,android,264.75,"14,411",278,86,8
2025-04-02,affiliate,AF42398,aff_autumn,2025-03-26,PT,android,62.05,"7,576",110,13,1
2025-01-27,twitter,TW56787,x_web_conversions,2024-11-12,AT,ios,106.08,"10,163",200,38,2
2025-05-28,google,GO30247,google_youtube_video,2025-02-15,BG,android,200.89,"11,854",309,50,4
2025-09-19,google,GO68364,google_display_retargeting,2025-07-28,BE,ios,308.77,"9,891",374,61,10
2025-11-09,instagram,IN69970,ig_story_launch,2025-09-30,FI,ios,112.82,"9,066",394,107,26
2025-08-07,affiliate,AF72244,aff_spring,2025-06-02,IE,ios,33.37,"5,431",56,6,0
2025-04-18,facebook,FA70612,fb_conversion_2025,2025-03-04,RO,android,167.31,"11,575",169,40,3
2025-04-10,twitter,TW88101,x_awareness,2025-03-28,DE,ios,90.86,"7,555",208,19,2
2025-10-20,facebook,FA32305,fb_brand_awareness,2025-06-22,SI,ios,336.79,"13,395",281,91,21
2025-08-09,instagram,IN42293,ig_retargeting,2025-07-15,DE,android,195.89,"16,766",248,50,6
2025-03-27,twitter,TW60261,x_retargeting,2024-11-09,LT,ios,74.78,"9,761",220,36,5
2025-07-19,tiktok,TI83376,tt_app_installs,2025-03-20,IT,android,186.19,"12,441",646,96,18
2025-09-22,twitter,TW31275,x_retargeting,2025-05-31,BE,android,107.22,"9,402",274,25,5
2025-01-03,google,GO54268,google_search_brand,2024-11-28,IE,ios,405.23,"15,541",943,223,55
2025-01-14,tiktok,TI29990,tt_creator_push,2024-09-03,IT,ios,22.19,"4,118",148,42,5
2025-07-05,google,GO53532,google_display_retargeting,2025-04-12,IT,android,232.89,"11,196",611,58,9
2025-03-24,google,GO60450,google_search_brand,2024-12-18,SE,ios,270.05,"8,155",403,44,5
2025-02-02,affiliate,AF75179,aff_summer,2024-05-10,HU,android,103.09,"10,477",189,28,4
2025-05-15,facebook,FA83581,fb_retargeting,2025-04-10,BE,ios,138.37,"12,459",149,29,4
2025-11-23,tiktok,TI47504,tt_conversion_2025,2025-07-25,HU,ios,266.83,"14,161",751,96,20
2025-01-16,tiktok,TI14576,tt_app_installs,2024-09-05,BG,android,38.56,"8,709",197,62,6
2025-10-13,twitter,TW84076,x_retargeting,2025-05-09,AT,android,80.06,"10,346",248,37,7
2025-02-19,twitter,TW73794,x_app_installs,2025-02-06,LV,ios,47.92,"7,699",104,9,1
2025-08-14,twitter,TW64290,x_awareness,2025-05-24,SI,ios,43.50,"7,378",130,17,3
2025-07-01,instagram,IN58479,ig_story_launch,2025-03-03,LU,android,274.64,"16,924",362,101,15
2025-07-02,instagram,IN48291,ig_retargeting,2025-06-20,AT,android,51.97,"6,263",251,55,7
2025-06-21,facebook,FA23271,fb_conversion_2025,2025-03-05,PL,ios,82.23,"13,418",245,70,10
2025-04-10,tiktok,TI21226,tt_app_installs,2024-11-15,HR,ios,158.14,"12,326",409,108,20
2025-04-13,affiliate,AF14194,aff_summer,2024-09-15,CZ,android,125.81,"16,040",164,9,2
2025-02-27,affiliate,AF34214,aff_summer,2024-08-16,IE,ios,70.70,"10,060",141,10,1
2025-12-29,tiktok,TI14662,tt_conversion_2025,2025-11-11,SK,ios,95.18,"13,273",220,66,9
2025-06-12,google,GO68200,google_search_brand,2025-04-21,SI,android,142.48,"5,166",279,71,5
2025-03-24,google,GO51584,google_search_brand,2025-01-19,BG,ios,89.01,"9,479",534,133,23
2025-11-24,facebook,FA76334,fb_app_install,2025-08-21,EE,ios,154.61,"8,308",107,34,8
2025-01-01,google,GO42953,google_display_retargeting,2024-10-12,HR,android,320.46,"10,601",398,103,22
2025-03-20,google,GO20494,google_search_brand,2024-12-04,LT,android,256.36,"19,814",868,149,13
2025-08-27,twitter,TW59510,x_app_installs,2025-07-22,LV,android,43.18,"5,699",135,26,3
2025-01-15,facebook,FA43051,fb_conversion_2025,2024-12-04,ES,ios,66.51,"5,891",140,19,5
2025-07-31,google,GO71076,google_display_retargeting,2025-04-07,HU,ios,58.63,"2,826",65,13,3
2025-04-16,twitter,TW39904,x_awareness,2024-11-28,SK,ios,87.51,"19,975",263,35,4
2025-11-21,twitter,TW63200,x_app_installs,2025-08-31,BG,ios,55.47,"6,905",52,5,0
2025-06-24,instagram,IN59302,ig_reels_push,2025-05-01,CZ,ios,214.54,"10,961",462,58,9
2025-05-28,tiktok,TI30487,tt_spark_ads,2025-03-09,AT,android,157.56,"11,448",564,174,21
2025-11-08,tiktok,TI32717,tt_creator_push,2025-08-15,HR,android,401.04,"30,089",454,128,17
2025-10-14,instagram,IN47787,ig_retargeting,2025-08-03,DK,android,172.79,"8,785",123,14,1
2025-10-21,twitter,TW54587,x_app_installs,2025-06-27,SK,ios,155.22,"16,721",308,55,8
2025-03-24,affiliate,AF63246,aff_autumn,2025-02-16,LU,android,11.13,"3,057",74,12,1
2025-01-01,tiktok,TI18718,tt_spark_ads,2024-12-18,PL,android,162.71,"9,974",131,40,6
2025-08-14,instagram,IN21770,ig_app_install,2025-07-16,BE,android,108.26,"7,816",282,81,7
2025-01-29,instagram,IN74662,ig_app_install,2024-12-04,MT,android,404.01,"17,506",758,115,19
2025-01-28,facebook,FA66658,fb_conversion_2025,2024-11-01,PL,android,22.40,878,30,10,3
2025-07-08,tiktok,TI35519,tt_app_installs,2025-07-07,DE,android,93.74,"6,335",200,54,5
2025-04-08,facebook,FA47698,fb_retargeting,2025-01-23,SE,ios,126.23,"6,726",174,52,4
2025-11-02,twitter,TW49735,x_app_installs,2025-05-31,MT,ios,56.68,"5,069",118,13,2
2025-06-30,tiktok,TI66668,tt_creator_push,2025-02-10,LU,android,73.84,"5,390",173,35,8
2025-05-12,facebook,FA77751,fb_app_install,2025-04-16,ES,android,131.70,"7,114",196,37,8
2025-02-17,instagram,IN94087,ig_reels_push,2024-12-11,LU,android,182.81,"9,197",378,70,17
2025-12-31,google,GO26411,google_search_brand,2025-08-21,HR,ios,247.23,"18,833",409,50,3
2025-07-31,google,GO42766,google_display_retargeting,2025-04-16,RO,android,124.60,"14,051",553,115,19
2025-04-05,tiktok,TI25964,tt_conversion_2025,2025-03-13,FI,android,167.71,"10,051",361,39,3
2025-05-11,tiktok,TI50047,tt_app_installs,2025-04-20,LT,android,220.57,"11,139",393,87,21
2025-08-12,facebook,FA26519,fb_brand_awareness,2025-05-16,FR,android,191.89,"11,247",109,37,7
2025-03-23,tiktok,TI19913,tt_app_installs,2024-12-20,AT,android,179.83,"10,541",233,30,5
2025-01-04,google,GO63480,google_display_retargeting,2024-12-04,RO,ios,102.46,"5,774",248,29,3
2025-05-10,instagram,IN25698,ig_app_install,2025-03-13,GR,ios,63.94,"6,634",99,20,1
2025-04-23,facebook,FA22652,fb_conversion_2025,2025-04-19,SI,android,137.64,"15,985",456,133,20
2025-10-06,google,GO68561,google_search_brand,2025-09-21,CZ,ios,65.41,"4,301",158,32,4
2025-07-12,twitter,TW17184,x_app_installs,2025-04-07,EE,ios,76.30,"14,924",167,25,2
2025-09-25,google,GO46492,google_pmax_2025,2025-07-31,SE,ios,246.97,"7,801",540,140,23
2025-05-27,affiliate,AF49175,aff_summer,2025-05-16,LU,android,77.29,"8,230",71,5,1
2025-02-16,facebook,FA48848,fb_brand_awareness,2024-11-01,SI,ios,100.54,"4,360",65,13,1
2025-06-03,google,GO18031,google_youtube_video,2025-03-14,BG,android,168.35,"5,227",207,24,2
2025-04-25,google,GO26784,google_search_brand,2025-01-21,CY,ios,222.00,"8,369",426,92,22
2025-05-23,facebook,FA83516,fb_app_install,2025-05-09,HR,android,76.50,"8,004",93,22,4
2025-05-09,facebook,FA31798,fb_brand_awareness,2025-01-22,ES,android,147.45,"13,082",369,59,5
2025-12-24,tiktok,TI40588,tt_app_installs,2025-12-23,FI,ios,36.85,"8,012",243,52,2
2025-07-25,twitter,TW52546,x_web_conversions,2025-06-08,BG,android,62.51,"4,309",82,6,1
2025-10-25,instagram,IN71194,ig_retargeting,2025-10-03,PL,ios,82.13,"8,513",311,88,13
2025-04-22,affiliate,AF39145,aff_winter,2024-07-28,LV,ios,90.35,"12,929",231,39,2
2025-12-04,affiliate,AF21771,aff_spring,2025-03-17,CZ,ios,35.94,"14,614",175,20,1
2025-09-12,tiktok,TI47310,tt_app_installs,2025-06-24,PT,android,118.98,"6,839",126,21,3
2025-08-01,twitter,TW70375,x_web_conversions,2025-03-20,LV,ios,112.77,"6,270",185,31,6
2025-02-18,facebook,FA25300,fb_brand_awareness,2024-10-21,DK,android,141.80,"9,020",187,39,4
2025-06-28,instagram,IN42403,ig_reels_push,2025-06-28,GR,ios,96.13,"4,415",106,23,3
2025-12-11,tiktok,TI58411,tt_creator_push,2025-09-28,MT,android,74.68,"5,308",186,45,7
2025-01-28,google,GO57620,google_display_retargeting,2024-12-01,NL,ios,193.18,"9,723",647,52,6
2025-07-11,affiliate,AF29095,aff_autumn,2025-03-13,FI,android,20.58,"9,940",203,15,3
2025-06-18,facebook,FA41443,fb_app_install,2025-05-14,HU,ios,185.18,"12,405",392,66,8
2025-04-30,affiliate,AF40466,aff_summer,2025-02-16,RO,ios,98.97,"8,094",45,3,0
2025-03-07,twitter,TW68210,x_web_conversions,2024-10-09,SE,ios,72.17,"5,063",49,9,1
2025-08-29,affiliate,AF15647,aff_spring,2024-12-21,CY,ios,63.06,"8,895",84,12,1
2025-07-01,instagram,IN58385,ig_retargeting,2025-05-29,SK,ios,211.14,"10,872",115,18,5
2025-10-22,affiliate,AF56692,aff_winter,2025-05-19,PT,android,57.46,"6,641",166,24,2
2025-02-23,instagram,IN33613,ig_retargeting,2025-01-06,FI,ios,148.46,"9,231",221,26,5
2025-01-12,twitter,TW94255,x_app_installs,2024-10-01,PL,ios,39.01,"5,736",141,23,2
2025-08-14,affiliate,AF32828,aff_winter,2025-05-03,SE,ios,68.12,"9,866",189,11,1
2025-02-12,tiktok,TI98797,tt_app_installs,2024-11-24,DE,ios,85.42,"3,931",137,32,8
2025-10-20,tiktok,TI41233,tt_conversion_2025,2025-07-29,CY,ios,123.00,"8,428",286,61,13
2025-03-18,google,GO59612,google_pmax_2025,2025-01-09,IE,android,127.45,"9,396",381,105,11
2025-08-15,affiliate,AF86519,aff_summer,2025-03-02,IT,ios,51.92,"5,241",43,5,0
2025-02-13,affiliate,AF73904,aff_spring,2024-07-28,DK,android,90.15,"7,818",95,6,1
2025-10-07,google,GO99194,google_display_retargeting,2025-09-10,PT,ios,179.66,"10,852",346,95,16
2025-07-30,tiktok,TI57455,tt_creator_push,2025-04-29,FI,android,55.90,"8,924",443,129,31
2025-03-07,facebook,FA77407,fb_conversion_2025,2024-11-10,AT,android,85.62,"4,270",75,22,5
2025-11-05,tiktok,TI78851,tt_conversion_2025,2025-11-01,BE,ios,67.70,"8,034",286,43,2
2025-08-06,affiliate,AF84017,aff_autumn,2025-04-29,LT,android,119.99,"11,871",289,18,1
2025-01-21,instagram,IN93894,ig_story_launch,2024-09-24,HR,android,188.60,"10,037",385,88,16
2025-03-22,instagram,IN98198,ig_reels_push,2024-12-14,FI,ios,87.63,"8,751",148,15,1
2025-03-17,tiktok,TI45995,tt_app_installs,2025-01-09,LV,ios,29.89,"5,980",306,73,13
2025-11-11,twitter,TW51500,x_retargeting,2025-05-28,GR,android,52.72,"9,452",226,36,3
2025-12-02,affiliate,AF37474,aff_spring,2025-08-14,IT,ios,15.01,"2,926",48,7,1
2025-03-26,affiliate,AF76893,aff_summer,2025-01-07,SE,android,25.42,"12,341",282,48,2
2025-11-25,tiktok,TI56029,tt_spark_ads,2025-06-28,CZ,android,175.33,"10,972",567,117,10
2025-11-21,instagram,IN50428,ig_story_launch,2025-07-31,CY,ios,196.67,"9,045",193,44,9
2025-03-21,instagram,IN87207,ig_story_launch,2025-01-23,HU,ios,54.59,"3,747",81,10,2
2025-02-26,twitter,TW51063,x_web_conversions,2025-01-03,HR,android,93.04,"8,605",194,42,9
2025-03-26,affiliate,AF82398,aff_summer,2024-12-16,LT,android,163.89,"13,109",312,30,5
2025-10-07,affiliate,AF28274,aff_winter,2025-04-27,FI,android,94.21,"8,472",169,15,2
2025-07-04,affiliate,AF43399,aff_autumn,2024-12-01,AT,ios,39.74,"14,538",72,10,1
2025-10-19,twitter,TW81237,x_app_installs,2025-05-23,EE,android,283.56,"17,774",416,58,10
2025-04-16,google,GO81988,google_display_retargeting,2025-01-14,SI,ios,112.94,"13,453",304,59,18
2025-04-23,affiliate,AF41715,aff_autumn,2025-02-18,LT,ios,40.54,"10,018",90,12,0
2025-05-29,instagram,IN53851,ig_app_install,2025-02-18,DE,android,150.54,"8,724",265,70,12
2025-06-03,twitter,TW73160,x_awareness,2025-02-18,AT,android,97.75,"7,179",100,12,2
2025-11-20,instagram,IN38374,ig_retargeting,2025-08-19,HR,android,228.21,"10,444",434,107,22
2025-12-06,affiliate,AF82189,aff_autumn,2025-06-14,FI,android,48.42,"6,517",43,5,0
2025-04-02,twitter,TW12653,x_web_conversions,2024-10-21,PL,android,73.19,"6,385",182,21,1
2025-11-21,affiliate,AF90007,aff_summer,2025-10-13,HR,android,250.69,"20,262",242,43,7
2025-10-18,tiktok,TI40437,tt_conversion_2025,2025-08-20,EE,android,100.43,"10,590",561,148,17
2025-07-18,facebook,FA21763,fb_conversion_2025,2025-03-22,GR,android,196.71,"7,879",116,29,5
2025-01-01,instagram,IN80043,ig_reels_push,2024-09-28,LV,ios,102.87,"9,309",253,49,12
2025-02-21,tiktok,TI66031,tt_app_installs,2024-12-03,RO,ios,108.59,"6,266",153,19,5
2025-11-15,facebook,FA56474,fb_retargeting,2025-09-20,EE,android,334.97,"12,201",319,90,23
2025-03-27,facebook,FA48604,fb_retargeting,2025-03-22,IT,android,216.46,"8,646",269,50,3
2025-03-17,twitter,TW73413,x_app_installs,2024-11-04,HR,android,138.52,"10,678",226,38,2
2025-04-23,affiliate,AF14379,aff_spring,2024-10-09,EE,ios,18.95,"5,032",82,9,1
2025-10-04,instagram,IN60971,ig_reels_push,2025-06-18,HR,ios,177.56,"8,684",311,66,5
2025-09-15,google,GO60539,google_search_brand,2025-09-02,MT,android,233.57,"7,439",435,104,14
2025-10-17,facebook,FA61055,fb_conversion_2025,2025-07-23,PL,android,188.91,"10,713",246,82,17
2025-09-22,instagram,IN98911,ig_app_install,2025-08-25,DE,ios,62.73,"12,439",219,56,6
2025-10-26,twitter,TW44992,x_app_installs,2025-07-31,BG,android,44.07,"6,088",138,25,5
2025-06-01,twitter,TW78901,x_web_conversions,2025-03-26,BE,android,113.01,"11,712",257,55,11
2025-07-01,affiliate,AF46194,aff_summer,2025-02-05,LU,ios,36.85,"10,167",171,22,2
2025-12-01,affiliate,AF76759,aff_winter,2025-03-31,SE,android,31.32,"7,283",41,3,0
2025-01-06,instagram,IN73957,ig_story_launch,2024-10-08,DE,ios,213.41,"10,195",343,72,4
2025-08-09,facebook,FA18785,fb_retargeting,2025-07-18,MT,android,116.20,"18,536",257,64,15
2025-05-20,facebook,FA41497,fb_brand_awareness,2025-03-20,RO,android,140.40,"10,799",312,40,8
2025-06-13,google,GO85813,google_youtube_video,2025-03-25,LU,ios,98.98,"6,286",305,26,7
2025-04-06,facebook,FA79763,fb_app_install,2025-01-14,PL,ios,80.55,"5,079",149,35,5
2025-09-21,affiliate,AF12090,aff_summer,2025-07-06,DK,ios,15.65,"7,694",180,21,1
2025-10-06,instagram,IN38647,ig_retargeting,2025-07-24,SK,ios,268.17,"11,698",202,32,2
2025-12-09,affiliate,AF99393,aff_spring,2025-07-10,DK,ios,110.56,"8,820",197,28,3
2025-04-04,instagram,IN15126,ig_retargeting,2025-02-04,FR,android,132.46,"6,543",82,20,4
2025-08-10,facebook,FA76611,fb_brand_awareness,2025-07-13,EE,ios,355.92,"13,626",236,47,13
2025-01-16,facebook,FA31086,fb_app_install,2024-10-06,SK,ios,232.50,"13,229",380,125,21
2025-09-16,google,GO98664,google_pmax_2025,2025-06-02,SE,android,214.62,"7,019",487,91,19
2025-09-17,instagram,IN41785,ig_app_install,2025-05-28,SE,ios,76.54,"5,836",90,17,1
2025-06-12,tiktok,TI41568,tt_creator_push,2025-02-28,AT,ios,86.73,"5,395",72,23,5
2025-06-11,google,GO65846,google_search_brand,2025-01-03,LU,ios,121.57,"9,848",414,57,11
2025-11-10,affiliate,AF28736,aff_autumn,2025-01-31,HR,ios,51.10,"8,717",204,18,2
2025-01-05,instagram,IN24741,ig_retargeting,2024-12-15,BG,ios,381.81,"18,914",693,87,24
2025-01-13,tiktok,TI49069,tt_app_installs,2024-11-22,IE,ios,196.90,"11,723",502,61,9
2025-06-29,affiliate,AF77321,aff_spring,2025-04-17,FI,android,46.65,"4,551",40,2,0
2025-07-09,tiktok,TI38902,tt_conversion_2025,2025-02-18,SE,ios,20.42,"4,615",124,27,2
2025-12-19,tiktok,TI71055,tt_creator_push,2025-11-01,CZ,android,201.01,"10,626",133,34,3
2025-03-04,google,GO16876,google_pmax_2025,2025-02-24,FI,ios,152.11,"15,837",750,200,26
2025-09-09,affiliate,AF60990,aff_winter,2025-06-13,DK,android,167.15,"13,561",329,42,6
2025-02-06,google,GO74140,google_youtube_video,2025-01-24,SI,android,296.31,"9,676",326,83,22
2025-12-12,facebook,FA60378,fb_app_install,2025-11-28,ES,ios,62.74,"9,975",304,55,16
2025-10-11,facebook,FA46070,fb_retargeting,2025-08-11,SK,ios,114.26,"8,636",148,36,8
2025-10-12,twitter,TW25218,x_retargeting,2025-08-06,HU,ios,61.29,"7,813",55,10,2
2025-03-01,facebook,FA50329,fb_retargeting,2025-02-04,LU,ios,209.56,"8,229",242,36,5
2025-02-13,instagram,IN64007,ig_retargeting,2025-01-12,BE,ios,326.33,"20,253",390,83,18
2025-05-18,instagram,IN70033,ig_app_install,2025-02-25,DE,ios,153.43,"7,349",298,87,12
2025-03-15,google,GO37915,google_pmax_2025,2024-11-21,DE,ios,192.15,"7,655",463,118,27
2025-09-30,instagram,IN69839,ig_app_install,2025-08-28,IE,android,86.12,"4,312",78,18,3
2025-05-06,instagram,IN72257,ig_retargeting,2025-02-10,ES,ios,128.38,"12,638",344,45,3
2025-01-26,affiliate,AF74980,aff_winter,2024-09-21,LT,ios,35.43,"6,117",148,11,2
2025-06-16,twitter,TW17746,x_retargeting,2025-03-10,BG,android,205.75,"15,828",320,24,1
2025-08-28,affiliate,AF45950,aff_winter,2025-06-10,SK,android,138.51,"13,130",190,12,1
2025-09-08,tiktok,TI26595,tt_conversion_2025,2025-08-09,PT,android,133.58,"6,949",293,43,9
2025-07-04,google,GO94044,google_search_brand,2025-03-09,BE,ios,70.31,"4,124",132,11,2
2025-06-24,facebook,FA16553,fb_app_install,2025-05-19,ES,ios,248.38,"11,460",109,27,3
2025-06-23,facebook,FA10368,fb_conversion_2025,2025-04-23,CZ,ios,150.73,"6,884",121,28,8
2025-03-24,facebook,FA68859,fb_retargeting,2025-02-15,LV,ios,52.87,"8,699",169,28,8
2025-07-04,tiktok,TI31140,tt_spark_ads,2025-02-10,BE,ios,87.38,"7,140",389,94,6
2025-10-11,affiliate,AF20363,aff_spring,2024-12-24,GR,android,16.02,"6,513",48,5,0
2025-04-26,tiktok,TI42034,tt_app_installs,2024-11-29,ES,android,116.71,"13,563",695,139,29
2025-06-19,google,GO13527,google_pmax_2025,2025-06-03,CZ,ios,309.13,"12,459",316,26,2
2025-11-05,twitter,TW65254,x_web_conversions,2025-10-04,NL,android,48.45,"8,905",83,7,1
2025-01-08,google,GO99219,google_youtube_video,2024-09-05,LT,ios,109.37,"4,786",324,41,3
2025-11-16,instagram,IN61979,ig_retargeting,2025-10-02,SE,android,182.00,"9,352",394,68,10
2025-11-19,twitter,TW54349,x_app_installs,2025-09-01,DE,android,118.74,"7,486",68,4,0
2025-08-11,tiktok,TI49647,tt_app_installs,2025-08-01,LT,android,45.56,"4,186",93,10,1
2025-10-15,tiktok,TI51405,tt_app_installs,2025-07-19,BE,ios,29.09,"2,521",61,19,2
2025-08-12,facebook,FA87373,fb_conversion_2025,2025-08-05,EE,android,195.73,"8,907",96,33,8
2025-08-17,google,GO83490,google_pmax_2025,2025-04-29,BG,android,221.64,"7,059",149,35,4
2025-08-28,affiliate,AF63756,aff_summer,2025-05-25,LT,ios,58.62,"6,263",107,7,0
2025-07-31,tiktok,TI74882,tt_creator_push,2025-05-29,MT,ios,34.90,"3,507",70,12,3
2025-08-12,instagram,IN35281,ig_story_launch,2025-08-08,CY,android,36.84,"5,736",223,51,3
2025-09-16,twitter,TW98158,x_web_conversions,2025-05-18,DE,android,217.75,"14,085",280,52,7
2025-10-27,affiliate,AF96309,aff_winter,2025-09-02,GR,android,69.26,"10,133",105,19,3
2025-05-16,instagram,IN51198,ig_story_launch,2025-04-18,SK,ios,51.70,"7,447",80,13,1
2025-11-15,twitter,TW33547,x_app_installs,2025-10-25,PL,android,177.59,"11,577",75,10,1
2025-09-27,facebook,FA67795,fb_brand_awareness,2025-07-03,DK,ios,41.95,"3,868",43,8,0
2025-11-19,tiktok,TI83164,tt_creator_push,2025-11-17,NL,android,40.37,"7,884",416,99,5
2025-03-28,facebook,FA12334,fb_retargeting,2025-03-27,CY,ios,98.27,"14,522",193,40,7
2025-06-11,facebook,FA33479,fb_conversion_2025,2025-03-05,ES,ios,256.59,"17,114",159,55,6
2025-12-08,facebook,FA41636,fb_brand_awareness,2025-09-10,FI,ios,356.19,"19,896",373,108,6
2025-05-12,twitter,TW74950,x_app_installs,2025-04-12,FI,android,73.50,"7,969",75,16,3
2025-02-20,affiliate,AF24129,aff_spring,2024-05-03,LU,android,154.51,"14,491",280,23,1
2025-02-14,tiktok,TI90831,tt_conversion_2025,2024-11-02,LT,ios,117.84,"6,023",266,27,4
2025-02-08,tiktok,TI68882,tt_conversion_2025,2025-01-18,LT,ios,104.84,"16,961",326,36,7
2025-07-27,tiktok,TI38453,tt_spark_ads,2025-06-21,EE,ios,69.02,"3,891",193,28,7
2025-06-03,affiliate,AF84332,aff_winter,2025-02-18,CY,android,27.94,"6,088",80,10,2
2025-09-14,twitter,TW69868,x_awareness,2025-05-12,SK,ios,139.11,"8,752",217,40,7
2025-03-11,twitter,TW14350,x_awareness,2025-01-05,IE,android,14.81,"3,221",67,8,1
2025-04-06,instagram,IN24111,ig_app_install,2024-12-11,EE,android,128.23,"9,962",212,52,10
2025-01-26,affiliate,AF30679,aff_spring,2024-10-17,GR,android,10.18,"3,682",16,2,0
2025-10-26,instagram,IN92842,ig_app_install,2025-10-22,FR,android,99.28,"8,192",320,88,13
2025-02-13,facebook,FA35089,fb_brand_awareness,2025-01-04,BE,android,299.20,"16,710",354,96,25
2025-05-12,google,GO94498,google_youtube_video,2025-04-30,CZ,android,165.06,"5,909",320,66,16
2025-12-27,google,GO20440,google_pmax_2025,2025-08-18,BE,ios,502.14,"18,240",562,104,7
2025-08-23,tiktok,TI11781,tt_conversion_2025,2025-06-30,SK,android,162.62,"8,295",183,39,9
2025-06-23,google,GO87064,google_display_retargeting,2025-03-27,FR,ios,165.53,"6,487",260,65,10
2025-09-10,affiliate,AF32866,aff_winter,2025-06-24,PT,ios,97.68,"8,392",209,32,4
2025-08-05,tiktok,TI22225,tt_creator_push,2025-07-15,FR,android,91.67,"6,882",283,60,5
2025-05-20,google,GO93415,google_pmax_2025,2025-03-09,LT,ios,88.65,"6,673",271,22,3
2025-07-22,instagram,IN63653,ig_app_install,2025-05-21,GR,ios,137.60,"7,182",143,41,8
2025-11-06,twitter,TW12030,x_web_conversions,2025-08-17,SE,android,307.14,"19,306",365,46,8
2025-06-16,google,GO59513,google_display_retargeting,2025-06-10,IT,ios,257.08,"8,592",268,22,5
2025-05-12,affiliate,AF23715,aff_summer,2024-12-17,BE,android,34.75,"3,654",84,8,1
2025-11-09,affiliate,AF68141,aff_winter,2025-08-05,FR,ios,75.01,"7,448",37,2,0
2025-11-06,instagram,IN29029,ig_retargeting,2025-09-17,DK,android,69.73,"4,705",79,19,1
2025-09-03,instagram,IN97414,ig_reels_push,2025-06-08,MT,android,112.66,"5,991",154,42,5
2025-08-29,affiliate,AF72584,aff_winter,2024-12-14,HU,ios,102.39,"10,140",245,38,4
2025-02-20,instagram,IN95935,ig_app_install,2025-01-28,BG,ios,95.99,"6,711",207,21,5
2025-04-05,affiliate,AF77067,aff_autumn,2024-09-19,LT,android,162.56,"13,049",325,48,2
2025-06-04,affiliate,AF81974,aff_winter,2025-04-10,LU,ios,107.30,"10,038",141,11,1
2025-01-01,twitter,TW49277,x_web_conversions,2024-08-10,EE,ios,254.35,"18,754",394,86,4
2025-11-05,affiliate,AF42054,aff_spring,2025-08-09,LV,ios,102.36,"16,274",195,29,5
2025-03-15,instagram,IN66215,ig_story_launch,2024-12-07,PL,android,186.21,"7,956",188,47,9
2025-08-14,instagram,IN12100,ig_app_install,2025-06-02,IE,ios,70.33,"4,983",210,21,6
2025-05-30,affiliate,AF99563,aff_winter,2025-05-18,BG,android,48.11,"5,534",92,15,2
2025-11-15,google,GO21815,google_youtube_video,2025-07-10,HR,android,322.90,"10,691",531,111,27
2025-03-10,twitter,TW66223,x_retargeting,2025-02-25,SI,ios,242.95,"13,674",92,14,1
2025-07-11,facebook,FA12676,fb_retargeting,2025-05-27,DK,ios,72.60,"7,760",195,56,8
2025-03-10,facebook,FA12716,fb_app_install,2025-02-25,DE,android,139.97,"14,913",303,51,5
2025-01-14,facebook,FA92451,fb_retargeting,2024-10-29,SE,ios,341.22,"12,654",440,139,17
2025-12-20,instagram,IN82150,ig_story_launch,2025-12-20,DE,android,40.68,"7,900",156,46,10
2025-10-22,affiliate,AF26620,aff_autumn,2025-05-19,FI,android,19.04,"6,360",156,9,2
2025-02-24,twitter,TW35526,x_app_installs,2024-12-17,SK,android,50.14,"12,000",110,23,1
2025-06-08,facebook,FA68472,fb_retargeting,2025-06-04,HU,android,322.91,"12,832",398,55,15
2025-09-14,twitter,TW34556,x_awareness,2025-03-31,CY,ios,158.34,"22,069",427,83,17
2025-01-11,facebook,FA63741,fb_conversion_2025,2024-12-20,NL,ios,124.61,"7,541",96,22,4
2025-05-21,facebook,FA58609,fb_conversion_2025,2025-04-27,HR,android,263.61,"10,193",210,69,11
2025-06-15,instagram,IN55935,ig_retargeting,2025-03-29,HU,android,174.79,"9,703",231,59,14
2025-06-02,google,GO75759,google_search_brand,2025-05-01,MT,ios,250.08,"7,155",471,130,38
2025-10-05,tiktok,TI63085,tt_conversion_2025,2025-08-05,CZ,ios,170.35,"13,080",299,95,17
2025-08-25,instagram,IN38975,ig_retargeting,2025-05-27,BG,ios,118.65,"9,132",185,55,11
2025-10-06,tiktok,TI17083,tt_spark_ads,2025-06-26,DE,android,59.74,"11,255",383,69,11
2025-04-11,tiktok,TI74289,tt_app_installs,2024-11-22,BG,android,302.76,"16,540",509,155,16
2025-12-11,facebook,FA54998,fb_conversion_2025,2025-09-03,CY,android,71.16,"6,765",109,18,3
2025-10-15,affiliate,AF16163,aff_winter,2025-04-05,SE,android,72.15,"9,233",177,28,2
2025-02-23,affiliate,AF89863,aff_winter,2024-07-14,SI,android,39.16,"7,919",44,3,0
2025-12-10,instagram,IN60723,ig_story_launch,2025-08-28,HU,android,72.03,"11,631",457,48,11
2025-08-10,tiktok,TI31340,tt_app_installs,2025-06-09,LT,ios,154.07,"9,890",468,105,10
2025-07-06,facebook,FA34949,fb_retargeting,2025-05-03,IE,ios,315.59,"20,382",505,136,12
2025-11-21,facebook,FA42837,fb_retargeting,2025-10-11,BE,ios,206.65,"7,514",261,46,3
2025-07-24,google,GO67676,google_youtube_video,2025-04-17,HU,ios,157.77,"7,543",167,20,6
2025-06-17,facebook,FA32343,fb_brand_awareness,2025-05-03,CY,android,154.42,"13,807",406,51,11
2025-05-21,facebook,FA63569,fb_conversion_2025,2025-02-02,SK,ios,87.47,"9,088",210,70,13
2025-09-03,facebook,FA88033,fb_retargeting,2025-05-22,SI,ios,407.23,"21,904",425,130,21
2025-12-30,google,GO56831,google_pmax_2025,2025-11-17,GR,ios,298.40,"9,076",610,112,16
2025-06-15,tiktok,TI80794,tt_conversion_2025,2025-03-22,IE,ios,102.73,"9,918",505,101,10
2025-09-18,tiktok,TI66087,tt_creator_push,2025-04-12,IE,ios,163.04,"9,509",193,29,6
2025-08-24,twitter,TW35475,x_web_conversions,2025-05-08,LT,android,12.07,"2,992",23,3,0
2025-07-15,google,GO47696,google_search_brand,2025-06-16,HR,ios,140.43,"6,731",335,87,9
2025-01-05,google,GO62025,google_search_brand,2024-08-18,ES,android,172.14,"16,352",823,166,53
2025-05-10,instagram,IN53497,ig_reels_push,2025-01-10,FR,ios,166.67,"7,072",251,67,16
2025-01-15,tiktok,TI75598,tt_conversion_2025,2024-12-17,IE,ios,90.03,"9,562",467,106,6
2025-09-12,instagram,IN30030,ig_retargeting,2025-06-21,PL,android,92.89,"8,821",298,59,13
2025-06-09,twitter,TW22736,x_app_installs,2024-12-16,BE,ios,60.03,"7,433",76,5,1
2025-12-14,affiliate,AF20619,aff_summer,2025-08-26,IT,ios,48.88,"6,211",124,17,3
2025-05-09,twitter,TW30354,x_app_installs,2025-04-16,LT,android,72.91,"7,550",61,9,0
2025-06-05,twitter,TW32316,x_app_installs,2025-02-25,ES,android,46.27,"7,514",130,19,3
2025-07-28,google,GO93425,google_display_retargeting,2025-05-16,AT,android,64.71,"5,447",144,38,4
2025-10-19,google,GO49264,google_display_retargeting,2025-09-05,HU,android,278.86,"8,056",370,102,9
2025-11-25,twitter,TW58896,x_retargeting,2025-08-02,SI,android,211.11,"18,247",482,93,14
2025-04-22,twitter,TW49332,x_retargeting,2024-11-05,BG,android,28.36,"6,202",178,25,5
2025-04-29,instagram,IN55196,ig_reels_push,2025-04-21,MT,android,168.15,"11,927",228,26,7
2025-12-25,affiliate,AF84323,aff_spring,2025-11-08,CY,android,81.65,"9,645",128,15,2
2025-09-19,twitter,TW63054,x_app_installs,2025-07-08,FR,ios,71.52,"13,481",247,35,7
2025-08-29,twitter,TW87320,x_awareness,2025-03-19,MT,ios,77.83,"5,924",52,7,1
2025-07-21,instagram,IN65789,ig_retargeting,2025-05-13,HR,ios,160.61,"14,554",231,57,11
2025-04-29,instagram,IN84309,ig_reels_push,2025-04-19,SI,ios,48.24,"7,430",289,53,10
2025-01-03,tiktok,TI28267,tt_creator_push,2024-09-06,MT,ios,24.23,"5,288",194,59,6
2025-06-01,tiktok,TI50316,tt_app_installs,2024-12-30,LU,android,116.14,"8,300",179,45,6
2025-02-06,instagram,IN17596,ig_story_launch,2025-01-15,PL,ios,112.22,"5,527",95,11,2
2025-07-06,tiktok,TI84103,tt_creator_push,2025-02-06,AT,android,364.20,"17,737",905,118,11
2025-09-07,instagram,IN75842,ig_retargeting,2025-07-21,FR,ios,208.77,"11,025",382,100,9
2025-09-08,twitter,TW99889,x_web_conversions,2025-03-28,DE,android,41.98,"3,048",88,12,1
2025-04-02,affiliate,AF88673,aff_spring,2024-09-11,LT,ios,122.57,"8,845",117,11,1
2025-12-04,affiliate,AF36814,aff_winter,2025-05-04,SE,android,64.54,"9,895",63,8,1
2025-02-11,facebook,FA54354,fb_conversion_2025,2024-12-10,IE,ios,33.27,"2,360",31,6,2
2025-11-05,instagram,IN95704,ig_story_launch,2025-08-12,DE,ios,156.60,"10,055",369,75,15
2025-02-25,twitter,TW95564,x_web_conversions,2024-11-24,HU,android,134.35,"10,641",240,40,5
2025-06-24,twitter,TW85224,x_web_conversions,2025-04-13,IE,android,64.13,"6,975",183,26,5
2025-12-04,facebook,FA36691,fb_brand_awareness,2025-10-10,MT,android,312.29,"18,524",312,68,17
2025-01-05,google,GO57877,google_youtube_video,2024-07-29,PL,ios,246.24,"9,094",278,38,6
2025-06-18,instagram,IN47681,ig_app_install,2025-03-22,LU,android,130.38,"22,298",426,84,17
2025-08-06,tiktok,TI21752,tt_app_installs,2025-06-27,PT,ios,127.74,"8,648",197,54,12
2025-09-16,instagram,IN80827,ig_reels_push,2025-08-10,MT,android,43.11,"7,524",329,35,5
2025-07-04,facebook,FA56995,fb_conversion_2025,2025-07-02,SE,ios,314.80,"12,498",422,101,12
2025-03-14,google,GO83338,google_youtube_video,2024-12-24,LU,ios,171.67,"18,041",414,51,4
2025-10-13,instagram,IN67554,ig_reels_push,2025-09-05,LT,android,29.98,"2,141",47,9,1
2025-12-08,affiliate,AF86094,aff_winter,2025-11-05,AT,ios,25.61,"2,926",54,5,0
2025-04-09,tiktok,TI22541,tt_conversion_2025,2024-11-14,AT,ios,71.01,"8,027",298,41,5
2025-11-03,affiliate,AF91065,aff_autumn,2025-04-19,NL,android,81.24,"6,132",67,6,0
2025-01-18,tiktok,TI79504,tt_app_installs,2024-08-25,BE,ios,133.91,"10,421",263,37,6
2025-02-15,tiktok,TI85496,tt_conversion_2025,2025-01-12,BG,ios,184.56,"9,018",128,15,1
2025-09-24,affiliate,AF62095,aff_spring,2025-08-04,SE,android,173.95,"12,976",147,14,1
2025-05-05,facebook,FA32624,fb_app_install,2025-03-12,BG,android,204.26,"9,221",151,32,5
2025-11-04,twitter,TW41207,x_app_installs,2025-09-17,NL,android,89.44,"8,791",254,42,8
2025-08-10,facebook,FA33391,fb_conversion_2025,2025-07-25,PL,ios,175.84,"9,015",283,74,16
2025-04-03,affiliate,AF25597,aff_summer,2025-01-05,BE,android,100.12,"19,730",433,42,3
2025-09-20,tiktok,TI48157,tt_conversion_2025,2025-08-12,PL,ios,38.40,"4,459",78,8,0
2025-05-01,twitter,TW40395,x_retargeting,2024-12-04,PL,android,94.67,"13,544",161,23,4
2025-06-20,affiliate,AF88978,aff_spring,2025-05-17,BE,android,13.01,"3,770",73,11,1
2025-04-19,instagram,IN34256,ig_reels_push,2025-01-10,FI,ios,116.64,"8,557",202,56,10
2025-08-03,tiktok,TI81693,tt_creator_push,2025-07-11,IT,android,80.02,"7,940",148,25,6
2025-11-22,tiktok,TI12825,tt_conversion_2025,2025-11-08,BE,android,150.87,"7,168",176,33,5
2025-04-24,instagram,IN96341,ig_story_launch,2025-02-09,SI,android,279.66,"23,701",287,49,5
2025-03-21,affiliate,AF15183,aff_spring,2024-07-11,NL,ios,65.48,"12,060",178,28,1
2025-04-28,google,GO36610,google_search_brand,2024-12-24,LU,ios,404.93,"16,353",1109,143,39
2025-04-14,affiliate,AF16861,aff_autumn,2024-12-22,SK,android,62.98,"17,502",348,34,5
2025-06-04,tiktok,TI14484,tt_app_installs,2025-03-18,CZ,ios,18.17,"4,262",180,51,5
2025-02-22,google,GO50396,google_search_brand,2024-11-06,HU,android,589.94,"18,351",947,254,42
2025-10-05,facebook,FA84884,fb_retargeting,2025-08-25,DK,ios,66.59,"9,107",119,18,2
2025-05-16,tiktok,TI60403,tt_conversion_2025,2025-01-21,BG,ios,204.36,"16,073",879,144,12
2025-07-27,google,GO57001,google_pmax_2025,2025-03-24,RO,ios,195.49,"8,551",548,134,10
2025-01-23,instagram,IN37573,ig_reels_push,2024-12-16,HU,ios,179.28,"8,020",309,34,7
2025-06-16,tiktok,TI97087,tt_app_installs,2025-01-19,IT,ios,364.32,"17,244",711,104,22
2025-03-01,instagram,IN91084,ig_retargeting,2024-11-30,PT,ios,153.11,"7,580",232,38,9
2025-12-15,facebook,FA22871,fb_retargeting,2025-09-28,AT,android,97.08,"7,708",175,46,8
2025-07-25,facebook,FA75674,fb_retargeting,2025-04-21,SI,android,188.64,"7,445",111,17,1
2025-12-17,instagram,IN49880,ig_reels_push,2025-09-08,CY,android,161.11,"10,854",433,96,25
2025-07-25,tiktok,TI66683,tt_spark_ads,2025-04-24,HU,ios,67.16,"9,589",325,89,13
2025-08-31,instagram,IN23870,ig_retargeting,2025-06-05,IT,ios,112.87,"14,766",195,42,6
2025-10-16,affiliate,AF60712,aff_summer,2025-07-06,FR,android,59.28,"12,667",112,20,1
2025-06-27,twitter,TW18735,x_app_installs,2025-03-09,SK,ios,56.49,"8,252",106,11,2
2025-02-01,twitter,TW30593,x_awareness,2024-11-20,BE,ios,172.14,"11,900",75,16,2
2025-01-07,tiktok,TI40980,tt_spark_ads,2024-12-31,LT,ios,119.90,"11,437",411,76,13
2025-02-21,facebook,FA35861,fb_brand_awareness,2025-02-20,FI,android,51.31,"7,313",116,33,9
2025-08-02,facebook,FA73172,fb_retargeting,2025-05-03,IT,ios,70.14,"4,102",125,21,5
2025-10-15,affiliate,AF95672,aff_summer,2025-07-27,SE,ios,151.90,"11,189",220,20,1
2025-07-17,tiktok,TI30735,tt_creator_push,2025-06-03,LU,ios,47.12,"4,909",120,36,8
2025-03-18,instagram,IN60809,ig_story_launch,2025-02-03,SK,android,218.83,"10,221",160,35,9
2025-02-10,affiliate,AF48867,aff_spring,2025-01-19,CZ,ios,57.74,"6,862",91,9,0
2025-09-12,facebook,FA46269,fb_retargeting,2025-05-21,PL,ios,136.39,"11,524",202,54,6
2025-05-18,tiktok,TI79065,tt_conversion_2025,2025-04-23,HR,ios,135.30,"10,036",243,37,6
2025-05-19,google,GO79526,google_youtube_video,2025-01-27,CZ,android,55.22,"4,256",150,34,8
2025-12-25,affiliate,AF87052,aff_autumn,2025-10-22,ES,android,70.75,"9,797",194,14,2
2025-11-20,instagram,IN24189,ig_story_launch,2025-08-28,SE,ios,237.58,"12,603",375,91,8
2025-03-14,twitter,TW56299,x_web_conversions,2024-11-28,HR,ios,68.53,"3,969",30,4,0
2025-12-13,twitter,TW55355,x_awareness,2025-06-30,IE,ios,64.92,"15,877",309,38,3
2025-07-24,google,GO66045,google_display_retargeting,2025-06-23,MT,android,344.18,"10,474",456,104,14
2025-10-12,affiliate,AF41361,aff_winter,2025-09-14,LV,android,90.69,"9,621",232,24,1
2025-08-09,tiktok,TI70585,tt_app_installs,2025-08-06,IT,android,148.39,"11,283",476,78,4
2025-05-14,affiliate,AF38206,aff_winter,2025-04-21,HU,android,125.94,"14,152",258,20,1
2025-11-19,instagram,IN49673,ig_story_launch,2025-08-23,LT,ios,48.51,"9,140",317,56,13
2025-10-04,facebook,FA49430,fb_conversion_2025,2025-08-08,SI,ios,178.84,"13,970",358,44,7
2025-10-15,tiktok,TI34004,tt_conversion_2025,2025-08-24,BG,ios,172.32,"18,035",854,112,5
2025-02-01,instagram,IN62396,ig_retargeting,2024-11-22,PL,android,257.61,"13,299",464,94,10
2025-01-07,google,GO50596,google_display_retargeting,2024-09-09,BG,android,139.83,"4,872",274,23,5
2025-07-12,affiliate,AF88202,aff_summer,2024-10-04,AT,android,34.90,"10,872",271,14,2
2025-08-15,twitter,TW41903,x_retargeting,2025-06-22,HR,android,37.82,"9,115",71,10,1
2025-09-06,tiktok,TI48207,tt_conversion_2025,2025-07-02,SK,ios,113.96,"12,483",309,37,3
2025-10-02,twitter,TW83107,x_web_conversions,2025-05-22,BG,ios,76.15,"8,436",129,16,3
2025-09-04,google,GO79489,google_youtube_video,2025-04-18,IT,ios,283.14,"9,289",559,112,35
2025-05-05,twitter,TW17739,x_awareness,2025-03-26,EE,android,129.88,"7,555",223,33,4
2025-03-26,twitter,TW78983,x_awareness,2024-12-26,ES,ios,160.24,"13,894",406,52,11
2025-01-07,instagram,IN78175,ig_retargeting,2024-10-31,BE,android,39.41,"7,257",106,18,3
2025-06-19,facebook,FA85321,fb_retargeting,2025-03-15,PT,android,120.23,"8,691",223,54,12
2025-11-30,affiliate,AF81118,aff_summer,2025-09-30,LT,android,32.63,"4,964",42,6,1
2025-04-03,affiliate,AF57640,aff_spring,2024-09-01,FR,android,138.34,"10,193",103,9,0
2025-07-26,affiliate,AF39317,aff_winter,2024-11-06,PL,ios,132.77,"10,721",144,14,2
2025-01-04,google,GO95067,google_pmax_2025,2024-11-11,IT,android,120.60,"14,840",879,157,38
2025-10-12,facebook,FA28449,fb_brand_awareness,2025-08-28,BG,android,75.96,"6,676",142,44,8
2025-09-13,instagram,IN28788,ig_retargeting,2025-06-10,LU,android,37.46,"7,420",287,60,6
2025-04-04,tiktok,TI63335,tt_creator_push,2025-01-18,LV,ios,48.00,"10,290",376,49,7
2025-11-28,twitter,TW71168,x_web_conversions,2025-09-29,AT,android,25.54,"4,548",61,13,2
2025-10-23,google,GO90884,google_youtube_video,2025-05-26,SI,ios,339.43,"10,828",730,92,16
2025-12-30,twitter,TW25023,x_app_installs,2025-10-06,SK,android,145.83,"12,391",315,40,4
2025-11-06,tiktok,TI91755,tt_creator_push,2025-08-23,HU,ios,69.98,"10,524",179,20,1
2025-06-07,twitter,TW77438,x_retargeting,2025-03-30,LT,android,41.61,"12,962",312,34,4
2025-02-26,affiliate,AF24828,aff_spring,2024-10-08,SE,ios,18.51,"5,428",119,14,2
2025-10-24,google,GO46417,google_display_retargeting,2025-10-01,LV,ios,97.03,"9,328",482,102,6
2025-06-20,affiliate,AF74314,aff_summer,2025-05-23,PT,ios,81.36,"5,997",26,2,0
2025-07-31,tiktok,TI53299,tt_conversion_2025,2025-03-10,PT,ios,30.33,"2,782",150,32,4
2025-08-17,google,GO78326,google_search_brand,2025-05-08,RO,android,164.31,"14,544",306,28,3
2025-03-18,facebook,FA53415,fb_conversion_2025,2025-02-07,SI,android,187.22,"7,703",217,59,17
2025-09-18,tiktok,TI24899,tt_spark_ads,2025-08-07,PT,android,96.32,"11,775",543,84,7
2025-05-09,twitter,TW35564,x_app_installs,2024-12-16,AT,ios,118.44,"8,732",243,16,1
2025-10-26,instagram,IN87784,ig_reels_push,2025-10-06,LU,ios,142.41,"11,667",354,99,14
2025-02-27,affiliate,AF99429,aff_summer,2025-02-23,GR,android,135.39,"10,027",168,18,3
2025-07-04,google,GO86594,google_display_retargeting,2025-05-05,LT,android,252.82,"7,836",430,105,9
2025-10-28,tiktok,TI70507,tt_creator_push,2025-09-21,DK,ios,245.97,"11,865",262,41,9
2025-09-19,google,GO79578,google_pmax_2025,2025-06-27,CZ,ios,310.27,"11,718",448,102,14
2025-01-05,affiliate,AF52721,aff_spring,2024-07-16,PT,android,27.01,"8,061",164,9,2
2025-07-23,tiktok,TI90765,tt_conversion_2025,2025-05-06,DK,ios,89.82,"16,977",886,275,45
2025-08-16,google,GO45120,google_youtube_video,2025-04-14,CZ,android,567.63,"16,824",495,109,9
2025-01-23,facebook,FA20104,fb_conversion_2025,2024-12-24,CZ,android,82.28,"8,116",150,51,15
2025-11-27,affiliate,AF19182,aff_autumn,2025-11-11,CZ,android,81.15,"9,897",162,13,1
2025-03-22,tiktok,TI37083,tt_conversion_2025,2024-12-23,MT,ios,115.95,"11,363",532,100,18
2025-12-01,tiktok,TI36418,tt_conversion_2025,2025-10-04,RO,ios,45.11,"5,663",231,62,9
2025-12-11,google,GO13460,google_pmax_2025,2025-07-27,HR,ios,321.39,"11,185",292,69,17
2025-03-05,twitter,TW39100,x_app_installs,2024-12-12,LU,android,32.16,"3,912",37,7,1
2025-10-16,google,GO25406,google_pmax_2025,2025-09-26,AT,android,176.52,"13,516",696,106,34
2025-03-25,twitter,TW16960,x_awareness,2025-02-13,HU,android,17.42,"3,863",97,10,1
2025-12-09,facebook,FA93987,fb_conversion_2025,2025-11-16,SI,android,172.99,"8,748",123,31,8
2025-03-28,affiliate,AF45168,aff_summer,2025-03-15,SE,android,44.59,"7,316",100,12,1
2025-10-24,instagram,IN17791,ig_app_install,2025-08-26,DK,android,40.86,"2,570",79,16,3
2025-07-25,affiliate,AF24349,aff_winter,2025-06-22,PT,ios,40.43,"7,041",94,7,0
2025-10-06,facebook,FA39477,fb_brand_awareness,2025-06-19,NL,android,77.03,"3,004",73,11,2
2025-05-07,instagram,IN65761,ig_app_install,2025-03-16,DK,android,47.80,"2,243",34,6,1
2025-01-17,twitter,TW84010,x_web_conversions,2024-11-16,FI,ios,32.88,"1,991",20,4,1
2025-05-28,facebook,FA58918,fb_conversion_2025,2025-04-23,DK,android,193.68,"18,841",450,128,38
2025-12-03,google,GO54437,google_search_brand,2025-06-28,DE,android,121.56,"7,286",375,59,6
2025-02-19,tiktok,TI61807,tt_app_installs,2025-01-08,DE,android,64.08,"6,685",343,53,7
2025-09-15,instagram,IN11698,ig_app_install,2025-05-24,DK,ios,103.72,"9,765",129,37,2
2025-08-15,google,GO56999,google_display_retargeting,2025-07-09,SE,android,377.47,"11,918",255,71,10
2025-11-26,tiktok,TI69103,tt_app_installs,2025-08-21,EE,android,110.71,"8,629",350,87,18
2025-09-04,tiktok,TI37141,tt_spark_ads,2025-06-29,BE,ios,185.17,"8,868",355,41,2
2025-09-12,twitter,TW89331,x_awareness,2025-07-11,CY,ios,122.54,"16,737",408,61,12
2025-11-12,google,GO32781,google_search_brand,2025-06-05,BE,android,278.67,"13,985",568,136,31
2025-06-29,instagram,IN64029,ig_story_launch,2025-04-01,HU,ios,77.86,"10,266",169,31,3
2025-08-23,affiliate,AF94445,aff_autumn,2025-07-11,LU,ios,88.67,"7,222",176,9,1
2025-08-07,twitter,TW25733,x_web_conversions,2025-03-15,SI,android,30.54,"7,641",109,12,1
2025-03-14,facebook,FA66257,fb_conversion_2025,2024-12-06,GR,ios,159.70,"5,997",151,47,12
2025-10-16,instagram,IN50896,ig_reels_push,2025-08-06,HU,ios,84.44,"5,850",192,27,4
2025-10-20,instagram,IN31326,ig_reels_push,2025-09-23,LU,android,139.06,"19,407",722,103,21
2025-05-13,tiktok,TI95557,tt_app_installs,2025-01-10,DE,android,124.14,"9,431",478,122,19
2025-02-02,tiktok,TI84601,tt_creator_push,2024-10-08,FI,android,213.82,"10,062",316,56,4
2025-11-23,instagram,IN47246,ig_retargeting,2025-09-19,LV,android,109.48,"6,095",269,33,5
2025-08-15,twitter,TW54778,x_awareness,2025-05-10,SK,android,183.78,"10,337",144,12,2
2025-08-29,twitter,TW74181,x_awareness,2025-07-10,SK,android,103.30,"12,487",138,10,1
2025-03-23,google,GO19049,google_pmax_2025,2025-03-03,ES,android,330.84,"9,928",681,127,13
2025-08-06,instagram,IN52030,ig_retargeting,2025-05-10,FR,ios,113.20,"6,502",264,30,4
2025-06-19,facebook,FA37517,fb_brand_awareness,2025-03-03,DE,ios,82.00,"4,635",148,35,7
2025-09-20,instagram,IN90279,ig_app_install,2025-06-16,BE,ios,79.61,"13,154",239,67,18
2025-06-16,instagram,IN26273,ig_reels_push,2025-04-28,GR,ios,186.10,"18,386",779,195,44
2025-03-26,twitter,TW59146,x_web_conversions,2025-01-21,BG,ios,228.72,"18,746",152,17,3
2025-09-24,instagram,IN65525,ig_app_install,2025-08-06,ES,android,35.18,"5,500",81,24,4
2025-05-20,google,GO55468,google_search_brand,2025-02-26,DK,ios,266.23,"9,158",493,51,11
2025-01-05,google,GO62009,google_pmax_2025,2024-09-13,LV,ios,214.06,"11,395",412,55,4
2025-07-26,twitter,TW91454,x_web_conversions,2025-05-15,PL,android,93.75,"10,691",274,21,3
2025-01-09,twitter,TW60695,x_web_conversions,2024-09-12,PT,ios,53.21,"13,742",292,23,5
2025-09-13,google,GO24113,google_pmax_2025,2025-06-03,FR,android,350.60,"10,681",405,61,15
2025-09-28,tiktok,TI30543,tt_creator_push,2025-06-21,CY,android,32.11,"5,132",166,30,5
2025-03-25,affiliate,AF10814,aff_spring,2024-09-03,IE,android,227.18,"18,482",393,66,9
2025-01-02,affiliate,AF61503,aff_autumn,2024-06-20,SK,android,57.66,"8,471",175,24,4
2025-06-20,affiliate,AF55663,aff_autumn,2025-04-15,CY,ios,108.24,"9,601",99,11,1
2025-02-05,instagram,IN23930,ig_reels_push,2024-11-06,LT,ios,167.52,"8,598",306,71,15
2025-08-11,google,GO51589,google_pmax_2025,2025-05-24,DK,ios,456.81,"14,309",306,84,13
2025-05-26,twitter,TW66058,x_web_conversions,2025-03-19,ES,ios,82.02,"8,133",236,20,1
2025-07-16,affiliate,AF97097,aff_winter,2024-12-04,SK,ios,36.48,"5,973",114,15,1
2025-08-21,instagram,IN99875,ig_app_install,2025-07-28,CY,ios,147.52,"10,389",453,50,4
2025-07-30,twitter,TW41957,x_web_conversions,2025-07-02,SE,ios,67.91,"14,505",396,82,13
2025-03-07,affiliate,AF32133,aff_summer,2024-08-27,NL,ios,35.16,"6,201",114,16,1
2025-04-02,facebook,FA84140,fb_brand_awareness,2025-01-29,SK,ios,185.34,"7,243",156,29,3
2025-10-11,facebook,FA75326,fb_retargeting,2025-09-06,IE,android,99.39,"8,618",267,43,7
2025-09-03,tiktok,TI69957,tt_conversion_2025,2025-07-20,DK,android,109.51,"5,580",112,35,6
2025-09-23,google,GO58442,google_search_brand,2025-07-03,LU,ios,347.82,"10,022",459,58,7
2025-08-07,tiktok,TI86645,tt_creator_push,2025-05-07,LT,ios,317.71,"15,129",264,72,11
2025-07-18,affiliate,AF68889,aff_autumn,2025-04-20,CZ,ios,126.01,"9,328",119,18,2
2025-12-05,google,GO46830,google_youtube_video,2025-09-18,IT,android,83.71,"8,213",275,49,11
2025-03-21,google,GO37045,google_pmax_2025,2025-02-18,LU,android,74.32,"8,015",345,37,8
2025-03-18,tiktok,TI24951,tt_conversion_2025,2025-01-19,HU,ios,65.68,"13,311",236,34,5
2025-11-26,twitter,TW92119,x_app_installs,2025-08-29,DE,ios,30.14,"3,050",76,12,2
2025-10-01,twitter,TW62466,x_app_installs,2025-05-15,LT,android,133.30,"9,617",200,19,2
2025-10-29,tiktok,TI42438,tt_conversion_2025,2025-09-19,SK,ios,149.68,"9,422",148,42,6
2025-01-30,tiktok,TI31399,tt_app_installs,2024-11-23,LU,ios,70.61,"8,840",268,34,4
2025-09-11,affiliate,AF41766,aff_autumn,2025-04-01,HR,android,39.81,"11,902",51,3,0
2025-11-06,instagram,IN54889,ig_app_install,2025-10-15,IT,ios,109.90,"10,825",314,71,19
2025-10-08,instagram,IN27786,ig_story_launch,2025-08-19,ES,ios,106.11,"5,362",91,11,1
2025-12-16,twitter,TW37685,x_web_conversions,2025-11-02,SE,ios,14.60,"1,865",42,7,1
2025-11-22,google,GO43234,google_display_retargeting,2025-08-04,CZ,ios,159.48,"6,589",287,41,9
2025-11-19,twitter,TW65701,x_web_conversions,2025-07-25,SK,android,125.60,"11,841",78,16,2
2025-01-19,instagram,IN97268,ig_app_install,2024-10-04,SK,android,185.72,"9,184",282,41,5
2025-06-01,google,GO46029,google_search_brand,2025-02-02,PL,android,248.16,"10,925",713,136,40
2025-02-27,instagram,IN87422,ig_retargeting,2025-02-10,EE,ios,117.46,"5,127",183,43,7
2025-08-17,google,GO61119,google_pmax_2025,2025-05-23,RO,ios,468.96,"13,794",348,49,15
2025-03-25,twitter,TW54569,x_web_conversions,2024-12-25,DE,android,108.73,"8,943",90,16,2
2025-02-01,google,GO39998,google_youtube_video,2024-10-30,HR,android,171.73,"6,050",405,78,17
2025-12-03,affiliate,AF43819,aff_autumn,2025-02-20,SK,android,20.24,"4,131",41,3,0
2025-08-17,instagram,IN65374,ig_retargeting,2025-05-08,ES,android,137.88,"8,844",125,26,3
2025-07-15,google,GO27011,google_display_retargeting,2025-05-22,AT,android,374.14,"10,968",632,154,22
2025-04-04,google,GO72124,google_pmax_2025,2024-11-22,MT,android,90.41,"5,645",322,78,21
2025-03-06,twitter,TW14847,x_app_installs,2025-01-19,CZ,android,125.69,"8,322",168,30,4
2025-09-04,twitter,TW24567,x_retargeting,2025-05-14,AT,ios,114.36,"9,557",211,17,3
2025-09-30,twitter,TW26178,x_web_conversions,2025-06-20,IT,ios,80.44,"7,757",204,40,4
2025-10-27,instagram,IN34940,ig_app_install,2025-10-19,DE,ios,95.54,"17,465",765,166,18
2025-10-18,affiliate,AF15758,aff_autumn,2025-06-30,SI,android,99.25,"7,734",46,5,0
2025-01-09,affiliate,AF50709,aff_winter,2024-08-15,DK,android,154.19,"11,158",216,19,2
2025-03-09,affiliate,AF46018,aff_summer,2025-03-09,CY,ios,84.95,"9,574",141,19,1
2025-03-31,instagram,IN49537,ig_retargeting,2024-12-09,AT,ios,171.93,"9,434",358,40,6
2025-09-08,instagram,IN93473,ig_reels_push,2025-07-14,HU,ios,122.37,"9,194",361,106,24
2025-08-23,twitter,TW68918,x_web_conversions,2025-03-02,CZ,ios,58.28,"6,590",167,17,1
2025-01-08,facebook,FA41088,fb_conversion_2025,2024-09-23,SI,android,83.32,"9,202",169,28,8
2025-05-31,twitter,TW18077,x_retargeting,2025-03-26,LT,android,15.24,"4,547",63,10,2
2025-01-01,google,GO98024,google_display_retargeting,2024-12-02,RO,android,430.54,"13,400",612,134,21
2025-09-08,affiliate,AF91985,aff_summer,2025-05-04,CZ,ios,49.55,"11,572",57,3,0
2025-03-20,affiliate,AF51892,aff_autumn,2025-03-02,BE,ios,28.90,"5,062",87,14,1
2025-09-28,instagram,IN11350,ig_app_install,2025-07-04,FI,android,53.29,"7,418",181,37,4
2025-01-11,instagram,IN86657,ig_story_launch,2024-12-16,PL,ios,169.56,"10,543",214,58,9
2025-08-18,twitter,TW18982,x_awareness,2025-04-26,HR,android,24.92,"6,119",46,7,1
2025-03-31,facebook,FA31134,fb_conversion_2025,2024-12-04,SE,ios,146.19,"9,189",116,25,5
2025-09-02,instagram,IN80264,ig_app_install,2025-05-24,AT,ios,87.49,"7,495",284,66,4
2025-05-23,affiliate,AF99359,aff_spring,2024-10-29,SI,android,92.81,"8,366",132,8,1
2025-10-25,affiliate,AF55795,aff_winter,2025-03-03,BG,android,49.75,"6,454",85,12,1
2025-03-03,instagram,IN61067,ig_story_launch,2024-12-07,FI,ios,82.88,"7,140",202,26,6
2025-12-07,facebook,FA87034,fb_retargeting,2025-09-20,AT,android,25.27,"3,167",29,6,2
2025-04-08,tiktok,TI90801,tt_app_installs,2025-03-17,DK,android,81.10,"6,602",107,18,4
2025-08-25,facebook,FA78520,fb_app_install,2025-06-18,CY,android,182.47,"10,256",87,24,7
2025-08-15,facebook,FA71698,fb_retargeting,2025-05-05,SK,ios,68.28,"7,958",269,64,11
2025-07-25,facebook,FA82018,fb_retargeting,2025-04-15,CZ,ios,219.38,"10,915",211,66,11
2025-01-14,affiliate,AF91386,aff_autumn,2024-03-29,IE,android,24.60,"6,237",145,14,2
2025-03-28,affiliate,AF58475,aff_spring,2024-08-31,BE,ios,48.61,"5,541",85,9,1
2025-02-11,twitter,TW22745,x_app_installs,2025-01-03,HR,ios,83.41,"9,971",295,37,2
2025-11-25,tiktok,TI72855,tt_creator_push,2025-08-20,HR,ios,58.62,"9,299",510,57,12
2025-10-22,instagram,IN59562,ig_app_install,2025-06-26,HR,ios,110.35,"8,205",131,37,4
2025-01-02,tiktok,TI79840,tt_conversion_2025,2024-08-27,SK,android,130.00,"9,429",421,54,3
2025-06-21,affiliate,AF10002,aff_autumn,2025-02-24,EE,ios,23.85,"6,309",39,5,0
2025-02-10,twitter,TW64279,x_web_conversions,2024-10-24,BE,android,200.98,"13,565",207,15,2
2025-10-02,twitter,TW80482,x_web_conversions,2025-07-25,IE,android,109.14,"8,848",194,38,8
2025-06-29,google,GO32188,google_display_retargeting,2025-06-19,LU,ios,72.32,"5,785",177,17,1
2025-05-21,affiliate,AF43773,aff_spring,2024-10-02,IT,android,75.58,"15,207",181,20,1
2025-12-29,twitter,TW27607,x_app_installs,2025-07-27,CY,android,157.05,"8,814",122,23,4
2025-05-08,instagram,IN29817,ig_app_install,2025-01-22,BG,android,100.72,"4,837",166,19,5
2025-03-16,facebook,FA62201,fb_brand_awareness,2025-02-21,PL,ios,79.87,"6,437",193,57,14
2025-04-25,google,GO32574,google_search_brand,2025-03-19,MT,android,96.84,"4,638",104,28,4
2025-11-30,instagram,IN99112,ig_retargeting,2025-10-08,NL,android,48.59,"3,164",83,24,6
2025-03-08,tiktok,TI27328,tt_conversion_2025,2024-10-13,AT,ios,81.67,"5,743",165,22,4
2025-02-03,affiliate,AF63196,aff_summer,2024-12-20,GR,android,16.80,"7,172",104,17,3
2025-08-26,facebook,FA28124,fb_app_install,2025-05-31,ES,ios,59.36,"5,544",162,25,3
2025-08-04,affiliate,AF67886,aff_summer,2024-10-11,CY,android,11.50,"5,506",118,8,1
2025-05-27,facebook,FA53677,fb_app_install,2025-02-21,EE,android,63.85,"5,074",119,27,3
2025-04-28,facebook,FA94873,fb_retargeting,2025-02-27,FI,ios,99.08,"5,186",100,22,4
2025-04-16,tiktok,TI52694,tt_spark_ads,2025-01-24,LU,android,43.02,"6,503",339,84,7
2025-06-22,twitter,TW49978,x_awareness,2025-04-30,HU,android,25.94,"3,638",40,4,0
2025-10-23,instagram,IN76980,ig_retargeting,2025-09-03,AT,android,60.00,"7,565",235,50,5
2025-10-04,facebook,FA23268,fb_retargeting,2025-09-26,AT,ios,219.26,"10,410",213,62,6
2025-06-19,tiktok,TI87145,tt_app_installs,2025-05-03,IE,ios,167.31,"9,300",484,111,11
2025-06-27,google,GO89680,google_display_retargeting,2025-03-31,LV,ios,223.21,"13,490",859,239,44
2025-06-27,twitter,TW95902,x_retargeting,2025-02-19,FI,ios,187.04,"10,665",229,42,9
2025-08-16,instagram,IN23749,ig_app_install,2025-07-24,IT,ios,96.02,"7,698",78,11,2
2025-04-04,tiktok,TI24384,tt_creator_push,2025-02-07,MT,ios,65.44,"8,955",155,38,8
2025-10-31,tiktok,TI65671,tt_conversion_2025,2025-08-13,CY,ios,91.21,"10,049",293,80,13
2025-03-11,google,GO21678,google_search_brand,2024-12-02,DE,android,548.96,"20,779",784,203,39
2025-06-24,google,GO39421,google_display_retargeting,2025-04-26,SE,ios,460.71,"13,768",927,166,15
2025-01-05,instagram,IN66808,ig_reels_push,2024-10-28,BE,ios,103.65,"6,268",256,29,4
2025-11-09,facebook,FA41143,fb_app_install,2025-10-30,AT,android,291.74,"10,831",257,41,9
2025-08-05,tiktok,TI44971,tt_creator_push,2025-06-22,MT,android,83.08,"13,575",298,78,14
2025-07-02,google,GO28892,google_youtube_video,2025-02-20,ES,android,124.03,"14,634",297,75,7
2025-08-07,twitter,TW41696,x_app_installs,2025-07-11,GR,android,58.08,"7,255",196,43,7
2025-11-19,twitter,TW16978,x_awareness,2025-10-17,GR,android,35.22,"6,105",131,11,1
2025-02-21,tiktok,TI36029,tt_conversion_2025,2024-10-26,EE,android,118.43,"6,171",284,35,7
2025-02-23,tiktok,TI58164,tt_app_installs,2025-01-23,CY,android,122.89,"12,196",434,89,22
2025-06-16,tiktok,TI61246,tt_creator_push,2025-02-27,AT,ios,249.49,"13,749",277,55,13
2025-03-20,facebook,FA87075,fb_app_install,2025-01-15,SI,ios,92.19,"7,537",162,47,12
2025-07-25,twitter,TW43144,x_app_installs,2025-03-07,BE,ios,126.74,"8,787",177,32,3
2025-09-21,facebook,FA73352,fb_brand_awareness,2025-06-24,LU,ios,48.83,"7,040",197,46,7
2025-11-07,facebook,FA67855,fb_brand_awareness,2025-09-08,HU,android,338.77,"12,156",408,127,10
2025-03-26,facebook,FA55400,fb_brand_awareness,2024-12-26,CZ,android,65.25,"10,371",322,72,21
2025-03-27,twitter,TW53197,x_app_installs,2024-12-20,LU,ios,57.94,"15,386",312,62,8
2025-12-06,twitter,TW51047,x_app_installs,2025-10-06,ES,android,119.65,"26,038",390,34,2
2025-05-03,tiktok,TI77024,tt_app_installs,2025-04-14,CY,ios,119.50,"10,634",249,59,12
2025-10-11,affiliate,AF19788,aff_winter,2025-10-09,DE,ios,79.23,"5,740",102,17,1
2025-09-02,tiktok,TI11462,tt_app_installs,2025-06-30,DK,ios,82.97,"11,971",591,168,18
2025-10-26,tiktok,TI41247,tt_creator_push,2025-09-01,HR,ios,106.08,"18,405",316,43,9
2025-05-24,facebook,FA72742,fb_brand_awareness,2025-02-14,RO,ios,139.04,"8,775",218,31,7
2025-11-21,google,GO47014,google_search_brand,2025-06-28,BE,android,533.02,"20,124",560,133,17
2025-02-08,google,GO73838,google_pmax_2025,2024-11-17,LV,android,147.02,"4,574",177,32,6
2025-02-21,instagram,IN77961,ig_story_launch,2024-11-13,CZ,ios,75.77,"4,822",89,23,1
2025-01-16,affiliate,AF82456,aff_spring,2024-04-24,AT,ios,170.62,"16,449",279,43,5
2025-11-23,twitter,TW27540,x_retargeting,2025-09-12,CZ,android,75.64,"8,535",237,31,2
2025-04-06,twitter,TW28493,x_awareness,2024-12-16,IT,android,85.76,"12,535",246,19,3
2025-11-18,affiliate,AF18539,aff_autumn,2025-10-18,NL,android,48.51,"7,108",43,4,1
2025-07-31,tiktok,TI34780,tt_app_installs,2025-07-30,DK,ios,151.12,"7,609",142,23,3
2025-07-02,twitter,TW56534,x_app_installs,2025-01-18,DE,ios,25.07,"5,820",113,20,1
2025-07-07,affiliate,AF96334,aff_spring,2025-06-19,NL,android,28.65,"5,688",74,4,1
2025-06-02,instagram,IN18735,ig_story_launch,2025-05-18,FI,android,70.11,"9,473",135,31,2
2025-04-02,tiktok,TI29992,tt_creator_push,2025-01-06,SE,ios,103.72,"4,768",58,9,1
2025-12-04,facebook,FA62286,fb_conversion_2025,2025-11-15,MT,ios,33.41,"4,917",154,41,7
2025-10-22,twitter,TW96379,x_web_conversions,2025-09-21,SE,ios,82.44,"8,631",147,27,2
2025-01-30,affiliate,AF97359,aff_autumn,2024-05-30,AT,ios,49.26,"10,636",260,39,3
2025-01-24,facebook,FA47581,fb_conversion_2025,2024-09-26,HU,android,104.15,"11,271",143,43,8
2025-07-27,tiktok,TI25538,tt_app_installs,2025-06-17,FR,android,107.22,"10,398",305,75,16
2025-02-08,affiliate,AF57948,aff_winter,2024-11-14,SI,ios,37.09,"10,321",53,8,0
2025-09-17,facebook,FA76123,fb_app_install,2025-05-21,IT,android,94.99,"9,630",123,28,6
2025-01-30,affiliate,AF39351,aff_autumn,2024-05-07,HR,android,104.00,"9,042",174,24,4
2025-09-17,facebook,FA85386,fb_app_install,2025-06-21,SK,android,271.05,"12,874",265,86,21
2025-10-25,twitter,TW11092,x_web_conversions,2025-05-19,LU,ios,109.72,"12,341",197,43,9
2025-03-04,affiliate,AF31305,aff_summer,2024-09-11,MT,ios,138.61,"11,324",193,31,3
2025-06-13,google,GO43590,google_display_retargeting,2025-06-07,PT,ios,256.25,"7,322",329,71,6
2025-05-09,google,GO49821,google_display_retargeting,2024-12-16,BE,android,84.43,"9,076",442,88,23
2025-05-18,twitter,TW39105,x_app_installs,2025-03-28,ES,android,166.75,"10,677",113,23,2
2025-03-10,affiliate,AF10448,aff_autumn,2024-05-14,HU,android,85.23,"6,456",91,9,0
2025-01-09,affiliate,AF60228,aff_spring,2024-05-04,PL,ios,34.90,"10,539",66,8,1
2025-04-02,instagram,IN44845,ig_story_launch,2025-01-09,MT,android,154.69,"8,421",331,36,9
2025-10-22,affiliate,AF54460,aff_winter,2025-09-03,SE,android,23.81,"5,968",93,9,0
2025-08-02,tiktok,TI97991,tt_spark_ads,2025-03-26,HR,android,77.04,"10,947",428,136,7
2025-02-18,tiktok,TI88685,tt_app_installs,2024-09-13,CY,ios,58.66,"3,315",172,18,2
2025-05-05,tiktok,TI72338,tt_spark_ads,2025-03-06,BE,android,155.81,"16,898",469,119,6
2025-08-28,tiktok,TI83919,tt_spark_ads,2025-05-27,EE,ios,132.85,"6,050",124,32,6
2025-04-09,instagram,IN76535,ig_reels_push,2024-12-28,IE,ios,156.68,"13,807",387,43,8
2025-04-28,instagram,IN53305,ig_reels_push,2025-04-08,MT,ios,67.99,"8,790",105,23,3
2025-07-01,twitter,TW20496,x_retargeting,2025-03-13,ES,ios,39.17,"10,287",190,28,6
2025-03-13,facebook,FA59431,fb_conversion_2025,2024-11-23,CZ,android,105.97,"4,274",137,37,6
2025-09-30,affiliate,AF21902,aff_spring,2025-03-04,AT,ios,75.21,"6,160",154,9,1
2025-05-26,tiktok,TI88167,tt_app_installs,2025-01-04,LT,android,114.13,"6,665",183,33,7
2025-04-03,twitter,TW75581,x_web_conversions,2024-10-14,HR,ios,231.21,"12,931",158,31,5
2025-09-10,tiktok,TI16951,tt_app_installs,2025-07-04,SE,ios,57.78,"6,019",216,45,10
2025-06-03,affiliate,AF65026,aff_winter,2024-12-31,PL,android,14.16,"2,695",20,3,1
2025-08-27,facebook,FA19294,fb_app_install,2025-06-29,EE,android,178.73,"9,866",176,27,5
2025-04-15,affiliate,AF58046,aff_autumn,2025-02-05,CY,ios,84.80,"8,072",121,8,1
2025-12-22,facebook,FA86498,fb_brand_awareness,2025-10-01,AT,android,110.44,"9,895",201,47,10
2025-10-29,affiliate,AF64566,aff_winter,2025-10-05,SE,ios,57.31,"6,267",94,7,1
2025-11-17,twitter,TW69070,x_retargeting,2025-09-13,FI,android,143.73,"9,574",261,37,6
2025-03-13,twitter,TW48200,x_web_conversions,2024-11-26,CZ,ios,93.16,"5,293",70,8,1
2025-07-08,tiktok,TI59055,tt_spark_ads,2025-05-27,LT,ios,78.35,"10,351",479,131,12
2025-04-09,twitter,TW34663,x_retargeting,2024-12-26,LT,android,23.64,"7,751",97,12,1
2025-10-11,tiktok,TI88353,tt_app_installs,2025-08-02,LU,ios,64.22,"12,897",632,131,23
2025-05-02,facebook,FA54851,fb_app_install,2025-02-09,FI,ios,282.91,"11,854",299,84,24
2025-12-19,tiktok,TI89468,tt_creator_push,2025-10-21,DE,android,167.66,"9,676",431,82,5
2025-03-23,affiliate,AF81805,aff_winter,2025-02-12,SE,ios,15.56,"3,747",88,12,1
2025-08-10,instagram,IN48910,ig_story_launch,2025-08-05,MT,ios,75.48,"5,515",96,10,1
2025-03-24,google,GO14008,google_youtube_video,2024-12-11,BG,ios,215.51,"7,478",179,28,6
2025-11-17,instagram,IN48520,ig_story_launch,2025-09-13,PT,android,59.39,"4,731",129,33,8
2025-08-29,instagram,IN67040,ig_story_launch,2025-05-16,LU,ios,181.99,"7,634",283,82,8
2025-08-21,tiktok,TI47982,tt_creator_push,2025-08-01,MT,android,39.14,"4,130",122,39,2
2025-03-22,affiliate,AF83634,aff_winter,2024-09-15,FI,ios,81.44,"6,715",62,7,1
2025-03-28,twitter,TW58142,x_awareness,2024-10-29,EE,ios,167.26,"20,564",466,42,4
2025-07-18,google,GO49164,google_search_brand,2025-05-24,ES,android,67.02,"7,321",468,89,12
2025-12-31,facebook,FA50782,fb_conversion_2025,2025-09-21,IE,ios,88.15,"3,200",41,12,1
2025-12-19,tiktok,TI19525,tt_conversion_2025,2025-12-13,CZ,android,236.60,"12,964",357,99,19
2025-07-30,google,GO99191,google_display_retargeting,2025-07-08,DE,android,251.43,"8,208",332,71,9
2025-06-22,google,GO52767,google_search_brand,2025-05-06,SI,android,149.68,"12,031",285,71,21
2025-10-28,twitter,TW29556,x_retargeting,2025-10-08,CZ,android,216.26,"15,505",169,15,1
2025-01-24,affiliate,AF93117,aff_winter,2024-09-09,NL,android,33.77,"4,393",99,16,3
2025-05-27,affiliate,AF45899,aff_summer,2025-02-13,SE,android,21.89,"10,454",215,16,1
2025-06-19,tiktok,TI58977,tt_conversion_2025,2025-04-28,SK,android,79.94,"11,339",370,86,20
2025-07-26,twitter,TW31102,x_retargeting,2025-05-06,AT,android,127.51,"13,630",103,16,1
2025-08-27,tiktok,TI17179,tt_spark_ads,2025-06-14,CY,ios,196.14,"9,109",217,60,4
2025-04-21,tiktok,TI36544,tt_app_installs,2024-12-19,CY,android,28.87,"6,151",131,34,4
2025-03-01,facebook,FA35348,fb_brand_awareness,2024-12-03,CY,ios,85.18,"13,209",175,31,9
2025-04-06,google,GO13576,google_display_retargeting,2025-02-21,SE,android,452.33,"19,775",715,62,6
2025-07-26,google,GO86193,google_display_retargeting,2025-06-17,AT,ios,60.53,"7,176",301,55,17
2025-03-24,google,GO51003,google_youtube_video,2024-12-25,LU,ios,229.68,"7,931",273,37,8
2025-04-25,twitter,TW16870,x_app_installs,2024-12-24,IE,ios,64.28,"5,735",61,5,1
2025-03-18,google,GO61167,google_youtube_video,2025-01-03,LV,ios,213.04,"13,817",501,87,15
2025-09-16,twitter,TW87737,x_retargeting,2025-04-07,NL,ios,134.01,"13,290",118,13,2
2025-05-05,tiktok,TI28058,tt_app_installs,2025-02-23,NL,ios,191.29,"10,471",274,65,7
2025-05-02,facebook,FA72989,fb_conversion_2025,2025-04-10,BG,ios,125.11,"8,803",194,32,9
2025-10-18,facebook,FA97680,fb_retargeting,2025-09-13,GR,ios,464.07,"20,560",607,189,30
2025-12-20,instagram,IN87275,ig_story_launch,2025-11-20,HR,ios,77.37,"6,703",94,27,6
2025-05-17,instagram,IN92836,ig_story_launch,2025-04-14,SK,android,283.88,"14,282",527,150,19
2025-07-10,facebook,FA55285,fb_conversion_2025,2025-03-15,CZ,ios,124.28,"8,996",249,33,4
2025-04-09,facebook,FA67199,fb_conversion_2025,2025-01-11,DE,ios,67.61,"5,499",116,25,5
2025-10-27,tiktok,TI12169,tt_spark_ads,2025-09-07,SI,ios,72.16,"5,687",216,61,3
2025-08-26,instagram,IN76850,ig_reels_push,2025-08-23,FI,android,253.78,"15,739",505,88,11
2025-12-28,tiktok,TI60533,tt_conversion_2025,2025-11-23,FI,ios,127.07,"8,254",112,33,7
2025-04-22,twitter,TW44128,x_app_installs,2025-03-24,IE,android,314.27,"25,970",737,78,12
2025-02-13,affiliate,AF84302,aff_winter,2024-09-18,DK,android,87.80,"11,275",143,23,2
2025-09-26,google,GO17639,google_search_brand,2025-05-28,ES,android,255.69,"15,991",459,83,14
2025-02-28,tiktok,TI42562,tt_app_installs,2024-12-07,LV,android,76.61,"10,276",443,125,12
2025-05-18,affiliate,AF37662,aff_winter,2024-09-11,SI,ios,33.46,"6,633",107,18,1
2025-07-12,affiliate,AF57988,aff_summer,2024-10-03,NL,ios,94.56,"7,984",103,6,1
2025-11-16,twitter,TW45196,x_app_installs,2025-07-09,HU,android,101.89,"16,748",254,16,1
2025-04-09,twitter,TW10232,x_web_conversions,2024-12-07,HR,android,73.88,"12,158",255,42,6
2025-11-24,facebook,FA89152,fb_brand_awareness,2025-11-04,FI,android,143.97,"17,056",458,71,12
2025-07-11,twitter,TW42647,x_app_installs,2025-05-19,ES,ios,35.54,"2,940",30,6,1
2025-06-03,google,GO73207,google_display_retargeting,2025-01-09,HU,android,64.49,"3,603",202,24,8
2025-02-21,google,GO31284,google_youtube_video,2024-09-28,NL,ios,196.14,"6,781",358,44,3
2025-02-22,affiliate,AF86764,aff_autumn,2024-09-19,RO,android,66.04,"11,402",193,27,3
2025-04-15,google,GO30310,google_youtube_video,2025-04-14,MT,android,216.65,"9,329",320,35,11
2025-06-06,affiliate,AF25341,aff_winter,2025-02-20,DE,android,53.62,"8,894",214,29,1
2025-12-25,twitter,TW90824,x_awareness,2025-09-16,DE,ios,32.53,"4,793",60,7,0
2025-03-03,facebook,FA31087,fb_app_install,2024-11-19,NL,ios,330.84,"18,357",384,100,22
2025-06-02,affiliate,AF45686,aff_spring,2025-05-29,BE,android,72.95,"6,973",58,6,1
2025-03-21,google,GO80539,google_display_retargeting,2025-01-06,RO,android,41.73,"4,009",228,53,8
2025-02-24,affiliate,AF93834,aff_winter,2024-12-04,GR,ios,60.33,"8,655",168,30,5
2025-07-09,facebook,FA89875,fb_brand_awareness,2025-06-15,BG,android,126.33,"12,747",185,39,3
2025-10-13,affiliate,AF81746,aff_winter,2025-06-04,EE,android,59.37,"11,989",55,7,1
2025-08-10,instagram,IN12949,ig_story_launch,2025-04-13,DE,ios,39.90,"3,343",88,24,3
2025-09-18,tiktok,TI29177,tt_conversion_2025,2025-08-30,HR,android,227.23,"12,394",250,40,9
2025-09-16,google,GO97326,google_pmax_2025,2025-07-07,NL,ios,227.04,"6,619",265,74,21
2025-02-15,tiktok,TI59460,tt_creator_push,2024-11-05,AT,ios,140.49,"8,314",176,46,9
2025-03-25,facebook,FA98394,fb_conversion_2025,2025-03-13,ES,ios,91.69,"11,516",395,104,24
2025-02-06,google,GO96770,google_pmax_2025,2024-10-24,CZ,ios,92.53,"6,131",310,29,7
2025-10-06,google,GO38984,google_youtube_video,2025-05-28,HU,android,281.38,"9,487",231,20,3
2025-05-11,affiliate,AF68160,aff_autumn,2024-12-09,IE,android,100.22,"7,587",155,21,4
2025-06-08,tiktok,TI13104,tt_app_installs,2025-01-10,DE,android,114.07,"5,189",74,24,3
2025-10-02,google,GO53911,google_display_retargeting,2025-06-16,AT,android,382.94,"11,742",444,39,6
2025-02-14,google,GO73835,google_youtube_video,2024-11-16,GR,android,123.61,"6,230",416,95,23
2025-04-11,tiktok,TI79302,tt_spark_ads,2024-12-19,LU,ios,115.18,"9,010",164,44,10
2025-02-07,twitter,TW71401,x_retargeting,2024-09-21,ES,android,66.64,"14,088",92,15,1
2025-01-20,google,GO31618,google_display_retargeting,2024-10-28,DK,ios,114.51,"6,097",137,28,8
2025-10-09,tiktok,TI84273,tt_conversion_2025,2025-05-02,EE,android,67.16,"5,386",266,62,13
2025-06-10,google,GO25382,google_youtube_video,2025-06-03,HU,ios,316.95,"10,480",508,98,26
2025-10-10,affiliate,AF77083,aff_spring,2025-06-22,SI,android,38.85,"6,734",58,7,1
2025-03-14,google,GO54649,google_pmax_2025,2025-02-27,BE,ios,198.46,"6,891",375,34,6
2025-04-11,tiktok,TI32674,tt_spark_ads,2025-01-20,NL,android,76.16,"8,332",375,81,6
2025-08-10,instagram,IN75602,ig_app_install,2025-08-05,AT,android,160.20,"7,866",227,44,10
2025-12-08,instagram,IN31386,ig_retargeting,2025-10-10,HR,ios,91.96,"5,754",199,28,4
2025-09-10,instagram,IN16930,ig_reels_push,2025-06-12,CZ,android,128.83,"7,683",315,67,12
2025-09-07,tiktok,TI53253,tt_creator_push,2025-07-12,RO,android,127.89,"11,091",305,94,22
2025-11-22,google,GO15893,google_youtube_video,2025-10-02,CY,android,182.47,"13,987",330,63,16
2025-04-03,twitter,TW34093,x_app_installs,2024-11-26,HU,ios,62.70,"6,882",104,9,1
2025-06-14,facebook,FA34693,fb_app_install,2025-04-01,CZ,android,145.74,"7,820",197,43,7
2025-03-05,affiliate,AF78692,aff_winter,2024-06-05,BG,android,73.65,"8,110",156,23,3
2025-05-12,twitter,TW80777,x_awareness,2025-05-08,LU,android,135.30,"8,978",134,12,3
2025-05-07,facebook,FA79590,fb_app_install,2025-02-27,SI,ios,130.44,"15,522",198,69,12
2025-09-19,facebook,FA84660,fb_brand_awareness,2025-09-06,MT,android,132.88,"6,671",221,31,9
2025-09-04,tiktok,TI58458,tt_creator_push,2025-07-31,LU,ios,110.30,"7,035",122,24,3
2025-08-09,instagram,IN91131,ig_app_install,2025-06-09,CZ,android,169.77,"10,291",335,54,12
2025-05-11,tiktok,TI88901,tt_app_installs,2025-02-03,ES,android,125.17,"8,781",421,127,30
2025-08-06,tiktok,TI65308,tt_conversion_2025,2025-05-26,RO,android,44.49,"5,845",296,59,3
2025-09-18,google,GO20853,google_display_retargeting,2025-08-02,PL,android,93.99,"3,785",93,24,6
2025-12-31,facebook,FA50946,fb_retargeting,2025-11-09,SK,ios,109.29,"5,242",174,21,1
2025-11-09,instagram,IN66948,ig_app_install,2025-09-21,DK,android,53.02,"3,886",118,16,3
2025-11-11,instagram,IN27534,ig_story_launch,2025-07-18,DE,ios,117.11,"9,773",261,51,10
2025-08-24,tiktok,TI48037,tt_spark_ads,2025-05-22,RO,android,76.69,"3,954",62,12,3
2025-03-16,twitter,TW20476,x_app_installs,2025-01-07,IT,android,76.65,"6,510",86,8,1
2025-12-19,affiliate,AF88128,aff_spring,2025-09-19,GR,android,161.76,"12,624",282,41,3
2025-05-01,twitter,TW83360,x_web_conversions,2025-02-23,FR,ios,36.67,"6,933",61,12,2
2025-08-01,facebook,FA22105,fb_retargeting,2025-08-01,LT,android,159.54,"12,038",388,99,7
2025-08-12,google,GO39475,google_pmax_2025,2025-05-09,ES,android,353.30,"10,378",692,191,31
2025-05-30,facebook,FA14651,fb_app_install,2025-02-04,PT,android,71.91,"8,685",179,29,4
2025-02-23,google,GO76296,google_pmax_2025,2024-12-10,PL,android,89.42,"9,640",591,55,17
2025-08-26,google,GO83931,google_youtube_video,2025-05-22,DE,ios,205.10,"6,123",129,26,3
2025-03-18,instagram,IN49003,ig_app_install,2024-11-29,HR,ios,181.86,"8,496",226,62,15
2025-04-27,instagram,IN34421,ig_retargeting,2025-04-09,RO,android,69.72,"6,820",303,45,6
2025-01-17,google,GO72437,google_youtube_video,2024-12-01,PT,ios,236.79,"7,918",435,96,17
2025-03-05,tiktok,TI95949,tt_creator_push,2024-12-01,SI,android,39.22,"5,853",143,22,5
2025-10-30,instagram,IN40424,ig_retargeting,2025-09-17,PT,android,60.99,"9,668",97,18,3
2025-03-28,affiliate,AF62454,aff_spring,2024-08-14,LV,ios,80.11,"7,600",111,10,1
2025-08-12,facebook,FA75162,fb_retargeting,2025-05-01,SE,android,155.52,"9,046",173,50,14
2025-03-30,affiliate,AF87499,aff_spring,2024-10-28,SE,ios,15.08,"2,911",61,6,1
2025-10-29,tiktok,TI79536,tt_spark_ads,2025-06-11,RO,ios,107.78,"6,543",357,107,17
2025-09-13,affiliate,AF87628,aff_winter,2025-05-21,ES,ios,53.70,"5,824",88,5,0
2025-08-06,twitter,TW50693,x_retargeting,2025-02-19,EE,ios,66.94,"5,388",76,11,2
2025-12-14,google,GO20253,google_pmax_2025,2025-10-24,RO,ios,313.22,"15,272",934,206,65
2025-10-11,facebook,FA37501,fb_brand_awareness,2025-06-23,NL,ios,39.84,"2,347",41,12,3
2025-12-02,google,GO91445,google_display_retargeting,2025-11-07,FI,ios,58.49,"4,627",207,44,11
2025-11-09,google,GO37981,google_display_retargeting,2025-11-09,FR,ios,190.38,"10,568",607,58,11
2025-11-18,facebook,FA65369,fb_app_install,2025-07-21,LT,ios,168.56,"11,299",344,61,12
2025-08-29,affiliate,AF45666,aff_autumn,2024-11-15,IT,android,78.24,"9,312",230,23,3
2025-07-13,twitter,TW88048,x_awareness,2025-03-18,LT,ios,143.05,"16,549",269,44,6
2025-01-23,tiktok,TI19474,tt_spark_ads,2025-01-15,CZ,android,75.64,"4,685",161,42,5
2025-02-01,google,GO51290,google_pmax_2025,2024-11-06,PT,android,134.73,"8,446",344,46,7
2025-07-03,google,GO55139,google_pmax_2025,2025-05-16,IE,ios,85.32,"6,252",396,81,5
2025-08-14,twitter,TW64153,x_web_conversions,2025-08-12,SE,android,166.78,"13,372",231,45,3
2025-04-11,affiliate,AF54180,aff_winter,2024-07-19,LV,ios,119.36,"9,375",156,22,1
2025-12-17,tiktok,TI60942,tt_app_installs,2025-07-16,AT,android,250.15,"11,592",574,107,17
2025-08-17,instagram,IN34623,ig_app_install,2025-05-25,CY,android,155.35,"8,158",149,45,5
2025-03-30,twitter,TW35544,x_awareness,2024-11-17,LU,android,45.91,"7,547",168,19,3
2025-03-20,twitter,TW23252,x_retargeting,2025-03-19,MT,ios,30.33,"6,578",106,23,4
2025-01-30,affiliate,AF26415,aff_winter,2024-12-18,FR,android,66.87,"11,924",98,8,1
2025-02-16,tiktok,TI36761,tt_conversion_2025,2024-09-18,SE,android,103.94,"5,938",159,50,12
2025-08-27,facebook,FA38228,fb_conversion_2025,2025-06-28,SE,android,29.33,"4,040",97,31,8
2025-02-11,affiliate,AF64006,aff_spring,2024-06-23,FI,android,153.77,"13,119",66,11,1
2025-10-23,instagram,IN40678,ig_app_install,2025-10-02,ES,ios,76.77,"13,559",317,58,8
2025-08-01,affiliate,AF44397,aff_autumn,2024-12-04,RO,android,61.43,"7,809",108,6,0
2025-11-13,instagram,IN83346,ig_reels_push,2025-09-09,CY,ios,60.55,"11,676",406,51,10
2025-07-27,twitter,TW71839,x_web_conversions,2025-02-11,MT,android,87.22,"4,945",90,13,1
2025-10-09,instagram,IN76180,ig_retargeting,2025-09-10,EE,ios,102.58,"6,104",63,10,3
2025-02-05,instagram,IN78297,ig_app_install,2024-12-19,PL,android,218.97,"15,438",535,129,17
2025-06-10,facebook,FA63752,fb_brand_awareness,2025-05-03,SE,ios,126.09,"15,321",402,128,28
2025-03-28,twitter,TW60215,x_web_conversions,2025-02-28,CZ,ios,164.92,"10,712",220,30,3
2025-10-05,affiliate,AF66926,aff_spring,2025-09-27,CZ,ios,99.42,"7,530",179,17,2
2025-02-12,facebook,FA33712,fb_app_install,2024-11-15,SE,ios,57.10,"8,405",126,28,4
2025-04-17,facebook,FA21560,fb_retargeting,2025-02-08,EE,ios,247.91,"16,512",362,115,16
2025-08-14,facebook,FA54417,fb_app_install,2025-08-07,BG,android,280.21,"16,755",544,142,13
2025-07-28,tiktok,TI45362,tt_creator_push,2025-04-16,HU,ios,88.04,"5,609",248,28,2
2025-10-30,facebook,FA29929,fb_app_install,2025-08-14,LT,android,219.19,"10,274",261,40,9
2025-02-06,affiliate,AF85073,aff_autumn,2024-10-05,HR,ios,172.88,"15,418",227,13,2
2025-01-25,twitter,TW72644,x_app_installs,2024-12-15,SE,android,282.06,"20,010",214,22,2
2025-04-21,instagram,IN78181,ig_reels_push,2025-03-23,HU,ios,119.20,"10,804",253,41,7
2025-10-25,google,GO47087,google_search_brand,2025-08-28,SK,ios,194.51,"6,389",195,22,2
2025-08-24,twitter,TW81910,x_awareness,2025-03-27,DE,ios,34.52,"7,023",210,20,2
2025-03-04,affiliate,AF60420,aff_winter,2025-02-23,MT,ios,79.24,"6,142",121,15,3
2025-04-10,tiktok,TI68325,tt_spark_ads,2025-03-31,IE,ios,237.10,"14,457",694,176,28
2025-08-31,instagram,IN41630,ig_reels_push,2025-06-10,FR,android,141.49,"14,464",444,74,7
2025-07-16,twitter,TW51574,x_awareness,2025-03-20,SE,ios,34.32,"4,566",53,10,1
2025-12-24,facebook,FA73041,fb_app_install,2025-10-01,DK,ios,133.36,"10,289",106,20,1
2025-03-16,tiktok,TI91507,tt_creator_push,2024-11-17,CZ,ios,57.13,"5,108",68,12,3
2025-06-25,google,GO77890,google_pmax_2025,2025-04-30,DE,android,72.68,"8,251",250,29,6
2025-10-21,tiktok,TI81948,tt_app_installs,2025-07-04,DE,ios,364.81,"17,066",724,135,33
2025-04-29,affiliate,AF33650,aff_winter,2025-04-20,IE,android,35.00,"5,266",127,17,3
2025-03-08,affiliate,AF42688,aff_autumn,2024-05-24,IE,android,41.38,"4,692",106,13,1
2025-09-20,facebook,FA94104,fb_app_install,2025-09-12,AT,android,118.68,"11,828",217,43,8
2025-08-13,google,GO42014,google_pmax_2025,2025-04-15,BG,ios,306.98,"10,732",362,94,26
2025-04-03,affiliate,AF88271,aff_spring,2024-07-23,FR,ios,149.22,"16,597",259,18,1
2025-05-15,tiktok,TI41327,tt_spark_ads,2025-04-08,HR,android,46.65,"7,031",263,32,7
2025-05-26,twitter,TW25882,x_awareness,2025-05-13,SI,android,23.90,"4,335",37,2,0
2025-07-10,facebook,FA13966,fb_app_install,2025-06-11,GR,ios,51.75,"2,370",80,16,2
2025-02-18,tiktok,TI23185,tt_creator_push,2025-01-02,LU,ios,210.07,"18,118",738,229,55
2025-07-25,google,GO83203,google_display_retargeting,2025-07-25,HU,android,378.74,"16,953",1109,247,67
2025-11-11,instagram,IN92450,ig_story_launch,2025-10-21,NL,android,76.66,"6,807",112,29,5
2025-05-28,facebook,FA54454,fb_retargeting,2025-03-19,LU,android,301.15,"15,091",311,49,4
2025-01-03,twitter,TW92870,x_app_installs,2024-11-12,LV,android,141.94,"7,976",141,24,5
2025-08-13,twitter,TW94035,x_app_installs,2025-05-27,GR,ios,61.23,"10,414",216,43,4
2025-08-02,google,GO63539,google_youtube_video,2025-06-16,CZ,android,257.29,"7,379",307,70,4
2025-10-08,tiktok,TI91707,tt_app_installs,2025-07-06,MT,android,61.93,"12,564",300,69,16
2025-07-20,tiktok,TI64051,tt_app_installs,2025-04-30,RO,ios,86.89,"7,448",291,52,7
2025-08-11,instagram,IN73414,ig_app_install,2025-07-27,BG,ios,170.00,"14,292",602,127,7
2025-10-05,tiktok,TI53137,tt_spark_ads,2025-08-15,IT,ios,205.20,"13,290",353,82,18
2025-05-01,tiktok,TI37154,tt_app_installs,2025-02-22,FR,ios,57.29,"5,730",137,34,3
2025-09-03,twitter,TW40620,x_app_installs,2025-03-25,SI,android,67.39,"7,187",118,8,2
2025-11-14,instagram,IN13386,ig_app_install,2025-09-02,ES,android,82.97,"3,723",60,14,3
2025-12-20,google,GO61552,google_pmax_2025,2025-08-27,LT,android,316.16,"18,215",578,80,16
2025-08-13,facebook,FA77279,fb_brand_awareness,2025-06-14,LV,android,279.10,"11,575",335,111,8
2025-10-22,google,GO46544,google_search_brand,2025-10-03,PT,ios,145.12,"6,052",392,73,23
2025-10-23,tiktok,TI75126,tt_spark_ads,2025-07-08,HU,ios,61.74,"8,527",363,79,11
2025-04-29,facebook,FA68486,fb_app_install,2025-01-29,LU,ios,93.50,"10,503",337,52,8
2025-04-02,google,GO43913,google_search_brand,2025-01-26,NL,android,118.86,"12,893",825,160,41
2025-03-04,instagram,IN41961,ig_story_launch,2025-02-17,FI,ios,81.25,"5,368",219,27,6
2025-05-13,instagram,IN22271,ig_retargeting,2025-03-13,NL,android,162.81,"11,496",403,48,13
2025-09-06,google,GO36552,google_search_brand,2025-06-08,IT,ios,85.15,"8,218",237,62,9
2025-04-28,affiliate,AF44939,aff_summer,2024-08-04,SK,android,46.40,"3,384",58,5,0
2025-09-13,google,GO63249,google_display_retargeting,2025-09-12,HR,android,225.54,"9,915",274,74,9
2025-02-09,affiliate,AF58426,aff_summer,2025-01-18,GR,android,145.09,"11,529",263,30,4
2025-11-26,facebook,FA35916,fb_conversion_2025,2025-09-20,IE,ios,62.34,"8,845",277,83,9
2025-07-08,facebook,FA85417,fb_retargeting,2025-05-08,CY,android,413.32,"15,195",520,179,24
2025-06-28,tiktok,TI93425,tt_app_installs,2025-03-10,RO,ios,77.46,"5,560",106,19,3
2025-07-14,affiliate,AF33473,aff_winter,2024-10-27,BG,android,42.32,"4,756",78,8,0
2025-11-18,instagram,IN88636,ig_reels_push,2025-10-27,IE,android,221.95,"15,779",520,87,11
2025-06-20,facebook,FA95189,fb_brand_awareness,2025-06-05,CZ,ios,97.90,"15,211",519,177,12
2025-01-26,instagram,IN27770,ig_reels_push,2025-01-11,LV,ios,300.36,"13,439",269,36,9
2025-09-09,twitter,TW28188,x_web_conversions,2025-06-27,LU,android,184.46,"13,127",130,16,1
2025-08-01,affiliate,AF70149,aff_summer,2024-10-30,AT,ios,68.25,"9,074",167,11,1
2025-03-28,facebook,FA67282,fb_brand_awareness,2024-12-16,LT,ios,54.30,"5,811",51,6,2
2025-05-15,instagram,IN37045,ig_reels_push,2025-03-18,RO,android,280.38,"14,744",548,130,22
2025-03-14,instagram,IN71455,ig_app_install,2025-01-22,CY,android,59.95,"6,730",233,31,8
2025-01-31,facebook,FA70866,fb_brand_awareness,2024-12-15,LU,android,112.96,"6,515",143,36,2
2025-01-18,facebook,FA30062,fb_brand_awareness,2024-12-29,BG,ios,250.06,"10,583",369,101,7
2025-10-06,google,GO33881,google_search_brand,2025-07-20,BG,ios,118.11,"6,773",341,55,16
2025-10-31,twitter,TW24432,x_awareness,2025-07-04,AT,ios,155.67,"10,677",202,39,5
2025-08-31,tiktok,TI87942,tt_app_installs,2025-04-12,SE,ios,42.96,"6,451",117,23,5
2025-04-09,google,GO66958,google_display_retargeting,2025-02-03,IE,ios,147.58,"6,835",188,27,5
2025-09-18,affiliate,AF46517,aff_winter,2025-05-09,SK,android,101.15,"14,744",328,27,4
2025-09-12,instagram,IN32548,ig_story_launch,2025-06-04,BE,ios,67.77,"7,685",206,54,11
2025-11-28,instagram,IN66042,ig_app_install,2025-09-29,BE,android,116.30,"5,233",102,22,2
2025-09-01,facebook,FA53882,fb_brand_awareness,2025-07-25,MT,android,79.41,"6,664",156,49,14
2025-10-16,affiliate,AF64752,aff_winter,2025-07-26,AT,android,112.32,"11,308",254,35,3
2025-04-29,google,GO48275,google_search_brand,2024-11-30,LT,android,52.64,"5,579",150,24,5
2025-03-04,twitter,TW41159,x_awareness,2024-12-10,RO,android,54.59,"6,658",64,12,1
2025-09-08,instagram,IN76887,ig_retargeting,2025-06-03,ES,android,65.40,"8,699",364,57,5
2025-12-23,tiktok,TI23467,tt_conversion_2025,2025-12-08,IE,android,96.56,"6,743",254,55,12
2025-01-21,instagram,IN30320,ig_reels_push,2025-01-03,FI,android,131.13,"8,003",90,22,3
2025-08-20,facebook,FA33362,fb_brand_awareness,2025-05-26,SE,ios,143.89,"9,892",187,63,6
2025-04-01,twitter,TW17574,x_web_conversions,2024-11-11,LV,ios,59.10,"4,000",102,15,3
2025-08-02,google,GO37462,google_search_brand,2025-04-18,DK,ios,89.79,"10,149",329,27,6
2025-02-11,facebook,FA31754,fb_conversion_2025,2025-01-01,DE,ios,43.70,"4,948",127,19,5
2025-02-05,instagram,IN80439,ig_reels_push,2024-10-26,SI,android,169.72,"12,073",202,56,8
2025-08-30,instagram,IN54796,ig_retargeting,2025-06-27,BG,android,151.00,"11,457",115,24,6
2025-09-07,google,GO79412,google_display_retargeting,2025-07-24,ES,android,441.09,"20,830",607,98,18
2025-08-09,tiktok,TI58281,tt_spark_ads,2025-07-18,LT,ios,100.25,"8,703",164,42,6
2025-03-04,google,GO13750,google_display_retargeting,2024-12-26,IE,ios,251.77,"10,323",253,69,10
2025-08-03,tiktok,TI15527,tt_spark_ads,2025-07-26,LU,android,164.58,"10,723",569,95,6
2025-01-13,facebook,FA64428,fb_brand_awareness,2024-09-17,IT,ios,143.96,"6,996",199,27,7
2025-08-25,twitter,TW98615,x_web_conversions,2025-08-19,RO,android,70.99,"3,988",49,4,0
2025-03-14,google,GO81424,google_display_retargeting,2025-02-26,LU,android,109.62,"11,500",707,185,26
2025-10-27,instagram,IN72373,ig_reels_push,2025-08-08,ES,ios,78.82,"9,921",264,33,8
2025-04-01,tiktok,TI35607,tt_spark_ads,2025-01-02,HU,ios,79.75,"8,459",138,14,2
2025-11-19,twitter,TW16734,x_app_installs,2025-10-03,DE,android,50.93,"7,943",80,16,1
2025-02-22,facebook,FA58341,fb_brand_awareness,2025-02-17,SE,android,63.89,"10,553",185,33,8
2025-09-04,google,GO46579,google_search_brand,2025-05-03,HU,android,123.60,"6,226",175,41,2
2025-05-02,tiktok,TI87911,tt_spark_ads,2025-02-25,GR,ios,153.33,"15,649",291,59,10
2025-10-14,google,GO13499,google_youtube_video,2025-06-12,CZ,ios,158.41,"11,312",697,76,8
2025-09-12,twitter,TW74541,x_web_conversions,2025-07-30,SK,ios,67.17,"8,365",188,22,2
2025-05-13,twitter,TW23556,x_app_installs,2025-02-15,LU,android,85.44,"6,597",169,19,3
2025-12-11,google,GO40684,google_search_brand,2025-09-12,BE,android,73.56,"8,742",383,45,7
2025-01-28,affiliate,AF90609,aff_summer,2024-08-30,SK,ios,66.25,"6,471",138,12,1
2025-09-04,affiliate,AF16926,aff_winter,2025-08-06,EE,ios,114.72,"9,737",136,9,1
2025-07-22,facebook,FA25586,fb_app_install,2025-05-23,IT,android,157.44,"5,810",201,40,9
2025-02-07,facebook,FA79003,fb_app_install,2024-10-11,CY,android,157.23,"6,071",77,18,5
2025-03-14,google,GO75770,google_youtube_video,2024-10-30,PT,android,287.59,"9,326",526,119,7
2025-06-28,facebook,FA56959,fb_retargeting,2025-05-17,CZ,ios,123.17,"5,953",110,35,10
2025-04-25,tiktok,TI52191,tt_spark_ads,2024-12-17,EE,android,109.42,"8,681",381,57,3
2025-04-03,google,GO46111,google_search_brand,2024-12-20,PT,ios,192.67,"17,581",577,157,43
2025-07-14,facebook,FA42177,fb_app_install,2025-04-17,PT,ios,137.18,"16,073",456,107,10
2025-01-14,instagram,IN75644,ig_story_launch,2024-10-16,DE,android,59.25,"6,034",102,22,1
2025-11-06,facebook,FA68968,fb_app_install,2025-11-01,CZ,android,181.29,"7,780",259,85,23
2025-02-11,affiliate,AF62890,aff_winter,2024-08-18,BG,android,83.88,"10,519",168,17,2
2025-10-21,facebook,FA21298,fb_conversion_2025,2025-09-14,DK,ios,71.45,"7,576",230,79,7
2025-09-25,google,GO96096,google_pmax_2025,2025-06-29,IT,android,174.77,"7,077",335,57,8
2025-01-17,facebook,FA37737,fb_brand_awareness,2024-10-22,FR,ios,112.73,"5,022",170,49,8
2025-12-14,tiktok,TI40941,tt_app_installs,2025-08-26,SI,android,128.60,"13,159",434,122,23
2025-03-22,affiliate,AF15640,aff_spring,2025-01-14,CY,android,90.36,"10,320",235,23,4
2025-07-13,twitter,TW52193,x_app_installs,2025-06-18,GR,android,54.00,"12,196",135,11,1
2025-07-03,affiliate,AF51204,aff_winter,2025-01-13,EE,ios,66.66,"7,986",176,27,5
2025-06-04,facebook,FA90195,fb_app_install,2025-03-27,HU,android,105.67,"4,696",61,13,4
2025-07-31,affiliate,AF20681,aff_spring,2025-03-28,FR,ios,13.11,"6,499",121,7,1
2025-01-27,instagram,IN60259,ig_app_install,2024-10-01,AT,android,261.18,"11,992",327,55,4
2025-10-10,google,GO63164,google_display_retargeting,2025-05-08,BE,ios,322.05,"16,031",423,116,14
2025-04-16,tiktok,TI55297,tt_app_installs,2025-01-20,LT,android,39.54,"3,451",78,25,3
2025-09-21,facebook,FA66390,fb_app_install,2025-09-19,LU,android,25.72,"3,767",117,19,4
2025-09-09,affiliate,AF96076,aff_winter,2025-01-23,EE,android,32.78,"5,187",114,10,2
2025-12-02,twitter,TW27429,x_web_conversions,2025-10-22,LU,android,75.75,"5,572",117,21,3
2025-10-22,google,GO64962,google_display_retargeting,2025-08-01,GR,android,411.78,"13,024",851,119,28
2025-12-07,instagram,IN20834,ig_app_install,2025-10-09,GR,android,52.12,"9,235",376,90,9
2025-12-06,facebook,FA23013,fb_app_install,2025-09-01,BE,android,101.43,"5,281",133,39,7
2025-03-06,tiktok,TI15350,tt_app_installs,2025-02-20,PL,ios,155.49,"11,988",362,70,5
2025-06-27,tiktok,TI85330,tt_creator_push,2025-06-17,SE,ios,130.98,"9,227",214,65,13
2025-08-20,facebook,FA11373,fb_brand_awareness,2025-05-29,RO,android,84.56,"8,991",198,35,7
2025-06-05,tiktok,TI61702,tt_spark_ads,2025-01-27,BE,ios,265.95,"14,169",435,94,10
2025-09-15,tiktok,TI39594,tt_spark_ads,2025-08-04,RO,ios,87.75,"7,220",305,93,13
2025-04-21,affiliate,AF59113,aff_spring,2025-02-16,PT,ios,126.25,"17,488",297,35,6
2025-05-29,twitter,TW27446,x_awareness,2025-01-30,FR,android,51.58,"4,991",97,19,3
2025-04-19,instagram,IN50004,ig_app_install,2025-02-27,AT,android,283.45,"12,817",224,58,5
2025-06-05,tiktok,TI31394,tt_creator_push,2024-12-28,HU,ios,122.21,"12,227",182,46,7
2025-12-31,google,GO55105,google_pmax_2025,2025-09-06,AT,ios,227.16,"12,230",496,119,20
2025-12-01,instagram,IN67732,ig_reels_push,2025-10-18,SE,ios,38.61,"1,766",55,12,2
2025-10-03,facebook,FA96989,fb_brand_awareness,2025-08-08,DK,android,189.09,"8,184",136,37,6
2025-02-09,google,GO12751,google_pmax_2025,2024-10-29,CY,android,107.59,"5,726",177,15,4
2025-12-22,instagram,IN63374,ig_reels_push,2025-10-26,HR,android,55.29,"6,667",224,25,2
2025-09-13,twitter,TW74490,x_awareness,2025-06-01,CZ,ios,66.21,"9,621",142,10,1
2025-07-26,affiliate,AF33585,aff_spring,2025-06-13,PT,ios,37.70,"14,851",112,18,1
2025-08-25,instagram,IN79909,ig_retargeting,2025-07-28,FR,android,86.53,"8,308",219,30,3
2025-12-06,facebook,FA27158,fb_app_install,2025-11-30,AT,ios,100.51,"11,558",260,55,6
2025-03-30,twitter,TW35218,x_app_installs,2025-01-10,PL,android,37.79,"9,220",246,19,1
2025-11-30,affiliate,AF70215,aff_winter,2025-08-27,GR,ios,95.80,"7,483",61,10,0
2025-05-04,facebook,FA97932,fb_brand_awareness,2025-02-22,LT,android,197.09,"7,958",72,17,5
2025-10-02,instagram,IN45833,ig_app_install,2025-08-06,CY,ios,150.22,"6,543",194,41,7
2025-09-24,facebook,FA16308,fb_brand_awareness,2025-07-31,HU,android,181.61,"9,613",199,41,7
2025-09-13,instagram,IN88533,ig_retargeting,2025-08-03,NL,ios,114.94,"5,150",154,39,3
2025-05-23,google,GO91283,google_pmax_2025,2025-05-04,IT,android,66.87,"2,392",89,15,3
2025-02-28,twitter,TW93014,x_retargeting,2025-01-09,DE,ios,169.92,"9,939",65,12,3
2025-08-14,facebook,FA89027,fb_retargeting,2025-06-03,MT,android,175.41,"9,617",91,25,2
2025-11-30,google,GO18417,google_display_retargeting,2025-09-29,HU,ios,393.61,"13,117",352,40,5
2025-12-30,instagram,IN92724,ig_retargeting,2025-11-25,IE,ios,119.32,"11,766",482,105,16
2025-10-30,facebook,FA50649,fb_retargeting,2025-08-01,IT,android,137.30,"6,988",233,62,16
2025-06-21,google,GO46380,google_display_retargeting,2025-02-26,BG,android,120.37,"10,913",300,49,7
2025-10-16,tiktok,TI36671,tt_creator_push,2025-06-11,AT,ios,59.26,"4,281",144,38,2
2025-05-16,facebook,FA26284,fb_brand_awareness,2025-04-27,HR,ios,50.65,"7,591",70,23,2
2025-08-09,google,GO16056,google_display_retargeting,2025-08-05,EE,ios,130.54,"5,345",175,25,5
2025-01-02,instagram,IN96258,ig_retargeting,2024-12-19,IE,ios,31.75,"5,037",85,11,2
2025-12-09,facebook,FA72131,fb_retargeting,2025-09-11,BG,android,184.49,"13,961",462,62,9
2025-09-24,twitter,TW14327,x_app_installs,2025-08-28,LT,android,76.73,"7,199",116,21,3
2025-04-02,affiliate,AF35796,aff_winter,2024-11-01,PT,android,74.57,"7,751",81,12,1
2025-11-07,twitter,TW36662,x_app_installs,2025-06-03,IE,ios,54.41,"7,173",215,21,4
2025-08-16,facebook,FA80821,fb_brand_awareness,2025-04-28,DK,android,65.13,"4,545",46,11,2
2025-12-28,google,GO15822,google_search_brand,2025-08-10,SK,android,160.44,"5,689",154,27,8
2025-04-18,twitter,TW71168,x_retargeting,2025-03-07,RO,android,47.03,"5,898",111,21,3
2025-09-17,instagram,IN19968,ig_app_install,2025-07-31,HU,ios,136.93,"11,859",149,18,2
2025-02-15,affiliate,AF18015,aff_winter,2024-11-08,SI,android,8.92,"3,776",41,4,0
2025-05-19,instagram,IN35812,ig_story_launch,2025-01-28,LU,ios,145.95,"7,984",295,59,14
2025-12-08,facebook,FA14920,fb_brand_awareness,2025-11-05,NL,ios,149.47,"8,860",258,82,9
2025-10-29,twitter,TW22323,x_retargeting,2025-09-18,CZ,android,5.74,"1,552",25,3,0
2025-06-30,google,GO82998,google_pmax_2025,2025-04-09,BE,ios,71.95,"7,499",276,40,9
2025-11-05,twitter,TW87251,x_web_conversions,2025-06-05,CZ,android,15.76,"2,210",20,2,0
2025-05-14,instagram,IN25719,ig_app_install,2025-01-26,BE,ios,104.57,"7,650",133,19,5
2025-09-03,twitter,TW85369,x_web_conversions,2025-06-27,NL,android,131.05,"9,145",160,28,2
2025-02-12,twitter,TW94622,x_web_conversions,2024-11-17,PL,ios,29.01,"6,538",164,32,3
2025-08-11,instagram,IN71904,ig_retargeting,2025-04-29,BE,android,114.26,"13,631",176,27,5
2025-10-24,facebook,FA22594,fb_conversion_2025,2025-10-20,FI,android,221.64,"9,422",222,33,5
2025-12-30,google,GO40841,google_display_retargeting,2025-12-27,SK,ios,109.28,"4,182",202,16,2
2025-12-03,affiliate,AF60906,aff_winter,2025-05-16,BG,android,65.50,"6,532",61,9,0
2025-02-23,google,GO19469,google_display_retargeting,2024-09-30,RO,ios,63.21,"6,053",422,88,12
2025-09-18,affiliate,AF36613,aff_spring,2025-04-15,SK,ios,16.25,"3,914",77,5,1
2025-08-22,instagram,IN85542,ig_app_install,2025-07-28,PL,ios,102.64,"4,675",167,45,7
2025-08-02,facebook,FA78265,fb_conversion_2025,2025-06-06,RO,ios,149.04,"9,743",292,64,7
2025-02-19,instagram,IN13336,ig_retargeting,2024-11-10,CY,android,212.45,"16,047",270,54,12
2025-04-10,tiktok,TI76144,tt_spark_ads,2025-03-25,CY,ios,62.26,"11,822",650,138,25
2025-11-01,instagram,IN93996,ig_reels_push,2025-09-24,RO,ios,133.99,"17,711",652,141,24
2025-10-19,facebook,FA91482,fb_retargeting,2025-08-26,LT,ios,239.60,"10,960",223,34,3
2025-11-05,tiktok,TI49744,tt_spark_ads,2025-09-27,BE,android,91.86,"4,584",160,31,7
2025-11-11,google,GO54800,google_youtube_video,2025-06-05,DK,ios,99.16,"4,412",225,33,6
2025-10-17,affiliate,AF40525,aff_winter,2025-09-25,GR,ios,98.10,"9,257",185,19,2
2025-05-12,tiktok,TI73035,tt_creator_push,2024-12-18,IT,android,137.54,"8,413",132,23,3
2025-09-02,tiktok,TI30634,tt_app_installs,2025-08-04,NL,ios,145.26,"13,952",614,125,29
2025-06-15,instagram,IN37504,ig_app_install,2025-05-18,PT,ios,117.80,"7,642",119,14,3
2025-06-18,affiliate,AF88747,aff_spring,2025-01-12,NL,ios,36.23,"6,814",79,12,2
2025-04-14,tiktok,TI82779,tt_app_installs,2025-01-28,LV,android,109.91,"7,460",301,75,6
2025-10-25,tiktok,TI41434,tt_app_installs,2025-06-19,CZ,ios,122.55,"8,938",261,29,6
2025-09-11,facebook,FA98015,fb_app_install,2025-08-25,FI,ios,171.73,"14,737",193,26,7
2025-12-26,affiliate,AF95183,aff_summer,2025-09-30,BG,android,73.58,"10,817",235,38,4
2025-12-16,tiktok,TI95289,tt_conversion_2025,2025-08-05,CY,ios,88.08,"6,220",232,41,5
2025-06-22,instagram,IN70265,ig_app_install,2025-04-06,IE,android,287.35,"12,612",230,55,8
2025-10-31,facebook,FA38125,fb_app_install,2025-09-07,GR,android,158.52,"7,756",78,15,4
2025-09-19,twitter,TW42289,x_awareness,2025-03-27,SE,android,24.15,"2,874",83,16,3
2025-08-07,tiktok,TI79082,tt_creator_push,2025-06-29,SI,ios,43.00,"7,537",142,37,4
2025-07-30,tiktok,TI53324,tt_conversion_2025,2025-05-09,RO,android,178.13,"13,346",503,133,14
2025-04-29,instagram,IN68826,ig_app_install,2025-03-31,MT,android,77.19,"3,344",54,13,2
2025-01-07,google,GO42731,google_pmax_2025,2024-08-27,BE,android,390.74,"14,056",627,155,41
2025-03-17,twitter,TW98237,x_awareness,2025-02-11,SI,android,139.83,"11,028",125,21,3
2025-06-29,google,GO78053,google_search_brand,2025-03-08,IT,android,438.44,"12,760",396,62,14
2025-06-02,tiktok,TI96686,tt_conversion_2025,2025-06-02,PT,android,44.71,"5,250",180,26,3
2025-06-27,twitter,TW33610,x_web_conversions,2025-05-25,RO,ios,117.41,"6,705",158,22,4
2025-10-19,twitter,TW22880,x_retargeting,2025-04-24,GR,ios,136.82,"9,144",152,10,1
2025-05-23,google,GO75291,google_youtube_video,2025-05-12,CZ,android,134.96,"6,135",283,75,18
2025-12-01,instagram,IN41577,ig_retargeting,2025-08-24,CZ,android,226.05,"10,402",206,56,12
2025-12-10,instagram,IN30462,ig_story_launch,2025-10-12,SE,ios,166.14,"11,773",247,70,4
2025-01-01,facebook,FA46032,fb_conversion_2025,2024-12-24,CY,android,65.57,"10,024",242,49,4
2025-10-06,instagram,IN39725,ig_story_launch,2025-09-15,PT,ios,192.27,"9,484",375,100,28
2025-12-13,affiliate,AF52912,aff_summer,2025-06-06,PL,android,39.29,"7,741",161,16,1
2025-04-25,google,GO37276,google_display_retargeting,2025-02-20,HR,ios,219.25,"9,238",196,34,3
2025-03-26,twitter,TW90881,x_retargeting,2024-10-31,NL,ios,100.85,"13,826",407,29,4
2025-06-13,affiliate,AF43330,aff_autumn,2024-10-06,CY,ios,40.32,"5,156",105,8,1
2025-10-17,affiliate,AF85122,aff_summer,2025-09-28,SE,ios,74.10,"5,863",27,3,1
2025-01-12,affiliate,AF24013,aff_autumn,2024-07-08,FI,ios,57.27,"10,692",247,28,2
2025-04-13,instagram,IN56028,ig_reels_push,2025-03-01,ES,ios,160.36,"11,837",453,61,12
2025-08-12,instagram,IN41181,ig_reels_push,2025-04-23,IT,ios,108.92,"7,816",123,18,1
2025-02-10,google,GO21285,google_search_brand,2024-09-11,GR,ios,184.17,"7,976",324,48,10
2025-02-05,instagram,IN33960,ig_retargeting,2024-12-25,FI,ios,161.37,"10,565",338,40,9
2025-12-25,facebook,FA34975,fb_retargeting,2025-12-24,BG,ios,359.47,"14,788",396,87,24
2025-04-24,affiliate,AF82239,aff_summer,2025-02-20,PT,android,54.80,"4,546",101,16,2
2025-03-23,tiktok,TI25289,tt_app_installs,2024-11-23,GR,android,88.20,"8,196",384,61,13
2025-03-01,google,GO86874,google_youtube_video,2024-10-27,SI,android,97.01,"11,008",660,176,48
2025-06-10,affiliate,AF76710,aff_summer,2025-02-18,LV,android,30.10,"9,937",229,19,2
2025-05-20,tiktok,TI31750,tt_creator_push,2025-01-29,MT,android,144.16,"14,864",395,126,17
2025-04-24,affiliate,AF89024,aff_summer,2024-07-17,DK,android,80.03,"6,885",128,23,2
2025-08-21,instagram,IN12364,ig_story_launch,2025-06-20,GR,android,81.70,"8,490",245,36,10
2025-08-23,google,GO16106,google_youtube_video,2025-07-16,HU,android,354.37,"12,567",593,82,21
2025-12-01,facebook,FA21984,fb_brand_awareness,2025-11-07,DK,android,75.75,"6,450",201,33,5
2025-10-23,instagram,IN19055,ig_app_install,2025-08-06,CZ,android,161.36,"14,307",204,22,5
2025-07-06,google,GO13428,google_pmax_2025,2025-02-24,AT,ios,681.82,"20,965",1462,256,61
2025-08-24,twitter,TW53369,x_awareness,2025-06-20,SE,android,128.36,"7,252",105,15,3
2025-11-11,twitter,TW66176,x_app_installs,2025-10-05,SE,android,87.32,"8,542",255,42,5
2025-04-06,instagram,IN25168,ig_story_launch,2025-01-20,NL,ios,170.29,"14,113",384,111,21
2025-04-02,google,GO57700,google_pmax_2025,2024-12-24,MT,android,71.27,"6,088",228,37,10
2025-08-30,tiktok,TI62902,tt_spark_ads,2025-08-09,IT,ios,142.09,"8,531",453,102,6
2025-12-23,facebook,FA76120,fb_retargeting,2025-10-16,AT,android,171.90,"6,785",181,50,13
2025-12-01,google,GO83326,google_display_retargeting,2025-09-21,EE,android,507.53,"19,699",748,101,21
2025-04-29,affiliate,AF70099,aff_winter,2024-10-22,FI,ios,28.18,"5,586",93,5,0
2025-04-11,tiktok,TI53380,tt_app_installs,2025-03-11,SE,android,42.08,"4,162",119,21,1
2025-02-10,facebook,FA77271,fb_conversion_2025,2025-02-09,PL,ios,44.27,"2,974",51,16,5
2025-01-05,instagram,IN67010,ig_retargeting,2024-11-11,IE,ios,75.97,"7,901",174,40,7
2025-04-17,google,GO81365,google_pmax_2025,2024-11-10,FR,ios,112.19,"6,210",206,40,7
2025-04-14,affiliate,AF13066,aff_winter,2025-02-25,IT,android,178.45,"13,828",343,60,3
2025-08-03,instagram,IN85733,ig_story_launch,2025-06-15,EE,ios,93.32,"4,449",96,25,7
2025-10-07,affiliate,AF63945,aff_winter,2025-07-31,AT,ios,63.09,"5,591",115,8,1
2025-09-12,tiktok,TI13722,tt_spark_ads,2025-06-19,CZ,ios,61.70,"6,712",369,92,12
2025-11-21,facebook,FA61369,fb_app_install,2025-11-08,GR,android,120.94,"13,025",382,52,11
2025-05-14,facebook,FA79507,fb_conversion_2025,2025-03-09,DE,ios,174.29,"8,642",209,36,9
2025-03-12,instagram,IN54452,ig_reels_push,2025-01-27,SE,android,89.14,"5,428",106,24,6
2025-07-02,affiliate,AF58484,aff_spring,2025-06-24,IE,android,22.19,"5,027",97,12,1
2025-12-01,google,GO91400,google_pmax_2025,2025-08-06,PT,android,176.15,"12,620",454,49,13
2025-11-14,facebook,FA27410,fb_app_install,2025-10-14,LV,ios,63.41,"5,371",120,42,3
2025-11-05,affiliate,AF51004,aff_spring,2025-02-07,PL,ios,152.37,"20,375",141,22,3
2025-01-21,affiliate,AF93989,aff_autumn,2024-07-30,ES,android,70.77,"5,948",41,6,1
2025-11-10,affiliate,AF34718,aff_spring,2025-09-27,EE,android,47.80,"13,302",70,6,1
2025-05-27,tiktok,TI38250,tt_creator_push,2025-05-03,CY,android,39.69,"8,594",439,115,26
2025-02-02,tiktok,TI27943,tt_spark_ads,2025-01-17,IE,ios,121.68,"7,376",361,79,19
2025-05-17,instagram,IN90766,ig_story_launch,2025-02-17,AT,ios,217.65,"11,841",442,91,24
2025-05-02,google,GO24655,google_search_brand,2024-12-09,PL,ios,389.70,"15,239",731,174,47
2025-06-19,affiliate,AF59351,aff_summer,2025-05-30,SE,ios,25.89,"3,331",81,14,0
2025-04-02,tiktok,TI16551,tt_app_installs,2025-03-25,AT,android,125.26,"6,486",307,69,8
2025-01-21,google,GO93074,google_search_brand,2025-01-14,BE,ios,122.96,"12,475",504,128,29
2025-07-31,instagram,IN58066,ig_story_launch,2025-07-01,PT,ios,67.89,"12,345",289,78,13
2025-02-23,affiliate,AF17425,aff_spring,2024-11-23,BG,android,109.80,"15,117",180,29,3
2025-02-06,instagram,IN31834,ig_reels_push,2024-10-27,IT,ios,141.72,"12,666",179,53,13
2025-12-17,facebook,FA43697,fb_brand_awareness,2025-08-20,AT,android,454.56,"23,446",433,109,26
2025-09-04,instagram,IN76293,ig_app_install,2025-08-03,SI,ios,320.87,"16,091",513,107,11
2025-01-06,tiktok,TI54635,tt_app_installs,2024-08-27,LV,ios,84.93,"4,272",169,25,5
2025-11-10,facebook,FA64302,fb_retargeting,2025-08-02,HR,ios,80.15,"6,537",218,54,8
2025-04-30,tiktok,TI39059,tt_spark_ads,2025-01-25,GR,ios,65.76,"7,770",152,44,4
2025-08-27,twitter,TW19686,x_retargeting,2025-07-26,CZ,ios,19.27,"4,569",89,14,3
2025-12-27,twitter,TW92248,x_web_conversions,2025-12-14,MT,android,75.14,"7,558",90,17,3
2025-10-26,instagram,IN14238,ig_reels_push,2025-08-08,CY,android,81.80,"10,431",191,57,11
2025-06-20,twitter,TW39839,x_awareness,2025-05-29,SE,ios,80.15,"5,602",46,4,1
2025-09-19,instagram,IN15165,ig_retargeting,2025-06-27,CZ,ios,328.84,"21,130",412,80,18
2025-06-02,affiliate,AF90286,aff_autumn,2024-09-29,EE,ios,120.36,"9,129",61,10,1
2025-09-07,twitter,TW26964,x_web_conversions,2025-05-11,AT,android,81.50,"14,047",314,66,9
2025-08-12,google,GO21048,google_youtube_video,2025-04-29,RO,ios,168.07,"10,979",339,90,24
2025-07-21,google,GO73670,google_display_retargeting,2025-05-17,CY,ios,401.22,"12,326",492,40,4
2025-12-02,tiktok,TI38630,tt_creator_push,2025-10-13,BG,android,95.39,"7,222",181,54,6
2025-07-02,facebook,FA83967,fb_brand_awareness,2025-05-10,HU,ios,96.53,"6,103",184,45,4
2025-09-30,facebook,FA32235,fb_brand_awareness,2025-08-03,BE,ios,53.17,"4,539",66,10,1
2025-07-26,tiktok,TI59827,tt_creator_push,2025-06-29,ES,ios,94.13,"6,002",311,71,6
2025-12-22,twitter,TW44912,x_web_conversions,2025-07-25,SE,ios,88.88,"7,746",179,30,7
2025-10-22,tiktok,TI25745,tt_app_installs,2025-08-23,HR,ios,152.94,"10,432",360,43,10
2025-02-05,tiktok,TI73123,tt_app_installs,2025-01-16,CY,android,77.10,"4,487",171,27,7
2025-05-26,facebook,FA93237,fb_conversion_2025,2025-05-19,PL,ios,269.62,"15,100",438,85,11
2025-10-27,twitter,TW18767,x_web_conversions,2025-05-02,RO,ios,33.49,"10,351",224,37,4
2025-12-17,tiktok,TI15227,tt_creator_push,2025-08-04,RO,android,80.74,"8,302",318,87,16
2025-02-06,twitter,TW22837,x_awareness,2024-10-08,SI,android,91.35,"5,849",38,6,1
2025-12-05,tiktok,TI34478,tt_conversion_2025,2025-11-13,DE,android,159.98,"9,726",348,102,20
2025-04-25,google,GO86932,google_display_retargeting,2025-03-23,CY,ios,237.38,"15,037",981,83,19
2025-05-25,instagram,IN63319,ig_retargeting,2025-04-18,CY,ios,93.36,"7,115",95,12,3
2025-05-13,affiliate,AF23739,aff_winter,2024-08-04,PL,ios,37.02,"14,032",221,23,2
2025-09-18,twitter,TW18836,x_awareness,2025-03-27,FI,ios,67.78,"8,045",236,48,7
2025-05-28,google,GO44620,google_display_retargeting,2025-02-18,RO,ios,91.06,"3,948",174,25,5
2025-07-03,instagram,IN10749,ig_reels_push,2025-05-15,HU,ios,80.34,"6,727",230,30,8
2025-04-26,tiktok,TI65877,tt_conversion_2025,2024-11-24,SE,android,68.68,"9,452",463,93,15
2025-02-15,instagram,IN34759,ig_reels_push,2025-01-27,PL,ios,148.93,"13,483",385,63,13
2025-03-09,tiktok,TI29347,tt_conversion_2025,2025-02-09,SE,android,105.57,"7,978",272,35,2
2025-11-18,instagram,IN47482,ig_app_install,2025-11-04,PL,ios,124.13,"17,420",710,159,24
2025-08-18,twitter,TW84988,x_app_installs,2025-08-12,FI,android,379.35,"22,162",338,53,9
2025-12-16,affiliate,AF87010,aff_autumn,2025-05-02,FI,ios,66.80,"5,808",108,6,1
2025-12-15,instagram,IN84181,ig_app_install,2025-09-13,LV,android,67.48,"8,428",326,79,17
2025-09-25,instagram,IN14258,ig_reels_push,2025-08-09,SI,ios,245.43,"14,351",588,84,9
2025-10-19,affiliate,AF30875,aff_summer,2025-01-28,CY,ios,119.67,"11,315",212,22,1
2025-07-18,affiliate,AF53424,aff_winter,2024-11-25,EE,android,66.92,"5,684",121,7,1
2025-09-07,instagram,IN76864,ig_story_launch,2025-09-06,PT,ios,54.80,"7,788",205,29,3
2025-01-17,twitter,TW74048,x_awareness,2024-09-13,PT,android,82.58,"12,413",182,29,1
2025-04-28,instagram,IN39285,ig_story_launch,2025-03-31,PT,android,153.46,"10,211",191,46,12
2025-10-13,tiktok,TI96029,tt_app_installs,2025-05-08,DE,android,36.86,"8,698",262,30,7
2025-08-30,tiktok,TI41340,tt_app_installs,2025-07-07,GR,android,115.40,"5,383",250,65,14
2025-02-18,google,GO45233,google_search_brand,2024-12-17,ES,ios,61.71,"4,747",223,22,7
2025-04-22,affiliate,AF27086,aff_winter,2024-10-21,GR,ios,6.81,"2,936",25,4,0
2025-03-27,tiktok,TI63896,tt_spark_ads,2025-02-16,BG,ios,64.72,"10,360",347,50,5
2025-05-22,twitter,TW20847,x_awareness,2025-03-04,DE,android,48.82,"6,611",46,4,1
2025-03-26,google,GO77812,google_search_brand,2024-10-18,MT,ios,155.88,"9,537",569,71,15
2025-07-19,twitter,TW70872,x_retargeting,2025-04-23,MT,ios,101.20,"11,776",295,59,7
2025-05-10,twitter,TW98129,x_awareness,2025-03-26,IT,android,79.94,"4,942",79,14,3
2025-09-14,google,GO53525,google_display_retargeting,2025-06-12,BE,android,297.26,"12,797",876,91,18
2025-11-15,facebook,FA16276,fb_retargeting,2025-08-22,AT,android,108.37,"17,012",408,133,28
2025-05-05,instagram,IN40538,ig_story_launch,2025-03-15,CZ,ios,136.65,"12,502",373,51,12
2025-03-16,facebook,FA13424,fb_brand_awareness,2025-01-12,HR,ios,381.77,"13,699",291,47,6
2025-02-02,affiliate,AF32513,aff_winter,2024-04-13,CY,android,22.35,"5,711",94,6,1
2025-08-15,facebook,FA97637,fb_retargeting,2025-06-01,MT,ios,62.03,"6,910",192,62,8
2025-03-19,affiliate,AF29538,aff_autumn,2025-01-07,NL,android,17.47,"4,805",60,5,1
2025-01-14,tiktok,TI20255,tt_creator_push,2024-11-30,HU,ios,300.99,"17,680",261,76,13
2025-07-08,twitter,TW98205,x_retargeting,2025-06-18,DK,ios,73.86,"9,463",254,38,5
2025-10-08,instagram,IN29199,ig_story_launch,2025-09-01,LV,android,41.18,"5,862",159,29,5
2025-08-13,instagram,IN80775,ig_app_install,2025-08-06,ES,ios,173.00,"7,454",237,33,2
2025-04-02,instagram,IN56547,ig_story_launch,2025-03-29,PL,android,149.98,"13,070",500,122,15
2025-10-17,affiliate,AF21454,aff_winter,2025-01-03,IT,android,27.79,"8,933",65,8,1
2025-12-20,affiliate,AF21259,aff_autumn,2025-02-23,PL,android,114.22,"14,618",303,50,8
2025-01-11,google,GO85345,google_display_retargeting,2024-08-05,SE,ios,114.27,"4,730",246,58,12
2025-09-19,affiliate,AF48036,aff_summer,2025-04-07,DK,ios,90.28,"11,966",244,14,1
2025-01-10,twitter,TW34758,x_app_installs,2024-07-18,PL,android,122.00,"10,470",94,15,1
2025-08-01,google,GO27420,google_pmax_2025,2025-04-06,DK,ios,205.11,"7,675",511,81,24
2025-04-25,twitter,TW62852,x_awareness,2025-03-13,CZ,ios,99.29,"7,615",133,27,4
2025-11-07,facebook,FA93768,fb_retargeting,2025-11-06,BE,ios,153.75,"7,038",81,28,2
2025-05-30,facebook,FA66209,fb_app_install,2025-05-03,GR,ios,55.83,"9,175",229,31,9
2025-02-25,google,GO19282,google_youtube_video,2025-01-11,ES,android,299.36,"12,128",685,57,18
2025-01-12,google,GO23916,google_pmax_2025,2024-11-12,MT,android,66.08,"4,467",145,14,4
2025-06-04,google,GO38328,google_youtube_video,2025-03-21,AT,ios,180.03,"11,062",285,24,6
2025-02-03,facebook,FA80691,fb_retargeting,2025-02-02,IE,android,101.54,"8,134",72,23,2
2025-06-04,tiktok,TI10770,tt_spark_ads,2025-04-12,FR,android,89.63,"4,866",233,59,11
2025-07-20,tiktok,TI47122,tt_creator_push,2025-05-15,FR,android,94.27,"4,698",82,13,2
2025-12-25,twitter,TW99806,x_retargeting,2025-08-08,FR,ios,94.01,"9,969",66,9,1
2025-06-18,tiktok,TI32896,tt_conversion_2025,2025-05-31,HU,android,54.33,"7,006",376,107,11
2025-04-25,tiktok,TI60248,tt_app_installs,2025-04-15,FI,android,127.65,"6,755",351,64,3
2025-03-08,facebook,FA49999,fb_app_install,2024-12-03,IE,ios,71.52,"11,727",337,110,19
2025-01-28,google,GO27176,google_pmax_2025,2024-11-21,RO,ios,345.25,"11,842",309,43,7
2025-09-24,tiktok,TI15306,tt_conversion_2025,2025-05-11,BE,android,60.48,"12,292",425,104,13
2025-03-05,google,GO30946,google_youtube_video,2024-10-04,NL,ios,134.90,"7,858",366,57,18
2025-06-18,tiktok,TI12541,tt_creator_push,2025-02-08,BG,ios,65.18,"10,640",509,76,14
2025-01-15,affiliate,AF25880,aff_summer,2024-11-13,CY,android,145.07,"11,112",134,20,1
2025-03-26,instagram,IN69531,ig_reels_push,2024-12-29,DK,ios,329.25,"13,809",273,36,8
2025-10-11,affiliate,AF22901,aff_summer,2025-08-01,MT,android,75.60,"13,679",240,17,2
2025-08-20,affiliate,AF18360,aff_winter,2025-05-02,CZ,android,34.64,"6,827",153,14,1
2025-02-23,google,GO98398,google_search_brand,2024-10-07,CZ,ios,179.48,"11,850",660,64,16
2025-03-27,tiktok,TI93048,tt_creator_push,2025-02-19,PT,ios,180.23,"8,831",107,30,6
2025-12-21,tiktok,TI61460,tt_spark_ads,2025-07-24,EE,ios,95.43,"8,656",397,105,21
2025-01-06,google,GO29785,google_pmax_2025,2024-10-23,LT,android,243.98,"8,319",575,51,7
2025-11-23,twitter,TW86693,x_retargeting,2025-10-07,GR,android,22.32,"3,893",67,14,1
2025-05-28,tiktok,TI27160,tt_creator_push,2025-01-01,EE,android,51.80,"6,285",116,29,1
2025-06-26,google,GO22232,google_pmax_2025,2025-02-05,FR,ios,374.22,"11,130",740,108,31
2025-01-10,google,GO31238,google_pmax_2025,2025-01-03,ES,ios,176.49,"7,617",434,120,29
2025-12-26,google,GO66109,google_search_brand,2025-11-19,HU,ios,134.43,"5,749",322,83,18
2025-12-30,twitter,TW60550,x_web_conversions,2025-08-11,SE,android,109.27,"11,918",321,23,2
2025-03-19,google,GO70191,google_youtube_video,2025-02-25,FR,ios,260.35,"10,163",228,31,9
2025-11-20,twitter,TW96547,x_awareness,2025-08-12,IE,android,59.77,"5,826",78,16,2
2025-06-22,facebook,FA92600,fb_retargeting,2025-03-28,CY,ios,274.84,"10,454",200,65,4
2025-05-24,facebook,FA62904,fb_conversion_2025,2025-02-20,LT,android,60.03,"7,403",179,31,2
2025-11-06,instagram,IN33618,ig_story_launch,2025-11-01,SK,ios,193.42,"10,978",143,23,2
2025-08-19,twitter,TW12695,x_awareness,2025-05-12,HR,ios,39.31,"4,543",84,17,2
2025-04-11,instagram,IN39460,ig_app_install,2024-12-22,AT,android,132.14,"6,979",96,27,3
2025-12-02,instagram,IN27505,ig_app_install,2025-11-10,RO,ios,177.56,"9,748",167,26,4
2025-02-08,facebook,FA71869,fb_brand_awareness,2024-12-24,SI,ios,168.49,"6,038",193,62,12
2025-05-13,tiktok,TI90315,tt_spark_ads,2025-02-16,FR,android,76.55,"9,767",526,94,11
2025-02-07,instagram,IN24022,ig_reels_push,2024-12-30,PL,android,201.03,"11,269",268,29,8
2025-09-01,google,GO27396,google_pmax_2025,2025-07-01,LV,ios,124.71,"6,059",421,59,12
2025-06-20,instagram,IN90166,ig_app_install,2025-03-09,EE,ios,106.51,"6,762",246,66,18
2025-11-22,facebook,FA26697,fb_conversion_2025,2025-09-22,FI,android,14.66,"2,213",39,11,1
2025-12-04,google,GO90481,google_youtube_video,2025-07-21,BG,ios,245.29,"12,308",313,83,25
2025-07-01,affiliate,AF38199,aff_spring,2025-05-04,MT,ios,52.20,"11,156",217,25,3
2025-05-17,facebook,FA99483,fb_retargeting,2025-04-26,SK,android,84.92,"7,226",192,32,3
2025-12-31,facebook,FA68133,fb_retargeting,2025-10-27,SI,ios,116.77,"7,748",66,9,2
2025-03-15,instagram,IN16041,ig_story_launch,2024-12-04,DE,android,258.84,"12,791",559,99,16
2025-09-27,google,GO16957,google_youtube_video,2025-09-25,DK,android,162.71,"6,721",177,27,5
2025-06-12,twitter,TW61166,x_awareness,2025-03-22,PL,android,38.09,"4,373",92,18,1
2025-10-30,facebook,FA51205,fb_brand_awareness,2025-09-18,ES,ios,332.91,"12,593",318,50,3
2025-09-26,twitter,TW21775,x_web_conversions,2025-04-25,BG,android,253.97,"14,963",308,29,3
2025-07-23,affiliate,AF40161,aff_summer,2025-02-08,LU,android,29.40,"3,669",33,3,0
2025-05-14,instagram,IN57708,ig_reels_push,2025-01-24,RO,android,117.43,"10,708",244,57,11
2025-07-31,tiktok,TI88457,tt_creator_push,2025-07-04,EE,ios,39.19,"3,632",89,14,1
2025-10-25,facebook,FA74030,fb_retargeting,2025-08-10,LU,android,103.26,"15,690",240,36,6
2025-03-30,facebook,FA87725,fb_retargeting,2025-02-19,FR,ios,177.04,"8,671",220,29,2
2025-04-15,instagram,IN42822,ig_story_launch,2025-02-27,CZ,ios,69.51,"7,395",146,31,4
2025-04-02,facebook,FA46888,fb_retargeting,2025-01-20,DK,android,72.56,"7,864",163,41,4
2025-01-14,tiktok,TI35117,tt_spark_ads,2024-08-17,CZ,android,147.00,"7,165",331,102,13
2025-02-02,tiktok,TI11222,tt_conversion_2025,2024-12-14,PL,ios,22.15,"2,300",75,16,2
2025-08-25,facebook,FA15687,fb_conversion_2025,2025-08-25,EE,android,241.70,"16,321",350,104,10
2025-05-15,affiliate,AF35484,aff_autumn,2024-11-02,LT,android,70.45,"5,329",37,5,1
2025-01-08,twitter,TW27611,x_app_installs,2024-09-23,BE,android,128.86,"11,200",136,22,4
2025-04-02,affiliate,AF67037,aff_spring,2024-08-19,MT,android,124.63,"9,377",49,7,1
2025-01-08,tiktok,TI45708,tt_app_installs,2024-09-11,CY,ios,34.50,"6,403",297,91,12
2025-02-08,affiliate,AF72749,aff_autumn,2024-12-27,IT,android,57.53,"5,035",112,9,1
2025-04-10,facebook,FA15650,fb_brand_awareness,2025-03-31,FI,ios,224.31,"9,405",309,67,14
2025-10-23,facebook,FA94555,fb_conversion_2025,2025-06-25,DK,android,91.96,"5,374",61,12,1
2025-04-02,facebook,FA55110,fb_retargeting,2025-03-05,EE,android,255.12,"13,049",138,47,11
2025-08-29,facebook,FA52275,fb_retargeting,2025-06-04,CZ,android,112.48,"5,772",119,28,4
2025-12-30,tiktok,TI17498,tt_creator_push,2025-09-12,DE,ios,280.63,"14,617",453,73,16
2025-10-23,tiktok,TI81780,tt_spark_ads,2025-07-14,SK,ios,176.08,"10,953",507,114,10
2025-12-13,instagram,IN78094,ig_retargeting,2025-11-14,CY,ios,134.34,"9,576",240,58,6
2025-08-03,twitter,TW13322,x_web_conversions,2025-03-12,AT,ios,231.28,"13,513",330,38,3
2025-12-12,facebook,FA24769,fb_retargeting,2025-10-09,DE,android,98.09,"6,274",79,10,1
2025-08-10,twitter,TW76951,x_app_installs,2025-04-30,DK,ios,51.17,"7,289",142,19,2
2025-06-18,facebook,FA33254,fb_retargeting,2025-03-31,AT,ios,51.28,"2,827",69,17,2
2025-05-20,instagram,IN98703,ig_reels_push,2025-01-21,IE,android,195.62,"15,493",301,78,10
2025-07-01,tiktok,TI69780,tt_app_installs,2025-01-31,SK,ios,133.23,"12,860",516,77,4
2025-05-13,affiliate,AF26867,aff_autumn,2025-05-05,ES,android,41.11,"8,829",187,34,5
2025-09-30,google,GO69002,google_search_brand,2025-05-06,IT,android,215.97,"13,594",860,205,28
2025-06-18,instagram,IN60082,ig_story_launch,2025-04-21,NL,android,175.65,"14,227",416,64,5
2025-02-05,google,GO76410,google_display_retargeting,2024-11-30,SK,ios,192.57,"6,448",275,74,22
2025-03-13,instagram,IN59726,ig_reels_push,2024-12-24,PL,android,41.49,"7,722",126,30,8
2025-04-10,instagram,IN51764,ig_app_install,2025-01-13,BG,ios,173.43,"8,348",356,92,19
2025-05-20,instagram,IN30918,ig_reels_push,2025-03-28,SE,android,81.27,"8,689",113,27,2
2025-11-06,instagram,IN74385,ig_retargeting,2025-10-30,AT,ios,149.34,"11,110",390,72,20
2025-07-17,google,GO62463,google_display_retargeting,2025-07-14,BE,ios,129.51,"5,490",216,51,16
2025-06-21,twitter,TW57949,x_awareness,2025-02-13,IT,ios,284.98,"21,406",324,60,10
2025-09-28,twitter,TW46183,x_app_installs,2025-07-30,BG,android,30.20,"5,754",66,12,1
2025-02-01,affiliate,AF94750,aff_spring,2024-05-24,CZ,ios,88.25,"13,493",254,33,3
2025-04-23,google,GO11234,google_search_brand,2024-12-28,GR,ios,129.06,"12,087",632,165,13
2025-07-27,tiktok,TI30888,tt_creator_push,2025-07-24,SE,android,85.68,"4,615",109,33,2
2025-01-25,affiliate,AF67412,aff_autumn,2025-01-14,SK,ios,22.59,"8,047",150,11,2
2025-11-07,tiktok,TI33376,tt_creator_push,2025-09-08,DE,android,235.92,"14,027",217,24,5
2025-05-31,tiktok,TI41725,tt_app_installs,2025-04-25,NL,ios,28.83,"4,061",115,26,5
2025-08-04,google,GO18226,google_search_brand,2025-08-04,HU,android,640.20,"19,109",413,35,11
2025-11-04,affiliate,AF49283,aff_spring,2025-07-29,LU,android,118.44,"10,238",91,9,1
2025-09-03,instagram,IN54374,ig_story_launch,2025-08-02,PL,ios,55.20,"3,619",147,24,1
2025-07-11,google,GO41481,google_search_brand,2025-05-27,CZ,ios,271.40,"9,214",613,134,28
2025-10-18,google,GO34000,google_search_brand,2025-08-13,ES,android,213.47,"7,070",268,70,22
2025-10-18,tiktok,TI35056,tt_creator_push,2025-09-16,SI,android,151.15,"8,255",280,48,2
2025-01-18,affiliate,AF33210,aff_summer,2024-05-05,LT,ios,108.18,"9,741",118,20,2
2025-02-15,instagram,IN81422,ig_story_launch,2025-02-12,EE,ios,114.19,"5,002",108,14,4
2025-10-07,tiktok,TI18014,tt_app_installs,2025-09-25,ES,ios,100.62,"5,793",90,19,1
2025-05-29,facebook,FA45109,fb_retargeting,2025-03-20,BG,ios,112.39,"7,379",157,52,11
2025-07-14,facebook,FA39513,fb_app_install,2025-04-25,LT,android,263.41,"14,716",243,49,12
2025-12-11,twitter,TW83143,x_app_installs,2025-08-26,EE,android,31.45,"5,841",153,14,1
2025-10-25,affiliate,AF56753,aff_autumn,2025-02-19,ES,ios,78.32,"8,634",194,11,2
2025-01-01,affiliate,AF20410,aff_winter,2024-06-07,IT,ios,105.76,"9,096",65,9,0
2025-06-24,tiktok,TI70748,tt_spark_ads,2025-05-06,RO,ios,165.76,"8,387",165,34,2
2025-04-21,affiliate,AF35728,aff_spring,2025-04-21,NL,ios,27.38,"10,465",237,17,3
2025-07-30,google,GO53570,google_search_brand,2025-06-20,MT,android,87.85,"4,296",90,17,3
2025-04-04,affiliate,AF31451,aff_summer,2025-02-03,CZ,android,92.22,"7,764",112,8,1
2025-08-29,affiliate,AF85828,aff_winter,2025-08-03,LV,ios,27.03,"5,776",117,14,0
2025-12-01,instagram,IN36279,ig_retargeting,2025-08-06,CY,android,123.73,"18,809",776,114,15
2025-07-02,tiktok,TI75464,tt_spark_ads,2025-03-30,EE,ios,167.26,"10,237",521,131,27
2025-06-04,twitter,TW40610,x_retargeting,2024-12-19,CZ,ios,123.47,"9,981",282,18,3
2025-04-02,facebook,FA91596,fb_conversion_2025,2024-12-11,FR,ios,101.46,"5,088",177,52,5
2025-01-05,instagram,IN67768,ig_app_install,2024-11-16,HU,ios,175.59,"11,904",426,103,18
2025-08-14,tiktok,TI84503,tt_spark_ads,2025-07-28,PT,android,98.88,"6,085",194,34,8
2025-10-04,twitter,TW85538,x_retargeting,2025-10-02,DK,ios,129.17,"7,242",177,11,1
2025-10-29,affiliate,AF20727,aff_winter,2025-10-10,RO,ios,110.32,"8,683",143,17,2
2025-03-04,instagram,IN20304,ig_reels_push,2025-01-12,FR,android,209.68,"9,335",110,20,4
2025-11-06,tiktok,TI81198,tt_app_installs,2025-07-28,FR,android,318.40,"15,115",488,70,11
2025-07-05,twitter,TW61391,x_awareness,2025-06-17,AT,android,108.37,"7,367",86,10,1
2025-01-10,tiktok,TI38503,tt_app_installs,2024-12-26,ES,ios,12.75,"2,794",73,10,2
2025-03-19,facebook,FA24389,fb_conversion_2025,2025-01-03,NL,android,35.60,"4,314",79,12,2
2025-03-15,twitter,TW80481,x_awareness,2025-02-14,BG,android,243.94,"18,448",282,20,3
2025-04-22,instagram,IN78706,ig_story_launch,2024-12-26,LV,android,111.12,"14,319",332,79,13
2025-08-15,twitter,TW81708,x_web_conversions,2025-07-16,HU,android,231.00,"17,183",441,32,5
2025-05-22,affiliate,AF90002,aff_spring,2025-05-18,CZ,android,160.61,"12,394",136,21,1
2025-09-28,tiktok,TI79072,tt_conversion_2025,2025-08-14,FI,ios,32.22,"2,155",105,22,3
2025-03-03,tiktok,TI63217,tt_creator_push,2024-12-29,LV,android,67.63,"4,068",65,7,1
2025-05-09,instagram,IN83448,ig_retargeting,2025-03-14,GR,ios,69.65,"4,453",182,23,5
2025-07-14,facebook,FA55498,fb_brand_awareness,2025-07-07,BG,android,362.34,"13,878",231,72,5
2025-09-25,google,GO39627,google_search_brand,2025-06-08,CY,ios,254.75,"8,669",262,44,13
2025-12-17,facebook,FA47142,fb_conversion_2025,2025-08-26,MT,ios,69.11,"8,813",72,9,2
2025-06-27,instagram,IN65067,ig_reels_push,2025-03-06,HR,ios,86.78,"10,771",476,86,13
2025-11-29,google,GO37694,google_youtube_video,2025-11-25,DK,ios,112.16,"9,929",649,71,7
2025-09-02,instagram,IN28602,ig_reels_push,2025-06-30,DE,android,103.36,"10,677",165,47,5
2025-04-25,instagram,IN77203,ig_story_launch,2025-01-27,EE,android,131.52,"12,073",406,62,4
2025-12-07,affiliate,AF82213,aff_spring,2025-11-11,PL,android,47.45,"5,441",38,4,0
2025-04-15,instagram,IN25541,ig_reels_push,2025-01-10,PT,ios,274.99,"12,927",134,18,2
2025-12-10,facebook,FA89063,fb_brand_awareness,2025-10-11,HU,ios,187.26,"10,900",212,26,6
2025-04-16,google,GO12075,google_pmax_2025,2025-03-18,NL,ios,587.66,"20,123",745,206,64
2025-08-14,affiliate,AF88366,aff_summer,2025-07-05,HR,ios,11.37,"3,815",65,4,0
2025-03-08,instagram,IN56951,ig_app_install,2025-01-08,EE,ios,96.45,"8,448",328,73,20
2025-11-08,facebook,FA98594,fb_conversion_2025,2025-10-22,MT,ios,63.83,"5,610",61,9,2
2025-03-24,affiliate,AF80754,aff_spring,2025-03-01,BG,ios,97.20,"12,784",215,16,1
2025-11-18,instagram,IN74991,ig_retargeting,2025-08-27,HR,ios,133.23,"6,840",144,27,5
2025-05-29,facebook,FA39288,fb_conversion_2025,2025-05-09,SK,android,352.27,"14,117",150,45,3
2025-07-07,twitter,TW23525,x_app_installs,2025-04-11,RO,android,98.17,"6,968",155,16,2
2025-06-02,twitter,TW26746,x_web_conversions,2025-03-28,IE,android,90.17,"9,028",70,12,1
2025-05-28,twitter,TW11791,x_retargeting,2025-03-04,HU,android,58.69,"5,031",52,10,2
2025-07-05,facebook,FA38552,fb_app_install,2025-04-26,SI,ios,24.18,"3,921",95,31,6
2025-01-27,twitter,TW10343,x_awareness,2024-12-30,FI,ios,271.90,"15,177",240,45,7
2025-03-08,tiktok,TI95680,tt_spark_ads,2024-10-09,FR,ios,147.09,"9,467",276,30,6
2025-06-15,affiliate,AF39036,aff_winter,2024-10-31,BE,android,46.35,"4,180",63,10,1
2025-07-04,instagram,IN93925,ig_story_launch,2025-05-01,IT,android,120.00,"14,089",406,78,9
2025-10-15,instagram,IN87668,ig_reels_push,2025-07-14,LT,android,121.78,"8,283",269,29,4
2025-02-11,affiliate,AF33421,aff_autumn,2025-01-17,PL,android,105.71,"9,055",75,11,1
2025-11-14,google,GO85286,google_youtube_video,2025-10-05,SK,android,382.12,"17,647",957,96,27
2025-09-21,affiliate,AF90452,aff_winter,2025-05-22,NL,android,53.17,"4,845",85,13,1
2025-03-13,affiliate,AF25367,aff_spring,2024-08-14,DK,android,116.07,"12,149",184,18,2
2025-10-27,affiliate,AF75106,aff_spring,2025-05-06,HR,ios,58.47,"6,220",39,5,0
2025-09-06,affiliate,AF11591,aff_autumn,2025-01-28,ES,ios,24.98,"3,580",23,3,0
2025-02-25,instagram,IN26549,ig_app_install,2024-12-17,DK,ios,285.94,"18,376",222,48,4
2025-01-02,facebook,FA83790,fb_conversion_2025,2024-11-02,RO,ios,135.97,"6,111",111,31,5
2025-02-01,facebook,FA44792,fb_conversion_2025,2024-12-26,CZ,android,180.81,"8,003",163,53,5
2025-12-03,twitter,TW13974,x_web_conversions,2025-06-07,ES,ios,55.15,"3,365",38,4,0
2025-11-23,google,GO32907,google_youtube_video,2025-08-25,LT,ios,200.67,"9,104",436,103,12
2025-05-15,facebook,FA11976,fb_brand_awareness,2025-01-15,NL,android,203.97,"7,328",242,53,12
2025-05-11,instagram,IN79634,ig_story_launch,2025-02-26,MT,android,242.06,"10,243",111,30,2
2025-06-04,twitter,TW11055,x_app_installs,2025-02-13,PL,ios,103.60,"9,808",231,45,10
2025-03-06,twitter,TW16703,x_web_conversions,2024-10-11,HR,ios,31.88,"6,547",143,31,6
2025-07-12,facebook,FA64117,fb_retargeting,2025-05-24,IE,android,216.64,"8,174",156,23,6
2025-12-12,tiktok,TI97213,tt_app_installs,2025-10-03,SK,ios,75.28,"11,172",363,42,3
2025-08-06,affiliate,AF16565,aff_winter,2025-03-07,BE,ios,96.49,"9,265",63,9,1
2025-08-16,google,GO52362,google_display_retargeting,2025-03-25,SK,ios,41.29,"5,139",136,29,6
2025-08-30,twitter,TW22775,x_awareness,2025-04-17,DK,android,29.97,"6,862",85,11,1
2025-03-28,instagram,IN71640,ig_app_install,2025-01-26,AT,android,140.43,"16,452",355,71,18
2025-10-02,affiliate,AF32740,aff_winter,2025-04-11,DE,ios,112.15,"11,260",143,13,2
2025-04-20,google,GO45105,google_display_retargeting,2025-03-27,LT,ios,64.17,"3,673",222,20,3
2025-08-09,twitter,TW22626,x_app_installs,2025-07-27,GR,ios,85.76,"6,378",40,6,1
2025-11-28,tiktok,TI68710,tt_conversion_2025,2025-10-22,PT,ios,172.99,"10,495",147,37,6
2025-08-10,facebook,FA46184,fb_brand_awareness,2025-04-28,HU,android,229.16,"11,114",341,102,15
2025-10-04,instagram,IN34832,ig_story_launch,2025-10-04,SI,android,82.45,"6,996",169,34,7
2025-10-11,instagram,IN87296,ig_retargeting,2025-10-08,CZ,ios,248.64,"10,605",261,69,10
2025-05-01,twitter,TW18927,x_retargeting,2024-12-25,PT,ios,72.75,"4,943",106,7,1
2025-04-08,instagram,IN10178,ig_story_launch,2024-12-14,IE,ios,165.66,"7,346",245,57,10
2025-09-18,twitter,TW90836,x_awareness,2025-09-16,PL,ios,101.38,"8,654",238,46,2
2025-12-31,affiliate,AF65500,aff_autumn,2025-06-30,CZ,android,116.78,"13,542",69,10,1
2025-02-28,tiktok,TI27777,tt_app_installs,2024-09-26,EE,android,166.91,"10,668",444,54,5
2025-11-12,twitter,TW38868,x_awareness,2025-10-10,SI,ios,90.82,"5,081",33,5,0
2025-10-05,facebook,FA75711,fb_app_install,2025-07-11,DK,ios,81.59,"6,568",60,20,2
2025-01-02,affiliate,AF28130,aff_spring,2024-10-01,DK,ios,133.25,"11,957",157,9,1
2025-10-12,affiliate,AF51957,aff_spring,2025-06-05,HR,ios,90.08,"7,638",109,17,1
2025-02-03,google,GO42222,google_display_retargeting,2024-09-01,IT,ios,357.53,"10,589",555,150,33
2025-11-01,twitter,TW85243,x_retargeting,2025-06-18,DE,ios,126.11,"7,619",165,18,4
2025-06-05,tiktok,TI96793,tt_creator_push,2025-04-14,LV,android,91.33,"5,875",196,53,3
2025-07-24,facebook,FA39015,fb_app_install,2025-05-31,IE,android,92.79,"6,287",185,51,6
2025-01-14,twitter,TW73632,x_web_conversions,2024-08-10,AT,ios,173.11,"10,115",216,18,1
2025-08-13,affiliate,AF22566,aff_summer,2025-02-20,EE,ios,76.49,"15,486",315,54,9
2025-08-25,twitter,TW87425,x_web_conversions,2025-08-21,IT,android,107.31,"13,213",382,33,6
2025-05-29,tiktok,TI99508,tt_app_installs,2025-02-18,IT,ios,179.16,"17,568",664,83,18
2025-04-01,google,GO36231,google_youtube_video,2024-10-30,MT,ios,286.72,"9,719",290,44,13
2025-03-16,twitter,TW51355,x_awareness,2025-01-16,GR,android,134.22,"10,663",305,57,11
2025-12-26,instagram,IN61200,ig_app_install,2025-09-03,RO,ios,139.69,"6,506",273,67,5
2025-03-17,affiliate,AF19401,aff_autumn,2025-01-25,HU,android,32.44,"3,315",60,10,1
2025-04-02,affiliate,AF75564,aff_autumn,2024-12-21,LU,android,40.59,"7,939",115,11,1
2025-10-06,instagram,IN38537,ig_reels_push,2025-09-05,MT,ios,224.27,"13,160",269,47,3
2025-05-09,instagram,IN85209,ig_reels_push,2025-05-03,IT,ios,170.97,"11,809",212,62,5
2025-11-07,google,GO24606,google_display_retargeting,2025-09-12,DE,android,228.08,"15,509",987,218,30
2025-03-24,instagram,IN64930,ig_reels_push,2025-03-09,PT,android,287.87,"15,681",168,40,9
2025-06-30,affiliate,AF55182,aff_winter,2025-04-02,SI,android,19.82,"8,280",52,7,0
2025-11-07,affiliate,AF33578,aff_summer,2025-05-01,CY,ios,96.01,"7,890",63,10,1
2025-11-04,tiktok,TI59310,tt_spark_ads,2025-06-14,PL,android,145.20,"14,289",414,86,16
2025-06-18,instagram,IN69924,ig_story_launch,2025-05-11,IE,android,71.04,"4,125",119,35,7
2025-08-17,facebook,FA84740,fb_brand_awareness,2025-05-08,MT,android,226.77,"12,549",329,59,17
2025-12-02,tiktok,TI64788,tt_app_installs,2025-11-12,LU,ios,41.95,"7,441",240,57,10
2025-06-10,twitter,TW45179,x_retargeting,2025-01-10,FR,android,67.11,"4,706",112,23,5
2025-02-13,google,GO93191,google_pmax_2025,2025-01-05,PT,android,315.55,"13,983",693,95,19
2025-04-07,tiktok,TI78716,tt_spark_ads,2025-01-27,BG,ios,243.95,"17,098",580,104,7
2025-11-11,twitter,TW33336,x_awareness,2025-08-26,HR,android,262.41,"15,431",255,48,7
2025-04-24,tiktok,TI44855,tt_conversion_2025,2025-02-14,FR,android,152.66,"24,678",721,220,19
2025-01-11,twitter,TW56047,x_awareness,2025-01-07,DK,android,223.35,"13,178",341,29,6
2025-07-23,affiliate,AF27962,aff_winter,2024-10-16,HU,android,114.45,"9,965",113,14,2
2025-05-31,twitter,TW48819,x_app_installs,2024-12-31,FI,android,49.07,"9,932",192,30,6
2025-05-24,google,GO85129,google_search_brand,2024-12-16,ES,ios,175.67,"8,071",499,73,5
2025-02-25,affiliate,AF54467,aff_autumn,2024-08-02,AT,android,26.58,"4,328",96,8,1
2025-01-26,instagram,IN39074,ig_app_install,2024-11-09,SE,ios,131.28,"16,588",738,191,44
2025-09-25,instagram,IN22076,ig_story_launch,2025-08-09,CY,android,78.75,"4,411",104,15,4
2025-04-08,facebook,FA83540,fb_brand_awareness,2025-02-09,HU,android,73.48,"8,575",155,53,8
2025-04-19,twitter,TW76458,x_app_installs,2025-02-17,AT,ios,32.58,"9,435",228,37,5
2025-08-24,google,GO82235,google_pmax_2025,2025-03-26,GR,ios,309.50,"13,122",393,95,13
2025-03-05,instagram,IN74994,ig_app_install,2025-01-22,LU,ios,93.74,"8,465",361,81,20
2025-09-29,affiliate,AF96977,aff_winter,2025-04-26,DE,android,31.41,"12,710",103,10,1
2025-10-12,google,GO93365,google_display_retargeting,2025-06-24,NL,android,504.34,"14,756",583,80,18
2025-06-22,google,GO67408,google_search_brand,2025-03-18,LU,android,544.97,"18,593",905,90,9
2025-09-10,tiktok,TI21907,tt_conversion_2025,2025-05-24,AT,ios,94.55,"6,049",152,42,8
2025-07-09,tiktok,TI25677,tt_spark_ads,2025-06-30,AT,ios,97.81,"10,005",444,100,20
2025-03-08,facebook,FA99276,fb_retargeting,2024-11-20,BE,android,162.45,"7,893",225,44,6
2025-07-07,affiliate,AF28897,aff_autumn,2024-12-22,SI,android,8.57,"3,780",81,10,2
2025-03-12,facebook,FA88860,fb_conversion_2025,2024-11-12,PL,ios,80.45,"6,660",114,26,6
2025-10-27,facebook,FA67115,fb_conversion_2025,2025-09-28,HU,android,173.49,"8,760",274,62,11
2025-02-14,facebook,FA49763,fb_conversion_2025,2025-01-29,SI,ios,49.72,"6,753",217,70,14
2025-04-22,tiktok,TI75032,tt_spark_ads,2024-12-24,IE,android,263.44,"12,501",546,143,30
2025-08-20,twitter,TW11646,x_app_installs,2025-06-23,LT,android,87.06,"7,271",50,8,1
2025-01-21,affiliate,AF95655,aff_winter,2024-05-09,PL,ios,26.70,"11,071",73,9,2
2025-05-14,twitter,TW35205,x_retargeting,2025-04-27,CZ,android,86.45,"8,329",59,13,2
2025-08-18,affiliate,AF27914,aff_winter,2025-07-19,AT,ios,239.09,"19,616",330,51,8
2025-07-22,affiliate,AF56948,aff_spring,2025-07-13,IE,android,94.57,"6,805",164,13,1
2025-07-08,affiliate,AF23972,aff_winter,2025-04-06,BE,ios,24.38,"5,035",69,7,1
2025-01-04,google,GO27686,google_pmax_2025,2024-08-02,FR,android,102.61,"6,013",359,31,7
2025-05-14,instagram,IN69766,ig_app_install,2025-03-08,HU,android,55.39,"4,491",63,16,4
2025-08-02,google,GO43610,google_pmax_2025,2025-06-28,IE,android,275.74,"8,490",580,71,16
2025-01-29,google,GO56467,google_display_retargeting,2024-12-12,FR,ios,314.08,"13,878",698,187,47
2025-08-11,tiktok,TI63130,tt_conversion_2025,2025-04-26,ES,ios,225.39,"11,104",390,101,18
2025-07-12,facebook,FA61467,fb_conversion_2025,2025-03-19,GR,android,183.17,"8,306",270,87,9
2025-12-04,tiktok,TI43737,tt_conversion_2025,2025-11-29,DE,android,40.30,"2,714",95,21,2
2025-03-29,instagram,IN76570,ig_retargeting,2025-01-06,CZ,ios,76.62,"10,184",309,78,11
2025-01-22,twitter,TW92720,x_app_installs,2024-12-12,DE,ios,167.40,"12,031",84,5,1
2025-08-13,instagram,IN88586,ig_reels_push,2025-06-18,IT,ios,150.14,"7,505",95,16,1
2025-09-17,google,GO70757,google_youtube_video,2025-09-09,FR,android,115.17,"5,465",196,25,2
2025-01-05,tiktok,TI11140,tt_spark_ads,2024-12-10,LU,android,81.34,"9,972",223,56,5
2025-09-13,affiliate,AF55085,aff_summer,2025-04-08,GR,ios,37.86,"6,302",67,8,0
2025-04-11,twitter,TW43874,x_retargeting,2025-04-02,DE,ios,148.15,"10,045",102,17,4
2025-04-17,facebook,FA22570,fb_retargeting,2025-03-22,LU,ios,88.05,"10,255",341,105,6
2025-09-18,google,GO32468,google_search_brand,2025-06-30,LV,ios,283.94,"9,894",497,120,35
2025-10-28,instagram,IN81853,ig_reels_push,2025-07-18,DE,android,115.71,"13,915",540,122,26
2025-06-10,instagram,IN77246,ig_app_install,2025-02-16,CZ,ios,75.73,"11,916",149,15,1
2025-10-29,facebook,FA40434,fb_retargeting,2025-08-24,HU,ios,117.30,"10,411",123,28,1
2025-09-04,affiliate,AF37722,aff_spring,2025-02-02,BG,ios,17.34,"6,849",96,11,1
2025-09-30,affiliate,AF73185,aff_autumn,2025-08-11,EE,ios,55.41,"11,119",45,8,0
2025-08-13,affiliate,AF87548,aff_autumn,2025-04-19,LV,ios,54.12,"9,967",199,34,2
2025-02-18,tiktok,TI78651,tt_spark_ads,2024-12-21,LU,ios,201.66,"10,728",216,25,4
2025-09-22,twitter,TW14233,x_awareness,2025-08-04,LU,android,90.79,"10,065",167,13,2
2025-07-02,affiliate,AF69480,aff_summer,2024-10-04,LU,android,50.74,"5,711",130,11,1
2025-07-30,instagram,IN99375,ig_retargeting,2025-07-09,MT,android,126.97,"8,429",339,58,5
2025-12-02,instagram,IN99525,ig_reels_push,2025-10-06,CY,android,59.16,"6,820",246,37,8
2025-04-14,facebook,FA12793,fb_brand_awareness,2024-12-19,HR,android,323.97,"15,124",191,36,8
2025-08-01,tiktok,TI91621,tt_spark_ads,2025-03-28,NL,ios,36.39,"3,160",58,16,1
2025-05-25,tiktok,TI79526,tt_app_installs,2025-02-27,BE,android,270.19,"12,645",276,39,7
2025-06-12,facebook,FA24763,fb_app_install,2025-02-13,GR,android,52.30,"7,093",132,40,7
2025-11-01,twitter,TW67523,x_app_installs,2025-06-11,FI,android,35.65,"7,159",58,12,2
2025-02-25,tiktok,TI17312,tt_spark_ads,2025-01-27,FI,android,50.71,"9,421",228,48,7
2025-04-14,instagram,IN70352,ig_reels_push,2025-02-21,PL,ios,110.61,"7,534",283,44,6
2025-02-18,google,GO93383,google_display_retargeting,2024-12-23,FR,android,309.69,"12,121",657,153,44
2025-05-27,twitter,TW67036,x_awareness,2025-02-08,HR,android,52.29,"8,598",207,42,8
2025-02-03,facebook,FA40190,fb_conversion_2025,2025-01-24,MT,android,91.38,"5,158",52,12,2
2025-12-11,affiliate,AF36010,aff_autumn,2025-04-22,DK,android,75.90,"7,952",105,11,1
2025-08-07,google,GO27837,google_display_retargeting,2025-07-18,BE,android,94.42,"6,235",426,50,4
2025-11-26,instagram,IN85193,ig_story_launch,2025-09-14,LT,ios,196.13,"14,002",176,37,6
2025-05-08,instagram,IN49857,ig_retargeting,2025-03-12,HR,ios,55.63,"5,848",123,30,7
2025-02-08,tiktok,TI84271,tt_app_installs,2024-11-28,ES,ios,142.39,"7,590",279,47,6
2025-11-07,affiliate,AF36015,aff_spring,2025-08-22,EE,ios,92.44,"10,664",200,28,5
2025-02-16,tiktok,TI73083,tt_app_installs,2024-12-28,LT,android,43.77,"3,574",95,26,4
2025-08-16,twitter,TW51329,x_web_conversions,2025-03-20,ES,ios,81.52,"4,764",83,15,2
2025-06-22,google,GO33516,google_display_retargeting,2025-05-08,LV,android,300.76,"9,259",529,139,16
2025-12-18,instagram,IN56584,ig_app_install,2025-09-24,FR,android,117.34,"5,089",67,16,4
2025-06-21,instagram,IN63024,ig_reels_push,2025-04-30,PT,ios,229.49,"12,037",379,100,6
2025-11-30,google,GO15325,google_display_retargeting,2025-10-12,HR,android,396.46,"12,516",543,100,32
2025-05-20,affiliate,AF20787,aff_summer,2024-10-10,IE,android,80.43,"10,950",216,20,3
2025-07-11,affiliate,AF51501,aff_spring,2024-12-26,DE,ios,47.64,"5,912",116,17,1
2025-08-26,tiktok,TI68371,tt_app_installs,2025-07-18,HR,ios,89.07,"11,097",435,74,4
2025-08-14,google,GO90957,google_youtube_video,2025-07-25,PT,android,82.57,"7,632",521,73,9
2025-05-17,instagram,IN60255,ig_reels_push,2025-02-22,FI,android,247.24,"11,461",115,23,2
2025-04-16,tiktok,TI13154,tt_app_installs,2025-01-21,SK,android,83.86,"15,150",726,187,36
2025-04-08,tiktok,TI36143,tt_creator_push,2025-03-28,CZ,android,48.69,"6,975",149,17,4
2025-10-06,twitter,TW53916,x_app_installs,2025-04-18,FR,ios,102.70,"12,415",207,15,1
2025-01-16,instagram,IN29120,ig_story_launch,2024-09-25,CY,android,79.44,"11,775",420,53,14
2025-12-19,tiktok,TI66212,tt_creator_push,2025-11-16,FI,android,53.39,"4,858",113,22,3
2025-06-27,facebook,FA59534,fb_app_install,2025-03-08,RO,ios,59.98,"4,954",103,13,1
2025-10-25,facebook,FA52447,fb_app_install,2025-08-06,LU,android,96.82,"7,120",216,29,2
2025-03-17,tiktok,TI68951,tt_conversion_2025,2025-02-12,MT,ios,42.22,"2,204",94,14,1
2025-08-24,twitter,TW62625,x_web_conversions,2025-08-19,SE,android,52.59,"4,053",66,12,2
2025-12-17,instagram,IN26683,ig_app_install,2025-10-17,RO,ios,173.26,"8,180",128,13,3
2025-10-14,twitter,TW36602,x_retargeting,2025-07-08,PT,android,132.80,"7,474",113,9,1
2025-10-10,google,GO51384,google_display_retargeting,2025-08-14,PL,android,120.29,"10,762",672,88,11
2025-01-03,tiktok,TI78980,tt_spark_ads,2024-11-14,SK,android,130.83,"8,814",238,68,16
2025-06-04,twitter,TW50881,x_retargeting,2025-05-06,MT,android,48.67,"5,489",120,18,1
2025-06-05,tiktok,TI34502,tt_conversion_2025,2025-04-10,LU,android,46.99,"4,537",103,20,3
2025-10-29,tiktok,TI25650,tt_spark_ads,2025-08-24,PL,android,29.00,"5,284",275,49,3
2025-01-03,twitter,TW70599,x_web_conversions,2024-09-03,LT,ios,37.67,"7,144",77,8,1
2025-02-16,twitter,TW95725,x_app_installs,2024-09-08,CZ,ios,29.55,"5,275",52,5,1
2025-08-25,facebook,FA48402,fb_brand_awareness,2025-06-26,SK,android,88.80,"10,594",220,31,8
2025-02-18,affiliate,AF65480,aff_winter,2024-12-05,SE,ios,150.49,"13,518",280,20,3
2025-06-02,google,GO14044,google_display_retargeting,2025-01-30,PL,android,111.89,"11,216",384,95,15
2025-12-09,facebook,FA86363,fb_brand_awareness,2025-12-05,AT,android,190.38,"8,716",125,43,10
2025-03-06,twitter,TW47339,x_awareness,2024-10-15,FI,android,126.89,"9,726",243,27,5
2025-01-04,facebook,FA39644,fb_conversion_2025,2024-11-12,ES,ios,203.63,"10,080",195,42,10
2025-07-01,tiktok,TI46673,tt_creator_push,2025-02-25,SI,ios,163.07,"12,446",219,70,9
2025-12-15,twitter,TW80039,x_retargeting,2025-12-12,LT,ios,34.68,"3,672",81,9,2
2025-02-05,facebook,FA94252,fb_retargeting,2024-11-30,SK,ios,72.51,"6,360",219,75,19
2025-05-10,affiliate,AF66216,aff_winter,2025-02-12,DK,android,69.56,"6,394",34,5,1
2025-07-04,tiktok,TI33366,tt_app_installs,2025-03-18,SI,ios,68.20,"5,760",180,26,6
2025-03-16,twitter,TW80426,x_web_conversions,2024-12-07,NL,android,131.29,"11,702",312,46,8
2025-10-26,twitter,TW25171,x_app_installs,2025-09-17,FI,android,150.89,"8,485",240,38,4
2025-08-30,twitter,TW48929,x_app_installs,2025-08-27,SE,ios,26.52,"3,370",24,5,1
2025-10-22,affiliate,AF82276,aff_spring,2025-07-03,SE,ios,80.06,"10,152",143,9,1
2025-06-01,tiktok,TI77234,tt_creator_push,2025-04-14,MT,ios,79.72,"10,008",458,123,20
2025-11-20,google,GO60784,google_pmax_2025,2025-08-14,CY,android,215.73,"11,091",654,62,15
2025-07-15,tiktok,TI51021,tt_conversion_2025,2025-04-20,EE,android,58.21,"5,996",208,26,5
2025-11-27,facebook,FA62012,fb_conversion_2025,2025-08-17,SK,ios,77.57,"5,075",112,16,4
2025-08-21,affiliate,AF50136,aff_autumn,2025-04-28,SK,ios,68.73,"6,383",107,19,3
2025-10-02,affiliate,AF77270,aff_summer,2025-07-12,DK,ios,48.45,"5,321",25,4,0
2025-12-23,affiliate,AF95919,aff_autumn,2025-09-25,AT,ios,118.98,"9,299",157,22,4
2025-12-17,facebook,FA90069,fb_retargeting,2025-09-19,ES,ios,142.59,"9,374",143,34,7
2025-07-24,facebook,FA80449,fb_retargeting,2025-05-26,LU,ios,50.36,"7,947",100,21,6
2025-06-01,twitter,TW67851,x_retargeting,2025-05-05,FR,ios,37.29,"5,437",45,9,1
2025-07-02,affiliate,AF56042,aff_summer,2025-06-08,GR,ios,37.17,"7,452",66,7,1
2025-02-24,instagram,IN41189,ig_story_launch,2024-11-05,BE,ios,378.23,"16,930",485,121,32
2025-08-14,affiliate,AF52132,aff_summer,2025-02-16,SE,ios,34.77,"7,628",140,13,2
2025-12-23,twitter,TW78618,x_app_installs,2025-11-09,BE,android,39.25,"3,069",24,3,0
2025-09-04,google,GO48177,google_search_brand,2025-04-02,CY,android,386.97,"12,827",575,98,16
2025-07-19,instagram,IN59686,ig_story_launch,2025-05-01,DK,android,128.34,"9,705",168,18,3
2025-06-29,facebook,FA81613,fb_conversion_2025,2025-03-07,RO,android,81.47,"7,239",205,29,8
2025-12-26,instagram,IN23734,ig_story_launch,2025-11-16,SI,android,125.17,"5,881",166,47,8
2025-03-31,instagram,IN86305,ig_story_launch,2025-03-18,BG,ios,68.35,"2,876",54,7,0
2025-03-19,affiliate,AF70750,aff_summer,2024-08-22,LT,android,69.16,"10,395",173,25,2
2025-09-14,twitter,TW91917,x_web_conversions,2025-06-10,DK,android,24.06,"6,375",38,7,1
2025-04-08,instagram,IN53125,ig_app_install,2025-01-25,RO,ios,122.73,"5,135",74,9,1
2025-11-27,affiliate,AF68676,aff_summer,2025-09-18,LU,android,44.05,"8,299",165,19,1
2025-04-25,tiktok,TI23008,tt_app_installs,2025-03-06,GR,android,107.17,"10,169",361,59,2
2025-01-08,tiktok,TI47855,tt_conversion_2025,2024-11-07,BG,android,251.19,"12,583",217,52,13
2025-01-11,tiktok,TI77384,tt_creator_push,2024-10-20,EE,android,48.15,"6,170",169,30,7
2025-05-20,twitter,TW46940,x_web_conversions,2025-01-13,GR,android,113.21,"8,716",171,21,3
2025-11-16,facebook,FA71762,fb_app_install,2025-08-16,HU,android,70.26,"3,449",44,8,2
2025-12-03,instagram,IN38563,ig_story_launch,2025-10-20,PT,ios,158.20,"12,074",279,48,12
2025-06-04,affiliate,AF50511,aff_spring,2024-09-09,SE,ios,26.17,"10,026",221,13,2
2025-04-20,tiktok,TI45284,tt_creator_push,2024-12-27,CZ,android,44.14,"10,875",452,137,17
2025-01-04,facebook,FA57669,fb_retargeting,2024-09-08,LU,android,172.03,"6,855",147,45,6
2025-08-07,affiliate,AF61887,aff_autumn,2024-12-27,IE,ios,58.49,"13,479",215,33,2
2025-05-10,google,GO20683,google_display_retargeting,2025-05-08,FR,ios,116.98,"8,200",470,53,16
2025-03-12,twitter,TW88417,x_app_installs,2025-01-31,HU,android,77.53,"4,823",82,6,1
2025-01-08,google,GO70824,google_search_brand,2024-10-08,SE,android,158.73,"15,901",331,27,6
2025-11-06,facebook,FA39326,fb_app_install,2025-09-07,HR,android,220.37,"9,676",233,51,8
2025-11-02,google,GO49702,google_display_retargeting,2025-08-20,DE,android,181.30,"8,228",392,38,6
2025-06-17,tiktok,TI18882,tt_spark_ads,2025-06-12,BE,android,99.99,"7,898",334,74,16
2025-10-04,facebook,FA83759,fb_app_install,2025-08-02,DK,ios,385.18,"16,369",314,71,11
2025-02-21,instagram,IN94299,ig_story_launch,2025-02-05,DK,ios,37.39,"3,726",53,13,3
2025-07-14,google,GO61551,google_display_retargeting,2025-02-24,LV,android,82.52,"5,558",351,81,23
2025-01-14,instagram,IN27690,ig_story_launch,2024-10-15,CY,ios,150.42,"9,549",229,51,12
2025-11-20,google,GO66469,google_pmax_2025,2025-06-30,PT,android,272.78,"13,419",870,200,55
2025-07-31,tiktok,TI42021,tt_app_installs,2025-07-11,LT,ios,39.22,"1,971",87,25,4
2025-11-23,twitter,TW77231,x_awareness,2025-08-14,ES,ios,37.84,"10,977",162,21,4
2025-11-07,facebook,FA67224,fb_brand_awareness,2025-10-06,MT,ios,103.08,"8,542",97,17,1
2025-10-19,tiktok,TI48878,tt_creator_push,2025-07-28,HU,android,52.89,"4,823",83,24,3
2025-02-03,affiliate,AF29442,aff_winter,2024-11-17,MT,ios,6.95,"2,713",11,1,0
2025-11-20,instagram,IN66582,ig_reels_push,2025-10-28,NL,android,210.09,"9,621",238,27,4
2025-12-28,google,GO99927,google_pmax_2025,2025-12-22,SI,android,272.23,"17,208",550,71,14
2025-06-20,facebook,FA77969,fb_retargeting,2025-06-09,SE,android,152.26,"8,128",227,35,6
2025-05-27,twitter,TW78293,x_retargeting,2025-03-25,CY,android,47.34,"6,384",131,20,2
2025-08-23,facebook,FA45743,fb_brand_awareness,2025-07-01,FI,ios,85.04,"4,213",66,9,1
2025-02-23,facebook,FA83328,fb_brand_awareness,2025-02-10,ES,ios,116.33,"12,602",254,33,9
2025-10-04,facebook,FA16675,fb_brand_awareness,2025-08-29,SE,android,83.14,"10,420",150,30,2
2025-07-27,affiliate,AF58037,aff_winter,2024-11-27,DK,android,140.80,"15,943",260,30,5
2025-08-05,instagram,IN33133,ig_app_install,2025-06-23,LT,android,116.32,"8,964",125,30,3
2025-05-03,instagram,IN55327,ig_story_launch,2025-04-11,IT,android,75.66,"5,133",185,24,6
2025-05-14,twitter,TW11194,x_web_conversions,2025-02-28,SK,ios,92.83,"5,984",90,18,3
2025-10-19,instagram,IN74276,ig_story_launch,2025-09-12,FR,android,331.13,"15,792",346,94,16
2025-12-25,tiktok,TI37827,tt_app_installs,2025-12-09,SE,android,53.98,"8,495",427,68,4
2025-06-27,facebook,FA55005,fb_retargeting,2025-05-11,RO,ios,161.19,"14,134",490,74,16
2025-11-20,twitter,TW29665,x_app_installs,2025-10-11,NL,ios,71.43,"9,490",154,33,4
2025-11-18,google,GO52261,google_display_retargeting,2025-10-07,LT,android,309.54,"13,040",422,61,10
2025-04-16,facebook,FA84761,fb_retargeting,2025-01-02,LU,ios,160.44,"6,244",73,12,2
2025-03-04,tiktok,TI80775,tt_conversion_2025,2025-02-02,GR,android,101.20,"7,054",203,30,5
2025-03-17,instagram,IN13609,ig_app_install,2025-02-11,FI,ios,332.36,"14,720",505,97,6
2025-04-07,affiliate,AF92273,aff_spring,2025-01-16,EE,ios,29.75,"7,664",105,10,1
2025-11-22,twitter,TW68195,x_app_installs,2025-06-23,SK,android,95.85,"7,294",203,14,1
2025-05-13,tiktok,TI35916,tt_creator_push,2025-02-06,CY,ios,42.06,"4,679",127,21,3
2025-12-20,google,GO13850,google_pmax_2025,2025-11-24,BG,ios,67.90,"7,899",397,35,4
2025-12-21,facebook,FA18901,fb_brand_awareness,2025-11-24,RO,android,117.74,"7,088",112,28,2
2025-01-10,facebook,FA58647,fb_retargeting,2024-11-22,CZ,android,241.51,"9,298",232,55,5
2025-05-20,google,GO31845,google_display_retargeting,2025-05-13,SE,ios,195.83,"9,979",426,111,27
2025-04-17,facebook,FA80995,fb_brand_awareness,2025-04-11,RO,android,58.82,"8,335",158,38,5
2025-08-27,facebook,FA83508,fb_retargeting,2025-07-15,CY,android,90.76,"6,087",176,24,4
2025-09-09,twitter,TW80767,x_retargeting,2025-08-06,AT,android,22.40,"7,348",157,13,2
2025-08-02,instagram,IN73758,ig_story_launch,2025-06-18,FI,android,223.30,"17,072",399,43,11
2025-09-14,instagram,IN34100,ig_retargeting,2025-07-01,CZ,android,90.13,"5,712",132,30,4
2025-05-23,facebook,FA35337,fb_brand_awareness,2025-01-23,SE,android,93.70,"9,186",84,20,4
2025-09-30,instagram,IN77532,ig_retargeting,2025-08-16,FR,ios,82.81,"7,162",151,38,8
2025-12-23,google,GO10717,google_display_retargeting,2025-09-24,CZ,android,293.91,"12,568",369,91,20
2025-07-05,facebook,FA68488,fb_app_install,2025-06-01,LU,ios,33.42,"3,168",29,8,2
2025-05-27,facebook,FA51266,fb_retargeting,2025-03-08,FR,android,94.69,"7,288",255,71,16
2025-11-11,twitter,TW78872,x_retargeting,2025-10-05,HR,android,32.25,"9,877",77,12,1
2025-12-05,instagram,IN83138,ig_app_install,2025-11-23,LV,ios,93.78,"8,672",302,54,5
2025-06-20,instagram,IN42106,ig_story_launch,2025-03-12,IT,ios,98.42,"8,734",154,41,4
2025-02-18,facebook,FA79871,fb_retargeting,2025-01-24,SI,ios,86.78,"13,460",182,32,5
2025-09-03,facebook,FA76132,fb_conversion_2025,2025-07-27,SI,ios,83.88,"6,085",179,50,10
2025-10-08,tiktok,TI94728,tt_creator_push,2025-05-04,SK,ios,80.66,"4,812",128,36,2
2025-02-15,facebook,FA72146,fb_conversion_2025,2024-10-30,DK,android,333.66,"18,112",575,90,7
2025-04-11,twitter,TW23549,x_app_installs,2025-03-20,AT,android,145.80,"14,771",123,23,2
2025-10-04,tiktok,TI16023,tt_creator_push,2025-06-24,NL,android,40.69,"3,710",100,22,2
2025-03-24,facebook,FA48793,fb_app_install,2025-01-10,HR,android,186.50,"7,274",183,42,6
2025-12-13,instagram,IN32681,ig_retargeting,2025-11-19,DE,ios,50.12,"8,207",101,16,2
2025-12-13,facebook,FA52201,fb_brand_awareness,2025-08-18,DK,android,91.41,"12,849",166,35,4
2025-03-22,facebook,FA80038,fb_retargeting,2025-03-02,SI,ios,81.94,"6,077",130,19,1
2025-09-06,affiliate,AF90563,aff_autumn,2025-01-09,CZ,ios,139.85,"10,319",216,26,3
2025-04-04,facebook,FA61913,fb_app_install,2025-01-20,DK,android,166.50,"6,510",82,19,3
2025-12-14,twitter,TW55877,x_app_installs,2025-06-27,SK,android,97.95,"5,789",82,13,2
2025-11-10,facebook,FA15225,fb_brand_awareness,2025-11-09,LV,ios,113.89,"7,233",119,41,5
2025-05-03,instagram,IN47387,ig_app_install,2025-04-27,AT,android,70.29,"10,191",339,42,8
2025-06-09,google,GO51901,google_pmax_2025,2025-02-05,SK,android,55.85,"5,145",150,41,12
2025-08-17,facebook,FA25414,fb_brand_awareness,2025-05-14,HR,ios,229.63,"10,857",122,32,8
2025-02-27,twitter,TW71397,x_app_installs,2024-12-14,LV,ios,106.96,"9,829",238,24,3
2025-12-06,tiktok,TI38389,tt_spark_ads,2025-10-09,FR,ios,110.43,"6,999",302,55,3
2025-09-12,tiktok,TI37136,tt_app_installs,2025-05-10,CY,ios,65.48,"9,072",119,30,7
2025-05-05,google,GO82330,google_pmax_2025,2025-04-26,ES,ios,172.21,"7,919",447,62,7
2025-04-10,instagram,IN50887,ig_reels_push,2025-01-07,CY,ios,327.22,"13,688",504,61,3
2025-04-13,affiliate,AF97972,aff_autumn,2025-03-29,AT,ios,75.91,"7,943",168,19,2
2025-01-17,google,GO19236,google_display_retargeting,2024-08-16,DK,android,249.36,"7,874",271,72,12
2025-09-03,facebook,FA47199,fb_retargeting,2025-06-16,SK,ios,81.87,"8,158",269,34,2
2025-11-18,twitter,TW46716,x_awareness,2025-08-16,FR,android,74.80,"9,486",101,7,1
2025-10-29,tiktok,TI19048,tt_conversion_2025,2025-09-01,HU,ios,95.92,"10,476",154,17,1
2025-12-24,instagram,IN28131,ig_retargeting,2025-11-23,IE,android,278.95,"13,100",389,47,7
2025-10-25,google,GO46299,google_search_brand,2025-09-20,EE,ios,406.53,"13,422",706,109,19
2025-04-17,tiktok,TI64792,tt_creator_push,2025-02-08,BG,android,59.74,"6,962",360,75,11
2025-07-17,twitter,TW81673,x_awareness,2025-02-28,SK,ios,35.45,"3,362",51,4,0
2025-03-04,affiliate,AF80540,aff_spring,2025-01-23,FI,android,196.60,"16,579",233,20,2
2025-07-12,affiliate,AF61380,aff_summer,2024-12-26,MT,android,67.08,"5,858",35,5,1
2025-11-10,facebook,FA26248,fb_brand_awareness,2025-11-04,BE,ios,152.21,"14,943",348,119,8
2025-03-19,facebook,FA89805,fb_app_install,2025-03-13,MT,ios,100.40,"5,906",173,36,7
2025-03-16,google,GO55530,google_search_brand,2024-10-09,CZ,android,177.92,"8,572",569,106,25
2025-12-02,twitter,TW57729,x_retargeting,2025-08-14,SI,android,250.41,"16,832",479,32,6
2025-08-31,affiliate,AF35994,aff_autumn,2025-08-08,FI,android,49.52,"8,986",135,20,2
2025-04-04,twitter,TW96068,x_retargeting,2024-12-28,ES,android,57.60,"6,430",124,9,1
2025-06-30,instagram,IN72005,ig_retargeting,2025-06-11,IT,android,92.40,"6,528",106,24,2
2025-10-07,facebook,FA75079,fb_app_install,2025-09-13,LT,android,199.12,"9,323",82,23,3
2025-03-24,google,GO32841,google_youtube_video,2025-01-02,FI,ios,100.01,"6,843",359,82,12
2025-09-28,twitter,TW48247,x_web_conversions,2025-08-11,IT,ios,116.13,"12,521",133,24,2
2025-06-16,twitter,TW47386,x_app_installs,2025-02-17,MT,ios,98.38,"5,909",61,5,1
2025-02-06,tiktok,TI63912,tt_spark_ads,2024-11-13,NL,ios,84.33,"11,454",473,85,20
2025-03-10,facebook,FA20547,fb_brand_awareness,2025-01-28,FR,ios,224.80,"11,642",389,104,12
2025-04-04,facebook,FA34873,fb_brand_awareness,2024-12-12,MT,ios,93.26,"8,196",205,38,7
2025-06-15,tiktok,TI93049,tt_conversion_2025,2025-02-23,SE,ios,135.08,"11,370",405,63,15
2025-04-04,google,GO79233,google_display_retargeting,2024-12-27,FI,android,59.38,"2,926",176,21,6
2025-10-14,twitter,TW64455,x_retargeting,2025-09-20,FI,android,90.98,"10,308",255,46,2
2025-02-25,facebook,FA67125,fb_retargeting,2024-11-26,HR,ios,37.96,"5,959",162,36,10
2025-08-12,twitter,TW72797,x_retargeting,2025-05-28,DE,android,34.18,"2,225",22,2,0
2025-01-24,tiktok,TI68647,tt_conversion_2025,2024-11-30,CY,ios,74.52,"13,259",314,36,5
2025-03-09,instagram,IN34439,ig_app_install,2024-12-22,CZ,ios,49.80,"3,426",133,31,2
2025-03-22,affiliate,AF33354,aff_autumn,2025-03-04,PT,ios,76.10,"15,322",118,6,1
2025-07-08,facebook,FA55125,fb_conversion_2025,2025-06-20,DE,ios,165.74,"15,102",245,43,8
2025-11-03,instagram,IN56508,ig_retargeting,2025-07-24,AT,ios,114.65,"5,474",60,6,1
2025-06-02,facebook,FA38200,fb_app_install,2025-04-05,LU,android,319.92,"13,582",199,46,8
2025-07-10,instagram,IN22565,ig_reels_push,2025-06-14,SK,android,207.59,"17,495",416,89,16
2025-10-20,tiktok,TI88567,tt_conversion_2025,2025-08-31,MT,ios,86.50,"5,943",253,37,8
2025-02-03,twitter,TW21370,x_app_installs,2024-08-10,AT,ios,53.73,"8,405",99,13,2
2025-01-31,facebook,FA19309,fb_conversion_2025,2025-01-08,HR,android,110.02,"6,150",207,31,8
2025-03-31,facebook,FA75850,fb_app_install,2025-03-21,MT,ios,178.49,"9,010",222,46,9
2025-09-02,tiktok,TI39669,tt_conversion_2025,2025-05-01,SE,ios,55.87,"7,616",300,41,6
2025-03-30,instagram,IN85367,ig_story_launch,2025-03-19,DK,android,68.88,"6,746",95,16,3
2025-07-24,affiliate,AF19178,aff_autumn,2025-02-18,SK,ios,102.51,"14,310",325,28,3
2025-10-02,tiktok,TI27536,tt_app_installs,2025-10-02,LU,android,216.00,"12,867",462,76,10
2025-01-24,google,GO56892,google_search_brand,2024-12-12,LU,android,235.74,"8,817",462,126,14
2025-07-18,tiktok,TI56906,tt_spark_ads,2025-07-18,HU,ios,150.56,"7,537",159,42,2
2025-04-29,facebook,FA37535,fb_app_install,2025-01-10,AT,android,92.24,"9,222",94,32,2
2025-01-17,affiliate,AF13489,aff_spring,2024-04-11,EE,android,45.56,"8,665",52,5,1
2025-12-17,facebook,FA56053,fb_app_install,2025-09-05,SK,ios,257.41,"12,936",439,140,38
2025-02-08,tiktok,TI98285,tt_app_installs,2024-12-27,HR,ios,95.94,"7,346",151,24,2
2025-11-08,google,GO34776,google_search_brand,2025-09-03,PT,android,525.50,"19,317",535,59,17
2025-04-05,affiliate,AF27338,aff_summer,2024-11-25,DE,ios,37.25,"6,696",98,10,1
2025-03-09,twitter,TW78084,x_awareness,2025-01-25,CY,ios,22.43,"4,608",112,15,1
2025-01-07,instagram,IN99939,ig_reels_push,2024-11-01,ES,ios,99.81,"15,745",679,142,26
2025-09-05,facebook,FA92981,fb_conversion_2025,2025-06-11,DK,android,86.79,"4,099",41,10,2
2025-10-23,instagram,IN89714,ig_reels_push,2025-09-24,IE,android,85.12,"8,539",273,65,7
2025-12-16,facebook,FA86568,fb_brand_awareness,2025-11-10,DE,android,33.35,"2,589",36,5,1
2025-04-06,twitter,TW40974,x_awareness,2025-01-05,FR,android,113.19,"9,529",177,23,4
2025-11-25,tiktok,TI90681,tt_creator_push,2025-09-27,IT,ios,131.68,"11,247",397,113,27
2025-02-17,affiliate,AF65081,aff_winter,2025-01-31,HR,ios,66.33,"5,253",83,11,1
2025-01-27,twitter,TW27348,x_web_conversions,2024-10-19,FI,ios,223.69,"13,411",194,20,2
2025-07-16,instagram,IN27402,ig_app_install,2025-04-07,RO,ios,190.36,"12,138",182,27,4
2025-09-22,instagram,IN54064,ig_retargeting,2025-09-12,LT,android,147.51,"8,400",122,29,3
2025-10-07,twitter,TW24226,x_awareness,2025-06-12,AT,ios,48.45,"8,238",92,18,3
2025-01-29,tiktok,TI48471,tt_conversion_2025,2025-01-05,BE,android,74.81,"3,679",92,28,2
2025-03-08,twitter,TW88490,x_app_installs,2025-01-17,LV,android,210.71,"11,940",355,52,7
2025-07-12,affiliate,AF30405,aff_summer,2025-06-13,CY,android,144.14,"13,605",141,24,3
2025-08-26,instagram,IN37215,ig_reels_push,2025-06-07,PL,ios,171.44,"8,415",203,48,10
2025-11-17,tiktok,TI74809,tt_spark_ads,2025-07-05,CZ,ios,62.29,"4,913",260,30,4
2025-08-01,google,GO83769,google_youtube_video,2025-05-06,AT,ios,285.40,"10,625",622,143,19
2025-10-24,google,GO93687,google_search_brand,2025-07-12,CZ,ios,271.05,"9,285",633,81,20
2025-03-26,twitter,TW42566,x_web_conversions,2024-11-14,LU,android,54.33,"14,757",268,38,3
2025-07-05,facebook,FA45876,fb_app_install,2025-04-14,PT,android,114.47,"5,803",83,16,1
2025-12-07,facebook,FA54375,fb_retargeting,2025-10-21,ES,android,296.43,"13,575",369,74,8
2025-12-24,google,GO69130,google_search_brand,2025-09-04,FR,android,231.42,"14,215",879,101,31
2025-07-23,facebook,FA89926,fb_app_install,2025-04-24,BE,android,101.98,"4,493",72,12,2
2025-08-10,twitter,TW52642,x_web_conversions,2025-02-25,EE,ios,79.14,"7,258",46,10,1
2025-06-03,google,GO39773,google_youtube_video,2025-03-10,IE,ios,177.72,"8,345",222,37,4
2025-04-23,facebook,FA77271,fb_app_install,2025-04-11,CY,ios,230.92,"9,917",101,21,6
2025-02-24,twitter,TW30437,x_web_conversions,2024-09-25,IT,ios,194.66,"13,336",96,7,1
2025-11-09,facebook,FA62009,fb_app_install,2025-08-29,SK,ios,56.41,"3,779",72,18,3
2025-02-19,instagram,IN30761,ig_retargeting,2025-02-18,MT,android,68.59,"8,500",267,78,10
2025-07-25,facebook,FA69393,fb_conversion_2025,2025-04-15,BG,ios,204.36,"7,328",159,47,9
2025-09-19,facebook,FA21428,fb_conversion_2025,2025-08-08,LU,android,123.80,"14,458",160,22,1
2025-05-09,facebook,FA26852,fb_brand_awareness,2025-02-07,SK,android,240.98,"10,467",323,60,16
2025-05-19,tiktok,TI64663,tt_spark_ads,2024-12-17,EE,android,118.63,"7,893",387,56,8
2025-03-28,google,GO99678,google_youtube_video,2024-10-20,SK,ios,124.20,"9,630",639,162,26
2025-08-20,google,GO74461,google_display_retargeting,2025-07-25,CY,android,171.79,"6,230",340,62,10
2025-01-30,tiktok,TI92040,tt_conversion_2025,2025-01-22,PL,android,100.57,"10,825",277,28,7
2025-06-23,tiktok,TI47008,tt_app_installs,2025-05-06,HR,ios,134.80,"8,198",140,45,11
2025-04-14,google,GO60637,google_display_retargeting,2024-11-22,AT,android,75.72,"7,459",290,43,9
2025-05-29,tiktok,TI42120,tt_conversion_2025,2025-03-17,SK,android,237.45,"11,908",206,36,2
2025-04-08,tiktok,TI98423,tt_conversion_2025,2025-02-20,FI,ios,217.39,"9,895",308,90,16
2025-11-01,google,GO81039,google_youtube_video,2025-07-26,BG,android,177.32,"8,325",402,40,11
2025-11-16,tiktok,TI44341,tt_conversion_2025,2025-10-19,CZ,android,268.60,"12,489",379,111,19
2025-02-25,facebook,FA14978,fb_retargeting,2024-12-27,SE,android,87.45,"7,394",127,38,8
2025-09-22,affiliate,AF17709,aff_spring,2025-06-07,HU,android,110.89,"10,230",50,3,0
2025-08-28,facebook,FA10815,fb_brand_awareness,2025-07-08,IE,android,239.58,"14,745",220,59,9
2025-04-10,google,GO11167,google_youtube_video,2025-04-10,CY,ios,304.73,"16,369",886,207,44
2025-04-26,google,GO35378,google_search_brand,2025-03-13,NL,android,225.17,"6,788",431,97,17
2025-09-10,tiktok,TI76933,tt_creator_push,2025-08-17,LT,android,63.76,"4,075",197,33,5
2025-07-10,twitter,TW76056,x_awareness,2025-03-10,LV,android,118.22,"7,654",89,12,1
2025-05-29,facebook,FA79457,fb_retargeting,2025-05-07,MT,ios,250.14,"9,712",183,44,5
2025-02-28,affiliate,AF85580,aff_spring,2024-11-11,GR,ios,87.66,"6,430",142,22,3
2025-10-26,facebook,FA62451,fb_brand_awareness,2025-08-08,HR,android,217.10,"8,477",74,16,3
2025-10-27,twitter,TW19632,x_retargeting,2025-05-28,FR,ios,111.03,"9,772",81,8,1
2025-04-25,instagram,IN99488,ig_retargeting,2025-02-17,DE,android,126.80,"6,119",99,23,3
2025-03-29,instagram,IN27261,ig_reels_push,2025-01-04,BE,android,333.85,"18,842",659,151,15
2025-12-18,affiliate,AF32463,aff_autumn,2025-07-15,SK,android,56.18,"10,006",192,29,2
2025-08-16,twitter,TW64214,x_web_conversions,2025-07-01,HR,ios,93.19,"8,729",99,12,2
2025-09-10,facebook,FA55679,fb_conversion_2025,2025-08-09,ES,android,98.47,"8,655",283,84,19
2025-05-23,google,GO23516,google_pmax_2025,2025-04-12,CZ,android,174.50,"13,677",471,43,5
2025-02-19,google,GO77733,google_display_retargeting,2024-11-28,AT,android,579.21,"20,165",1246,152,17
2025-03-17,affiliate,AF26406,aff_summer,2024-11-25,ES,android,70.10,"5,618",138,17,1
2025-05-21,affiliate,AF23887,aff_winter,2024-09-22,SI,ios,104.57,"12,546",97,11,1
2025-04-29,facebook,FA31988,fb_brand_awareness,2025-01-02,SI,ios,158.99,"8,714",223,30,4
2025-09-27,twitter,TW68139,x_app_installs,2025-05-20,LT,ios,52.70,"6,412",145,16,2
2025-10-02,tiktok,TI96439,tt_conversion_2025,2025-05-08,AT,android,109.58,"7,201",379,118,15
2025-08-13,instagram,IN25959,ig_reels_push,2025-07-26,EE,android,128.51,"9,561",183,55,6
2025-02-26,affiliate,AF39055,aff_summer,2025-02-25,LT,ios,116.67,"9,114",159,23,2
2025-03-03,affiliate,AF77358,aff_winter,2025-01-29,LT,android,14.43,"6,438",113,8,1
2025-04-18,twitter,TW49212,x_retargeting,2024-11-03,LU,ios,45.54,"6,946",50,6,1
2025-07-19,tiktok,TI85185,tt_creator_push,2025-06-11,FI,ios,26.67,"5,180",166,44,4
2025-05-23,google,GO75699,google_search_brand,2025-01-14,SE,ios,116.64,"6,444",440,44,6
2025-05-27,facebook,FA27464,fb_retargeting,2025-04-29,BG,ios,244.25,"10,754",225,49,8
2025-12-17,google,GO48429,google_pmax_2025,2025-07-25,DK,android,430.21,"20,495",854,210,19
2025-11-19,facebook,FA42310,fb_retargeting,2025-09-28,EE,ios,185.63,"7,523",240,60,7
2025-05-20,facebook,FA34274,fb_brand_awareness,2025-05-14,BE,android,104.40,"7,468",166,56,7
2025-10-20,twitter,TW77904,x_retargeting,2025-10-05,AT,ios,164.58,"14,210",353,32,5
2025-12-07,tiktok,TI15572,tt_conversion_2025,2025-07-03,HR,android,120.98,"6,305",290,62,7
2025-04-24,facebook,FA32699,fb_app_install,2025-01-17,DK,ios,59.92,"6,070",82,23,2
2025-02-22,facebook,FA61075,fb_retargeting,2024-11-15,HR,android,130.56,"13,823",319,49,11
2025-08-02,twitter,TW71623,x_app_installs,2025-05-02,BG,ios,70.94,"4,191",96,15,2
2025-09-17,google,GO46478,google_search_brand,2025-07-27,AT,ios,253.28,"9,625",657,76,22
2025-08-30,google,GO95333,google_youtube_video,2025-05-26,SE,ios,92.76,"4,040",152,31,4
2025-06-04,instagram,IN74738,ig_app_install,2025-05-06,SI,android,150.15,"12,569",305,45,8
2025-04-05,affiliate,AF13013,aff_winter,2024-08-10,MT,android,34.03,"3,488",41,7,1
2025-11-28,affiliate,AF82498,aff_autumn,2025-03-06,BE,ios,67.03,"5,898",108,12,1
2025-03-13,affiliate,AF53614,aff_autumn,2024-11-24,CY,android,21.68,"4,682",52,9,1
2025-05-21,affiliate,AF99604,aff_winter,2024-09-21,SK,android,40.62,"9,833",102,8,0
2025-06-07,facebook,FA94936,fb_conversion_2025,2025-03-04,PL,android,42.22,"5,602",120,38,6
2025-07-08,twitter,TW89159,x_awareness,2025-04-14,GR,ios,95.15,"5,824",37,2,0
2025-08-29,affiliate,AF40569,aff_winter,2025-06-06,BG,ios,33.49,"3,809",52,8,1
2025-08-25,tiktok,TI45898,tt_spark_ads,2025-06-05,EE,android,259.89,"16,066",869,115,27
2025-10-17,twitter,TW43658,x_web_conversions,2025-06-19,RO,ios,162.43,"12,317",89,15,1
2025-06-15,facebook,FA97878,fb_brand_awareness,2025-05-11,CZ,android,129.35,"6,550",179,34,4
2025-09-04,twitter,TW10600,x_app_installs,2025-08-12,LV,ios,57.86,"14,809",225,22,3
2025-03-19,tiktok,TI66885,tt_app_installs,2024-11-20,RO,ios,151.15,"8,308",348,82,12
2025-01-31,tiktok,TI29472,tt_app_installs,2024-09-25,IE,ios,116.09,"9,580",159,32,6
2025-06-17,tiktok,TI16590,tt_app_installs,2025-06-16,LU,ios,56.28,"6,209",96,27,3
2025-11-02,twitter,TW88719,x_retargeting,2025-08-11,SE,ios,54.00,"4,173",41,8,1
2025-06-21,instagram,IN27251,ig_retargeting,2025-04-01,PT,android,29.02,"4,000",138,40,10
2025-11-17,google,GO79086,google_youtube_video,2025-07-28,LV,ios,503.30,"17,942",775,138,29
2025-03-30,twitter,TW60111,x_web_conversions,2025-03-20,LV,android,161.76,"12,051",166,31,4
2025-12-13,instagram,IN57684,ig_app_install,2025-09-10,IT,android,77.11,"11,048",219,39,6
2025-12-16,twitter,TW99424,x_app_installs,2025-09-08,AT,ios,50.86,"4,152",109,14,3
2025-07-28,google,GO85471,google_search_brand,2025-07-22,PT,android,105.81,"8,811",295,33,7
2025-04-05,google,GO35376,google_youtube_video,2025-01-08,LT,ios,182.99,"8,789",482,90,18
2025-03-02,facebook,FA40029,fb_retargeting,2025-03-02,PL,android,212.91,"9,175",182,61,15
2025-04-03,affiliate,AF20663,aff_summer,2024-11-18,DK,ios,20.05,"5,200",67,10,1
2025-02-04,instagram,IN18426,ig_story_launch,2024-11-14,CZ,ios,121.90,"6,675",136,33,7
2025-04-11,facebook,FA55262,fb_brand_awareness,2025-01-15,MT,ios,109.29,"8,512",134,17,4
2025-03-26,tiktok,TI85931,tt_creator_push,2025-03-03,LU,android,58.50,"10,280",185,44,10
2025-08-14,tiktok,TI64492,tt_spark_ads,2025-05-02,HU,android,68.92,"6,839",363,86,12
2025-07-27,facebook,FA93782,fb_brand_awareness,2025-04-01,ES,android,100.60,"6,002",162,20,3
2025-07-04,affiliate,AF74960,aff_summer,2025-01-08,BG,android,76.80,"6,175",29,3,0
2025-01-15,twitter,TW76307,x_app_installs,2024-08-20,EE,android,111.75,"8,801",262,42,8
2025-09-22,affiliate,AF82477,aff_spring,2024-12-22,BG,android,165.69,"13,137",178,18,1
2025-07-13,facebook,FA39302,fb_app_install,2025-06-01,SE,android,210.08,"8,770",85,17,4
2025-12-23,google,GO86924,google_display_retargeting,2025-11-21,HU,ios,204.45,"6,812",380,78,9
2025-03-02,facebook,FA27758,fb_brand_awareness,2024-11-23,AT,ios,229.31,"16,248",315,67,20
2025-06-22,instagram,IN36576,ig_reels_push,2025-06-13,BE,android,147.26,"9,604",395,71,8
2025-05-09,instagram,IN86687,ig_reels_push,2025-04-05,DK,ios,183.85,"10,575",448,127,18
2025-03-13,twitter,TW62670,x_web_conversions,2024-10-15,MT,ios,56.98,"7,454",109,13,2
2025-07-28,google,GO17564,google_pmax_2025,2025-02-21,LT,ios,434.55,"13,472",741,154,14
2025-07-12,instagram,IN80130,ig_app_install,2025-04-15,AT,android,190.71,"13,173",539,92,9
2025-01-22,facebook,FA63551,fb_brand_awareness,2025-01-10,NL,ios,95.09,"5,265",182,26,4
2025-12-28,facebook,FA53003,fb_conversion_2025,2025-09-08,EE,ios,144.31,"10,659",351,87,21
2025-10-07,instagram,IN45778,ig_app_install,2025-07-26,GR,ios,82.42,"8,075",349,71,5
2025-05-12,tiktok,TI25819,tt_creator_push,2025-02-10,SK,android,13.89,"2,327",28,8,1
2025-06-09,affiliate,AF23159,aff_autumn,2025-02-15,RO,android,24.34,"4,943",27,3,0
2025-07-28,tiktok,TI14705,tt_conversion_2025,2025-03-20,EE,android,76.78,"8,392",167,36,4
2025-02-13,instagram,IN70099,ig_reels_push,2025-01-07,LU,ios,37.80,"4,609",143,25,3
2025-01-24,facebook,FA40648,fb_app_install,2024-12-18,DE,ios,202.66,"13,574",250,37,2
2025-04-15,facebook,FA72901,fb_conversion_2025,2025-03-05,LV,android,272.56,"12,095",395,111,10
2025-05-07,google,GO14647,google_display_retargeting,2025-05-01,LV,android,139.64,"4,853",123,17,3
2025-08-23,facebook,FA44274,fb_conversion_2025,2025-06-27,LV,ios,89.23,"6,304",192,67,11
2025-03-13,twitter,TW50467,x_awareness,2024-11-29,DE,ios,144.51,"11,530",162,29,2
2025-07-10,instagram,IN29487,ig_app_install,2025-05-17,IT,android,170.53,"10,431",140,14,3
2025-02-10,google,GO24480,google_search_brand,2024-11-27,CY,ios,138.04,"4,073",130,35,8
2025-01-31,twitter,TW11998,x_awareness,2024-11-01,SI,android,143.63,"9,163",96,11,1
2025-11-14,twitter,TW54805,x_app_installs,2025-10-30,DE,android,32.78,"5,311",76,10,2
2025-03-10,google,GO18800,google_display_retargeting,2024-10-27,HU,ios,195.82,"6,694",370,43,12
2025-09-30,affiliate,AF81651,aff_autumn,2025-09-10,CZ,ios,101.63,"7,398",121,18,1
2025-03-08,affiliate,AF92143,aff_autumn,2024-06-23,AT,ios,15.27,"7,076",134,15,2
2025-01-10,google,GO98898,google_pmax_2025,2024-09-16,IE,android,349.02,"15,905",857,190,13
2025-09-30,google,GO51345,google_youtube_video,2025-07-17,SI,android,163.69,"9,307",256,21,2
2025-05-14,tiktok,TI54429,tt_conversion_2025,2025-04-27,BE,android,112.78,"12,974",479,85,13
2025-02-20,facebook,FA73497,fb_brand_awareness,2024-11-01,HR,ios,116.36,"4,334",136,28,5
2025-09-23,tiktok,TI68238,tt_conversion_2025,2025-08-24,BE,android,156.32,"8,067",224,52,6
2025-04-23,facebook,FA94714,fb_conversion_2025,2024-12-30,HU,android,71.13,"5,263",174,48,4
2025-09-28,affiliate,AF71657,aff_autumn,2025-08-26,LU,ios,19.15,"7,442",85,15,1
2025-04-01,tiktok,TI26582,tt_app_installs,2024-11-10,DK,ios,131.62,"6,119",172,38,8
2025-11-23,tiktok,TI93118,tt_spark_ads,2025-11-06,FR,ios,196.86,"9,994",194,51,9
2025-06-19,twitter,TW82952,x_app_installs,2025-01-15,SI,ios,240.92,"13,718",262,44,4
2025-08-14,tiktok,TI77830,tt_spark_ads,2025-03-25,SE,ios,121.35,"6,174",332,79,11
2025-05-15,google,GO20923,google_pmax_2025,2025-04-11,RO,android,241.50,"9,280",285,47,10
2025-12-23,affiliate,AF92506,aff_spring,2025-07-04,HU,ios,54.54,"9,250",216,23,3
2025-06-16,instagram,IN41859,ig_retargeting,2025-03-10,DE,android,34.32,"6,168",255,26,7
2025-11-10,tiktok,TI74775,tt_creator_push,2025-10-18,CY,android,200.69,"11,138",192,24,6
2025-06-01,instagram,IN53631,ig_reels_push,2025-04-03,BE,android,115.22,"12,377",394,110,27
2025-10-18,tiktok,TI82535,tt_creator_push,2025-07-30,FI,ios,126.97,"6,746",331,102,12
2025-01-08,facebook,FA43459,fb_brand_awareness,2024-11-09,PL,android,171.71,"7,642",120,28,7
2025-07-08,affiliate,AF89070,aff_spring,2024-11-30,CY,android,96.29,"14,436",77,12,2
2025-11-20,facebook,FA84070,fb_retargeting,2025-08-25,DE,ios,167.22,"6,867",158,52,11
2025-10-29,affiliate,AF31803,aff_autumn,2025-07-25,LV,android,86.79,"11,004",83,10,1
2025-10-27,affiliate,AF39587,aff_spring,2025-07-09,GR,ios,39.37,"12,542",106,17,2
2025-05-21,instagram,IN49274,ig_story_launch,2025-03-23,SK,android,138.47,"6,014",246,50,12
2025-07-01,twitter,TW58725,x_app_installs,2025-01-02,IE,ios,50.48,"6,353",148,29,2
2025-05-20,google,GO40473,google_youtube_video,2025-04-04,MT,ios,266.57,"10,746",588,154,41
2025-05-07,instagram,IN13702,ig_app_install,2025-05-04,RO,android,138.29,"11,012",365,105,27
2025-06-14,google,GO37040,google_display_retargeting,2025-03-25,FI,ios,565.71,"19,406",538,102,11
2025-08-28,google,GO95364,google_search_brand,2025-06-04,PT,ios,149.28,"6,206",185,49,15
2025-03-24,tiktok,TI99710,tt_conversion_2025,2025-03-18,MT,android,199.56,"9,627",355,49,12
2025-02-22,affiliate,AF82649,aff_winter,2024-07-18,DE,android,88.95,"7,536",68,10,1
2025-02-04,tiktok,TI81706,tt_spark_ads,2024-12-20,SI,ios,90.54,"7,917",383,44,7
2025-06-13,google,GO68519,google_display_retargeting,2025-02-01,PT,android,242.95,"7,481",279,35,2
2025-10-21,tiktok,TI43260,tt_creator_push,2025-07-04,BE,android,56.50,"12,676",466,85,17
2025-08-14,twitter,TW24435,x_retargeting,2025-07-16,LV,android,78.98,"8,064",59,9,2
2025-08-28,google,GO49469,google_pmax_2025,2025-07-12,CZ,android,75.56,"6,588",251,23,2
2025-06-29,facebook,FA16893,fb_app_install,2025-04-28,EE,android,111.06,"4,063",54,11,3
2025-11-04,instagram,IN36691,ig_retargeting,2025-07-08,LV,ios,164.31,"15,978",249,37,2
2025-11-25,tiktok,TI64937,tt_conversion_2025,2025-10-16,IT,ios,69.56,"5,156",195,33,5
2025-05-27,instagram,IN47172,ig_app_install,2025-03-23,RO,ios,215.45,"12,181",485,88,19
2025-06-10,instagram,IN19366,ig_retargeting,2025-04-12,LV,ios,297.09,"18,671",317,35,10
2025-02-02,facebook,FA44722,fb_app_install,2024-10-16,SE,android,111.56,"7,258",229,55,12
2025-10-11,google,GO36628,google_youtube_video,2025-07-17,IE,ios,101.61,"9,866",421,82,13
2025-06-16,tiktok,TI25682,tt_app_installs,2025-05-24,IE,ios,131.29,"6,378",107,27,6
2025-04-21,facebook,FA61965,fb_conversion_2025,2025-02-07,CZ,android,72.88,"8,402",76,12,3
2025-03-31,facebook,FA59358,fb_conversion_2025,2025-03-14,FI,android,221.65,"14,515",178,26,8
2025-08-19,twitter,TW70064,x_web_conversions,2025-03-31,BE,android,31.92,"9,536",225,26,4
2025-10-20,instagram,IN19711,ig_app_install,2025-09-24,SE,android,95.49,"13,632",285,75,11
2025-04-05,twitter,TW57623,x_app_installs,2024-10-23,DK,ios,176.70,"14,007",110,16,2
2025-05-12,instagram,IN83020,ig_app_install,2025-05-01,CZ,android,191.11,"8,829",249,54,5
2025-11-20,twitter,TW99860,x_app_installs,2025-11-07,HR,android,102.63,"13,065",364,67,6
2025-08-08,instagram,IN63466,ig_story_launch,2025-05-15,FI,android,159.58,"8,397",173,17,1
2025-08-11,facebook,FA10148,fb_app_install,2025-06-08,IE,ios,257.31,"10,939",370,103,16
2025-11-17,facebook,FA90024,fb_brand_awareness,2025-09-03,IT,ios,208.39,"13,151",138,32,2
2025-09-24,instagram,IN22226,ig_app_install,2025-05-30,HU,ios,246.46,"12,128",150,38,9
2025-10-18,tiktok,TI68659,tt_app_installs,2025-06-28,DE,ios,129.66,"13,746",488,73,17
2025-04-18,facebook,FA41056,fb_conversion_2025,2025-01-14,MT,ios,85.62,"11,447",304,72,6
2025-12-02,instagram,IN26745,ig_retargeting,2025-11-24,IE,android,250.72,"12,861",186,30,5
2025-12-12,instagram,IN88827,ig_reels_push,2025-08-29,FI,android,143.24,"6,895",150,19,2
2025-10-14,twitter,TW99966,x_web_conversions,2025-05-08,HR,android,58.36,"8,326",130,21,5
2025-08-18,instagram,IN76224,ig_reels_push,2025-07-14,ES,android,112.91,"6,374",240,37,4
2025-11-07,tiktok,TI14384,tt_conversion_2025,2025-09-25,LU,ios,189.79,"12,538",557,138,34
2025-06-24,twitter,TW98915,x_web_conversions,2025-05-09,MT,ios,62.25,"12,989",187,12,2
2025-02-10,affiliate,AF11066,aff_autumn,2025-01-27,SI,android,41.37,"5,928",70,5,1
2025-03-31,google,GO84541,google_search_brand,2024-10-27,CZ,android,66.05,"5,171",326,28,5
2025-03-30,twitter,TW91081,x_awareness,2024-10-22,HR,ios,82.46,"7,254",123,13,2
2025-02-21,affiliate,AF30267,aff_spring,2025-01-25,CY,android,22.64,"3,193",34,6,1
2025-07-31,affiliate,AF84991,aff_spring,2024-10-21,SI,android,36.97,"2,813",16,2,0
2025-04-17,instagram,IN63743,ig_app_install,2025-04-07,CZ,ios,68.18,"4,900",160,27,5
2025-02-09,tiktok,TI35104,tt_conversion_2025,2024-11-22,GR,ios,70.35,"5,943",276,87,11
2025-09-03,google,GO75976,google_youtube_video,2025-07-27,BE,ios,239.68,"8,333",335,74,16
2025-02-08,tiktok,TI96296,tt_creator_push,2024-09-17,IT,android,49.13,"6,100",299,40,5
2025-03-22,affiliate,AF88091,aff_summer,2024-10-16,SE,ios,73.46,"9,708",86,14,1
2025-11-07,tiktok,TI25908,tt_conversion_2025,2025-09-20,LU,android,227.47,"11,264",359,63,8
2025-10-06,google,GO99436,google_display_retargeting,2025-05-29,MT,android,444.70,"18,173",672,155,43
2025-05-06,google,GO34399,google_pmax_2025,2025-02-04,AT,android,189.61,"9,854",368,93,8
2025-07-27,affiliate,AF28986,aff_winter,2024-12-26,LT,android,34.75,"9,900",72,4,0
2025-12-19,google,GO89866,google_search_brand,2025-10-29,IE,android,71.62,"7,365",390,63,18
2025-05-24,google,GO33050,google_youtube_video,2025-03-01,AT,ios,198.80,"13,130",814,178,32
2025-02-14,facebook,FA39705,fb_app_install,2024-11-14,PT,ios,21.36,"2,344",35,11,3
2025-04-23,twitter,TW22923,x_web_conversions,2024-12-24,NL,ios,57.71,"7,269",183,36,7
2025-03-15,instagram,IN61636,ig_retargeting,2024-11-17,SI,ios,145.27,"11,604",264,73,20
2025-11-22,google,GO86571,google_pmax_2025,2025-09-21,SE,ios,206.63,"9,236",445,36,11
2025-09-29,twitter,TW31169,x_app_installs,2025-08-09,FI,android,114.03,"11,744",220,21,3
2025-09-04,twitter,TW70548,x_app_installs,2025-05-10,MT,ios,121.20,"19,176",180,13,2
2025-11-08,instagram,IN91200,ig_retargeting,2025-08-11,GR,ios,189.02,"10,861",422,87,9
2025-01-04,instagram,IN68372,ig_retargeting,2024-09-24,CZ,ios,124.03,"7,983",274,82,9
2025-07-01,instagram,IN25670,ig_retargeting,2025-04-12,GR,ios,223.48,"10,391",370,84,19
2025-07-12,facebook,FA64607,fb_retargeting,2025-06-27,ES,android,73.07,"11,382",125,38,10
2025-05-22,affiliate,AF22565,aff_summer,2025-03-17,GR,ios,40.89,"12,977",247,17,2
2025-05-06,facebook,FA42454,fb_retargeting,2025-01-08,DE,android,163.10,"7,846",78,22,3
2025-07-24,google,GO62149,google_search_brand,2025-04-07,EE,android,449.99,"15,324",662,98,28
2025-02-14,twitter,TW29917,x_awareness,2024-08-19,RO,ios,25.22,"5,710",50,7,1
2025-07-28,twitter,TW91211,x_web_conversions,2025-06-30,SI,ios,7.28,"2,282",16,3,1
2025-10-11,instagram,IN91388,ig_retargeting,2025-06-30,FR,ios,84.72,"8,767",227,48,6
2025-02-26,tiktok,TI20458,tt_conversion_2025,2024-11-05,MT,android,194.93,"9,536",471,109,6
2025-03-13,instagram,IN41437,ig_app_install,2024-11-13,ES,ios,212.42,"8,933",237,32,4
2025-02-26,google,GO24276,google_display_retargeting,2025-02-15,HR,ios,83.08,"6,041",122,16,5
2025-12-12,google,GO85264,google_pmax_2025,2025-08-04,BG,ios,163.20,"7,866",388,77,5
2025-10-27,twitter,TW49984,x_app_installs,2025-05-01,IT,android,83.23,"13,246",324,22,2
2025-11-26,twitter,TW81132,x_retargeting,2025-11-18,DE,ios,35.57,"9,824",98,13,1
2025-04-07,facebook,FA13869,fb_app_install,2025-03-17,CY,ios,147.72,"7,161",88,20,3
2025-05-27,tiktok,TI37939,tt_creator_push,2025-02-19,DK,ios,45.04,"4,486",195,27,2
2025-07-27,tiktok,TI97742,tt_creator_push,2025-04-27,FR,android,136.20,"7,364",108,21,2
2025-02-17,google,GO81651,google_display_retargeting,2024-10-28,BG,ios,407.10,"11,729",744,198,49
2025-10-25,tiktok,TI51620,tt_conversion_2025,2025-06-20,NL,android,43.69,"3,888",129,21,2
2025-10-22,affiliate,AF93150,aff_winter,2025-03-21,MT,ios,102.88,"8,872",52,8,0
2025-12-17,tiktok,TI76728,tt_spark_ads,2025-11-26,NL,ios,86.23,"6,103",180,44,9
2025-03-03,twitter,TW20911,x_web_conversions,2024-10-22,CZ,android,82.90,"10,817",184,24,3
2025-08-16,tiktok,TI37035,tt_app_installs,2025-07-30,RO,ios,127.24,"14,194",480,138,6
2025-10-11,facebook,FA88193,fb_brand_awareness,2025-09-07,GR,ios,215.56,"9,722",118,15,3
2025-11-11,affiliate,AF32022,aff_autumn,2025-04-02,CY,android,28.70,"5,630",131,19,2
2025-05-05,google,GO43839,google_youtube_video,2024-12-04,DE,ios,206.38,"11,859",766,213,44
2025-09-07,affiliate,AF34567,aff_autumn,2025-03-02,FI,android,190.69,"14,584",285,19,3
2025-12-30,facebook,FA48513,fb_retargeting,2025-12-26,RO,ios,100.26,"3,780",131,29,2
2025-08-26,twitter,TW19068,x_retargeting,2025-07-16,HR,android,90.44,"8,861",101,13,1
2025-07-17,instagram,IN43565,ig_app_install,2025-03-23,AT,ios,105.55,"5,685",61,7,1
2025-04-19,affiliate,AF52416,aff_summer,2025-03-01,DE,ios,58.80,"9,875",112,10,1
2025-02-28,google,GO73055,google_search_brand,2024-11-25,DK,ios,169.53,"7,203",453,81,7
2025-07-11,affiliate,AF46602,aff_winter,2025-04-29,BG,android,35.09,"10,822",231,18,2
2025-06-01,affiliate,AF80688,aff_spring,2025-03-14,DE,android,113.02,"12,957",317,27,2
2025-11-01,facebook,FA47145,fb_conversion_2025,2025-09-19,HR,android,117.63,"10,443",220,55,13
2025-06-09,instagram,IN27127,ig_retargeting,2025-04-25,HR,ios,233.29,"10,597",474,133,13
2025-12-20,google,GO55743,google_display_retargeting,2025-10-10,PT,ios,317.51,"13,709",399,70,20
2025-04-24,twitter,TW77552,x_retargeting,2025-01-20,LV,android,83.93,"13,337",359,70,14
2025-08-15,affiliate,AF92816,aff_spring,2025-01-28,FI,android,26.01,"8,559",141,23,4
2025-02-20,twitter,TW77218,x_web_conversions,2024-12-02,GR,android,57.26,"4,452",107,14,1
2025-12-17,instagram,IN36417,ig_retargeting,2025-11-12,BG,ios,179.41,"13,396",549,67,13
2025-03-04,affiliate,AF41976,aff_summer,2024-06-10,PL,android,50.30,"9,378",56,10,1
2025-08-22,affiliate,AF69099,aff_winter,2025-03-19,MT,ios,49.31,"5,193",124,18,1
2025-01-12,affiliate,AF82024,aff_winter,2024-04-12,FR,android,32.23,"2,989",56,5,0
2025-10-30,tiktok,TI59394,tt_app_installs,2025-07-07,IE,android,64.97,"6,496",116,28,1
2025-11-13,affiliate,AF44162,aff_autumn,2025-02-26,SE,ios,73.54,"12,858",70,10,1
2025-02-01,instagram,IN24861,ig_retargeting,2024-12-20,SI,ios,344.46,"16,146",441,83,20
2025-07-22,twitter,TW13515,x_retargeting,2025-05-25,GR,ios,169.95,"9,703",90,18,4
2025-08-17,google,GO80612,google_search_brand,2025-03-31,CZ,android,325.55,"9,622",351,50,4
2025-01-05,tiktok,TI65031,tt_spark_ads,2024-07-29,IE,android,75.00,"4,360",163,39,7
2025-07-22,facebook,FA18416,fb_conversion_2025,2025-06-12,PL,android,30.20,"3,229",103,33,4
2025-06-29,affiliate,AF60545,aff_spring,2025-02-24,SE,ios,69.56,"14,024",112,14,2
2025-08-07,google,GO20257,google_youtube_video,2025-06-24,RO,android,93.67,"6,946",434,46,7
2025-08-30,instagram,IN51461,ig_story_launch,2025-05-18,ES,ios,20.38,"3,875",127,36,4
2025-11-22,facebook,FA90170,fb_conversion_2025,2025-07-31,HU,android,19.37,"2,916",58,16,3
2025-12-26,instagram,IN78308,ig_retargeting,2025-10-21,GR,android,118.27,"10,185",213,58,4
2025-08-14,instagram,IN54787,ig_reels_push,2025-07-14,SK,android,162.46,"7,957",287,42,6
2025-09-28,facebook,FA65203,fb_brand_awareness,2025-06-20,CZ,ios,107.44,"14,060",343,55,3
2025-02-01,instagram,IN87832,ig_retargeting,2024-11-17,GR,ios,41.46,"3,928",177,35,8
2025-03-15,facebook,FA94292,fb_retargeting,2024-12-23,GR,android,113.50,"7,907",273,84,25
2025-07-21,instagram,IN20382,ig_reels_push,2025-07-01,IT,ios,254.58,"10,836",111,12,2
2025-10-01,twitter,TW52723,x_retargeting,2025-09-26,DK,android,83.05,"5,920",124,11,2
2025-12-21,instagram,IN39678,ig_app_install,2025-11-07,BG,ios,206.13,"8,934",369,67,13
2025-01-18,instagram,IN53397,ig_retargeting,2024-10-25,FI,ios,116.22,"7,763",288,83,22
2025-06-13,google,GO49767,google_display_retargeting,2025-02-25,NL,ios,68.76,"7,723",219,34,10
2025-07-20,facebook,FA26454,fb_brand_awareness,2025-06-16,HU,ios,72.17,"7,735",182,25,2
2025-01-05,affiliate,AF70844,aff_autumn,2024-12-30,BE,ios,36.59,"7,313",136,12,2
2025-02-13,tiktok,TI18151,tt_creator_push,2025-02-07,AT,android,112.49,"6,708",323,80,8
2025-12-19,google,GO28916,google_search_brand,2025-07-12,MT,android,201.71,"6,593",325,39,11
2025-05-04,tiktok,TI72279,tt_conversion_2025,2025-04-12,CZ,ios,152.15,"17,132",842,94,22
2025-11-20,tiktok,TI37174,tt_spark_ads,2025-09-10,PL,ios,57.89,"6,703",265,53,12
2025-02-06,facebook,FA39714,fb_retargeting,2024-11-10,NL,ios,215.41,"9,195",119,38,8
2025-11-02,facebook,FA97860,fb_app_install,2025-07-21,MT,ios,48.29,"3,119",79,17,3
2025-09-22,instagram,IN49975,ig_reels_push,2025-05-25,SI,ios,116.95,"6,068",221,60,11
2025-11-26,twitter,TW81485,x_web_conversions,2025-10-01,CY,ios,56.24,"4,421",114,19,3
2025-01-21,google,GO24491,google_youtube_video,2024-08-24,BG,ios,111.61,"3,627",165,40,6
2025-12-17,twitter,TW58032,x_web_conversions,2025-11-04,HU,ios,130.95,"12,330",185,30,6
2025-09-03,affiliate,AF26705,aff_winter,2025-05-19,IE,ios,63.53,"7,357",49,3,0
2025-11-18,twitter,TW20575,x_web_conversions,2025-11-18,IT,android,325.92,"20,641",305,59,3
2025-10-07,affiliate,AF88865,aff_winter,2025-06-03,DE,android,66.00,"5,812",91,13,2
2025-10-08,google,GO26389,google_youtube_video,2025-08-07,HR,android,151.23,"16,103",523,67,12
2025-07-14,facebook,FA82975,fb_brand_awareness,2025-03-27,IE,ios,161.83,"7,738",165,40,10
2025-10-29,tiktok,TI73608,tt_spark_ads,2025-09-20,DK,android,113.02,"12,980",593,139,26
2025-05-15,facebook,FA61350,fb_app_install,2025-04-03,MT,android,330.84,"14,340",461,63,10
2025-02-27,instagram,IN66927,ig_story_launch,2024-10-31,CZ,ios,55.05,"6,814",127,30,5
2025-11-21,google,GO11526,google_youtube_video,2025-07-24,BG,android,181.81,"5,533",127,14,4
2025-04-15,tiktok,TI74599,tt_conversion_2025,2025-02-02,EE,ios,39.20,"8,933",189,37,8
2025-05-17,instagram,IN14521,ig_retargeting,2025-02-26,ES,android,94.20,"10,267",225,55,6
2025-06-11,facebook,FA43056,fb_app_install,2025-04-06,PL,android,90.52,"8,085",99,33,8
2025-11-14,google,GO14553,google_search_brand,2025-11-12,IE,android,92.10,"5,732",352,93,20
2025-11-30,instagram,IN54889,ig_retargeting,2025-10-19,RO,ios,309.35,"15,575",379,106,29
2025-10-05,tiktok,TI63446,tt_spark_ads,2025-06-27,FI,android,256.47,"15,699",754,239,14
2025-11-03,facebook,FA77687,fb_retargeting,2025-08-31,IT,ios,147.81,"5,639",70,12,3
2025-03-16,tiktok,TI69882,tt_creator_push,2024-11-29,PT,android,342.00,"17,134",663,151,37
2025-12-29,twitter,TW59198,x_awareness,2025-10-14,LV,android,87.09,"5,033",31,4,0
2025-11-28,facebook,FA72621,fb_brand_awareness,2025-09-15,RO,ios,270.64,"13,310",127,16,3
2025-02-26,google,GO28143,google_pmax_2025,2024-10-28,CZ,ios,410.04,"14,260",536,57,13
2025-05-24,google,GO43418,google_youtube_video,2024-12-26,ES,ios,246.18,"12,748",386,50,6
2025-03-19,tiktok,TI95987,tt_spark_ads,2025-02-01,DE,ios,168.97,"9,449",218,46,8
2025-02-02,twitter,TW45822,x_retargeting,2024-09-27,AT,ios,89.59,"5,807",58,8,2
2025-02-25,tiktok,TI20498,tt_conversion_2025,2024-10-09,CZ,android,214.99,"12,816",178,39,10
2025-03-30,affiliate,AF49266,aff_spring,2024-06-27,BE,ios,95.83,"9,629",197,13,1
2025-07-26,google,GO38689,google_display_retargeting,2025-03-05,IT,android,185.34,"6,395",334,37,11
2025-09-30,google,GO97673,google_pmax_2025,2025-07-02,BG,android,135.29,"6,475",209,24,4
2025-10-16,instagram,IN57598,ig_retargeting,2025-09-21,FI,android,195.02,"12,522",315,62,17
2025-05-01,tiktok,TI53374,tt_spark_ads,2024-12-08,ES,ios,28.93,"2,877",148,39,6
2025-10-15,twitter,TW84135,x_retargeting,2025-10-09,MT,android,140.02,"13,751",328,48,4
2025-01-16,tiktok,TI97644,tt_app_installs,2024-08-18,CZ,android,149.74,"8,802",268,71,15
2025-05-16,google,GO11264,google_pmax_2025,2025-05-16,SK,ios,176.58,"8,154",423,90,22
2025-01-22,tiktok,TI69295,tt_conversion_2025,2024-09-10,IE,ios,56.93,"4,463",197,55,11
2025-07-20,google,GO70167,google_youtube_video,2025-03-02,CZ,ios,270.46,"9,885",300,71,13
2025-02-15,twitter,TW39323,x_retargeting,2024-10-28,SK,android,97.23,"5,962",36,7,1
2025-04-12,facebook,FA16680,fb_app_install,2025-03-29,AT,android,138.29,"10,221",93,20,5
2025-12-12,instagram,IN91772,ig_reels_push,2025-10-11,PL,android,89.65,"4,266",98,29,4
2025-12-14,tiktok,TI27124,tt_spark_ads,2025-07-15,CZ,ios,49.57,"11,283",530,107,20
2025-09-10,tiktok,TI31264,tt_spark_ads,2025-04-11,EE,android,177.93,"9,263",241,52,3
2025-05-31,twitter,TW28479,x_app_installs,2025-03-02,SE,ios,145.80,"12,080",108,13,2
2025-06-23,twitter,TW64616,x_web_conversions,2025-05-18,LV,ios,164.29,"9,130",130,28,2
2025-04-19,google,GO46204,google_youtube_video,2025-01-19,BE,android,350.84,"13,786",313,47,11
2025-09-01,tiktok,TI24601,tt_creator_push,2025-04-18,SK,ios,244.57,"11,837",513,148,9
2025-01-23,google,GO15075,google_display_retargeting,2024-12-19,IT,android,74.28,"7,917",332,56,7
2025-07-05,google,GO24289,google_display_retargeting,2025-01-28,IT,ios,137.80,"5,298",343,66,18
2025-12-25,tiktok,TI38025,tt_creator_push,2025-08-08,BG,android,85.11,"7,098",268,34,8
2025-07-14,affiliate,AF43956,aff_summer,2025-03-10,IE,android,41.02,"7,213",55,6,0
2025-01-13,tiktok,TI91317,tt_creator_push,2024-10-13,CY,android,380.50,"21,617",961,257,62
2025-10-09,instagram,IN95093,ig_story_launch,2025-09-01,LU,ios,47.71,"8,537",376,76,4
2025-10-11,google,GO17078,google_pmax_2025,2025-05-19,RO,ios,65.15,"3,752",247,40,5
2025-07-10,twitter,TW69890,x_awareness,2025-05-18,SE,ios,69.69,"9,637",283,32,2
2025-12-30,facebook,FA90692,fb_retargeting,2025-10-23,IT,android,99.38,"5,608",114,15,4
2025-01-21,affiliate,AF80320,aff_spring,2024-05-09,MT,ios,13.23,"3,262",29,2,0
2025-09-21,facebook,FA18783,fb_conversion_2025,2025-07-27,DE,ios,381.81,"14,999",351,76,14
2025-12-27,affiliate,AF82051,aff_autumn,2025-04-21,PL,android,80.08,"9,964",193,32,2
2025-06-05,facebook,FA33721,fb_conversion_2025,2025-04-09,EE,android,303.31,"11,650",281,83,13
2025-12-20,tiktok,TI81071,tt_creator_push,2025-10-13,BE,android,117.30,"7,980",129,37,6
2025-10-28,facebook,FA58182,fb_retargeting,2025-10-01,RO,ios,128.74,"9,168",143,38,5
2025-07-01,tiktok,TI55615,tt_spark_ads,2025-02-18,IE,ios,103.82,"5,145",133,34,4
2025-08-04,instagram,IN34479,ig_app_install,2025-04-09,HU,android,106.59,"8,493",131,28,4
2025-07-09,affiliate,AF59149,aff_autumn,2025-04-29,PT,ios,175.75,"15,645",164,21,2
2025-10-21,facebook,FA96122,fb_brand_awareness,2025-08-20,LV,ios,239.44,"10,684",104,34,5
2025-12-06,twitter,TW58683,x_web_conversions,2025-09-11,CZ,ios,79.38,"5,957",114,13,2
2025-07-11,tiktok,TI59836,tt_creator_push,2025-04-09,LV,android,21.04,"2,929",44,10,1
2025-04-16,facebook,FA37868,fb_app_install,2025-01-02,SI,android,278.24,"10,771",358,71,17
2025-02-15,twitter,TW15332,x_retargeting,2024-12-08,DE,ios,181.19,"14,610",263,18,3
2025-12-08,twitter,TW29365,x_awareness,2025-11-06,PT,ios,19.73,"6,421",159,10,1
2025-11-11,tiktok,TI59967,tt_creator_push,2025-09-14,SI,ios,158.52,"10,544",278,28,4
2025-02-18,twitter,TW70977,x_retargeting,2024-11-08,DK,android,136.47,"9,915",121,21,2
2025-01-13,affiliate,AF33435,aff_spring,2024-04-21,RO,android,14.15,"4,794",71,4,0
2025-10-01,tiktok,TI48031,tt_app_installs,2025-07-26,SK,android,150.83,"9,544",137,18,4
2025-04-10,affiliate,AF45779,aff_summer,2024-11-21,AT,android,5.18,"2,336",50,4,1
2025-07-07,twitter,TW33744,x_web_conversions,2025-05-21,CY,ios,46.31,"8,379",232,33,2
2025-10-16,affiliate,AF67835,aff_autumn,2025-06-24,BE,android,46.61,"6,779",81,8,1
2025-02-24,affiliate,AF97141,aff_autumn,2024-08-15,SI,ios,47.04,"11,567",173,25,4
2025-05-08,twitter,TW90994,x_retargeting,2025-04-26,PT,android,39.74,"7,545",55,8,0
2025-10-27,facebook,FA84984,fb_brand_awareness,2025-07-05,HU,ios,127.30,"5,696",166,56,7
2025-09-04,instagram,IN21767,ig_app_install,2025-08-16,SI,ios,156.54,"17,926",193,29,5
2025-01-17,tiktok,TI23591,tt_conversion_2025,2024-11-14,MT,ios,134.03,"15,408",228,43,11
2025-03-14,tiktok,TI11805,tt_conversion_2025,2025-01-04,ES,ios,252.35,"16,039",501,71,3
2025-12-30,twitter,TW66788,x_app_installs,2025-08-09,PT,ios,60.63,"10,774",83,7,1
2025-11-25,tiktok,TI50475,tt_app_installs,2025-09-28,LU,ios,118.29,"12,534",367,107,19
2025-03-25,tiktok,TI39017,tt_spark_ads,2025-02-12,SI,ios,86.31,"6,557",240,76,18
2025-05-17,instagram,IN56770,ig_story_launch,2025-02-23,BG,android,139.35,"6,754",119,29,4
2025-12-22,affiliate,AF95080,aff_winter,2025-11-14,LU,android,78.52,"11,234",53,6,1
2025-09-04,google,GO81952,google_pmax_2025,2025-05-14,CZ,android,198.74,"7,597",391,35,7
2025-10-14,twitter,TW44424,x_awareness,2025-08-11,CZ,ios,144.85,"12,392",283,44,6
2025-05-22,instagram,IN92508,ig_retargeting,2025-04-30,BG,ios,113.42,"8,181",239,63,12
2025-10-18,google,GO36971,google_pmax_2025,2025-08-06,PT,ios,131.23,"7,390",151,42,11
2025-03-06,facebook,FA57754,fb_conversion_2025,2025-02-12,GR,android,96.64,"6,276",87,17,5
2025-01-26,tiktok,TI15142,tt_app_installs,2024-08-20,HU,ios,127.28,"8,537",144,32,4
2025-11-10,facebook,FA68528,fb_conversion_2025,2025-07-18,SE,android,61.81,"6,945",183,46,14
2025-04-13,instagram,IN21851,ig_app_install,2025-03-19,GR,android,20.74,"2,532",70,20,4
2025-06-26,twitter,TW77460,x_web_conversions,2025-02-06,FI,ios,250.90,"17,123",359,30,6
2025-06-20,twitter,TW99638,x_awareness,2025-04-30,PT,ios,100.78,"6,829",79,15,2
2025-02-28,facebook,FA98272,fb_retargeting,2024-11-21,ES,ios,46.59,"4,975",163,52,12
2025-10-15,tiktok,TI25490,tt_app_installs,2025-09-13,IE,android,188.85,"11,204",335,87,12
2025-03-19,twitter,TW80217,x_app_installs,2024-11-16,HU,android,125.18,"10,055",219,24,3
2025-04-03,affiliate,AF99116,aff_summer,2025-02-01,PT,ios,134.92,"13,397",107,12,1
2025-11-09,affiliate,AF88071,aff_winter,2025-06-06,DE,ios,86.43,"13,694",146,21,2
2025-06-02,facebook,FA24348,fb_brand_awareness,2025-05-18,PL,android,113.44,"10,507",326,97,14
2025-10-06,twitter,TW85434,x_web_conversions,2025-08-21,PL,ios,29.92,"7,929",130,20,4
2025-03-22,google,GO28135,google_search_brand,2024-11-23,DK,android,489.27,"15,799",858,113,12
2025-01-22,facebook,FA41054,fb_app_install,2024-10-27,LV,ios,190.63,"11,578",222,66,18
2025-02-18,twitter,TW53813,x_web_conversions,2024-11-06,IE,android,51.05,"9,869",181,36,5
2025-11-08,facebook,FA18274,fb_brand_awareness,2025-07-30,BE,ios,141.52,"15,538",299,76,10
2025-12-10,facebook,FA79631,fb_app_install,2025-08-29,LT,ios,516.24,"18,683",380,100,18
2025-12-10,tiktok,TI41031,tt_conversion_2025,2025-11-28,HU,ios,92.00,"9,010",217,63,14
2025-01-12,twitter,TW17906,x_web_conversions,2024-11-19,NL,android,84.32,"9,532",59,5,1
2025-10-25,twitter,TW44492,x_web_conversions,2025-05-07,PL,android,153.06,"11,075",169,36,2
2025-08-22,google,GO14828,google_pmax_2025,2025-07-30,SI,ios,225.88,"8,659",409,70,18
2025-11-10,affiliate,AF71330,aff_winter,2025-04-16,IT,ios,87.77,"6,338",68,4,0
2025-08-05,twitter,TW31994,x_awareness,2025-07-22,MT,ios,83.29,"4,832",124,23,1
2025-01-05,affiliate,AF65723,aff_autumn,2024-07-05,PL,android,32.07,"4,887",120,16,2
2025-01-12,facebook,FA88269,fb_app_install,2024-10-18,IE,ios,161.24,"10,979",311,73,4
2025-12-07,tiktok,TI35957,tt_app_installs,2025-08-15,SK,android,230.70,"14,249",711,141,31
2025-04-30,facebook,FA67347,fb_retargeting,2025-01-12,ES,android,32.95,"2,815",81,23,4
2025-05-03,tiktok,TI16731,tt_creator_push,2024-12-18,CY,ios,83.89,"7,234",390,41,3
2025-11-21,twitter,TW16026,x_app_installs,2025-06-26,LT,ios,92.32,"9,144",113,15,2
2025-09-07,facebook,FA50018,fb_retargeting,2025-06-07,NL,ios,142.84,"9,283",302,49,5
2025-09-11,tiktok,TI75866,tt_app_installs,2025-08-02,PL,ios,128.16,"7,164",214,55,12
2025-11-14,tiktok,TI25471,tt_conversion_2025,2025-06-09,PT,android,66.41,"15,698",664,130,26
2025-11-21,google,GO29871,google_pmax_2025,2025-07-19,DK,android,184.63,"5,456",135,19,5
2025-07-02,twitter,TW61143,x_retargeting,2025-03-29,PL,ios,30.63,"3,773",66,12,1
2025-06-20,affiliate,AF60762,aff_summer,2024-11-01,DE,android,38.13,"7,082",73,5,0
2025-08-25,facebook,FA50396,fb_app_install,2025-06-10,CZ,ios,122.24,"7,864",121,26,4
2025-05-07,affiliate,AF69091,aff_summer,2024-09-01,ES,ios,171.45,"16,136",331,36,5
2025-10-03,google,GO40040,google_display_retargeting,2025-07-26,PT,android,136.51,"7,409",282,35,8
2025-08-24,instagram,IN98869,ig_story_launch,2025-06-04,NL,ios,276.60,"15,010",381,53,5
2025-05-25,twitter,TW48312,x_app_installs,2025-02-28,CY,ios,159.97,"11,288",91,9,1
2025-05-23,tiktok,TI88925,tt_spark_ads,2025-01-29,EE,ios,52.81,"7,869",377,79,13
2025-02-23,instagram,IN33819,ig_reels_push,2024-12-03,MT,android,81.44,"5,720",152,38,4
2025-11-08,tiktok,TI27987,tt_app_installs,2025-08-12,EE,android,93.85,"15,313",497,140,30
2025-06-03,affiliate,AF41832,aff_autumn,2025-03-14,AT,ios,20.42,"8,054",67,7,0
2025-10-14,google,GO73037,google_display_retargeting,2025-09-21,HU,android,159.37,"6,088",420,34,5
2025-05-18,instagram,IN60989,ig_reels_push,2025-02-06,BE,android,52.23,"9,206",197,45,10
2025-09-07,google,GO86243,google_display_retargeting,2025-05-09,RO,android,159.83,"5,335",305,56,12
2025-09-19,google,GO89135,google_search_brand,2025-04-29,RO,android,136.37,"4,795",196,46,4
2025-05-26,google,GO62541,google_pmax_2025,2025-05-19,PT,ios,76.75,"7,529",525,68,12
2025-10-20,instagram,IN28203,ig_story_launch,2025-08-08,SE,android,246.09,"18,635",832,105,17
2025-03-14,twitter,TW39371,x_web_conversions,2025-01-31,HR,android,70.94,"7,318",137,24,3
2025-08-13,affiliate,AF29612,aff_autumn,2025-06-02,LV,ios,42.05,"7,354",170,15,2
2025-09-30,twitter,TW60154,x_awareness,2025-04-26,FI,android,26.72,"4,934",126,24,5
2025-11-10,tiktok,TI49595,tt_conversion_2025,2025-07-28,DK,ios,65.50,"12,654",319,63,4
2025-06-04,instagram,IN72419,ig_story_launch,2025-05-29,BE,android,78.36,"10,644",113,13,3
2025-08-19,tiktok,TI18645,tt_creator_push,2025-05-24,NL,android,101.93,"5,855",77,17,2
2025-05-08,google,GO92205,google_search_brand,2025-01-12,CY,android,136.77,"13,449",637,110,7
2025-01-16,twitter,TW38382,x_awareness,2024-08-29,MT,android,120.28,"6,992",100,9,1
2025-12-05,affiliate,AF90947,aff_spring,2025-09-06,CY,ios,81.67,"8,982",173,25,3
2025-08-02,google,GO13072,google_display_retargeting,2025-05-09,NL,android,30.51,"3,805",167,25,3
2025-12-29,instagram,IN97876,ig_retargeting,2025-11-13,IE,ios,33.95,"4,056",135,19,5
2025-12-31,facebook,FA19742,fb_brand_awareness,2025-11-05,IE,android,120.50,"9,961",259,85,10
2025-08-06,facebook,FA81263,fb_brand_awareness,2025-08-03,MT,android,254.50,"11,847",264,86,7
2025-03-14,instagram,IN27550,ig_retargeting,2025-02-01,GR,android,328.02,"23,748",270,27,5
2025-10-30,twitter,TW86698,x_web_conversions,2025-08-01,MT,ios,145.57,"18,879",414,85,9
2025-08-17,instagram,IN92209,ig_reels_push,2025-08-13,SI,android,20.50,"3,950",133,38,7
2025-05-01,tiktok,TI40363,tt_creator_push,2024-12-29,RO,android,32.68,"6,380",321,85,8
2025-07-06,tiktok,TI32797,tt_conversion_2025,2025-05-06,GR,android,30.98,"3,113",86,26,5
2025-09-21,facebook,FA39621,fb_conversion_2025,2025-06-21,HR,ios,214.28,"11,895",309,94,18
2025-04-06,google,GO66006,google_display_retargeting,2025-01-01,BE,android,130.54,"9,090",541,102,32
2025-05-23,twitter,TW55154,x_web_conversions,2025-04-18,HR,android,134.65,"19,006",322,39,8
2025-07-05,instagram,IN24509,ig_retargeting,2025-06-06,SI,ios,101.77,"7,916",268,74,12
2025-12-21,instagram,IN41063,ig_retargeting,2025-09-27,HU,ios,181.71,"10,029",115,24,6
2025-09-24,facebook,FA26764,fb_app_install,2025-06-10,BG,android,210.16,"10,704",264,91,9
2025-08-03,google,GO77342,google_search_brand,2025-05-11,PL,android,217.57,"11,790",391,32,3
2025-01-19,tiktok,TI29123,tt_conversion_2025,2025-01-05,SE,ios,83.84,"6,525",177,23,1
2025-06-29,google,GO37393,google_display_retargeting,2025-02-02,BE,android,61.50,"3,944",117,27,3
2025-06-17,affiliate,AF95104,aff_winter,2025-05-28,DK,android,61.86,"10,454",217,12,2
2025-06-05,facebook,FA91004,fb_app_install,2025-06-02,DK,android,151.71,"6,035",128,34,10
2025-07-14,google,GO33775,google_display_retargeting,2025-03-26,PL,android,183.92,"10,114",651,152,41
2025-04-24,instagram,IN14008,ig_app_install,2025-04-04,MT,android,119.05,"7,567",124,14,2
2025-05-15,affiliate,AF27423,aff_summer,2024-10-07,SE,android,171.11,"12,774",71,6,1
2025-05-24,google,GO73172,google_display_retargeting,2025-03-09,SK,ios,153.11,"5,902",329,31,6
2025-10-29,google,GO53185,google_search_brand,2025-10-22,DE,ios,254.78,"25,710",903,205,27
2025-12-26,facebook,FA43719,fb_retargeting,2025-10-18,EE,android,309.54,"16,029",352,89,18
2025-04-08,instagram,IN98702,ig_app_install,2025-02-16,MT,android,34.06,"3,512",110,12,1
2025-08-07,tiktok,TI89031,tt_creator_push,2025-03-17,NL,ios,112.87,"10,940",186,29,1
2025-07-27,twitter,TW87069,x_awareness,2025-03-07,LU,android,113.47,"8,602",203,39,3
2025-07-16,instagram,IN49542,ig_app_install,2025-04-09,PL,android,68.27,"11,881",244,35,8
2025-06-18,tiktok,TI54815,tt_conversion_2025,2025-01-14,AT,ios,32.53,"4,396",143,39,6
2025-03-23,tiktok,TI37582,tt_spark_ads,2025-03-11,EE,ios,59.70,"2,733",80,16,1
2025-02-04,tiktok,TI82028,tt_creator_push,2024-12-20,IE,ios,163.24,"10,674",139,14,1
2025-09-01,twitter,TW66575,x_retargeting,2025-06-14,MT,android,183.09,"11,699",276,39,6
2025-03-06,tiktok,TI44644,tt_conversion_2025,2024-11-04,SI,android,147.13,"7,475",390,105,22
2025-06-10,facebook,FA90090,fb_conversion_2025,2025-04-02,EE,android,121.79,"8,264",122,32,7
2025-06-29,tiktok,TI67566,tt_spark_ads,2025-02-11,HR,ios,116.70,"10,132",400,41,4
2025-02-06,google,GO67523,google_display_retargeting,2025-02-05,BG,ios,213.24,"8,809",191,32,9
2025-04-24,tiktok,TI96131,tt_spark_ads,2025-03-26,HU,ios,103.46,"13,412",467,104,16
2025-12-05,facebook,FA22119,fb_app_install,2025-10-12,LV,android,333.92,"13,382",274,91,23
2025-01-15,tiktok,TI70675,tt_conversion_2025,2024-10-27,PL,ios,205.52,"11,978",231,61,9
2025-11-29,facebook,FA87659,fb_brand_awareness,2025-10-23,GR,ios,71.35,"4,864",115,29,7
2025-07-05,instagram,IN55667,ig_story_launch,2025-04-03,BG,ios,282.96,"13,735",338,83,15
2025-01-22,facebook,FA74248,fb_retargeting,2024-11-30,RO,android,157.45,"6,937",132,16,4
2025-05-21,twitter,TW20711,x_app_installs,2025-01-19,MT,ios,144.96,"17,290",304,28,3
2025-03-08,twitter,TW93683,x_retargeting,2025-03-02,DK,ios,47.33,"6,486",168,13,2
2025-05-09,tiktok,TI43715,tt_app_installs,2025-03-17,DK,android,132.95,"9,897",247,51,12
2025-02-07,affiliate,AF70454,aff_spring,2024-05-13,ES,android,70.71,"7,985",83,5,0
2025-03-07,google,GO29485,google_pmax_2025,2025-03-01,IT,android,245.10,"11,065",692,183,36
2025-05-28,twitter,TW22493,x_app_installs,2025-04-29,SI,android,72.71,"10,453",221,26,5
2025-03-23,tiktok,TI18252,tt_creator_push,2025-01-05,AT,android,88.26,"6,540",217,59,10
2025-12-11,affiliate,AF87078,aff_autumn,2025-11-25,CY,ios,216.73,"17,291",229,12,2
2025-10-27,google,GO80264,google_search_brand,2025-08-25,AT,android,214.90,"9,611",358,71,19
2025-04-19,tiktok,TI11331,tt_spark_ads,2025-03-25,BG,ios,93.37,"9,431",454,141,25
2025-12-06,tiktok,TI79200,tt_app_installs,2025-09-23,RO,android,249.79,"17,534",665,153,12
2025-08-04,facebook,FA12461,fb_brand_awareness,2025-08-01,RO,ios,70.14,"7,497",224,47,13
2025-12-12,affiliate,AF44716,aff_spring,2025-11-07,LU,android,105.48,"8,149",181,23,4
2025-03-23,facebook,FA29953,fb_conversion_2025,2025-02-20,GR,android,35.78,"3,162",80,23,5
2025-08-28,instagram,IN76435,ig_reels_push,2025-07-02,BE,ios,429.89,"18,762",493,64,16
2025-08-13,twitter,TW45842,x_awareness,2025-06-26,LT,ios,101.18,"6,726",199,41,3
2025-05-01,google,GO53139,google_pmax_2025,2025-04-09,LU,ios,135.52,"8,586",511,122,15
2025-04-06,affiliate,AF19128,aff_winter,2025-02-07,DE,android,132.70,"10,506",177,19,3
2025-04-13,google,GO65472,google_pmax_2025,2024-11-23,RO,android,127.48,"7,188",268,38,10
2025-05-08,affiliate,AF89969,aff_summer,2024-11-23,EE,ios,92.20,"9,955",203,33,1
2025-05-28,tiktok,TI64373,tt_app_installs,2025-04-15,PL,android,154.03,"18,833",610,171,35
2025-06-01,tiktok,TI86899,tt_app_installs,2025-03-25,BE,android,131.85,"8,024",120,22,3
2025-07-17,facebook,FA46653,fb_retargeting,2025-03-24,SE,ios,51.23,"8,337",252,39,8
2025-09-11,affiliate,AF55156,aff_summer,2024-12-12,DE,android,36.62,"4,881",73,8,1
2025-04-01,facebook,FA80741,fb_conversion_2025,2025-01-12,AT,ios,344.87,"14,420",121,28,8
2025-02-24,twitter,TW48645,x_web_conversions,2024-11-26,CZ,ios,96.99,"8,151",86,16,2
2025-02-18,twitter,TW96624,x_app_installs,2024-10-22,PT,ios,107.93,"6,153",69,4,1
2025-08-13,twitter,TW43226,x_retargeting,2025-02-17,HU,ios,55.17,"8,398",117,10,1
2025-06-05,affiliate,AF53931,aff_winter,2025-03-18,EE,android,60.15,"15,291",67,4,0
2025-12-28,twitter,TW30679,x_retargeting,2025-08-20,PT,android,104.14,"6,966",91,17,2
2025-08-22,affiliate,AF85993,aff_winter,2025-07-09,PT,android,31.72,"11,563",68,4,0
2025-10-09,twitter,TW75044,x_app_installs,2025-05-03,CY,android,47.46,"8,442",144,17,2
2025-05-10,google,GO51262,google_display_retargeting,2025-02-10,NL,android,233.27,"7,324",204,32,5
2025-11-23,facebook,FA27676,fb_brand_awareness,2025-09-27,FR,android,28.68,"2,600",76,20,5
2025-10-23,affiliate,AF86520,aff_spring,2025-07-14,DK,ios,49.91,"4,832",63,11,1
2025-02-16,google,GO48950,google_youtube_video,2024-12-23,CY,ios,115.73,"9,676",428,69,21
2025-11-17,facebook,FA24508,fb_retargeting,2025-11-14,NL,android,194.11,"15,015",378,103,8
2025-03-11,google,GO66874,google_pmax_2025,2025-02-01,AT,ios,133.62,"3,900",255,68,7
2025-05-18,tiktok,TI59910,tt_creator_push,2025-03-14,BE,android,145.47,"8,677",353,99,16
2025-08-26,facebook,FA95237,fb_retargeting,2025-07-11,BE,ios,384.76,"17,748",582,126,31
2025-08-25,twitter,TW50296,x_app_installs,2025-06-28,LU,android,154.84,"11,584",223,28,2
2025-03-24,instagram,IN37575,ig_app_install,2025-01-12,BG,ios,80.13,"7,313",326,86,21
2025-04-04,affiliate,AF70484,aff_spring,2024-06-16,ES,android,24.23,"5,454",114,16,3
2025-04-22,tiktok,TI23855,tt_app_installs,2025-04-04,HR,android,63.21,"6,191",250,66,6
2025-05-26,twitter,TW18163,x_awareness,2025-04-26,LU,android,71.52,"13,688",344,65,10
2025-01-30,twitter,TW44230,x_app_installs,2024-12-21,DE,ios,36.20,"7,760",78,16,2
2025-11-10,tiktok,TI74606,tt_conversion_2025,2025-08-08,CZ,ios,47.11,"9,358",255,38,7
2025-07-12,facebook,FA14152,fb_brand_awareness,2025-05-27,BE,android,167.92,"9,262",299,89,12
2025-06-02,tiktok,TI29411,tt_conversion_2025,2025-03-05,CY,ios,26.78,"6,470",252,57,10
2025-08-11,google,GO30003,google_display_retargeting,2025-05-08,NL,android,197.64,"7,033",355,73,15
2025-05-29,affiliate,AF68311,aff_winter,2025-03-27,LV,android,129.83,"11,547",275,35,2
2025-05-11,google,GO75570,google_pmax_2025,2025-01-21,RO,android,462.18,"15,845",1085,207,64
2025-11-09,google,GO94434,google_youtube_video,2025-07-10,SK,ios,93.54,"4,167",187,19,4
2025-07-07,twitter,TW59385,x_web_conversions,2025-06-17,PL,ios,245.74,"15,774",307,33,2
2025-04-22,facebook,FA91026,fb_brand_awareness,2025-01-02,SI,ios,326.35,"15,961",503,98,5
2025-10-14,google,GO41480,google_youtube_video,2025-07-28,SK,ios,201.53,"10,419",231,53,16
2025-06-20,twitter,TW46237,x_awareness,2025-02-12,SK,ios,166.25,"9,860",65,13,2
2025-07-07,twitter,TW97436,x_awareness,2025-02-04,IE,android,53.24,"4,196",64,6,1
2025-09-01,tiktok,TI29097,tt_creator_push,2025-05-10,CY,android,193.99,"19,350",347,100,11
2025-05-13,instagram,IN90672,ig_retargeting,2025-02-20,DE,android,112.34,"7,403",272,61,15
2025-10-12,facebook,FA88151,fb_conversion_2025,2025-09-07,EE,ios,152.52,"8,729",104,19,5
2025-12-16,instagram,IN51455,ig_story_launch,2025-11-14,BG,android,291.18,"13,596",426,45,7
2025-05-05,facebook,FA19330,fb_retargeting,2025-02-28,GR,android,258.14,"14,637",399,81,4
2025-06-19,twitter,TW30661,x_retargeting,2025-05-13,AT,ios,47.73,"12,738",306,31,4
2025-12-03,tiktok,TI37525,tt_creator_push,2025-12-02,BE,android,61.41,"6,762",157,20,3
2025-08-12,facebook,FA94585,fb_brand_awareness,2025-08-03,EE,ios,159.67,"8,665",160,19,1
2025-04-16,tiktok,TI93308,tt_creator_push,2024-12-17,EE,android,125.81,"8,240",392,111,14
2025-06-02,facebook,FA17877,fb_conversion_2025,2025-05-30,BE,ios,151.12,"9,589",254,72,7
2025-07-03,affiliate,AF82823,aff_winter,2024-12-10,PL,android,49.63,"4,799",104,11,2
2025-08-13,google,GO34509,google_search_brand,2025-05-26,NL,ios,23.56,"2,568",169,21,7
2025-06-09,facebook,FA54765,fb_retargeting,2025-03-22,MT,ios,51.39,"5,285",170,27,7
2025-03-30,twitter,TW40782,x_app_installs,2024-12-18,CZ,ios,102.64,"12,062",292,45,4
2025-07-11,affiliate,AF90748,aff_spring,2024-11-10,PL,ios,97.11,"7,277",163,23,2
2025-02-25,instagram,IN18282,ig_reels_push,2025-02-22,CY,ios,94.02,"4,052",165,40,6
2025-11-03,twitter,TW34566,x_awareness,2025-07-13,DE,ios,110.60,"7,648",190,38,2
2025-08-18,affiliate,AF56727,aff_spring,2024-11-14,SI,android,120.69,"10,141",211,21,4
2025-05-27,google,GO97489,google_youtube_video,2025-01-06,RO,android,260.10,"8,225",222,61,15
2025-06-20,instagram,IN99441,ig_app_install,2025-03-12,MT,ios,32.48,"2,829",127,20,3
2025-05-04,tiktok,TI57423,tt_app_installs,2025-01-16,BE,android,245.95,"11,239",225,23,3
2025-05-13,facebook,FA32305,fb_retargeting,2025-01-17,IT,android,92.84,"9,375",99,12,3
2025-12-03,tiktok,TI37398,tt_spark_ads,2025-11-10,PT,android,74.89,"17,584",702,192,11
2025-12-13,google,GO33674,google_pmax_2025,2025-07-21,PL,ios,284.11,"9,371",423,71,19
2025-12-11,facebook,FA31548,fb_conversion_2025,2025-11-16,FR,android,241.35,"12,313",208,63,17
2025-09-01,affiliate,AF38694,aff_summer,2024-12-06,DE,ios,82.16,"8,874",217,33,4
2025-09-20,twitter,TW17579,x_app_installs,2025-06-04,HR,ios,116.66,"9,358",242,37,7
2025-02-04,affiliate,AF11104,aff_winter,2024-08-08,RO,android,46.51,"9,101",58,6,0
2025-04-30,google,GO23886,google_pmax_2025,2024-12-08,LT,ios,142.51,"9,768",478,130,33
2025-06-02,google,GO75619,google_pmax_2025,2025-05-11,SI,android,30.84,"2,546",99,18,2
2025-03-03,tiktok,TI57266,tt_creator_push,2024-10-09,CZ,ios,34.86,"4,952",71,11,1
2025-11-23,twitter,TW88168,x_awareness,2025-10-09,CY,ios,73.25,"8,564",110,21,2
2025-09-26,tiktok,TI91832,tt_creator_push,2025-05-28,BE,android,175.99,"12,032",422,43,7
2025-06-25,affiliate,AF31293,aff_autumn,2025-03-13,HU,ios,81.01,"12,639",241,33,3
2025-11-17,instagram,IN70796,ig_story_launch,2025-08-19,HR,android,93.87,"9,080",194,41,5
2025-03-20,instagram,IN11110,ig_reels_push,2024-12-04,LU,android,77.81,"7,256",205,33,4
2025-06-13,facebook,FA82335,fb_brand_awareness,2025-05-06,AT,android,66.07,"3,322",70,19,4
2025-05-03,tiktok,TI72641,tt_conversion_2025,2024-12-11,SI,android,112.88,"6,195",130,18,2
2025-01-21,tiktok,TI98807,tt_app_installs,2025-01-17,CY,ios,156.81,"7,659",286,34,3
2025-04-19,google,GO15594,google_search_brand,2025-04-04,GR,android,228.80,"16,367",1069,280,45
2025-10-28,facebook,FA67484,fb_app_install,2025-07-23,GR,ios,55.37,"5,311",84,21,2
2025-12-26,affiliate,AF49520,aff_winter,2025-08-09,BG,android,53.77,"4,821",86,12,2
2025-12-31,instagram,IN58425,ig_app_install,2025-09-19,IE,android,432.03,"19,755",856,151,29
2025-01-06,facebook,FA87080,fb_conversion_2025,2024-12-30,IE,ios,143.27,"7,718",176,53,15
2025-01-07,google,GO70831,google_youtube_video,2024-09-23,MT,ios,225.41,"9,265",578,78,13
2025-11-22,google,GO21852,google_display_retargeting,2025-08-22,CZ,android,165.27,"5,360",352,55,12
2025-05-30,google,GO32840,google_search_brand,2025-04-29,DK,ios,91.00,"4,534",213,52,12
2025-09-28,twitter,TW26348,x_awareness,2025-04-23,FR,android,187.13,"19,091",392,83,14
2025-08-17,twitter,TW34830,x_awareness,2025-05-25,BE,android,89.55,"7,912",166,14,3
2025-01-26,google,GO81612,google_pmax_2025,2024-11-04,DK,ios,277.71,"20,781",1134,304,64
2025-08-18,affiliate,AF10828,aff_summer,2025-02-09,RO,android,162.89,"13,744",188,18,1
2025-07-07,twitter,TW62263,x_app_installs,2025-06-30,DE,android,70.13,"5,269",91,7,1
2025-01-12,facebook,FA43248,fb_app_install,2024-12-31,SI,android,122.39,"5,693",199,54,12
2025-03-03,tiktok,TI73322,tt_spark_ads,2024-10-24,RO,android,39.01,"3,430",105,17,3
2025-02-18,twitter,TW89485,x_web_conversions,2024-11-09,IE,android,83.95,"10,147",114,16,2
2025-11-04,tiktok,TI79387,tt_app_installs,2025-07-23,LU,ios,55.26,"6,336",269,61,6
2025-06-05,instagram,IN21813,ig_reels_push,2025-03-07,RO,android,110.43,"7,841",121,32,8
2025-01-21,google,GO35485,google_youtube_video,2025-01-08,HU,ios,374.72,"12,829",838,228,67
2025-07-22,google,GO21787,google_youtube_video,2025-04-11,BE,ios,117.43,"10,414",262,24,7
2025-09-26,instagram,IN18413,ig_story_launch,2025-07-05,LV,ios,67.28,"6,090",229,40,4
2025-12-05,twitter,TW23913,x_awareness,2025-11-23,EE,ios,35.10,"2,036",41,5,1
2025-03-12,affiliate,AF72468,aff_winter,2024-11-29,MT,ios,39.49,"8,669",162,20,1
2025-10-20,instagram,IN25970,ig_app_install,2025-08-30,NL,android,308.42,"16,293",190,51,10
2025-05-27,tiktok,TI53679,tt_creator_push,2025-01-05,EE,ios,251.05,"15,938",524,159,14
2025-09-10,instagram,IN63139,ig_retargeting,2025-06-09,RO,android,237.66,"10,914",289,37,3
2025-03-14,instagram,IN67768,ig_retargeting,2025-02-16,DK,android,115.15,"5,175",114,17,2
2025-11-28,google,GO88599,google_pmax_2025,2025-07-17,BE,ios,34.23,"4,098",235,24,5
2025-05-21,twitter,TW24722,x_web_conversions,2025-01-06,DE,ios,188.70,"12,686",156,17,2
2025-04-18,instagram,IN85314,ig_story_launch,2025-01-21,ES,android,61.28,"6,635",128,32,6
2025-04-27,tiktok,TI63733,tt_conversion_2025,2025-02-12,FI,ios,109.63,"12,103",429,45,4
2025-08-28,tiktok,TI73777,tt_creator_push,2025-06-21,EE,ios,149.04,"8,938",453,129,20
2025-12-19,instagram,IN51460,ig_reels_push,2025-09-01,PL,ios,129.42,"7,981",148,26,4
2025-04-02,facebook,FA32293,fb_retargeting,2025-03-17,EE,ios,79.81,"6,784",229,42,4
2025-09-17,facebook,FA11735,fb_app_install,2025-06-06,FI,ios,96.25,"9,438",188,40,10
2025-02-09,facebook,FA90075,fb_brand_awareness,2024-11-13,NL,ios,176.90,"8,748",199,44,10
2025-02-02,instagram,IN79580,ig_retargeting,2024-12-13,LT,android,34.97,"6,866",145,15,1
2025-07-13,google,GO28193,google_display_retargeting,2025-04-23,DK,android,148.49,"5,833",393,73,18
2025-02-18,tiktok,TI92191,tt_app_installs,2024-11-13,NL,ios,38.80,"7,879",379,80,9
2025-12-20,twitter,TW74860,x_app_installs,2025-11-19,ES,android,154.67,"10,001",157,15,2
2025-09-10,google,GO72674,google_pmax_2025,2025-06-05,BG,android,55.70,"5,996",174,36,6
2025-07-16,google,GO18677,google_pmax_2025,2025-06-28,CY,android,98.76,"10,744",420,68,6
2025-05-29,facebook,FA38525,fb_brand_awareness,2025-03-09,DE,android,277.53,"15,692",277,96,10
2025-04-09,twitter,TW34878,x_app_installs,2025-03-18,DK,ios,151.02,"9,887",74,7,1
2025-06-16,facebook,FA61783,fb_app_install,2025-03-12,AT,android,81.67,"6,944",102,32,7
2025-10-10,google,GO16594,google_display_retargeting,2025-06-24,DK,ios,81.57,"3,343",205,29,7
2025-04-12,instagram,IN13939,ig_story_launch,2025-03-13,PL,ios,209.19,"8,885",232,24,2
2025-06-16,instagram,IN64414,ig_story_launch,2025-06-04,IT,android,200.37,"11,472",122,29,2
2025-12-26,tiktok,TI27079,tt_conversion_2025,2025-08-17,DK,ios,85.79,"4,282",84,17,3
2025-11-29,tiktok,TI55012,tt_app_installs,2025-09-28,HU,android,71.38,"4,073",211,67,5
2025-01-07,google,GO66563,google_youtube_video,2024-09-26,AT,android,57.42,"3,157",145,13,4
2025-10-29,facebook,FA98112,fb_retargeting,2025-08-20,LU,android,202.90,"7,364",202,40,5
2025-11-23,facebook,FA35301,fb_retargeting,2025-09-28,HU,ios,280.22,"12,413",353,116,20
2025-03-15,google,GO27050,google_pmax_2025,2024-12-08,CZ,android,148.39,"12,104",450,107,21
2025-09-30,instagram,IN23675,ig_reels_push,2025-09-06,BG,ios,22.31,"3,293",127,17,3
2025-12-30,affiliate,AF93782,aff_autumn,2025-05-06,ES,android,127.01,"9,248",198,18,3
2025-11-01,affiliate,AF60473,aff_winter,2025-10-03,CY,android,49.34,"12,437",127,11,1
2025-05-01,google,GO10697,google_search_brand,2024-12-09,PT,android,245.67,"11,495",238,19,2
2025-11-15,tiktok,TI55322,tt_spark_ads,2025-08-06,LT,ios,179.55,"13,613",222,37,8
2025-01-30,tiktok,TI46437,tt_creator_push,2024-08-27,IE,ios,108.16,"7,317",159,39,6
2025-12-12,google,GO99347,google_search_brand,2025-08-13,SE,android,301.42,"12,045",761,179,31
2025-11-03,instagram,IN56964,ig_app_install,2025-10-09,SE,ios,110.64,"9,938",204,36,3
2025-07-23,instagram,IN76653,ig_story_launch,2025-06-17,DK,android,52.03,"6,801",218,43,6
2025-11-24,affiliate,AF32243,aff_autumn,2025-04-20,ES,android,69.04,"10,551",135,13,1
2025-09-05,tiktok,TI10429,tt_app_installs,2025-05-07,FR,android,125.03,"9,250",149,47,3
2025-01-13,google,GO61998,google_pmax_2025,2025-01-12,NL,android,112.34,"4,731",283,65,11
2025-05-25,affiliate,AF88377,aff_spring,2024-08-02,HR,ios,31.29,"7,432",47,4,1
2025-06-03,twitter,TW20400,x_retargeting,2025-01-24,SK,android,58.93,"9,456",88,7,1
2025-02-27,twitter,TW98835,x_app_installs,2024-09-01,FI,android,147.60,"9,985",159,26,6
2025-10-15,facebook,FA39843,fb_conversion_2025,2025-08-29,SE,android,71.81,"3,810",112,21,2
2025-02-15,facebook,FA65737,fb_conversion_2025,2024-11-19,NL,ios,66.23,"10,624",129,43,4
2025-11-18,instagram,IN26722,ig_story_launch,2025-10-15,SI,android,238.96,"14,089",294,60,12
2025-11-15,google,GO86215,google_display_retargeting,2025-10-28,CY,ios,226.72,"11,609",330,75,14
2025-07-29,affiliate,AF47069,aff_spring,2024-12-13,MT,android,32.00,"3,578",30,4,1
2025-05-05,tiktok,TI72820,tt_app_installs,2025-03-30,CY,ios,270.21,"12,740",197,20,4
2025-05-14,instagram,IN80444,ig_app_install,2025-02-05,PT,ios,183.45,"10,537",472,101,21
2025-08-12,google,GO73828,google_pmax_2025,2025-08-01,LU,android,206.22,"12,357",705,92,27
2025-09-25,instagram,IN76609,ig_reels_push,2025-07-05,AT,ios,134.16,"7,175",282,40,6
2025-02-09,affiliate,AF74219,aff_winter,2024-11-04,CZ,android,145.52,"15,874",267,17,1
2025-12-12,tiktok,TI31020,tt_conversion_2025,2025-08-11,CY,ios,79.72,"8,353",417,46,3
2025-02-08,twitter,TW28841,x_awareness,2025-01-07,LV,android,118.25,"14,915",386,72,11
2025-12-12,instagram,IN51174,ig_retargeting,2025-10-01,DE,android,270.15,"13,114",382,67,4
2025-03-23,affiliate,AF10551,aff_autumn,2024-10-13,SK,android,112.47,"10,110",207,35,4
2025-08-04,facebook,FA97406,fb_retargeting,2025-06-17,CY,ios,178.28,"7,962",72,14,1
2025-03-05,tiktok,TI49770,tt_creator_push,2025-03-04,BE,android,68.05,"15,284",185,36,8
2025-11-08,affiliate,AF32491,aff_summer,2025-11-04,BG,android,67.92,"5,733",30,2,0
2025-05-12,twitter,TW54769,x_app_installs,2025-05-02,HU,ios,30.10,"6,968",57,8,2
2025-01-30,affiliate,AF88360,aff_spring,2024-08-17,RO,android,51.06,"6,479",56,6,1
2025-05-22,twitter,TW44047,x_awareness,2024-12-26,HU,android,23.28,"5,677",58,11,1
2025-04-01,tiktok,TI27640,tt_spark_ads,2025-03-31,HU,ios,329.65,"18,441",797,251,28
2025-07-18,affiliate,AF79319,aff_summer,2025-03-20,LT,android,95.32,"7,139",152,21,2
2025-04-05,affiliate,AF79555,aff_autumn,2024-07-12,NL,android,19.45,"4,839",84,10,1
2025-04-21,twitter,TW43587,x_retargeting,2025-02-01,DK,ios,187.36,"11,847",204,44,3
2025-03-27,facebook,FA64268,fb_brand_awareness,2025-01-25,CY,ios,362.62,"16,705",157,31,4
2025-02-12,tiktok,TI15689,tt_app_installs,2024-09-06,BE,ios,81.90,"11,806",390,98,21
2025-01-10,twitter,TW64174,x_web_conversions,2024-10-29,IE,ios,61.98,"5,894",144,28,3
2025-09-16,tiktok,TI51315,tt_creator_push,2025-05-03,CY,ios,278.34,"13,208",380,83,5
2025-11-12,facebook,FA28098,fb_brand_awareness,2025-08-30,DE,android,121.95,"6,003",157,53,11
2025-04-12,google,GO37653,google_youtube_video,2024-11-07,PT,android,121.21,"7,947",160,29,8
2025-03-16,google,GO87940,google_pmax_2025,2024-11-20,LV,android,184.62,"14,144",599,143,37
2025-06-01,google,GO93720,google_pmax_2025,2025-03-18,SI,android,182.02,"6,062",130,14,3
2025-12-25,tiktok,TI87352,tt_spark_ads,2025-10-05,HR,ios,166.50,"9,201",383,83,17
2025-08-01,google,GO38243,google_youtube_video,2025-05-21,IE,android,271.09,"13,087",726,168,37
2025-07-02,facebook,FA96065,fb_app_install,2025-06-23,BE,android,67.37,"3,758",99,12,1
2025-01-23,twitter,TW41427,x_retargeting,2024-11-02,DE,android,94.96,"6,748",154,23,3
2025-12-27,twitter,TW46764,x_web_conversions,2025-12-07,FR,ios,100.56,"5,645",140,25,2
2025-06-23,google,GO70846,google_search_brand,2025-03-25,IE,android,265.85,"10,946",705,126,27
2025-12-26,google,GO96477,google_pmax_2025,2025-12-13,DE,ios,312.64,"10,488",288,34,8
2025-04-11,instagram,IN37302,ig_retargeting,2025-03-02,FI,android,104.34,"10,602",384,49,3
2025-10-19,google,GO16991,google_search_brand,2025-07-31,SI,android,424.70,"14,913",378,83,19
2025-11-23,google,GO79364,google_search_brand,2025-11-13,CY,ios,107.73,"9,052",233,58,4
2025-07-17,instagram,IN38373,ig_story_launch,2025-07-11,LU,android,155.25,"7,026",260,38,8
2025-01-07,facebook,FA27133,fb_retargeting,2024-10-14,SE,android,137.15,"7,204",185,29,5
2025-07-11,tiktok,TI88226,tt_app_installs,2025-02-20,SK,ios,32.33,"4,774",89,25,3
2025-01-14,tiktok,TI13148,tt_app_installs,2024-11-22,EE,android,89.48,"17,874",348,55,6
2025-05-10,instagram,IN84235,ig_app_install,2025-02-28,NL,android,119.44,"6,252",120,24,6
2025-10-13,google,GO50309,google_display_retargeting,2025-08-10,DK,android,293.91,"17,799",527,145,29
2025-05-05,facebook,FA22500,fb_retargeting,2025-04-23,BE,android,306.65,"13,269",301,73,16
2025-02-21,affiliate,AF61791,aff_winter,2024-12-02,LU,ios,107.99,"11,425",187,12,2
2025-10-18,facebook,FA82849,fb_conversion_2025,2025-06-21,SK,ios,143.02,"13,477",121,35,5
2025-10-17,instagram,IN20234,ig_reels_push,2025-08-16,PT,ios,147.69,"10,359",122,17,2
2025-07-04,twitter,TW70664,x_retargeting,2025-04-11,PL,ios,89.12,"11,079",284,59,13
2025-02-05,twitter,TW56892,x_retargeting,2024-08-13,NL,android,45.75,"2,594",20,4,1
2025-11-29,twitter,TW63496,x_retargeting,2025-11-25,CY,android,46.21,"5,565",153,28,3
2025-01-25,google,GO27433,google_display_retargeting,2024-11-18,LU,android,103.61,"6,715",229,28,8
2025-04-22,facebook,FA89017,fb_retargeting,2025-01-20,GR,android,162.62,"8,809",303,63,8
2025-08-03,twitter,TW15371,x_awareness,2025-02-20,LT,ios,63.82,"8,499",231,16,4
2025-05-23,google,GO99236,google_pmax_2025,2025-01-13,BE,android,343.62,"16,572",535,55,18
2025-01-16,instagram,IN69287,ig_reels_push,2025-01-15,SI,android,96.75,"6,207",262,31,2
2025-01-10,affiliate,AF68878,aff_autumn,2024-04-14,FR,ios,42.11,"4,188",62,5,0
2025-11-27,twitter,TW86211,x_awareness,2025-10-11,LV,ios,19.08,"3,133",67,14,2
2025-02-03,twitter,TW35420,x_awareness,2024-09-09,PT,ios,178.34,"16,645",457,90,19
2025-06-10,google,GO73940,google_search_brand,2025-02-22,CY,android,225.77,"11,246",459,69,6
2025-06-25,facebook,FA37817,fb_retargeting,2025-06-20,RO,android,103.44,"8,448",127,39,2
2025-05-14,google,GO67994,google_display_retargeting,2025-02-25,PL,ios,173.33,"8,171",306,61,9
2025-11-11,instagram,IN99289,ig_app_install,2025-11-02,GR,ios,357.40,"17,130",251,42,3
2025-07-31,google,GO33654,google_pmax_2025,2025-04-30,NL,ios,236.48,"9,575",204,33,4
2025-11-18,tiktok,TI14206,tt_conversion_2025,2025-07-14,FR,ios,155.48,"9,786",259,69,9
2025-09-11,facebook,FA35312,fb_retargeting,2025-08-14,HR,android,187.62,"8,593",206,70,6
2025-12-07,affiliate,AF66951,aff_autumn,2025-04-04,LV,android,77.69,"9,341",62,6,0
2025-07-24,twitter,TW29144,x_retargeting,2025-06-05,IT,android,130.86,"7,914",194,32,6
2025-10-09,twitter,TW60677,x_awareness,2025-04-22,HR,android,67.87,"11,811",207,39,2
2025-08-05,facebook,FA49467,fb_brand_awareness,2025-07-18,SK,android,31.12,"4,094",137,27,7
2025-03-07,affiliate,AF54528,aff_spring,2024-05-11,DK,ios,114.58,"10,391",61,9,1
2025-07-14,twitter,TW92419,x_web_conversions,2025-06-27,SE,android,40.82,"3,444",92,19,3
2025-03-03,affiliate,AF27204,aff_autumn,2024-10-29,RO,android,9.40,"3,856",36,4,0
2025-10-05,facebook,FA75886,fb_brand_awareness,2025-06-25,CZ,ios,149.41,"10,086",204,42,6
2025-10-29,affiliate,AF33624,aff_spring,2025-09-02,CZ,android,90.95,"8,606",163,26,3
2025-09-30,facebook,FA22589,fb_conversion_2025,2025-09-10,SK,android,284.02,"14,120",347,112,24
2025-04-07,affiliate,AF22333,aff_summer,2024-12-17,CZ,android,148.17,"10,992",150,11,2
2025-08-28,tiktok,TI16622,tt_creator_push,2025-05-23,FR,ios,230.68,"10,970",325,87,17
2025-07-03,facebook,FA69414,fb_brand_awareness,2025-03-19,DK,ios,456.82,"18,779",610,77,8
2025-08-18,tiktok,TI98859,tt_creator_push,2025-07-17,CZ,ios,101.72,"5,292",134,28,1
2025-07-08,affiliate,AF85506,aff_winter,2024-12-09,GR,ios,85.21,"7,263",29,4,1
2025-12-04,twitter,TW10017,x_app_installs,2025-11-01,IT,ios,89.08,"5,863",81,18,2
2025-04-22,google,GO26031,google_display_retargeting,2025-01-14,HU,android,102.79,"6,830",186,26,5
2025-06-12,google,GO52129,google_pmax_2025,2025-06-12,IE,ios,213.09,"15,496",436,121,12
2025-09-10,tiktok,TI61689,tt_conversion_2025,2025-05-12,EE,ios,101.80,"9,495",501,136,23
2025-12-03,tiktok,TI36071,tt_conversion_2025,2025-09-07,EE,android,169.49,"9,186",431,62,3
2025-04-27,facebook,FA84165,fb_brand_awareness,2025-04-10,NL,ios,333.12,"15,312",398,63,8
2025-11-10,instagram,IN15383,ig_retargeting,2025-08-12,EE,android,243.19,"11,525",177,30,7
2025-12-24,affiliate,AF63105,aff_winter,2025-09-22,BE,android,12.07,"3,135",67,6,1
2025-01-11,google,GO67642,google_pmax_2025,2024-12-24,ES,android,286.68,"19,945",992,195,21
2025-04-14,facebook,FA36014,fb_conversion_2025,2025-01-22,ES,android,204.18,"7,999",204,51,10
2025-09-05,tiktok,TI28679,tt_spark_ads,2025-07-17,RO,android,185.42,"18,819",639,190,38
2025-09-04,facebook,FA81469,fb_brand_awareness,2025-06-27,IE,android,150.77,"7,703",217,72,14
2025-04-26,google,GO43862,google_pmax_2025,2025-02-19,DK,ios,158.47,"6,678",444,63,12
2025-03-06,twitter,TW36286,x_app_installs,2024-09-07,SE,android,68.37,"4,399",89,15,1
2025-05-16,affiliate,AF62905,aff_spring,2025-02-01,IT,ios,101.65,"15,957",363,49,4
2025-07-29,google,GO16076,google_search_brand,2025-05-01,DE,android,218.42,"16,702",882,176,13
2025-05-15,twitter,TW38535,x_app_installs,2025-03-01,LU,android,130.79,"9,027",72,16,3
2025-04-18,google,GO44380,google_youtube_video,2025-02-04,CZ,android,197.49,"9,064",593,64,17
2025-06-26,twitter,TW25103,x_web_conversions,2025-02-05,LT,android,62.56,"8,130",135,13,3
2025-01-23,twitter,TW37747,x_retargeting,2024-12-30,IE,ios,68.81,"9,344",90,11,1
2025-07-14,twitter,TW10341,x_app_installs,2025-04-30,CY,ios,16.74,"1,417",40,5,1
2025-07-18,affiliate,AF77778,aff_autumn,2025-03-03,HU,ios,40.37,"11,832",224,19,2
2025-08-05,instagram,IN16858,ig_retargeting,2025-07-20,MT,android,35.60,"3,778",137,25,5
2025-01-29,affiliate,AF27236,aff_winter,2024-06-24,CZ,ios,125.91,"14,429",269,20,2
2025-01-27,affiliate,AF34404,aff_winter,2024-07-21,PL,android,78.44,"7,624",165,29,2
2025-08-28,affiliate,AF16672,aff_winter,2025-07-22,LU,ios,68.08,"5,035",34,3,0
2025-10-09,instagram,IN99452,ig_story_launch,2025-06-11,PL,ios,23.42,"2,549",93,16,3
2025-03-13,twitter,TW67679,x_web_conversions,2025-03-11,SE,ios,50.87,"10,782",315,31,2
2025-03-21,affiliate,AF69607,aff_autumn,2024-06-03,AT,android,26.79,"9,695",232,39,3
2025-03-19,tiktok,TI66850,tt_app_installs,2024-12-10,HR,ios,47.82,"7,943",423,105,14
2025-07-02,tiktok,TI95860,tt_conversion_2025,2025-06-14,EE,android,75.47,"4,957",160,40,3
2025-05-27,instagram,IN55995,ig_retargeting,2025-03-05,HU,ios,291.64,"12,804",508,113,30
2025-10-25,instagram,IN48540,ig_reels_push,2025-10-11,RO,android,47.70,"6,955",160,36,7
2025-11-02,affiliate,AF47098,aff_summer,2025-08-08,NL,android,141.57,"20,496",248,39,4
2025-02-28,facebook,FA89101,fb_retargeting,2025-02-02,RO,android,291.34,"13,742",392,50,9
2025-07-28,facebook,FA27485,fb_brand_awareness,2025-04-15,LV,android,126.31,"4,979",128,30,3
2025-01-02,tiktok,TI48462,tt_creator_push,2024-12-11,LT,ios,249.97,"12,150",197,35,3
2025-01-15,instagram,IN35576,ig_reels_push,2024-10-19,GR,android,219.51,"9,701",286,75,9
2025-03-24,facebook,FA89437,fb_brand_awareness,2025-02-27,IT,ios,150.72,"12,597",324,81,7
2025-05-28,affiliate,AF38141,aff_winter,2024-09-24,SI,ios,48.37,"5,742",53,9,1
2025-03-24,affiliate,AF53249,aff_spring,2024-09-01,HR,android,29.17,"9,955",219,36,6
2025-02-26,google,GO62515,google_pmax_2025,2024-09-26,PL,ios,232.08,"11,708",558,153,46
2025-05-30,affiliate,AF30212,aff_summer,2025-05-01,IT,ios,92.06,"12,907",160,19,1
2025-12-01,google,GO95943,google_display_retargeting,2025-10-27,PL,ios,186.74,"6,618",138,33,7
2025-02-27,twitter,TW48188,x_retargeting,2025-01-30,NL,ios,76.57,"7,773",78,9,0
2025-12-11,twitter,TW85023,x_awareness,2025-09-22,RO,android,52.29,"6,687",170,25,3
2025-02-16,google,GO78779,google_search_brand,2025-02-07,FR,android,97.52,"10,849",664,91,24
2025-02-21,twitter,TW30809,x_web_conversions,2024-09-01,HR,ios,52.82,"5,582",115,13,1
2025-05-07,google,GO29001,google_search_brand,2025-05-04,FR,android,258.25,"7,908",233,26,8
2025-08-22,facebook,FA45547,fb_app_install,2025-08-17,SI,ios,65.02,"6,784",88,22,1
2025-06-11,instagram,IN53300,ig_reels_push,2025-04-28,BE,ios,117.45,"9,668",433,113,23
2025-06-29,tiktok,TI26954,tt_creator_push,2025-06-29,HR,android,140.80,"9,763",196,20,4
2025-07-07,affiliate,AF30124,aff_autumn,2025-01-15,SE,ios,27.84,"8,401",73,11,1
2025-01-21,affiliate,AF31056,aff_winter,2024-05-04,MT,android,44.27,"10,617",228,12,1
2025-12-20,tiktok,TI53858,tt_creator_push,2025-10-02,LU,ios,301.13,"16,225",581,162,28
2025-02-23,instagram,IN52379,ig_retargeting,2025-02-11,PL,android,63.16,"5,947",224,26,2
2025-05-11,affiliate,AF51167,aff_summer,2024-12-06,GR,android,197.65,"14,837",112,19,1
2025-07-20,twitter,TW36316,x_awareness,2025-05-10,FI,android,125.21,"7,314",217,36,7
2025-05-14,tiktok,TI23400,tt_spark_ads,2025-02-01,AT,ios,119.17,"7,813",418,88,18
2025-10-14,tiktok,TI15176,tt_creator_push,2025-06-16,FR,ios,201.94,"9,997",493,152,12
2025-09-15,facebook,FA72223,fb_brand_awareness,2025-06-29,DK,ios,274.14,"10,454",285,44,10
2025-10-02,twitter,TW69299,x_awareness,2025-05-23,LV,ios,240.10,"13,705",212,17,3
2025-09-09,tiktok,TI16774,tt_conversion_2025,2025-05-11,HR,android,101.29,"6,087",120,18,2
2025-12-09,twitter,TW78755,x_retargeting,2025-08-08,GR,android,87.54,"22,015",595,114,15
2025-09-06,affiliate,AF13528,aff_spring,2025-02-19,NL,ios,39.38,"12,945",215,16,1
2025-10-01,affiliate,AF10475,aff_autumn,2025-02-07,EE,ios,148.41,"11,882",90,7,1
2025-03-14,twitter,TW28894,x_retargeting,2025-03-12,LU,ios,122.96,"9,597",161,11,2
2025-04-23,affiliate,AF95760,aff_winter,2025-02-12,CY,ios,50.63,"6,334",45,5,0
2025-08-23,google,GO92491,google_pmax_2025,2025-03-23,RO,android,99.14,"3,972",118,26,2
2025-01-23,affiliate,AF95448,aff_spring,2024-04-09,SE,ios,47.64,"14,657",150,25,3
2025-08-27,instagram,IN92924,ig_retargeting,2025-07-17,FR,ios,162.93,"8,656",228,24,3
2025-10-22,tiktok,TI22319,tt_spark_ads,2025-08-06,BG,android,199.74,"11,095",179,36,4
2025-12-28,affiliate,AF98800,aff_summer,2025-11-10,LU,ios,85.84,"11,859",276,42,5
2025-01-19,twitter,TW87566,x_retargeting,2024-07-30,ES,android,56.09,"6,317",128,24,2
2025-08-14,facebook,FA17615,fb_brand_awareness,2025-08-05,DK,android,136.67,"11,852",121,27,7
2025-09-09,google,GO92248,google_youtube_video,2025-08-08,LV,android,75.32,"7,497",255,29,4
2025-03-21,tiktok,TI38468,tt_conversion_2025,2024-11-04,SK,ios,63.67,"7,662",173,33,7
2025-02-21,google,GO61466,google_pmax_2025,2024-10-19,LU,android,258.99,"10,722",735,181,43
2025-05-13,affiliate,AF89939,aff_winter,2025-02-20,PL,android,88.96,"7,880",48,5,1
2025-04-14,google,GO61461,google_search_brand,2025-01-22,IE,ios,259.23,"7,715",425,106,21
2025-12-13,tiktok,TI97575,tt_app_installs,2025-08-24,DE,ios,145.21,"17,086",461,90,14
2025-07-08,instagram,IN46644,ig_retargeting,2025-05-25,BG,ios,254.12,"11,685",209,52,8
2025-12-03,tiktok,TI68224,tt_app_installs,2025-09-27,PL,android,107.01,"8,666",272,42,10
2025-10-28,facebook,FA39677,fb_retargeting,2025-08-12,ES,android,315.00,"14,172",307,45,12
2025-03-17,google,GO21438,google_youtube_video,2024-11-10,HU,ios,205.28,"5,898",211,32,10
2025-09-13,affiliate,AF49013,aff_summer,2025-06-29,SE,ios,98.16,"7,472",135,18,3
2025-12-18,affiliate,AF25703,aff_autumn,2025-11-07,ES,android,49.88,"8,592",154,25,2
2025-12-09,google,GO25713,google_search_brand,2025-10-09,SK,ios,99.19,"6,358",260,55,4
2025-10-31,twitter,TW19313,x_web_conversions,2025-06-28,LU,android,66.79,"4,958",45,3,0
2025-08-11,google,GO24966,google_display_retargeting,2025-03-21,DK,ios,206.02,"13,230",704,128,8
2025-12-01,instagram,IN62864,ig_story_launch,2025-09-26,PL,android,90.39,"7,076",103,18,5
2025-04-26,affiliate,AF82432,aff_winter,2024-11-14,MT,android,46.84,"6,566",64,9,0
2025-11-05,affiliate,AF81490,aff_spring,2025-07-08,HR,ios,149.11,"12,591",163,18,2
2025-03-20,tiktok,TI73992,tt_creator_push,2024-11-30,IT,android,174.97,"10,006",360,97,18
2025-03-20,facebook,FA17120,fb_brand_awareness,2024-12-20,IE,android,203.07,"12,418",415,93,10
2025-07-17,tiktok,TI90037,tt_app_installs,2025-03-07,AT,ios,37.53,"8,995",214,64,14
2025-08-13,google,GO11124,google_youtube_video,2025-07-19,EE,android,164.94,"7,385",185,27,2
2025-09-22,instagram,IN19847,ig_app_install,2025-09-19,CY,ios,135.47,"13,624",541,156,43
2025-10-04,instagram,IN23261,ig_retargeting,2025-09-04,FI,ios,37.61,"6,011",91,18,3
2025-09-15,facebook,FA62835,fb_retargeting,2025-06-22,SK,android,206.85,"11,226",358,49,8
2025-02-27,tiktok,TI65866,tt_conversion_2025,2024-10-07,IE,android,183.37,"9,616",405,73,15
2025-12-21,google,GO76287,google_search_brand,2025-07-21,HR,android,118.21,"9,237",417,77,6
2025-09-15,tiktok,TI31219,tt_app_installs,2025-04-11,DE,ios,43.56,"2,440",54,10,1
2025-08-13,affiliate,AF26518,aff_summer,2025-03-29,FI,android,92.48,"7,074",63,3,0
2025-11-24,facebook,FA88418,fb_conversion_2025,2025-10-20,FR,ios,123.31,"11,002",286,64,16
2025-11-17,twitter,TW49159,x_web_conversions,2025-11-06,DK,ios,203.34,"17,153",342,61,10
2025-10-16,google,GO86797,google_search_brand,2025-05-19,IT,android,146.11,"6,630",282,77,18
2025-03-25,tiktok,TI27066,tt_spark_ads,2025-01-27,IE,android,194.59,"10,390",430,111,20
2025-06-06,instagram,IN97576,ig_story_launch,2025-04-09,SE,ios,64.93,"6,742",187,38,10
2025-04-28,facebook,FA48717,fb_brand_awareness,2025-04-11,EE,android,83.35,"6,710",88,23,4
2025-09-21,instagram,IN64926,ig_story_launch,2025-08-10,DK,ios,30.07,"5,003",173,25,6
2025-01-26,twitter,TW97872,x_awareness,2024-11-14,SK,android,88.08,"7,404",199,34,4
2025-01-30,twitter,TW96128,x_awareness,2024-08-11,GR,ios,314.48,"21,375",548,89,17
2025-12-27,affiliate,AF92953,aff_spring,2025-04-22,LV,android,71.01,"9,131",174,19,1
2025-08-28,tiktok,TI22568,tt_spark_ads,2025-05-19,ES,ios,90.06,"14,986",753,181,23
2025-11-26,google,GO82163,google_search_brand,2025-10-04,AT,ios,234.68,"17,721",913,88,21
2025-04-27,twitter,TW65636,x_awareness,2025-01-23,AT,ios,100.51,"11,417",272,47,3
2025-12-02,affiliate,AF55149,aff_summer,2025-02-06,DE,ios,130.31,"9,438",204,29,2
2025-07-06,affiliate,AF79301,aff_spring,2025-06-12,SE,android,22.37,"5,328",58,4,0
2025-08-20,google,GO89278,google_pmax_2025,2025-03-29,LU,android,132.14,"8,933",318,61,9
2025-10-29,tiktok,TI56085,tt_conversion_2025,2025-10-07,CZ,ios,31.90,"7,150",243,48,9
2025-12-08,twitter,TW92433,x_app_installs,2025-06-27,FR,android,122.67,"13,976",409,54,11
2025-01-29,instagram,IN88283,ig_retargeting,2024-12-13,BG,android,195.12,"10,606",170,41,5
2025-09-22,google,GO13176,google_pmax_2025,2025-07-11,HU,ios,301.29,"10,010",237,44,3
2025-06-03,google,GO39837,google_youtube_video,2025-03-25,FR,ios,121.18,"5,698",184,23,6
2025-11-17,instagram,IN34421,ig_reels_push,2025-10-24,BG,ios,160.66,"7,570",255,48,13
2025-05-09,google,GO79892,google_youtube_video,2025-04-29,LT,android,210.41,"11,896",542,141,10
2025-09-24,twitter,TW96772,x_awareness,2025-04-25,DK,ios,134.63,"14,143",236,42,5
2025-02-02,instagram,IN78964,ig_app_install,2024-11-07,FR,ios,44.87,"5,668",154,16,3
2025-01-03,twitter,TW50743,x_awareness,2024-11-16,FR,ios,152.08,"20,934",174,34,2
2025-04-18,tiktok,TI67878,tt_creator_push,2024-12-21,PL,android,186.62,"11,036",392,55,3
2025-11-20,tiktok,TI51390,tt_app_installs,2025-09-02,LT,ios,272.16,"12,519",595,88,19
2025-01-07,facebook,FA14627,fb_conversion_2025,2024-10-18,LT,ios,140.81,"6,725",104,32,9
2025-11-18,facebook,FA95149,fb_app_install,2025-11-04,SK,android,71.64,"4,262",65,10,3
2025-11-23,instagram,IN50648,ig_app_install,2025-11-11,FR,ios,85.77,"5,633",177,28,4
2025-05-27,twitter,TW77917,x_app_installs,2025-01-30,DE,ios,114.70,"22,192",475,31,3
2025-02-05,facebook,FA47474,fb_conversion_2025,2024-11-29,EE,android,200.15,"13,869",261,75,11
2025-08-25,tiktok,TI97893,tt_creator_push,2025-08-21,CZ,ios,222.93,"12,234",414,74,16
2025-02-19,facebook,FA65785,fb_brand_awareness,2025-01-03,ES,ios,67.18,"5,534",45,5,1
2025-12-23,twitter,TW53788,x_retargeting,2025-11-08,HR,ios,11.23,"1,168",15,3,1
2025-01-11,twitter,TW45297,x_retargeting,2024-12-01,PL,android,81.28,"9,085",77,8,1
2025-01-30,tiktok,TI75082,tt_spark_ads,2024-09-23,CY,android,227.56,"16,113",787,242,41
2025-03-08,tiktok,TI61543,tt_app_installs,2024-10-17,IE,ios,114.63,"12,402",660,139,9
2025-01-11,instagram,IN93962,ig_story_launch,2024-10-28,SE,ios,158.69,"9,028",248,72,13
2025-03-24,instagram,IN74060,ig_app_install,2025-01-07,GR,android,238.41,"10,751",144,17,4
2025-04-11,instagram,IN55750,ig_retargeting,2025-01-02,AT,android,252.67,"15,969",527,71,15
2025-07-07,facebook,FA60904,fb_app_install,2025-03-12,CZ,ios,149.03,"10,390",259,65,17
2025-02-26,facebook,FA25540,fb_retargeting,2024-10-31,LT,android,53.46,"4,283",127,32,6
2025-06-11,google,GO38357,google_pmax_2025,2025-01-17,RO,ios,85.36,"10,555",465,58,17
2025-11-11,affiliate,AF79513,aff_summer,2025-08-13,SE,ios,81.10,"11,264",227,12,2
2025-01-29,instagram,IN74839,ig_reels_push,2025-01-28,SK,ios,101.16,"12,094",337,69,4
2025-01-27,facebook,FA78614,fb_conversion_2025,2024-12-23,ES,ios,202.24,"7,969",129,40,4
2025-04-17,facebook,FA52497,fb_brand_awareness,2025-03-31,IE,android,47.74,"5,402",46,9,1
2025-06-04,facebook,FA69733,fb_app_install,2025-03-16,DE,ios,88.56,"7,137",197,55,16
2025-04-06,google,GO57527,google_pmax_2025,2025-02-09,SK,ios,192.27,"10,885",607,116,30
2025-11-22,facebook,FA27358,fb_app_install,2025-11-14,HU,android,50.94,"3,116",76,17,5
2025-02-26,instagram,IN77367,ig_retargeting,2025-01-12,SK,ios,123.64,"13,741",288,86,6
2025-02-24,instagram,IN58750,ig_retargeting,2025-02-06,CY,android,240.67,"10,237",332,35,8
2025-02-15,facebook,FA81815,fb_app_install,2025-02-11,DE,ios,108.71,"6,475",71,22,4
2025-06-08,twitter,TW60429,x_web_conversions,2025-03-10,CZ,ios,11.24,"3,588",86,7,1
2025-06-21,facebook,FA27908,fb_conversion_2025,2025-05-10,HU,ios,393.85,"21,530",198,38,9
2025-03-10,affiliate,AF55166,aff_winter,2024-11-12,HR,ios,50.04,"12,576",136,24,4
2025-07-11,facebook,FA75861,fb_app_install,2025-04-13,SI,ios,73.79,"5,753",92,24,1
2025-11-20,google,GO39622,google_pmax_2025,2025-09-25,DK,ios,120.82,"7,062",467,80,11
2025-04-06,twitter,TW89273,x_app_installs,2024-12-24,DK,ios,130.22,"8,126",70,6,1
2025-12-17,affiliate,AF53980,aff_spring,2025-02-23,GR,ios,87.95,"12,468",173,15,1
2025-05-05,twitter,TW97927,x_retargeting,2024-11-27,HR,ios,61.43,"8,638",181,38,2
2025-09-11,instagram,IN83992,ig_retargeting,2025-07-04,SK,android,115.09,"5,820",75,19,4
2025-02-07,google,GO74367,google_youtube_video,2025-02-05,PT,android,233.37,"9,839",208,53,5
2025-06-25,google,GO67306,google_display_retargeting,2025-02-15,DK,android,53.18,"2,539",99,10,2
2025-10-12,instagram,IN80954,ig_story_launch,2025-07-22,FR,android,137.81,"8,982",335,80,20
2025-10-04,twitter,TW91215,x_retargeting,2025-09-11,IE,ios,112.54,"6,348",51,4,1
2025-04-12,instagram,IN97796,ig_reels_push,2025-03-14,MT,android,123.22,"5,987",195,22,5
2025-04-13,tiktok,TI63197,tt_conversion_2025,2024-12-10,FI,ios,97.05,"5,991",235,58,3
2025-02-26,affiliate,AF41425,aff_winter,2024-10-29,SK,android,80.99,"10,756",267,31,6
2025-08-24,instagram,IN70794,ig_story_launch,2025-05-17,SI,android,150.37,"7,037",127,23,4
2025-06-08,affiliate,AF83905,aff_autumn,2024-08-13,PL,ios,26.91,"6,784",28,4,0
2025-03-30,google,GO17039,google_pmax_2025,2025-01-03,CZ,android,199.08,"10,902",743,66,7
2025-11-14,instagram,IN94598,ig_reels_push,2025-09-21,HU,ios,36.25,"5,905",141,28,5
2025-11-23,google,GO65944,google_display_retargeting,2025-06-22,HU,android,315.00,"10,971",606,76,19
2025-02-09,google,GO53702,google_pmax_2025,2025-01-25,MT,ios,159.60,"7,019",323,70,5
2025-06-19,google,GO34980,google_youtube_video,2025-04-01,SI,android,358.52,"10,748",246,45,4
2025-01-23,instagram,IN33222,ig_reels_push,2024-09-27,ES,ios,193.37,"8,623",148,32,4
2025-10-25,affiliate,AF25921,aff_winter,2025-04-14,NL,android,40.41,"3,901",86,10,0
2025-09-27,tiktok,TI22957,tt_spark_ads,2025-09-26,HR,android,55.19,"4,802",165,39,7
2025-10-23,tiktok,TI87451,tt_spark_ads,2025-07-28,EE,ios,119.97,"10,241",169,22,3
2025-06-01,tiktok,TI91036,tt_spark_ads,2025-05-31,CZ,android,213.61,"11,128",406,65,15
2025-04-19,tiktok,TI81020,tt_spark_ads,2024-11-22,SI,android,125.56,"9,449",244,43,5
2025-08-09,tiktok,TI13305,tt_spark_ads,2025-03-04,PT,ios,190.92,"16,465",868,223,42
2025-09-10,google,GO71420,google_display_retargeting,2025-08-18,LU,android,160.78,"6,683",402,92,12
2025-02-27,instagram,IN50329,ig_reels_push,2025-01-24,SK,ios,210.15,"10,514",333,56,10
2025-02-22,instagram,IN22299,ig_reels_push,2024-11-19,DK,android,83.91,"7,010",138,26,6
2025-10-15,tiktok,TI40118,tt_conversion_2025,2025-09-23,FR,ios,165.35,"8,141",422,52,11
2025-04-06,google,GO92409,google_youtube_video,2025-04-03,BG,ios,124.23,"7,296",173,34,7
2025-03-30,affiliate,AF25030,aff_autumn,2025-02-21,PL,android,47.48,"8,547",39,2,0
2025-06-16,instagram,IN10627,ig_retargeting,2025-03-16,DE,android,69.68,"10,790",253,70,17
2025-07-03,instagram,IN60126,ig_reels_push,2025-06-01,IE,android,282.23,"15,342",622,166,28
2025-04-21,twitter,TW46029,x_retargeting,2025-02-12,EE,ios,70.78,"7,820",119,25,1
2025-08-07,tiktok,TI71855,tt_app_installs,2025-04-01,HU,ios,68.46,"8,302",374,90,17
2025-11-29,google,GO43082,google_youtube_video,2025-08-25,MT,ios,148.51,"7,586",179,37,6
2025-04-19,twitter,TW55582,x_app_installs,2025-03-09,IE,ios,20.24,"6,116",44,5,1
2025-06-11,google,GO15083,google_display_retargeting,2025-01-31,PT,ios,375.84,"12,920",283,72,17
2025-10-10,facebook,FA49854,fb_brand_awareness,2025-07-24,ES,ios,461.65,"19,137",438,68,11
2025-04-24,affiliate,AF11733,aff_autumn,2025-03-28,BG,ios,41.10,"6,262",43,5,1
2025-06-16,instagram,IN14747,ig_app_install,2025-06-09,LV,ios,67.01,"10,639",440,103,16
2025-05-19,tiktok,TI46412,tt_conversion_2025,2025-04-18,HU,ios,77.38,"11,696",285,29,6
2025-05-24,tiktok,TI74224,tt_conversion_2025,2025-04-05,SI,ios,40.30,"6,254",307,68,13
2025-03-08,facebook,FA20600,fb_conversion_2025,2025-02-13,LU,android,116.93,"4,659",163,52,9
2025-11-30,tiktok,TI98111,tt_app_installs,2025-07-22,LU,ios,59.40,"4,326",156,46,6
2025-03-27,tiktok,TI82926,tt_spark_ads,2024-11-27,MT,ios,174.77,"12,823",466,147,22
2025-11-21,facebook,FA30985,fb_retargeting,2025-08-14,HR,android,377.58,"14,616",296,77,18
2025-02-07,tiktok,TI43044,tt_conversion_2025,2024-12-18,MT,android,37.64,"3,639",56,10,1
2025-04-30,tiktok,TI24586,tt_creator_push,2025-02-04,CZ,android,303.88,"16,164",706,93,20
2025-04-21,affiliate,AF59890,aff_summer,2025-02-02,SE,ios,58.67,"8,273",57,9,2
2025-03-13,affiliate,AF47986,aff_spring,2024-05-31,HU,android,36.95,"3,004",13,2,0
2025-12-26,google,GO93894,google_youtube_video,2025-10-02,DK,ios,217.74,"8,550",420,82,8
2025-12-11,twitter,TW20327,x_app_installs,2025-10-22,IT,ios,108.27,"16,653",211,33,4
2025-11-09,affiliate,AF47085,aff_summer,2025-07-16,AT,ios,37.00,"9,414",231,34,2
2025-11-23,tiktok,TI62005,tt_spark_ads,2025-10-24,LT,ios,235.65,"11,310",218,23,5
2025-09-03,affiliate,AF39672,aff_winter,2025-08-17,CZ,android,192.44,"17,478",419,44,7
2025-05-23,affiliate,AF97451,aff_autumn,2025-05-22,RO,android,86.98,"6,725",56,6,1
2025-04-21,twitter,TW28274,x_retargeting,2024-10-24,BG,android,70.01,"9,413",197,42,8
2025-03-04,tiktok,TI24242,tt_app_installs,2024-11-16,IE,ios,104.30,"10,587",212,51,6
2025-08-22,instagram,IN42607,ig_reels_push,2025-06-18,EE,ios,99.62,"5,050",132,31,7
2025-01-12,facebook,FA57364,fb_app_install,2024-09-30,HU,ios,153.72,"8,229",262,34,10
2025-12-16,instagram,IN17761,ig_reels_push,2025-09-25,ES,ios,79.01,"5,260",215,43,4
2025-05-17,facebook,FA43112,fb_brand_awareness,2025-02-07,SI,ios,151.58,"11,191",158,29,9
2025-10-28,twitter,TW45097,x_awareness,2025-07-26,SK,ios,212.94,"13,810",132,24,4
2025-12-27,facebook,FA50954,fb_retargeting,2025-11-08,EE,ios,122.80,"7,360",240,53,9
2025-05-22,google,GO21485,google_pmax_2025,2025-05-18,DK,android,247.69,"17,040",654,63,18
2025-03-02,affiliate,AF51942,aff_autumn,2025-01-31,SE,android,70.49,"12,161",92,8,1
2025-07-10,affiliate,AF59728,aff_spring,2025-06-03,PT,android,126.19,"12,156",235,16,1
2025-04-09,twitter,TW19324,x_app_installs,2025-02-26,FR,ios,87.58,"10,103",152,29,3
2025-01-19,twitter,TW84596,x_awareness,2024-09-22,BG,ios,99.53,"6,005",38,3,0
2025-11-25,facebook,FA63147,fb_brand_awareness,2025-08-27,LV,ios,205.58,"12,608",220,54,12
2025-05-29,facebook,FA19075,fb_app_install,2025-02-27,FI,ios,195.91,"16,017",160,42,9
2025-07-16,facebook,FA80817,fb_brand_awareness,2025-05-12,AT,android,95.60,"9,974",80,12,1
2025-08-23,twitter,TW96005,x_app_installs,2025-03-06,SI,ios,341.36,"21,058",522,51,5
2025-02-06,facebook,FA45531,fb_conversion_2025,2024-11-09,PL,ios,153.58,"12,037",226,73,4
2025-03-24,facebook,FA53329,fb_retargeting,2025-03-01,LT,android,82.33,"5,958",114,23,1
2025-07-11,tiktok,TI83635,tt_app_installs,2025-03-18,HU,ios,137.21,"6,508",210,35,6
2025-10-06,affiliate,AF22083,aff_winter,2025-01-04,NL,ios,60.48,"7,548",75,12,2
2025-07-27,instagram,IN91403,ig_reels_push,2025-04-12,CY,ios,403.34,"19,628",594,90,9
2025-10-12,instagram,IN48591,ig_reels_push,2025-08-20,LT,android,104.75,"8,551",192,23,4
2025-10-04,google,GO34442,google_pmax_2025,2025-08-08,CY,ios,178.50,"19,111",431,64,4
2025-12-17,instagram,IN97389,ig_reels_push,2025-12-12,DK,ios,90.44,"8,503",103,16,2
2025-02-24,tiktok,TI75830,tt_app_installs,2024-12-11,RO,android,239.86,"14,030",484,64,6
2025-09-10,twitter,TW92818,x_app_installs,2025-04-05,LV,ios,35.65,"6,494",61,8,1
2025-03-02,instagram,IN91949,ig_story_launch,2025-01-02,BE,ios,111.23,"20,006",704,189,47
2025-03-25,google,GO86015,google_youtube_video,2024-10-28,HR,ios,132.01,"14,325",409,105,14
2025-07-26,tiktok,TI37879,tt_app_installs,2025-02-21,DK,ios,95.66,"8,382",427,109,24
2025-05-16,affiliate,AF90295,aff_winter,2024-07-29,MT,android,37.15,"5,329",107,14,1
2025-09-22,facebook,FA83042,fb_retargeting,2025-06-08,FR,android,245.60,"9,718",162,38,9
2025-11-25,affiliate,AF18304,aff_winter,2025-10-17,CZ,ios,171.64,"14,302",183,20,3
2025-02-09,google,GO85487,google_search_brand,2024-09-23,HR,ios,314.19,"10,053",553,145,31
2025-03-06,twitter,TW46756,x_retargeting,2024-12-02,PL,android,118.63,"7,138",186,14,2
2025-12-06,google,GO48247,google_display_retargeting,2025-11-12,LV,ios,286.33,"8,218",347,55,12
2025-07-03,twitter,TW70310,x_web_conversions,2025-02-10,IE,android,188.88,"11,317",334,53,3
2025-07-18,twitter,TW16276,x_awareness,2025-04-24,LV,android,48.12,"10,842",69,9,2
2025-07-27,google,GO35908,google_youtube_video,2025-03-24,DK,ios,270.04,"8,886",541,102,18
2025-01-26,instagram,IN21487,ig_app_install,2024-11-14,BE,android,70.41,"3,881",124,32,4
2025-09-27,google,GO88711,google_search_brand,2025-08-24,PT,android,110.36,"5,150",241,39,11
2025-02-23,facebook,FA80176,fb_conversion_2025,2024-11-12,CZ,ios,217.20,"14,736",258,51,14
2025-10-27,affiliate,AF88140,aff_spring,2025-09-01,HR,android,68.55,"7,443",171,9,1
2025-11-26,google,GO53514,google_search_brand,2025-07-11,BG,ios,62.79,"5,239",315,85,11
2025-05-01,facebook,FA19020,fb_conversion_2025,2025-02-03,DK,android,92.63,"11,249",139,29,8
2025-02-08,facebook,FA32654,fb_brand_awareness,2024-12-30,NL,android,55.03,"3,109",33,7,2
2025-11-10,affiliate,AF41892,aff_spring,2025-06-20,HU,ios,18.41,"6,179",135,10,2
2025-11-26,tiktok,TI27334,tt_spark_ads,2025-06-30,SE,android,88.26,"4,066",75,15,3
2025-05-13,google,GO14071,google_display_retargeting,2024-12-22,DE,ios,191.46,"12,683",329,81,25
2025-02-26,affiliate,AF70917,aff_autumn,2025-01-18,SK,android,24.18,"7,680",108,11,1
2025-09-14,facebook,FA13122,fb_app_install,2025-06-30,CY,android,146.79,"12,724",434,123,17
2025-06-07,google,GO28143,google_youtube_video,2025-06-03,SK,ios,193.45,"6,068",245,50,14
2025-08-01,affiliate,AF38420,aff_autumn,2025-04-24,MT,android,39.88,"15,862",70,9,1
2025-02-14,twitter,TW66169,x_awareness,2024-09-05,IE,android,154.78,"11,135",207,43,9
2025-03-10,twitter,TW90870,x_awareness,2024-10-25,LT,ios,158.95,"10,519",131,21,4
2025-04-17,facebook,FA50856,fb_app_install,2025-02-15,GR,ios,64.40,"9,058",231,34,3
2025-01-08,twitter,TW51637,x_awareness,2024-11-12,IE,android,31.61,"5,387",154,25,1
2025-09-12,google,GO19257,google_youtube_video,2025-07-10,DK,android,109.32,"3,808",227,27,5
2025-03-20,google,GO77942,google_pmax_2025,2024-11-08,CY,ios,171.76,"5,385",118,22,7
2025-10-28,tiktok,TI66573,tt_app_installs,2025-06-16,IT,ios,39.04,"4,256",201,33,6
2025-06-10,tiktok,TI46310,tt_creator_push,2025-04-29,CY,android,78.69,"6,804",297,75,11
2025-07-12,tiktok,TI79539,tt_spark_ads,2025-04-10,AT,android,267.42,"13,721",255,72,11
2025-01-04,tiktok,TI43132,tt_app_installs,2024-11-02,LV,ios,24.29,"5,740",197,43,6
2025-03-26,affiliate,AF99735,aff_winter,2024-09-11,BG,android,34.66,"8,111",94,15,1
2025-11-18,affiliate,AF89648,aff_summer,2025-08-06,HR,ios,119.64,"10,943",166,21,3
2025-12-21,facebook,FA19087,fb_brand_awareness,2025-10-25,LT,android,196.49,"9,395",78,15,2
2025-06-05,instagram,IN38915,ig_reels_push,2025-04-06,BE,android,241.63,"12,063",518,70,19
2025-01-28,facebook,FA49862,fb_app_install,2024-12-02,AT,android,77.57,"5,449",139,42,3
2025-05-09,tiktok,TI30924,tt_app_installs,2025-02-17,PT,android,82.53,"11,805",563,104,4
2025-09-15,facebook,FA84631,fb_brand_awareness,2025-06-08,CY,ios,58.31,"7,792",148,32,5
2025-12-29,facebook,FA78900,fb_brand_awareness,2025-11-30,IE,ios,86.83,"3,458",99,23,2
2025-06-15,instagram,IN71249,ig_app_install,2025-05-06,HR,android,64.38,"4,622",93,27,6
2025-11-07,affiliate,AF31158,aff_spring,2025-02-22,CY,ios,87.31,"6,966",149,25,3
2025-03-01,instagram,IN71812,ig_retargeting,2024-11-26,CZ,ios,106.97,"7,147",110,22,5
2025-06-15,twitter,TW58606,x_web_conversions,2025-01-14,FR,ios,143.58,"10,119",261,25,4
2025-12-26,twitter,TW24297,x_awareness,2025-07-02,LV,android,89.69,"10,570",269,43,8
2025-06-01,instagram,IN67512,ig_retargeting,2025-03-04,GR,android,259.44,"12,465",417,88,21
2025-10-18,facebook,FA54745,fb_app_install,2025-09-29,FI,ios,112.22,"6,180",117,28,3
2025-07-02,facebook,FA52694,fb_conversion_2025,2025-04-12,IT,ios,30.47,"4,319",71,14,2
2025-01-11,instagram,IN18900,ig_reels_push,2024-09-19,ES,ios,108.28,"12,513",469,81,7
2025-03-15,affiliate,AF13645,aff_winter,2025-02-27,EE,android,18.28,"3,067",51,8,1
2025-02-24,affiliate,AF97145,aff_winter,2024-10-11,SE,android,23.40,"7,435",45,7,1
2025-04-05,instagram,IN48833,ig_reels_push,2025-02-02,SI,android,33.43,"3,764",77,22,4
2025-12-17,instagram,IN48717,ig_retargeting,2025-09-17,SI,ios,89.20,"4,203",56,11,3
2025-04-23,facebook,FA70243,fb_brand_awareness,2025-01-30,FR,ios,115.29,"13,675",250,70,15
2025-09-09,affiliate,AF76090,aff_summer,2025-08-02,LV,ios,8.07,"1,853",39,3,0
2025-12-16,twitter,TW33378,x_retargeting,2025-07-17,LT,ios,50.24,"10,768",127,15,2
2025-08-23,facebook,FA99942,fb_retargeting,2025-06-23,LU,ios,226.46,"9,915",332,99,14
2025-07-04,facebook,FA67886,fb_app_install,2025-06-25,FR,ios,31.52,"5,205",53,12,2
2025-08-19,twitter,TW65433,x_awareness,2025-07-07,RO,android,84.38,"6,430",101,19,1
2025-06-14,instagram,IN79089,ig_reels_push,2025-02-22,BG,android,50.28,"8,196",162,47,11
2025-05-23,instagram,IN65463,ig_app_install,2025-03-15,PL,android,142.75,"8,262",335,37,8
2025-03-17,google,GO46999,google_youtube_video,2025-02-07,LU,android,145.26,"13,553",701,128,19
2025-09-08,tiktok,TI19210,tt_spark_ads,2025-07-10,SK,ios,172.37,"9,883",424,131,14
2025-11-11,twitter,TW31570,x_app_installs,2025-11-09,CZ,ios,113.73,"7,665",99,11,2
2025-07-04,affiliate,AF34270,aff_spring,2025-02-01,AT,android,93.55,"8,828",46,8,1
2025-09-22,instagram,IN55313,ig_reels_push,2025-07-13,LV,ios,52.55,"3,178",136,40,6
2025-04-25,affiliate,AF20081,aff_spring,2025-01-29,IT,ios,66.58,"13,771",261,25,1
2025-12-04,affiliate,AF53297,aff_spring,2025-09-17,HR,ios,74.37,"7,407",111,13,0
2025-03-14,affiliate,AF68318,aff_autumn,2025-02-26,FI,ios,92.57,"8,472",41,3,0
2025-08-04,affiliate,AF88380,aff_autumn,2024-10-09,NL,ios,43.23,"4,279",71,6,1
2025-03-15,google,GO78632,google_pmax_2025,2024-11-04,LU,android,191.98,"10,363",440,113,26
2025-11-14,google,GO35035,google_youtube_video,2025-09-14,ES,android,476.63,"13,984",646,175,54
2025-02-07,twitter,TW84113,x_awareness,2025-01-18,RO,ios,85.04,"8,546",114,17,3
2025-07-11,twitter,TW98314,x_awareness,2025-05-09,CZ,ios,93.54,"8,433",197,32,2
2025-12-03,tiktok,TI39955,tt_creator_push,2025-08-26,MT,ios,158.26,"9,679",187,50,6
2025-05-18,affiliate,AF56678,aff_summer,2025-04-23,GR,ios,108.63,"10,050",64,11,1
2025-11-01,twitter,TW87725,x_retargeting,2025-06-30,AT,android,199.27,"12,654",351,28,1
2025-08-01,facebook,FA41771,fb_app_install,2025-06-10,HU,android,191.01,"13,622",221,31,4
2025-03-08,tiktok,TI44999,tt_creator_push,2025-02-04,EE,ios,113.81,"10,913",554,129,14
2025-01-13,tiktok,TI49530,tt_spark_ads,2024-10-23,GR,android,213.63,"9,743",365,79,4
2025-04-30,facebook,FA73720,fb_app_install,2025-01-28,HU,android,134.83,"5,721",140,35,5
2025-02-10,instagram,IN66502,ig_story_launch,2025-01-14,IE,ios,240.76,"13,524",577,116,13
2025-11-01,instagram,IN53131,ig_story_launch,2025-10-15,PT,ios,240.90,"13,560",178,38,9
2025-09-08,google,GO36599,google_search_brand,2025-05-19,CY,android,149.17,"4,723",292,42,10
2025-02-26,instagram,IN39094,ig_app_install,2024-12-25,LT,android,127.32,"17,931",647,157,8
2025-07-01,instagram,IN61580,ig_story_launch,2025-03-29,SK,android,108.76,"11,945",490,84,12
2025-07-15,twitter,TW24661,x_web_conversions,2025-03-03,PL,android,58.36,"5,260",78,15,1
2025-02-25,google,GO91604,google_pmax_2025,2024-11-10,FR,android,67.03,"6,493",295,29,9
2025-08-09,tiktok,TI87729,tt_conversion_2025,2025-06-14,DE,ios,169.21,"17,019",419,94,14
2025-12-30,twitter,TW65200,x_awareness,2025-07-20,PT,ios,95.37,"5,580",64,12,1
2025-02-11,instagram,IN11818,ig_retargeting,2025-02-04,FI,ios,115.20,"6,844",85,19,4
2025-02-05,instagram,IN39452,ig_reels_push,2024-11-11,LT,ios,137.05,"7,004",138,34,2
2025-08-27,facebook,FA58245,fb_conversion_2025,2025-06-05,BG,android,225.63,"9,639",171,26,3
2025-03-28,affiliate,AF61771,aff_spring,2025-02-14,FR,ios,96.71,"8,160",62,5,0
2025-11-30,affiliate,AF87189,aff_summer,2025-09-27,DE,ios,44.64,"3,585",30,5,0
2025-10-22,tiktok,TI65410,tt_app_installs,2025-06-21,DE,android,108.28,"9,932",528,75,11
2025-06-02,google,GO15256,google_youtube_video,2025-03-07,FR,ios,120.43,"10,680",369,89,12
2025-04-20,tiktok,TI81370,tt_conversion_2025,2025-01-30,SE,android,20.92,"3,210",97,20,4
2025-09-18,twitter,TW94515,x_retargeting,2025-08-30,AT,ios,42.44,"2,689",57,7,1
2025-04-23,google,GO63861,google_display_retargeting,2025-01-07,GR,android,112.28,"5,166",260,49,7
2025-09-21,facebook,FA51708,fb_retargeting,2025-08-08,SI,ios,308.03,"13,395",450,102,15
2025-03-13,instagram,IN42643,ig_retargeting,2024-11-13,NL,android,27.13,"5,404",224,65,10
2025-10-04,affiliate,AF75795,aff_summer,2024-12-11,GR,ios,72.81,"9,924",99,7,0
2025-06-08,instagram,IN46126,ig_app_install,2025-04-27,DE,ios,109.30,"12,745",221,28,6
2025-09-28,twitter,TW98129,x_retargeting,2025-08-26,EE,ios,82.03,"10,476",239,23,3
2025-04-28,google,GO21653,google_search_brand,2025-03-20,SE,ios,159.55,"6,663",431,64,11
2025-09-08,twitter,TW51908,x_retargeting,2025-04-07,HU,ios,114.80,"9,349",57,6,0
2025-10-08,affiliate,AF24190,aff_winter,2025-05-26,IT,ios,146.53,"17,134",322,49,7
2025-05-26,facebook,FA61706,fb_brand_awareness,2025-04-12,FR,ios,204.44,"11,633",94,18,3
2025-09-22,twitter,TW71536,x_web_conversions,2025-09-10,SE,ios,191.92,"18,006",506,33,4
2025-03-25,facebook,FA37239,fb_conversion_2025,2025-01-29,BG,android,177.53,"17,229",592,81,21
2025-11-04,tiktok,TI64613,tt_conversion_2025,2025-05-28,HR,android,62.15,"6,842",225,35,4
2025-10-27,affiliate,AF42084,aff_spring,2025-01-15,MT,ios,30.60,"10,122",124,11,2
2025-11-21,tiktok,TI94118,tt_creator_push,2025-07-22,NL,ios,117.95,"17,289",892,116,10
2025-01-15,tiktok,TI22852,tt_app_installs,2024-11-25,HU,ios,15.11,"3,598",65,12,3
2025-02-05,instagram,IN10661,ig_reels_push,2024-11-04,SI,ios,151.38,"10,286",379,86,24
2025-03-19,instagram,IN14370,ig_app_install,2025-01-08,SE,ios,65.63,"12,307",429,43,5
2025-03-26,twitter,TW13648,x_web_conversions,2025-01-29,LT,ios,132.07,"11,934",176,35,6
2025-04-06,google,GO54661,google_pmax_2025,2025-02-22,AT,ios,337.54,"11,430",347,90,15
2025-08-28,instagram,IN97846,ig_app_install,2025-08-21,IE,ios,114.29,"5,214",57,16,3
2025-10-13,affiliate,AF52977,aff_winter,2025-05-16,HR,ios,55.29,"10,040",92,15,1
2025-07-20,affiliate,AF86328,aff_spring,2025-04-12,DK,android,74.76,"6,668",66,9,1
2025-09-20,twitter,TW98875,x_web_conversions,2025-04-15,LV,android,94.11,"6,098",154,22,3
2025-07-20,facebook,FA18709,fb_app_install,2025-05-20,AT,ios,258.80,"10,891",231,50,6
2025-08-30,affiliate,AF48693,aff_winter,2025-05-29,CZ,android,47.72,"7,565",165,9,1
2025-01-17,tiktok,TI20655,tt_app_installs,2024-09-24,HU,ios,240.06,"12,159",611,76,19
2025-09-15,instagram,IN21429,ig_reels_push,2025-05-31,HU,android,113.79,"4,863",217,23,3
2025-11-13,affiliate,AF33411,aff_autumn,2025-06-08,BG,android,64.21,"12,093",289,25,4
2025-04-09,google,GO79275,google_pmax_2025,2025-01-06,AT,android,184.13,"9,757",299,31,2
2025-01-29,twitter,TW18184,x_web_conversions,2024-09-16,EE,ios,77.86,"6,782",175,31,4
2025-04-02,google,GO42922,google_pmax_2025,2024-10-29,SK,ios,206.45,"8,683",311,43,10
2025-01-29,instagram,IN39550,ig_retargeting,2025-01-02,BG,android,154.07,"21,657",591,140,13
2025-08-10,affiliate,AF69126,aff_autumn,2025-02-04,IT,ios,71.68,"16,838",164,15,2
2025-04-01,google,GO78086,google_pmax_2025,2025-03-20,HU,android,81.57,"6,402",214,53,12
2025-07-20,tiktok,TI36104,tt_spark_ads,2025-06-29,SE,ios,181.32,"11,186",240,75,14
2025-05-31,tiktok,TI27128,tt_app_installs,2025-04-25,ES,ios,46.52,"5,987",193,30,5
2025-08-31,twitter,TW39179,x_awareness,2025-04-14,SI,android,28.43,"6,992",169,28,3
2025-06-15,instagram,IN38547,ig_app_install,2025-03-04,BG,android,129.33,"10,162",136,27,6
2025-04-24,tiktok,TI71517,tt_creator_push,2025-02-10,IE,android,84.53,"7,290",254,58,14
2025-11-19,google,GO38857,google_search_brand,2025-09-10,GR,ios,186.54,"18,954",1113,124,14
2025-12-27,affiliate,AF91382,aff_autumn,2025-10-31,PL,android,64.36,"6,824",28,2,0
2025-01-19,facebook,FA88171,fb_retargeting,2025-01-06,AT,ios,127.98,"5,894",102,13,1
2025-05-10,twitter,TW61416,x_app_installs,2024-11-23,SE,android,44.72,"6,978",58,13,3
2025-10-17,tiktok,TI24966,tt_app_installs,2025-08-01,IE,ios,312.56,"14,292",703,71,12
2025-12-05,affiliate,AF95582,aff_winter,2025-07-12,CY,ios,12.37,"6,109",127,18,1
2025-02-01,instagram,IN20638,ig_app_install,2025-01-20,PT,ios,243.55,"13,259",348,43,3
2025-07-26,tiktok,TI15204,tt_creator_push,2025-05-29,PL,android,72.87,"5,593",199,32,1
2025-05-01,facebook,FA64998,fb_brand_awareness,2025-03-22,PL,android,57.97,"8,444",161,52,6
2025-03-13,affiliate,AF11551,aff_autumn,2024-08-27,DK,android,82.35,"6,831",149,23,2
2025-11-06,instagram,IN29748,ig_retargeting,2025-11-03,CY,ios,96.23,"6,539",137,17,3
2025-01-15,affiliate,AF72372,aff_autumn,2024-05-07,HR,android,77.50,"5,948",28,3,0
2025-05-02,twitter,TW62901,x_web_conversions,2024-11-23,BG,ios,46.41,"4,632",111,17,1
2025-07-22,tiktok,TI72480,tt_spark_ads,2025-07-08,PL,android,47.56,"7,284",345,90,21
2025-03-28,tiktok,TI61184,tt_conversion_2025,2025-01-27,LV,ios,44.53,"7,092",184,30,6
2025-09-25,facebook,FA94634,fb_conversion_2025,2025-08-16,CY,android,138.39,"13,879",295,81,18
2025-05-01,instagram,IN18355,ig_app_install,2025-04-26,BE,ios,127.10,"11,192",271,76,8
2025-01-09,affiliate,AF29847,aff_spring,2024-04-08,IT,android,85.52,"13,080",225,33,6
2025-07-14,instagram,IN24204,ig_retargeting,2025-05-05,EE,ios,198.11,"8,905",271,36,2
2025-04-12,instagram,IN35250,ig_retargeting,2024-12-15,FI,android,134.95,"7,766",293,55,9
2025-10-18,google,GO28243,google_youtube_video,2025-05-30,HU,ios,132.02,"5,905",329,37,6
2025-06-22,instagram,IN70694,ig_story_launch,2025-04-19,SI,android,104.18,"4,462",143,35,7
2025-01-09,facebook,FA67191,fb_brand_awareness,2024-10-01,PT,ios,218.96,"14,769",412,124,35
2025-12-29,affiliate,AF73155,aff_autumn,2025-07-22,IE,android,34.42,"8,627",86,6,1
2025-10-18,twitter,TW32215,x_app_installs,2025-07-31,DE,ios,81.83,"6,427",118,16,2
2025-05-01,twitter,TW11437,x_web_conversions,2024-11-30,BE,ios,244.28,"16,221",374,27,4
2025-07-12,facebook,FA28435,fb_conversion_2025,2025-05-26,PT,ios,224.77,"13,194",299,54,7
2025-06-03,tiktok,TI75620,tt_spark_ads,2025-05-15,CZ,android,183.71,"11,572",380,108,10
2025-05-16,tiktok,TI60334,tt_spark_ads,2025-02-23,CZ,android,178.33,"10,057",539,147,37
2025-10-31,tiktok,TI40058,tt_conversion_2025,2025-06-28,GR,ios,212.77,"12,513",320,69,5
2025-03-29,instagram,IN30074,ig_story_launch,2025-03-16,CZ,android,176.99,"7,831",327,88,17
2025-10-31,google,GO55960,google_pmax_2025,2025-10-20,EE,ios,194.52,"9,850",343,34,6
2025-11-24,tiktok,TI96166,tt_spark_ads,2025-10-08,PT,android,40.60,"4,194",225,34,2
2025-08-16,google,GO51729,google_youtube_video,2025-05-18,NL,android,140.25,"14,194",857,194,18
2025-10-01,tiktok,TI91557,tt_spark_ads,2025-06-09,LT,android,287.04,"17,349",554,91,10
2025-10-05,twitter,TW55263,x_awareness,2025-06-15,MT,android,80.10,"9,411",254,47,3
2025-09-28,instagram,IN86607,ig_retargeting,2025-08-16,FI,android,178.83,"13,915",386,91,21
2025-05-19,affiliate,AF63658,aff_summer,2024-10-14,SE,ios,93.37,"14,171",346,48,3
2025-09-14,facebook,FA32406,fb_conversion_2025,2025-08-21,IE,ios,53.53,"5,832",101,31,3
2025-02-18,google,GO72182,google_search_brand,2024-11-04,IE,ios,146.29,"11,977",265,39,10
2025-03-14,twitter,TW55659,x_retargeting,2025-03-10,DE,android,99.38,"6,399",75,13,1
2025-08-01,twitter,TW54475,x_awareness,2025-04-15,HR,ios,116.32,"6,726",126,25,5
2025-08-10,affiliate,AF18078,aff_winter,2025-01-28,IE,ios,24.10,"7,494",80,8,1
2025-05-03,tiktok,TI22022,tt_creator_push,2025-04-08,RO,android,91.34,"5,004",269,43,6
2025-01-09,instagram,IN57347,ig_retargeting,2024-10-12,SK,android,51.42,"7,967",207,31,8
2025-06-24,affiliate,AF77654,aff_winter,2024-09-05,NL,android,69.86,"9,889",47,7,1
2025-02-15,twitter,TW99731,x_web_conversions,2024-09-10,FI,android,137.31,"8,572",223,40,7
2025-03-11,instagram,IN23389,ig_app_install,2025-01-28,CY,ios,167.90,"7,234",185,20,5
2025-03-31,google,GO77511,google_youtube_video,2025-02-10,ES,android,41.75,"4,908",129,15,3
2025-06-22,facebook,FA46681,fb_retargeting,2025-06-13,CY,ios,113.05,"4,570",64,11,1
2025-11-22,google,GO30984,google_youtube_video,2025-10-13,IT,ios,55.00,"3,066",66,12,1
2025-09-22,google,GO48674,google_pmax_2025,2025-05-11,LV,android,174.40,"5,595",197,33,3
2025-09-03,instagram,IN90934,ig_reels_push,2025-05-23,HR,android,190.29,"11,338",387,88,12
2025-10-30,affiliate,AF27522,aff_winter,2025-06-11,IT,ios,73.13,"5,962",34,4,1
2025-10-31,instagram,IN77591,ig_retargeting,2025-08-09,PL,ios,282.75,"13,123",400,76,12
2025-07-12,facebook,FA81863,fb_conversion_2025,2025-04-20,IT,ios,159.14,"12,314",355,46,4
2025-12-07,instagram,IN92062,ig_retargeting,2025-08-24,IT,ios,191.12,"8,379",157,46,7
2025-05-21,affiliate,AF69385,aff_winter,2025-02-23,MT,android,59.48,"7,787",176,16,2
2025-11-28,google,GO99335,google_search_brand,2025-08-01,RO,android,148.21,"9,855",663,63,18
2025-11-29,tiktok,TI48288,tt_creator_push,2025-07-12,SI,android,36.80,"7,676",402,67,8
2025-11-04,facebook,FA62799,fb_brand_awareness,2025-10-30,DK,android,52.95,"4,624",144,25,7
2025-06-22,affiliate,AF24788,aff_spring,2025-02-21,PT,ios,65.53,"7,172",63,8,0
2025-08-22,twitter,TW98493,x_retargeting,2025-04-24,DK,ios,72.75,"5,203",120,17,3
2025-03-16,facebook,FA66915,fb_app_install,2024-12-17,CY,ios,156.89,"7,656",81,25,3
2025-02-12,facebook,FA97927,fb_app_install,2024-11-07,SK,android,60.82,"4,022",93,25,6
2025-02-06,twitter,TW25371,x_awareness,2024-08-21,CY,android,48.25,"6,261",100,11,1
2025-10-25,google,GO97983,google_display_retargeting,2025-06-25,DK,ios,149.47,"8,443",483,73,9
2025-07-01,tiktok,TI16481,tt_creator_push,2025-03-31,PT,android,77.95,"7,246",255,39,8
2025-04-05,facebook,FA95337,fb_retargeting,2025-02-21,RO,android,122.44,"7,108",87,19,4
2025-03-27,tiktok,TI71145,tt_app_installs,2025-01-27,RO,ios,24.20,"3,291",136,43,10
2025-08-20,tiktok,TI26539,tt_app_installs,2025-03-20,DE,android,47.72,"3,289",70,12,2
2025-10-23,twitter,TW93034,x_awareness,2025-07-15,IE,ios,189.61,"12,596",205,39,4
2025-08-21,facebook,FA16445,fb_conversion_2025,2025-06-11,IE,android,262.85,"13,971",188,40,7
2025-06-30,twitter,TW27260,x_app_installs,2025-03-31,HR,ios,138.86,"15,315",412,67,10
2025-10-27,instagram,IN77840,ig_reels_push,2025-07-06,NL,android,393.88,"19,148",367,73,10
2025-09-27,facebook,FA15296,fb_retargeting,2025-06-20,GR,ios,49.72,"4,087",140,43,4
2025-08-12,affiliate,AF73395,aff_winter,2025-01-26,BG,ios,126.66,"10,397",224,21,1
2025-07-21,google,GO73199,google_pmax_2025,2025-04-24,HU,ios,29.89,"3,081",188,23,2
2025-01-23,tiktok,TI96315,tt_spark_ads,2024-11-15,ES,ios,81.44,"9,994",172,19,1
2025-12-04,twitter,TW45675,x_app_installs,2025-09-24,DK,ios,54.44,"4,674",99,11,2
2025-03-10,google,GO25726,google_pmax_2025,2024-10-23,PL,ios,56.85,"5,346",295,68,16
2025-04-12,facebook,FA85298,fb_conversion_2025,2025-03-29,BE,android,168.15,"10,389",353,100,10
2025-11-06,instagram,IN39442,ig_app_install,2025-08-24,GR,android,79.84,"6,671",300,52,14
2025-02-21,tiktok,TI23440,tt_spark_ads,2025-01-24,BG,ios,40.51,"4,041",73,18,4
2025-03-09,google,GO86651,google_display_retargeting,2025-01-29,LT,ios,299.08,"13,943",870,110,13
2025-12-24,google,GO77433,google_display_retargeting,2025-08-08,LV,android,181.00,"7,234",163,45,11
2025-10-04,tiktok,TI76772,tt_spark_ads,2025-08-12,GR,ios,145.64,"9,733",267,36,4
2025-07-29,instagram,IN75171,ig_app_install,2025-06-07,NL,ios,137.87,"6,838",109,25,5
2025-10-16,facebook,FA67758,fb_brand_awareness,2025-08-23,LT,android,180.60,"8,978",212,49,7
2025-01-28,tiktok,TI76258,tt_spark_ads,2024-11-30,IT,ios,140.51,"14,460",589,148,6
2025-02-04,tiktok,TI43976,tt_creator_push,2024-12-30,LU,android,151.16,"13,409",594,188,29
2025-06-15,facebook,FA57928,fb_app_install,2025-04-30,NL,ios,165.46,"9,475",304,42,5
2025-01-06,instagram,IN63311,ig_story_launch,2024-10-03,ES,ios,69.44,"6,759",302,88,19
2025-08-02,tiktok,TI82811,tt_conversion_2025,2025-03-08,LV,ios,145.07,"13,503",559,114,27
2025-05-01,tiktok,TI42522,tt_app_installs,2025-04-24,HR,android,132.96,"9,026",426,121,8
2025-04-06,twitter,TW63638,x_retargeting,2025-03-08,IE,android,38.69,"10,429",278,53,9
2025-03-13,facebook,FA44970,fb_app_install,2025-03-05,MT,android,141.12,"12,640",378,124,22
2025-08-30,tiktok,TI60834,tt_creator_push,2025-05-07,GR,ios,87.66,"9,405",430,59,6
2025-03-12,affiliate,AF81600,aff_spring,2024-12-18,CZ,android,94.43,"8,790",128,16,2
2025-05-16,facebook,FA92148,fb_brand_awareness,2025-04-17,BE,android,133.27,"7,128",137,44,13
2025-03-15,facebook,FA49879,fb_conversion_2025,2025-01-04,LU,ios,66.56,"4,052",73,12,1
2025-01-07,google,GO40704,google_display_retargeting,2024-11-01,FI,android,155.10,"10,228",554,87,14
2025-04-23,affiliate,AF34264,aff_winter,2025-01-17,MT,android,30.23,"3,022",56,7,0
2025-03-04,tiktok,TI39094,tt_spark_ads,2025-01-24,IT,ios,97.63,"10,639",157,47,3
2025-01-19,twitter,TW41334,x_awareness,2024-08-29,EE,android,166.51,"14,475",254,47,9
2025-09-16,instagram,IN36604,ig_retargeting,2025-08-22,MT,ios,258.42,"16,718",508,56,8
2025-08-09,google,GO82183,google_display_retargeting,2025-07-05,HU,android,205.20,"8,620",392,87,12
2025-12-03,affiliate,AF54268,aff_spring,2025-05-13,HR,android,52.46,"9,880",115,16,3
2025-01-01,affiliate,AF83927,aff_autumn,2024-07-17,DE,ios,71.15,"8,154",160,13,1
2025-09-15,facebook,FA79953,fb_conversion_2025,2025-05-27,LU,android,181.29,"13,633",282,98,5
2025-12-02,tiktok,TI92688,tt_creator_push,2025-10-13,LU,android,187.97,"10,439",422,70,14
2025-09-26,twitter,TW49856,x_web_conversions,2025-06-25,AT,ios,87.83,"10,809",113,13,2
2025-06-22,facebook,FA25046,fb_retargeting,2025-03-05,ES,android,36.03,"2,223",53,17,1
2025-09-21,instagram,IN58700,ig_retargeting,2025-07-19,SE,android,87.67,"10,215",139,14,1
2025-10-15,instagram,IN38761,ig_story_launch,2025-06-29,SI,android,106.57,"9,899",239,30,2
2025-11-22,tiktok,TI24919,tt_conversion_2025,2025-11-18,FI,android,79.88,"12,402",164,47,6
2025-07-17,facebook,FA26336,fb_conversion_2025,2025-04-13,ES,ios,316.41,"13,986",407,90,21
2025-01-10,instagram,IN87928,ig_reels_push,2024-10-10,CY,android,131.08,"11,825",362,92,25
2025-09-05,google,GO26758,google_youtube_video,2025-04-08,HR,ios,43.99,"2,790",141,27,7
2025-10-02,facebook,FA47919,fb_brand_awareness,2025-09-15,SE,ios,78.30,"7,758",139,44,6
2025-02-07,facebook,FA86343,fb_brand_awareness,2025-01-20,CY,ios,355.84,"12,960",305,71,14
2025-09-11,affiliate,AF40201,aff_autumn,2025-07-29,SI,ios,146.87,"11,518",73,6,0
2025-05-09,twitter,TW62645,x_web_conversions,2024-11-23,LV,android,128.47,"17,309",359,54,4
2025-06-20,tiktok,TI68614,tt_creator_push,2025-02-16,SK,ios,87.79,"4,797",125,23,5
2025-10-03,facebook,FA83409,fb_conversion_2025,2025-09-04,CY,android,69.93,"3,529",73,13,3
2025-01-08,instagram,IN67729,ig_story_launch,2024-10-23,PL,android,243.19,"19,300",197,58,14
2025-03-09,instagram,IN90439,ig_app_install,2025-01-25,SI,ios,192.78,"10,464",425,93,15
2025-06-18,facebook,FA86603,fb_brand_awareness,2025-04-04,BG,ios,51.15,"5,300",80,21,6
2025-02-25,facebook,FA25385,fb_app_install,2025-01-26,SE,ios,123.99,"10,173",160,39,6
2025-11-28,affiliate,AF86656,aff_summer,2025-02-25,CY,ios,183.46,"13,815",285,25,1
2025-10-08,google,GO22417,google_pmax_2025,2025-07-13,LV,ios,132.12,"4,028",219,42,7
2025-01-05,affiliate,AF78056,aff_winter,2024-11-13,GR,android,123.40,"11,276",80,9,1
2025-12-23,affiliate,AF86279,aff_autumn,2025-06-01,LV,ios,130.85,"17,440",140,15,2
2025-09-23,twitter,TW69901,x_retargeting,2025-09-18,HR,android,80.53,"9,745",285,30,6
2025-05-15,facebook,FA69602,fb_brand_awareness,2025-03-13,GR,android,68.75,"9,068",189,35,4
2025-03-18,google,GO51457,google_youtube_video,2024-11-14,HU,android,189.03,"9,997",206,30,8
2025-10-05,tiktok,TI70793,tt_spark_ads,2025-07-19,BE,android,223.17,"13,054",314,58,9
2025-05-12,twitter,TW72040,x_web_conversions,2025-04-05,DK,android,39.78,"4,478",57,12,2
2025-10-04,google,GO79499,google_search_brand,2025-05-31,AT,android,222.44,"15,258",409,105,30
2025-02-27,instagram,IN54182,ig_retargeting,2025-01-11,SE,android,175.87,"7,684",126,20,1
2025-05-22,instagram,IN61781,ig_story_launch,2025-01-25,PT,android,183.08,"16,297",724,95,18
2025-06-09,instagram,IN38094,ig_story_launch,2025-05-12,NL,ios,116.05,"11,677",272,56,9
2025-12-16,affiliate,AF85142,aff_spring,2025-10-04,CY,ios,109.23,"11,046",199,14,3
2025-01-15,twitter,TW51473,x_app_installs,2024-10-24,SI,android,12.93,"2,315",36,4,0
2025-05-25,instagram,IN11485,ig_app_install,2025-03-18,IT,ios,47.69,"7,580",313,58,9
2025-12-15,google,GO85670,google_pmax_2025,2025-11-30,LV,ios,137.86,"10,872",304,33,6
2025-01-07,tiktok,TI50242,tt_app_installs,2024-12-17,SI,ios,74.24,"7,553",203,51,6
2025-09-03,google,GO35782,google_youtube_video,2025-04-26,ES,ios,46.09,"4,277",217,22,2
2025-12-12,facebook,FA55124,fb_conversion_2025,2025-09-08,BE,ios,235.50,"9,348",239,54,8
2025-03-23,facebook,FA75482,fb_app_install,2024-12-26,HU,ios,371.79,"18,093",562,178,31
2025-11-17,tiktok,TI28440,tt_app_installs,2025-07-25,AT,ios,56.44,"5,210",239,49,5
2025-07-23,instagram,IN64395,ig_story_launch,2025-05-04,GR,ios,97.90,"4,663",84,24,2
2025-10-15,affiliate,AF18462,aff_summer,2025-05-07,IT,android,86.29,"7,994",64,10,1
2025-12-18,twitter,TW44793,x_retargeting,2025-08-28,LU,ios,168.72,"9,810",259,32,5
2025-04-01,instagram,IN65177,ig_reels_push,2025-02-09,FR,ios,83.41,"13,004",585,135,15
2025-04-19,google,GO67296,google_youtube_video,2024-12-12,BG,ios,454.50,"13,837",295,77,16
2025-05-18,facebook,FA31951,fb_conversion_2025,2025-04-22,MT,android,304.13,"11,712",149,29,7
2025-12-11,tiktok,TI43319,tt_app_installs,2025-11-05,SE,android,170.25,"8,836",447,98,7
2025-04-09,tiktok,TI78692,tt_conversion_2025,2025-04-06,RO,android,121.29,"10,583",305,58,5
2025-10-16,affiliate,AF19713,aff_autumn,2025-02-26,FR,ios,28.04,"7,970",135,14,0
2025-07-13,instagram,IN64881,ig_app_install,2025-04-21,DK,ios,184.03,"9,660",411,64,7
2025-05-29,tiktok,TI14746,tt_conversion_2025,2025-01-18,SE,android,152.20,"13,820",666,84,17
2025-02-11,tiktok,TI10293,tt_spark_ads,2025-01-13,CY,ios,29.19,"7,282",307,59,14
2025-08-14,google,GO66170,google_youtube_video,2025-04-12,LU,android,150.58,"10,383",720,152,45
2025-04-03,google,GO99524,google_display_retargeting,2024-12-08,SK,android,186.52,"5,824",178,48,3
2025-09-02,affiliate,AF21649,aff_spring,2025-06-25,FR,ios,59.09,"5,210",45,4,0
2025-01-07,facebook,FA43226,fb_app_install,2024-10-18,RO,ios,129.59,"10,719",296,65,15
2025-08-14,facebook,FA66469,fb_brand_awareness,2025-06-27,PT,ios,11.41,982,32,8,1
2025-10-10,facebook,FA48446,fb_conversion_2025,2025-09-23,PT,android,135.33,"9,758",286,74,9
2025-05-21,facebook,FA72564,fb_conversion_2025,2025-04-12,BG,ios,56.48,"9,254",254,62,9
2025-06-17,twitter,TW25646,x_awareness,2025-03-03,FI,ios,30.81,"5,911",166,31,2
2025-08-29,instagram,IN82032,ig_story_launch,2025-07-22,HR,android,216.81,"10,420",464,126,28
2025-06-13,affiliate,AF83482,aff_spring,2024-10-26,SK,ios,86.05,"13,064",275,30,5
2025-05-19,affiliate,AF22362,aff_spring,2025-01-16,EE,android,53.21,"8,648",95,10,1
2025-09-16,tiktok,TI96071,tt_conversion_2025,2025-08-05,HU,ios,79.94,"6,861",252,51,7
2025-09-26,facebook,FA20774,fb_app_install,2025-08-05,BE,ios,223.14,"9,576",297,95,11
2025-07-13,affiliate,AF16726,aff_winter,2025-06-18,MT,ios,132.13,"17,327",402,37,4
2025-05-22,twitter,TW18513,x_web_conversions,2025-01-05,BG,android,89.98,"10,410",177,14,2
2025-05-01,twitter,TW91633,x_app_installs,2025-04-28,SK,ios,98.90,"6,432",99,9,2
2025-06-11,google,GO72711,google_search_brand,2025-06-08,CZ,ios,201.82,"8,063",230,29,5
2025-12-10,google,GO45116,google_pmax_2025,2025-10-25,BG,android,182.28,"5,558",183,46,7
2025-02-10,twitter,TW19180,x_web_conversions,2024-10-02,NL,ios,181.72,"11,052",211,31,6
2025-01-09,twitter,TW78597,x_web_conversions,2024-09-25,BE,android,31.56,"3,918",88,14,3
2025-04-16,affiliate,AF97748,aff_spring,2024-07-16,PL,android,107.30,"13,469",124,12,1
2025-09-29,tiktok,TI40281,tt_creator_push,2025-06-30,BG,ios,294.12,"15,243",828,219,53
2025-03-24,tiktok,TI52636,tt_creator_push,2024-10-24,CZ,ios,109.36,"18,196",497,146,36
2025-06-20,twitter,TW45260,x_app_installs,2025-04-09,CY,ios,67.59,"9,874",294,21,3
2025-06-04,affiliate,AF82041,aff_autumn,2025-01-23,LT,ios,18.22,"5,487",31,6,0
2025-04-01,google,GO47982,google_pmax_2025,2025-01-03,SI,android,649.72,"18,754",1115,130,16
2025-07-28,affiliate,AF20897,aff_summer,2025-06-13,SI,android,62.11,"7,936",113,17,1
2025-04-17,facebook,FA34610,fb_conversion_2025,2025-01-26,RO,ios,150.54,"16,908",443,147,22
2025-07-07,facebook,FA78007,fb_app_install,2025-03-13,BE,android,137.75,"10,095",158,25,5
2025-07-15,affiliate,AF99399,aff_spring,2025-06-13,PT,ios,20.74,"6,333",131,9,1
2025-10-20,facebook,FA74706,fb_brand_awareness,2025-07-05,LV,ios,43.82,"7,130",205,61,5
2025-07-04,twitter,TW66828,x_retargeting,2025-05-09,NL,android,56.94,"10,931",215,15,2
2025-05-12,instagram,IN34750,ig_app_install,2025-04-21,LU,ios,96.79,"11,442",227,30,4
2025-09-25,affiliate,AF65786,aff_summer,2025-04-23,CY,android,100.43,"8,576",98,12,1
2025-03-01,twitter,TW74475,x_web_conversions,2025-01-19,LV,android,65.50,"7,920",225,33,7
2025-06-07,affiliate,AF32770,aff_summer,2024-11-08,PL,ios,49.28,"6,392",110,16,1
2025-10-11,affiliate,AF36471,aff_winter,2025-05-27,HU,android,11.35,"2,123",31,5,1
2025-08-03,tiktok,TI66431,tt_creator_push,2025-03-07,RO,ios,235.69,"13,733",383,48,4
2025-05-11,twitter,TW68798,x_retargeting,2025-03-20,LV,android,112.62,"10,098",255,27,3
2025-04-23,instagram,IN52746,ig_retargeting,2025-01-20,IE,ios,170.10,"7,525",316,41,3
2025-03-20,tiktok,TI51606,tt_spark_ads,2025-01-08,AT,ios,38.46,"4,203",60,12,1
2025-03-23,affiliate,AF21441,aff_autumn,2025-03-19,SI,ios,18.27,"5,169",68,7,1
2025-05-01,tiktok,TI32090,tt_creator_push,2025-04-06,CZ,ios,24.91,"3,035",133,34,2
2025-05-29,instagram,IN93329,ig_story_launch,2025-03-16,IE,android,23.68,"3,507",105,19,1
2025-09-29,tiktok,TI69616,tt_app_installs,2025-08-15,MT,ios,193.45,"10,644",456,59,5
2025-04-15,tiktok,TI66621,tt_creator_push,2024-12-25,BG,android,83.27,"5,543",221,40,5
2025-12-01,google,GO75682,google_display_retargeting,2025-07-08,CZ,ios,62.07,"4,200",259,51,7
2025-03-19,tiktok,TI20043,tt_spark_ads,2024-11-27,MT,ios,152.71,"7,768",339,49,6
2025-03-20,google,GO91212,google_search_brand,2025-01-21,CY,android,163.82,"6,439",250,23,1
2025-05-03,google,GO52264,google_youtube_video,2025-02-27,LV,android,118.35,"5,573",135,32,8
2025-08-23,instagram,IN98249,ig_story_launch,2025-08-03,DE,android,118.29,"8,337",137,40,4
2025-07-18,tiktok,TI34121,tt_spark_ads,2025-04-23,AT,ios,114.99,"7,338",302,52,6
2025-02-22,twitter,TW87426,x_awareness,2024-12-18,SK,ios,198.38,"11,168",119,13,3
2025-11-02,google,GO58290,google_search_brand,2025-10-04,BG,android,199.23,"5,935",272,36,6
2025-09-03,facebook,FA82571,fb_brand_awareness,2025-05-20,HR,android,103.50,"5,105",110,25,2
2025-10-18,google,GO24465,google_youtube_video,2025-06-16,LU,ios,50.85,"4,462",214,41,9
2025-12-23,twitter,TW56084,x_app_installs,2025-08-26,SE,ios,72.35,"7,386",61,10,2
2025-01-15,twitter,TW37979,x_awareness,2024-10-23,HU,android,138.78,"7,893",81,16,2
2025-05-26,facebook,FA12171,fb_brand_awareness,2025-02-14,BG,ios,191.53,"7,013",70,12,2
2025-10-23,google,GO26079,google_youtube_video,2025-10-22,BE,ios,115.98,"5,687",163,20,2
2025-01-07,affiliate,AF60424,aff_summer,2024-08-18,SI,ios,90.60,"13,410",71,12,2
2025-08-06,facebook,FA71277,fb_retargeting,2025-07-01,FI,android,165.08,"5,995",188,65,5
2025-08-03,twitter,TW64828,x_web_conversions,2025-04-26,LT,android,111.74,"9,665",143,10,2
2025-02-23,twitter,TW93409,x_retargeting,2025-01-03,GR,android,151.97,"14,002",131,13,2
2025-03-09,facebook,FA55377,fb_retargeting,2025-02-25,PL,ios,142.72,"7,221",142,46,3
2025-02-01,instagram,IN43257,ig_retargeting,2025-02-01,AT,ios,266.33,"11,547",284,66,8
2025-04-12,facebook,FA19891,fb_retargeting,2025-03-10,DE,ios,196.25,"7,746",136,40,12
2025-01-21,facebook,FA51812,fb_brand_awareness,2024-11-12,SE,ios,91.59,"6,978",131,22,3
2025-05-24,tiktok,TI40805,tt_spark_ads,2025-02-11,CZ,ios,80.02,"8,554",257,80,14
2025-08-30,tiktok,TI48897,tt_spark_ads,2025-08-14,CY,ios,101.47,"4,715",76,15,3
2025-08-25,instagram,IN55825,ig_retargeting,2025-05-22,DK,android,84.70,"8,520",113,25,1
2025-12-29,twitter,TW17877,x_web_conversions,2025-07-31,SE,ios,195.77,"11,996",90,16,2
2025-05-23,affiliate,AF76802,aff_winter,2025-01-07,HU,ios,77.90,"5,968",96,17,3
2025-11-10,facebook,FA63156,fb_app_install,2025-08-20,ES,android,136.84,"5,538",91,16,5
2025-11-30,affiliate,AF33813,aff_spring,2025-04-25,AT,ios,111.34,"8,183",203,31,5
2025-09-11,google,GO11342,google_display_retargeting,2025-04-06,HU,android,153.06,"4,801",316,48,12
2025-05-22,instagram,IN44862,ig_reels_push,2025-04-28,RO,android,180.30,"8,375",250,63,13
2025-04-06,google,GO17360,google_display_retargeting,2025-04-06,LV,android,179.05,"7,701",158,37,9
2025-11-30,facebook,FA56327,fb_conversion_2025,2025-08-05,LV,ios,88.26,"12,258",381,129,31
2025-01-08,affiliate,AF71908,aff_summer,2024-08-06,FR,android,34.40,"5,935",63,4,1
2025-07-31,affiliate,AF17046,aff_summer,2025-06-08,IE,android,99.85,"10,339",80,12,1
2025-07-23,google,GO41480,google_search_brand,2025-06-08,SK,android,115.14,"7,154",218,50,4
2025-10-24,twitter,TW12149,x_retargeting,2025-09-26,ES,ios,157.57,"11,106",214,37,3
2025-01-24,google,GO28025,google_pmax_2025,2025-01-04,FI,android,67.50,"4,245",295,42,13
2025-12-15,instagram,IN21325,ig_reels_push,2025-09-14,DE,ios,112.18,"11,098",433,112,7
2025-12-23,google,GO83798,google_youtube_video,2025-07-16,PL,android,100.33,"8,073",236,48,11
2025-07-17,twitter,TW22416,x_retargeting,2025-05-02,GR,ios,57.70,"10,796",72,15,1
2025-06-11,affiliate,AF49847,aff_summer,2025-03-16,LT,ios,61.72,"5,025",107,18,3
2025-03-23,google,GO92892,google_display_retargeting,2025-01-24,PT,android,402.90,"13,416",647,173,46
2025-04-24,affiliate,AF23901,aff_autumn,2024-08-10,PL,ios,24.86,"4,211",24,2,0
2025-06-18,tiktok,TI74863,tt_creator_push,2025-03-16,DK,android,68.36,"8,014",101,23,3
2025-01-11,tiktok,TI90814,tt_spark_ads,2025-01-06,LT,android,63.11,"5,725",302,36,9
2025-05-21,instagram,IN25061,ig_retargeting,2025-04-01,AT,android,104.63,"11,532",203,45,11
2025-02-21,tiktok,TI10221,tt_spark_ads,2024-12-20,LT,android,61.84,"8,413",303,59,11
2025-09-27,facebook,FA93826,fb_conversion_2025,2025-08-08,EE,ios,133.89,"13,482",417,126,26
2025-06-25,affiliate,AF23986,aff_autumn,2025-05-10,SI,ios,43.09,"13,403",164,15,2
2025-06-30,affiliate,AF32857,aff_summer,2024-09-20,FR,ios,61.32,"10,035",197,16,1
2025-11-18,affiliate,AF59877,aff_autumn,2025-09-06,NL,android,23.52,"8,935",63,7,0
2025-04-20,twitter,TW27673,x_app_installs,2024-11-19,GR,ios,103.96,"8,070",51,4,1
2025-11-28,affiliate,AF52515,aff_summer,2025-06-13,DE,ios,240.60,"21,398",160,18,2
2025-01-30,google,GO45098,google_search_brand,2024-11-06,NL,ios,156.51,"6,332",230,24,6
2025-06-16,twitter,TW92178,x_awareness,2025-03-31,HU,android,36.01,"7,284",213,26,3
2025-04-15,instagram,IN30069,ig_app_install,2025-03-04,BE,android,31.68,"5,566",141,23,1
2025-01-30,instagram,IN51305,ig_reels_push,2024-12-06,CZ,ios,157.13,"6,554",238,31,3
2025-09-08,twitter,TW63320,x_app_installs,2025-05-05,RO,android,153.42,"9,720",243,39,4
2025-10-31,tiktok,TI37650,tt_conversion_2025,2025-09-03,SK,android,138.47,"7,480",407,116,8
2025-03-30,instagram,IN54573,ig_reels_push,2025-01-28,FI,android,406.01,"18,159",748,115,17
2025-08-08,affiliate,AF31073,aff_winter,2024-11-03,EE,ios,33.15,"8,205",142,8,0
2025-11-21,facebook,FA34722,fb_brand_awareness,2025-10-05,CY,android,110.00,"9,209",307,91,8
2025-11-11,twitter,TW67301,x_awareness,2025-08-10,HR,android,42.68,"4,232",57,12,1
2025-11-12,facebook,FA85022,fb_retargeting,2025-10-09,RO,ios,217.80,"7,802",86,17,2
2025-08-12,google,GO84794,google_pmax_2025,2025-07-06,AT,ios,389.54,"15,035",1000,268,55
2025-03-28,twitter,TW96370,x_app_installs,2025-02-01,FR,ios,193.39,"11,515",106,11,1
2025-01-24,google,GO97412,google_display_retargeting,2024-08-25,BG,ios,144.83,"4,436",192,34,5
2025-03-01,tiktok,TI65071,tt_spark_ads,2024-11-29,SI,ios,139.65,"6,574",324,79,11
2025-03-25,instagram,IN81096,ig_story_launch,2025-02-13,NL,android,74.40,"9,632",345,96,16
2025-12-05,instagram,IN43320,ig_app_install,2025-08-14,ES,ios,208.10,"13,084",567,68,10
2025-09-16,facebook,FA56114,fb_retargeting,2025-05-30,EE,android,67.73,"6,831",67,23,5
2025-04-09,twitter,TW84345,x_app_installs,2024-11-03,FI,ios,27.20,"5,368",131,13,3
2025-01-09,tiktok,TI14852,tt_spark_ads,2024-09-09,CZ,android,306.00,"17,565",273,82,8
2025-08-26,google,GO32643,google_display_retargeting,2025-08-06,LU,android,383.57,"16,707",774,130,29
2025-01-10,affiliate,AF67176,aff_autumn,2024-08-12,CZ,android,79.11,"13,995",88,13,0
2025-09-07,facebook,FA57688,fb_app_install,2025-08-05,LT,android,243.61,"10,056",181,33,4
2025-02-20,tiktok,TI77208,tt_conversion_2025,2025-01-15,LT,ios,72.97,"8,406",269,83,9
2025-10-30,twitter,TW19331,x_awareness,2025-08-19,GR,android,103.62,"6,946",60,8,1
2025-07-27,google,GO13037,google_search_brand,2025-07-12,FI,android,454.06,"15,553",612,51,7
2025-08-18,facebook,FA71751,fb_app_install,2025-07-30,MT,ios,40.20,"2,959",51,12,3
2025-05-02,google,GO69021,google_search_brand,2025-02-01,BG,android,628.45,"19,213",897,148,41
2025-05-07,affiliate,AF73746,aff_summer,2025-05-04,GR,android,57.01,"6,674",102,16,3
2025-05-18,google,GO11291,google_display_retargeting,2025-03-31,RO,android,140.38,"5,816",341,83,24
2025-10-05,affiliate,AF10769,aff_winter,2024-12-19,SI,android,67.13,"5,464",73,12,2
2025-03-05,instagram,IN80601,ig_story_launch,2025-02-21,CZ,ios,153.53,"8,795",257,31,9
2025-12-06,tiktok,TI12065,tt_creator_push,2025-11-17,DK,ios,163.44,"18,109",939,210,22
2025-09-22,tiktok,TI83928,tt_spark_ads,2025-08-21,HU,ios,30.22,"4,429",81,22,1
2025-06-09,instagram,IN53100,ig_app_install,2025-06-09,PT,android,33.25,"2,159",77,15,1
2025-05-02,tiktok,TI84606,tt_spark_ads,2024-12-15,IE,ios,77.78,"3,924",60,14,1
2025-01-28,tiktok,TI20035,tt_spark_ads,2024-09-04,HR,ios,48.14,"7,941",291,48,5
2025-04-01,tiktok,TI65579,tt_app_installs,2024-12-07,LT,android,132.42,"13,816",377,115,24
2025-03-26,twitter,TW73470,x_app_installs,2024-12-16,LT,android,177.08,"10,954",237,41,8
2025-07-10,tiktok,TI33618,tt_conversion_2025,2025-06-30,AT,ios,54.10,"7,698",285,48,12
2025-02-16,tiktok,TI98408,tt_conversion_2025,2025-01-12,BG,android,75.52,"9,912",517,111,22
2025-12-19,instagram,IN19693,ig_app_install,2025-11-27,ES,ios,70.51,"10,382",276,69,13
2025-06-25,twitter,TW96076,x_awareness,2025-03-23,BG,android,178.98,"14,975",225,25,5
2025-05-07,affiliate,AF44717,aff_autumn,2024-10-14,BE,android,81.13,"6,245",37,4,0
2025-02-19,google,GO10014,google_search_brand,2025-02-16,RO,android,126.79,"7,146",441,97,24
2025-08-10,affiliate,AF26324,aff_spring,2025-01-15,SE,ios,13.78,"4,737",79,9,1
2025-11-26,affiliate,AF76124,aff_autumn,2025-04-20,IT,ios,26.01,"2,707",38,5,0
2025-05-06,affiliate,AF32936,aff_winter,2024-12-20,CZ,ios,266.35,"28,261",592,70,7
2025-02-07,google,GO30941,google_display_retargeting,2024-09-26,SE,ios,71.78,"2,627",90,24,2
2025-08-22,google,GO91245,google_pmax_2025,2025-07-06,BG,android,487.32,"14,048",861,80,18
2025-12-28,affiliate,AF23760,aff_spring,2025-06-17,BE,ios,97.77,"7,484",30,5,0
2025-08-22,google,GO90592,google_display_retargeting,2025-07-11,HU,android,230.29,"9,658",388,80,10
2025-10-13,google,GO18574,google_search_brand,2025-07-13,PT,ios,200.11,"14,702",865,238,16
2025-10-14,twitter,TW88808,x_web_conversions,2025-05-27,ES,ios,62.23,"14,139",275,21,1
2025-05-12,facebook,FA39633,fb_retargeting,2025-04-02,FI,ios,93.75,"8,925",267,38,9
2025-04-09,tiktok,TI77831,tt_spark_ads,2025-02-18,SI,android,90.51,"8,819",161,39,8
2025-10-16,tiktok,TI17482,tt_creator_push,2025-06-16,IT,ios,38.51,"6,600",173,36,5
2025-03-21,twitter,TW41698,x_app_installs,2024-10-20,HR,android,32.22,"10,615",308,58,7
2025-11-07,google,GO50835,google_search_brand,2025-09-15,SK,android,85.25,"9,875",236,49,6
2025-06-19,affiliate,AF22505,aff_summer,2024-10-05,DK,ios,24.25,"9,584",113,7,1
2025-07-07,twitter,TW86093,x_web_conversions,2025-04-01,PL,android,41.39,"13,751",273,40,3
2025-02-20,instagram,IN93406,ig_story_launch,2025-02-16,NL,android,68.24,"6,591",203,56,13
2025-09-23,instagram,IN96497,ig_app_install,2025-07-04,BE,ios,87.11,"10,308",131,32,2
2025-02-02,affiliate,AF50171,aff_autumn,2024-09-23,LV,ios,38.84,"7,659",102,10,1
2025-03-10,affiliate,AF29249,aff_winter,2024-05-21,DE,ios,113.05,"12,435",205,29,1
2025-10-16,tiktok,TI82932,tt_conversion_2025,2025-07-14,PT,ios,164.28,"8,520",319,45,10
2025-08-30,affiliate,AF21539,aff_autumn,2025-08-13,NL,ios,96.72,"7,820",192,32,3
2025-05-30,tiktok,TI87525,tt_spark_ads,2025-01-01,ES,ios,277.05,"15,080",293,92,12
2025-03-23,tiktok,TI44417,tt_conversion_2025,2025-03-23,CZ,ios,80.15,"7,688",288,56,13
2025-02-08,tiktok,TI17652,tt_conversion_2025,2025-02-06,PT,ios,319.98,"14,787",359,37,3
2025-02-12,affiliate,AF78151,aff_winter,2025-01-17,SK,android,178.74,"12,927",69,4,1
2025-03-22,instagram,IN71036,ig_retargeting,2025-01-31,CZ,ios,462.15,"25,907",1071,287,66
2025-08-20,twitter,TW35948,x_web_conversions,2025-06-11,HU,ios,112.66,"10,991",117,25,3
2025-06-05,google,GO50528,google_youtube_video,2025-05-24,DK,android,171.36,"19,264",468,93,19
2025-03-08,tiktok,TI54458,tt_creator_push,2024-11-26,HR,ios,211.84,"9,968",178,29,3
2025-09-23,google,GO21495,google_display_retargeting,2025-06-22,MT,android,104.48,"5,817",177,23,7
2025-05-19,tiktok,TI56482,tt_app_installs,2025-04-18,IT,android,126.82,"13,009",601,191,36
2025-02-24,google,GO20833,google_search_brand,2024-11-11,GR,ios,222.99,"14,135",567,151,39
2025-01-27,facebook,FA71918,fb_conversion_2025,2024-12-26,FI,android,431.18,"17,276",481,134,34
2025-10-24,facebook,FA94454,fb_app_install,2025-06-26,ES,ios,179.50,"12,134",167,50,7
2025-08-07,facebook,FA11118,fb_retargeting,2025-07-26,SI,android,119.05,"10,872",127,37,6
2025-03-23,affiliate,AF30167,aff_spring,2024-07-17,LU,android,97.98,"10,246",178,31,4
2025-12-30,twitter,TW38911,x_app_installs,2025-09-28,DK,android,98.05,"10,475",185,40,9
2025-09-25,affiliate,AF92782,aff_summer,2025-05-27,BE,ios,28.50,"8,040",151,8,1
2025-01-17,twitter,TW80214,x_awareness,2024-08-21,LT,android,129.04,"9,306",225,42,9
2025-10-03,tiktok,TI82763,tt_creator_push,2025-07-10,BE,ios,273.24,"20,243",508,157,9
2025-06-10,affiliate,AF62031,aff_winter,2025-02-05,FI,ios,80.30,"8,603",162,26,2
2025-11-11,twitter,TW80320,x_web_conversions,2025-09-26,FI,android,57.52,"8,196",98,19,4
2025-04-19,affiliate,AF65722,aff_autumn,2025-03-17,PT,android,145.08,"11,465",232,23,2
2025-09-28,google,GO11291,google_search_brand,2025-05-26,LU,ios,26.55,"2,637",118,28,9
2025-10-30,instagram,IN26026,ig_story_launch,2025-09-30,LU,ios,94.07,"8,625",96,16,2
2025-07-11,facebook,FA49620,fb_app_install,2025-04-10,EE,ios,130.14,"6,284",79,10,2
2025-04-25,tiktok,TI69420,tt_conversion_2025,2025-03-22,BG,ios,135.73,"8,120",161,37,8
2025-01-26,google,GO53616,google_search_brand,2025-01-14,EE,ios,57.82,"4,290",284,35,8
2025-06-19,google,GO89264,google_youtube_video,2025-06-14,BE,ios,141.23,"7,742",416,51,5
2025-04-14,twitter,TW97847,x_awareness,2025-02-16,CZ,ios,48.24,"9,355",237,17,2
2025-06-11,facebook,FA71119,fb_app_install,2025-03-05,EE,ios,347.42,"15,624",260,54,4
2025-12-26,google,GO21304,google_display_retargeting,2025-12-09,CZ,ios,229.18,"14,433",643,85,6
2025-05-29,twitter,TW18380,x_web_conversions,2025-05-22,PT,ios,47.23,"11,675",242,49,10
2025-04-05,affiliate,AF58813,aff_autumn,2024-09-29,LT,ios,93.52,"12,045",171,17,2
2025-08-28,affiliate,AF65612,aff_autumn,2025-05-04,EE,android,98.82,"9,246",199,26,3
2025-04-03,facebook,FA45612,fb_retargeting,2025-02-02,LU,ios,53.36,"5,790",193,38,3
2025-05-26,affiliate,AF45824,aff_autumn,2024-12-18,EE,android,72.62,"10,403",231,36,4
2025-07-11,twitter,TW38358,x_app_installs,2025-02-15,IT,android,124.82,"10,922",80,5,1
2025-02-21,affiliate,AF74071,aff_autumn,2024-08-25,IE,android,61.09,"4,398",38,5,1
2025-04-13,instagram,IN85912,ig_app_install,2025-04-12,BE,ios,37.62,"7,263",186,31,8
2025-06-13,google,GO20622,google_display_retargeting,2025-05-12,BG,android,59.63,"5,781",125,14,4
2025-03-14,affiliate,AF29363,aff_winter,2024-06-18,SI,ios,42.60,"10,558",111,9,1
2025-08-02,tiktok,TI91500,tt_app_installs,2025-05-26,IT,ios,72.44,"4,069",150,35,7
2025-10-09,tiktok,TI93593,tt_conversion_2025,2025-08-28,FI,android,102.04,"6,607",331,62,9
2025-08-06,facebook,FA30156,fb_conversion_2025,2025-05-28,HR,ios,66.03,"6,432",164,44,10
2025-09-17,instagram,IN59773,ig_story_launch,2025-08-02,AT,android,124.77,"5,321",82,13,3
2025-07-31,facebook,FA24905,fb_app_install,2025-04-23,SI,ios,206.10,"8,011",149,27,5
2025-07-09,twitter,TW35342,x_awareness,2025-04-07,ES,android,39.61,"7,588",61,6,1
2025-05-26,google,GO98927,google_pmax_2025,2025-03-27,GR,android,507.24,"15,445",454,50,6
2025-10-02,twitter,TW61811,x_retargeting,2025-05-05,CY,android,87.76,"5,893",138,19,4
2025-10-24,google,GO49385,google_pmax_2025,2025-08-09,HU,ios,86.93,"9,875",222,23,6
2025-06-04,twitter,TW41483,x_web_conversions,2025-05-02,IT,android,146.56,"15,116",102,9,1
2025-08-30,tiktok,TI90257,tt_app_installs,2025-07-04,EE,android,249.47,"19,417",673,79,4
2025-11-05,tiktok,TI24564,tt_app_installs,2025-08-05,RO,android,293.79,"13,646",355,63,14
2025-04-29,instagram,IN35950,ig_story_launch,2025-04-21,EE,android,115.01,"6,526",268,32,2
2025-06-13,tiktok,TI81810,tt_app_installs,2025-02-10,CY,android,50.56,"3,477",133,28,2
2025-04-10,tiktok,TI22623,tt_creator_push,2024-12-03,LU,ios,85.38,"4,931",155,17,2
2025-12-22,facebook,FA27202,fb_conversion_2025,2025-09-03,GR,android,152.82,"7,353",60,10,2
2025-09-05,instagram,IN34743,ig_story_launch,2025-05-22,HR,ios,259.27,"17,485",426,94,25
2025-04-26,twitter,TW73826,x_retargeting,2024-11-25,SK,android,36.07,"6,770",73,8,2
2025-03-01,facebook,FA75384,fb_retargeting,2025-02-26,SK,ios,123.09,"9,969",341,74,12
2025-12-15,instagram,IN52812,ig_reels_push,2025-09-09,PT,android,85.62,"5,023",214,55,4
2025-08-23,facebook,FA89112,fb_conversion_2025,2025-08-16,FR,android,280.33,"10,799",356,45,13
2025-10-05,tiktok,TI31019,tt_conversion_2025,2025-06-15,LV,android,43.18,"9,215",237,46,5
2025-09-09,instagram,IN97929,ig_retargeting,2025-07-10,AT,android,108.48,"6,282",71,10,2
2025-10-18,affiliate,AF45044,aff_winter,2025-04-15,BG,android,54.88,"9,017",65,6,1
2025-01-07,tiktok,TI17489,tt_app_installs,2024-10-10,PT,android,132.33,"18,323",554,129,15
2025-11-25,instagram,IN57805,ig_app_install,2025-11-03,GR,ios,226.38,"10,043",171,46,8
2025-04-01,google,GO31565,google_display_retargeting,2025-02-08,HR,android,220.60,"9,218",263,41,9
2025-12-01,twitter,TW45526,x_retargeting,2025-08-22,DK,android,93.48,"10,359",118,12,2
2025-07-31,google,GO89947,google_youtube_video,2025-04-06,AT,android,231.19,"7,064",170,46,12
2025-06-18,tiktok,TI84332,tt_spark_ads,2025-03-25,HU,android,87.05,"5,021",76,23,5
2025-07-17,twitter,TW90804,x_retargeting,2025-05-25,AT,ios,118.08,"8,381",223,32,5
2025-02-03,tiktok,TI62991,tt_conversion_2025,2024-12-08,AT,ios,92.84,"6,547",346,59,5
2025-07-15,google,GO39872,google_display_retargeting,2025-07-13,LV,ios,73.38,"3,938",264,68,19
2025-04-13,tiktok,TI78022,tt_conversion_2025,2025-01-10,RO,ios,56.33,"6,525",123,32,3
2025-08-03,google,GO26821,google_display_retargeting,2025-04-12,SK,ios,192.91,"13,794",904,113,21
2025-11-13,affiliate,AF82768,aff_winter,2025-08-17,PT,ios,108.04,"8,968",216,22,3
2025-11-03,tiktok,TI39319,tt_app_installs,2025-06-21,HU,android,110.54,"10,303",313,70,15
2025-04-08,twitter,TW56150,x_web_conversions,2024-12-21,FI,ios,140.19,"10,696",79,11,1
2025-03-13,facebook,FA96271,fb_conversion_2025,2024-12-19,BE,android,271.12,"11,072",358,84,15
2025-03-28,affiliate,AF56964,aff_spring,2024-08-31,MT,ios,66.73,"9,024",175,29,5
2025-09-25,facebook,FA66828,fb_brand_awareness,2025-06-26,CZ,ios,149.80,"8,027",186,55,3
2025-11-06,twitter,TW83961,x_web_conversions,2025-11-01,FI,android,156.70,"8,760",189,39,2
2025-11-12,facebook,FA27106,fb_retargeting,2025-07-17,AT,ios,150.17,"9,966",158,54,7
2025-11-19,twitter,TW11996,x_app_installs,2025-07-23,IT,android,75.81,"8,337",222,34,2
2025-02-12,affiliate,AF23010,aff_winter,2024-06-18,SE,android,63.33,"21,016",316,53,3
2025-01-12,google,GO99622,google_youtube_video,2024-09-18,LT,android,137.84,"10,471",330,49,10
2025-08-12,twitter,TW18081,x_retargeting,2025-04-08,FR,android,77.75,"9,296",72,11,1
2025-07-10,twitter,TW25656,x_app_installs,2025-04-13,DE,ios,13.37,"2,963",65,9,1
2025-03-24,instagram,IN21972,ig_app_install,2024-12-13,LV,ios,76.11,"5,601",205,57,5
2025-06-06,facebook,FA14356,fb_conversion_2025,2025-05-31,LU,android,169.66,"6,779",65,22,2
2025-03-23,google,GO49537,google_youtube_video,2024-10-20,GR,ios,367.22,"11,370",515,52,16
2025-11-21,twitter,TW44683,x_app_installs,2025-07-17,AT,android,147.15,"8,608",65,4,1
2025-04-19,facebook,FA87914,fb_brand_awareness,2024-12-29,DK,android,120.62,"7,613",154,36,6
2025-02-13,tiktok,TI63111,tt_conversion_2025,2024-11-13,HR,android,98.69,"9,667",499,108,25
2025-05-24,instagram,IN28295,ig_app_install,2025-01-25,CZ,android,27.44,"4,178",159,18,1
2025-11-16,google,GO45502,google_pmax_2025,2025-07-23,IT,ios,702.95,"20,845",608,86,27
2025-09-19,affiliate,AF12816,aff_autumn,2025-06-13,HR,android,36.87,"4,329",21,3,1
2025-01-31,twitter,TW54699,x_awareness,2025-01-19,NL,android,91.19,"11,872",214,19,2
2025-12-13,instagram,IN74993,ig_story_launch,2025-10-23,LU,ios,285.21,"14,443",148,39,6
2025-09-14,facebook,FA26038,fb_retargeting,2025-07-06,LT,ios,219.97,"9,993",324,112,24
2025-03-26,tiktok,TI40864,tt_conversion_2025,2025-02-25,RO,ios,165.06,"13,844",726,203,13
2025-09-06,facebook,FA32245,fb_retargeting,2025-06-28,PL,ios,238.98,"18,247",424,68,11
2025-07-11,tiktok,TI61502,tt_app_installs,2025-05-06,IE,android,59.10,"4,334",208,64,7
2025-11-28,google,GO40179,google_display_retargeting,2025-11-02,ES,ios,226.48,"10,552",404,92,26
2025-02-06,facebook,FA60555,fb_brand_awareness,2025-01-23,EE,ios,94.76,"4,134",110,25,7
2025-03-06,tiktok,TI61235,tt_app_installs,2024-10-02,ES,ios,132.89,"7,883",369,38,5
2025-02-23,facebook,FA92609,fb_brand_awareness,2024-11-24,NL,android,79.20,"12,710",393,50,6
2025-09-23,google,GO20271,google_search_brand,2025-05-14,SI,ios,242.76,"8,792",230,50,12
2025-10-24,google,GO88349,google_search_brand,2025-07-05,EE,android,274.64,"8,077",365,42,10
2025-11-23,affiliate,AF30154,aff_spring,2025-07-12,NL,android,52.09,"4,863",116,15,2
2025-02-16,affiliate,AF97080,aff_summer,2024-06-04,GR,android,171.14,"13,969",279,30,2
2025-08-08,twitter,TW39152,x_web_conversions,2025-05-14,DE,android,100.91,"5,894",167,32,4
2025-12-27,instagram,IN63702,ig_app_install,2025-10-31,CY,android,139.02,"7,221",147,15,2
2025-12-20,google,GO73254,google_display_retargeting,2025-12-17,NL,ios,251.33,"7,206",360,32,3
2025-11-28,instagram,IN40976,ig_reels_push,2025-11-19,SI,android,138.12,"7,866",176,52,7
2025-06-07,facebook,FA94636,fb_brand_awareness,2025-05-28,ES,android,218.43,"9,574",260,40,4
2025-05-30,facebook,FA81341,fb_retargeting,2025-04-01,DE,ios,274.80,"13,835",237,65,15
2025-07-10,affiliate,AF58823,aff_summer,2025-06-15,SE,android,116.82,"14,166",213,14,2
2025-12-02,tiktok,TI51867,tt_conversion_2025,2025-09-15,HR,ios,211.46,"10,852",588,112,6
2025-05-25,affiliate,AF56713,aff_spring,2024-09-10,HU,ios,140.79,"14,030",146,24,4
2025-10-29,facebook,FA71440,fb_brand_awareness,2025-08-28,EE,android,375.22,"16,190",556,82,11
2025-12-29,google,GO11433,google_pmax_2025,2025-12-10,HR,ios,204.07,"6,101",192,43,5
2025-12-27,affiliate,AF93828,aff_summer,2025-03-24,DE,ios,54.14,"4,150",96,16,2
2025-04-28,facebook,FA53022,fb_conversion_2025,2025-01-31,HU,ios,47.53,"3,869",49,10,2
2025-07-20,facebook,FA15590,fb_retargeting,2025-05-11,AT,android,66.05,"2,668",49,8,2
2025-12-14,twitter,TW42187,x_retargeting,2025-10-31,LT,android,32.92,"8,087",181,23,5
2025-07-24,twitter,TW26296,x_app_installs,2025-04-09,PL,android,67.65,"7,265",165,13,1
2025-02-17,affiliate,AF88921,aff_summer,2024-10-17,GR,android,115.25,"8,766",142,17,3
2025-06-18,instagram,IN43799,ig_reels_push,2025-05-24,SK,ios,131.69,"6,368",259,30,7
2025-11-23,twitter,TW30223,x_web_conversions,2025-06-03,RO,ios,85.90,"4,878",63,14,1
2025-11-04,tiktok,TI65247,tt_creator_push,2025-08-22,PL,ios,39.03,"3,662",94,22,4
2025-09-14,google,GO73089,google_search_brand,2025-07-01,IE,android,212.26,"6,079",346,38,5
2025-03-30,twitter,TW82367,x_app_installs,2025-02-04,BG,ios,12.84,"4,220",28,5,1
2025-05-05,instagram,IN75779,ig_story_launch,2025-04-10,DK,android,102.03,"12,206",528,121,7
2025-04-01,tiktok,TI49886,tt_app_installs,2025-03-11,LV,ios,128.50,"7,374",284,77,14
2025-11-19,facebook,FA85234,fb_brand_awareness,2025-10-31,PT,ios,160.78,"7,833",266,75,17
2025-03-29,affiliate,AF11658,aff_summer,2024-11-12,AT,ios,47.12,"8,889",118,18,1
2025-12-10,google,GO19038,google_display_retargeting,2025-10-09,PL,ios,55.20,"5,683",205,38,7
2025-07-28,affiliate,AF85500,aff_spring,2024-10-16,SK,android,22.19,"5,779",126,11,1
2025-05-24,facebook,FA53657,fb_retargeting,2025-01-24,ES,ios,64.58,"3,330",93,21,4
2025-09-16,tiktok,TI69138,tt_conversion_2025,2025-04-11,CZ,ios,152.97,"11,646",160,27,6
2025-09-15,tiktok,TI43978,tt_spark_ads,2025-06-12,FR,ios,116.63,"8,718",283,52,12
2025-04-22,facebook,FA54747,fb_app_install,2025-02-21,PL,android,225.71,"15,643",165,52,11
2025-03-02,google,GO43007,google_pmax_2025,2024-11-24,CZ,android,216.76,"6,627",391,49,8
2025-08-23,twitter,TW73614,x_awareness,2025-03-23,CY,ios,64.80,"11,574",313,40,4
2025-06-20,instagram,IN13363,ig_reels_push,2025-03-20,EE,android,200.35,"11,132",254,49,4
2025-06-24,facebook,FA28135,fb_conversion_2025,2025-03-04,IT,android,93.54,"5,742",89,21,4
2025-06-10,google,GO83981,google_search_brand,2025-03-25,HR,android,154.84,"6,937",308,82,17
2025-06-11,affiliate,AF16612,aff_winter,2024-11-04,DE,android,84.95,"8,360",94,17,3
2025-01-26,google,GO57781,google_search_brand,2025-01-02,NL,android,302.32,"11,328",604,96,11
2025-11-26,facebook,FA52753,fb_conversion_2025,2025-09-28,LV,android,57.33,"5,971",106,35,6
2025-07-23,instagram,IN49141,ig_app_install,2025-07-04,DK,android,63.92,"6,657",235,40,3
2025-10-20,facebook,FA26665,fb_conversion_2025,2025-06-29,FR,ios,196.50,"8,073",225,67,11
2025-02-26,google,GO59650,google_pmax_2025,2024-11-24,BG,ios,260.51,"10,151",269,48,8
2025-06-09,twitter,TW62669,x_web_conversions,2024-12-24,HU,ios,27.86,"6,301",129,23,2
2025-08-20,affiliate,AF24938,aff_winter,2025-08-19,AT,ios,40.20,"3,278",63,11,0
2025-06-01,google,GO16654,google_youtube_video,2025-01-16,DE,android,95.02,"9,282",301,52,6
2025-11-13,instagram,IN96764,ig_retargeting,2025-10-15,BE,ios,326.50,"19,358",391,50,7
2025-06-09,instagram,IN44131,ig_story_launch,2025-04-11,HU,android,89.38,"9,225",194,46,7
2025-12-18,tiktok,TI25036,tt_creator_push,2025-11-09,NL,ios,92.85,"8,496",255,55,11
2025-08-06,instagram,IN95216,ig_reels_push,2025-08-05,EE,ios,66.42,"7,840",291,50,5
2025-03-21,twitter,TW43436,x_retargeting,2024-11-27,BG,android,197.88,"17,166",369,62,7
2025-02-14,facebook,FA38609,fb_app_install,2024-12-17,PL,ios,155.22,"6,713",66,16,3
2025-10-28,twitter,TW55877,x_app_installs,2025-06-14,SE,ios,61.36,"10,112",82,17,1
2025-10-18,google,GO83919,google_display_retargeting,2025-06-17,FI,ios,151.63,"5,967",366,92,17
2025-01-08,google,GO79688,google_search_brand,2024-08-16,HU,android,373.74,"17,933",497,93,24
2025-04-23,affiliate,AF25395,aff_spring,2024-11-20,LT,ios,54.86,"7,625",187,32,2
2025-11-18,google,GO90282,google_youtube_video,2025-10-03,DK,ios,342.83,"9,854",237,46,6
2025-09-03,google,GO39822,google_display_retargeting,2025-07-10,EE,android,257.96,"9,650",433,73,19
2025-02-12,instagram,IN21780,ig_story_launch,2024-12-09,GR,ios,192.35,"12,053",154,40,11
2025-01-06,affiliate,AF82168,aff_autumn,2024-05-09,IE,android,189.41,"17,157",242,27,4
2025-10-22,affiliate,AF49487,aff_winter,2025-06-01,LT,android,39.25,"9,605",152,23,4
2025-04-11,google,GO33076,google_pmax_2025,2024-11-30,CZ,android,198.69,"9,876",374,104,11
2025-12-04,instagram,IN12427,ig_retargeting,2025-11-04,HU,ios,69.31,"8,258",174,43,5
2025-11-04,twitter,TW67996,x_awareness,2025-10-08,DE,ios,87.02,"9,370",185,13,2
2025-04-05,tiktok,TI90476,tt_spark_ads,2025-02-06,DK,android,89.16,"6,853",330,55,3
2025-06-24,facebook,FA95803,fb_conversion_2025,2025-04-14,CZ,android,80.45,"7,853",262,88,11
2025-02-16,twitter,TW58430,x_awareness,2024-09-11,LV,ios,156.51,"9,483",138,9,1
2025-05-05,instagram,IN87064,ig_story_launch,2025-02-05,ES,android,135.13,"10,511",458,90,7
2025-01-01,google,GO84714,google_pmax_2025,2024-08-26,DK,android,78.97,"3,101",166,26,8
2025-12-29,twitter,TW73866,x_app_installs,2025-10-01,SE,android,55.57,"6,145",88,13,2
2025-12-21,tiktok,TI49197,tt_spark_ads,2025-12-21,BE,android,209.72,"12,255",383,73,8
2025-03-04,tiktok,TI69311,tt_app_installs,2025-01-16,ES,ios,123.59,"9,382",385,56,6
2025-12-29,facebook,FA84499,fb_app_install,2025-10-29,SI,android,149.40,"11,737",99,14,4
2025-04-06,google,GO59875,google_display_retargeting,2025-03-18,LU,android,95.68,"2,788",76,11,3
2025-11-21,instagram,IN51975,ig_reels_push,2025-10-22,FR,android,156.90,"10,049",196,47,6
2025-02-03,affiliate,AF40281,aff_autumn,2024-12-04,LT,android,54.90,"13,551",133,20,4
2025-05-11,tiktok,TI10531,tt_creator_push,2025-01-01,MT,android,127.69,"6,095",192,59,14
2025-06-17,tiktok,TI62390,tt_app_installs,2025-05-01,IE,ios,73.91,"5,881",202,48,11
2025-12-06,tiktok,TI28282,tt_app_installs,2025-09-24,IE,ios,64.73,"13,993",443,46,10
2025-10-31,facebook,FA91553,fb_conversion_2025,2025-09-22,NL,android,66.65,"3,754",127,26,5
2025-01-25,facebook,FA38799,fb_app_install,2024-11-26,AT,ios,261.31,"12,520",383,51,7
2025-04-02,twitter,TW26351,x_awareness,2024-12-06,ES,android,42.48,"5,591",64,4,0
2025-09-01,facebook,FA71609,fb_conversion_2025,2025-08-05,HU,android,98.40,"4,110",112,17,4
2025-07-27,google,GO87376,google_youtube_video,2025-04-03,IE,android,181.43,"6,761",299,75,7
2025-10-29,facebook,FA83207,fb_conversion_2025,2025-08-02,BG,android,70.48,"4,946",103,13,1
2025-03-01,facebook,FA91008,fb_app_install,2024-12-30,HU,android,47.57,"6,629",92,27,4
2025-03-31,affiliate,AF15923,aff_summer,2024-06-25,FI,ios,108.87,"9,272",168,10,0
2025-06-21,instagram,IN71059,ig_reels_push,2025-02-28,RO,ios,269.82,"12,531",242,49,3
2025-10-26,google,GO84369,google_youtube_video,2025-08-16,MT,android,225.15,"11,971",583,97,19
2025-01-06,facebook,FA30016,fb_conversion_2025,2024-10-02,DE,ios,175.84,"8,307",174,24,7
2025-11-17,affiliate,AF15506,aff_summer,2025-03-15,ES,android,83.63,"9,552",77,7,0
2025-06-15,tiktok,TI70013,tt_conversion_2025,2025-02-03,LV,android,141.09,"7,263",195,29,6
2025-01-09,google,GO44868,google_search_brand,2024-09-03,CY,android,94.43,"10,332",242,63,5
2025-04-08,instagram,IN28907,ig_story_launch,2024-12-27,BG,android,213.44,"10,472",435,95,26
2025-07-10,affiliate,AF59191,aff_spring,2025-05-11,DE,android,96.51,"8,281",134,21,4
2025-12-12,facebook,FA45033,fb_conversion_2025,2025-11-23,BE,ios,91.02,"12,780",168,33,9
2025-07-10,google,GO50361,google_search_brand,2025-05-31,PT,ios,44.66,"4,701",151,18,4
2025-07-24,twitter,TW55099,x_awareness,2025-06-24,RO,android,39.36,"7,300",187,28,4
2025-09-21,tiktok,TI84758,tt_conversion_2025,2025-06-14,SI,android,64.40,"10,405",143,20,4
2025-11-26,google,GO34626,google_search_brand,2025-07-20,PL,android,164.01,"5,329",273,42,7
2025-06-11,instagram,IN80343,ig_reels_push,2025-02-20,MT,ios,169.80,"10,975",168,18,4
2025-07-08,affiliate,AF25211,aff_autumn,2024-12-20,LU,ios,34.45,"6,285",105,11,2
2025-10-21,affiliate,AF88960,aff_autumn,2025-02-07,DK,android,128.56,"11,774",294,46,4
2025-12-30,twitter,TW75627,x_awareness,2025-11-10,EE,ios,62.64,"6,115",139,15,3
2025-06-16,affiliate,AF94191,aff_winter,2024-12-02,AT,ios,97.52,"8,006",152,22,3
2025-02-08,instagram,IN70696,ig_story_launch,2024-12-15,LU,android,67.63,"7,300",175,32,4
2025-02-28,twitter,TW47644,x_awareness,2024-12-24,BG,ios,61.49,"7,002",60,11,0
2025-05-04,facebook,FA43520,fb_conversion_2025,2025-04-04,PL,android,24.40,"1,309",23,6,1
2025-07-13,instagram,IN72117,ig_story_launch,2025-04-12,IT,android,393.41,"17,035",599,117,32
2025-12-11,twitter,TW70476,x_retargeting,2025-09-01,SI,android,117.97,"8,083",173,14,1
2025-04-07,facebook,FA65484,fb_retargeting,2025-01-06,HU,android,149.08,"10,342",113,23,5
2025-02-17,tiktok,TI61392,tt_conversion_2025,2024-11-18,BE,ios,50.31,"10,160",504,156,20
2025-02-22,affiliate,AF13216,aff_autumn,2024-07-17,DK,android,110.22,"9,050",121,9,1
2025-06-11,google,GO57246,google_pmax_2025,2025-03-14,DK,android,168.22,"6,536",422,81,23
2025-11-06,tiktok,TI69305,tt_creator_push,2025-09-23,SK,ios,131.36,"7,070",370,66,14
2025-06-03,instagram,IN18391,ig_app_install,2025-04-05,LU,ios,341.58,"18,051",349,86,24
2025-11-23,affiliate,AF70794,aff_spring,2025-09-30,DK,ios,31.84,"7,177",166,23,3
2025-07-20,google,GO48933,google_youtube_video,2025-02-28,PT,android,414.43,"14,698",898,159,34
2025-10-24,facebook,FA50634,fb_brand_awareness,2025-10-03,RO,ios,80.65,"7,687",76,17,2
2025-11-12,tiktok,TI92398,tt_conversion_2025,2025-07-09,SE,ios,70.93,"9,072",140,35,6
2025-02-27,tiktok,TI16542,tt_spark_ads,2024-12-30,FI,android,48.39,"4,014",176,47,8
2025-02-28,tiktok,TI91277,tt_creator_push,2025-01-03,IE,ios,203.23,"22,510",285,91,10
2025-08-28,affiliate,AF88342,aff_autumn,2024-12-10,CY,android,31.42,"3,869",43,5,0
2025-12-02,instagram,IN71174,ig_story_launch,2025-10-20,IT,android,73.08,"14,597",639,185,18
2025-11-09,affiliate,AF39462,aff_winter,2025-08-21,LT,android,102.48,"12,806",298,53,9
2025-06-05,tiktok,TI87481,tt_spark_ads,2025-01-13,ES,android,12.28,"2,490",90,11,1
2025-01-19,google,GO12225,google_pmax_2025,2024-11-06,PT,android,131.44,"6,073",286,34,8
2025-06-25,affiliate,AF94713,aff_spring,2025-05-09,FR,android,33.53,"14,140",237,33,1
2025-07-30,instagram,IN51428,ig_reels_push,2025-05-31,DK,android,14.25,"1,269",49,8,2
2025-12-09,affiliate,AF51199,aff_autumn,2025-04-17,ES,android,147.05,"11,652",171,9,1
2025-11-20,facebook,FA45680,fb_retargeting,2025-10-31,LV,android,250.08,"19,024",426,74,13
2025-08-15,tiktok,TI87759,tt_creator_push,2025-06-15,LU,android,47.02,"8,685",427,87,20
2025-09-20,google,GO62394,google_search_brand,2025-06-18,FI,ios,219.35,"6,429",446,61,9
2025-08-10,facebook,FA94283,fb_brand_awareness,2025-07-18,IE,android,320.05,"13,739",338,58,12
2025-11-18,google,GO52703,google_search_brand,2025-09-18,FR,android,138.73,"7,159",324,70,7
2025-06-29,google,GO49394,google_display_retargeting,2025-02-27,FR,ios,108.21,"3,149",72,17,4
2025-06-10,facebook,FA77124,fb_conversion_2025,2025-03-07,SI,android,194.40,"10,801",294,38,8
2025-01-15,instagram,IN75449,ig_retargeting,2025-01-10,BE,ios,149.94,"9,626",410,58,15
2025-02-17,facebook,FA30076,fb_app_install,2025-01-22,MT,android,149.13,"9,497",269,90,21
2025-11-26,affiliate,AF33774,aff_winter,2025-09-23,ES,android,52.93,"8,573",209,11,1
2025-11-07,google,GO17831,google_youtube_video,2025-08-11,GR,ios,306.91,"10,329",621,124,8
2025-05-24,instagram,IN82098,ig_reels_push,2025-04-19,SK,android,224.22,"12,592",562,159,14
2025-11-26,google,GO84880,google_display_retargeting,2025-07-04,LT,android,161.69,"6,684",338,93,17
2025-03-11,affiliate,AF48909,aff_autumn,2024-10-02,GR,ios,76.30,"7,750",172,30,4
2025-09-11,google,GO88538,google_display_retargeting,2025-05-30,DK,ios,155.79,"4,606",239,65,15
2025-07-06,tiktok,TI74517,tt_creator_push,2025-05-25,BE,ios,144.14,"12,517",409,103,24
2025-08-28,facebook,FA63814,fb_conversion_2025,2025-08-20,IT,ios,221.26,"11,234",277,87,15
2025-06-29,twitter,TW61366,x_app_installs,2025-03-18,BG,ios,162.40,"9,983",136,13,1
2025-09-11,affiliate,AF42010,aff_spring,2025-03-08,SE,android,42.09,"11,857",102,14,1
2025-12-13,twitter,TW21913,x_awareness,2025-09-29,SE,android,59.82,"10,080",98,14,1
2025-03-08,facebook,FA22344,fb_app_install,2025-02-09,NL,android,145.69,"5,821",108,33,9
2025-09-30,google,GO72098,google_search_brand,2025-05-27,BG,ios,385.15,"13,373",303,59,11
2025-05-23,affiliate,AF41293,aff_summer,2025-03-18,LT,ios,48.95,"8,730",40,4,1
2025-04-20,affiliate,AF56015,aff_autumn,2024-11-24,ES,android,140.89,"11,811",224,11,2
2025-02-18,tiktok,TI55467,tt_creator_push,2024-11-21,BG,android,111.97,"5,995",76,24,5
2025-10-02,affiliate,AF25948,aff_summer,2025-01-14,LV,android,15.25,"4,896",102,7,1
2025-11-21,tiktok,TI45196,tt_app_installs,2025-08-18,LT,android,166.78,"9,088",266,59,11
2025-03-16,twitter,TW68537,x_retargeting,2025-03-09,PT,ios,100.24,"7,274",65,5,1
2025-09-30,google,GO79236,google_youtube_video,2025-04-25,SK,android,68.74,"7,128",369,96,21
2025-05-27,tiktok,TI73718,tt_creator_push,2025-04-02,LU,ios,67.19,"3,446",118,13,3
2025-07-21,affiliate,AF92463,aff_winter,2025-01-23,SK,android,84.18,"10,388",244,33,4
2025-07-13,affiliate,AF47745,aff_spring,2024-11-10,GR,android,102.85,"8,572",128,15,0
2025-01-23,google,GO69257,google_pmax_2025,2024-11-03,AT,ios,87.88,"9,175",247,69,6
2025-01-19,google,GO63632,google_display_retargeting,2024-11-05,RO,ios,68.67,"6,390",288,49,10
2025-09-25,affiliate,AF16365,aff_spring,2025-03-07,AT,ios,62.75,"10,396",66,8,1
2025-04-15,twitter,TW73892,x_web_conversions,2024-11-08,LV,android,31.56,"6,516",182,28,4
2025-02-23,google,GO80114,google_search_brand,2024-11-30,DE,android,92.06,"7,083",383,53,7
2025-08-31,tiktok,TI83624,tt_conversion_2025,2025-04-24,NL,android,174.26,"15,830",304,60,12
2025-02-25,instagram,IN33385,ig_retargeting,2024-12-27,BG,android,232.21,"10,194",147,30,3
2025-05-22,facebook,FA20516,fb_conversion_2025,2025-04-20,BG,ios,223.41,"8,112",244,60,17
2025-05-18,facebook,FA85335,fb_brand_awareness,2025-04-24,HU,ios,98.47,"9,552",314,50,15
2025-10-11,google,GO20320,google_youtube_video,2025-09-29,FR,android,817.94,"24,034",1681,155,10
2025-11-06,instagram,IN71989,ig_retargeting,2025-09-23,LU,ios,94.10,"13,842",524,154,14
2025-07-31,google,GO77150,google_youtube_video,2025-03-16,SK,android,191.77,"6,237",248,32,2
2025-01-31,instagram,IN91453,ig_reels_push,2024-11-20,IT,android,75.30,"3,966",57,10,2
2025-11-05,google,GO75560,google_display_retargeting,2025-11-01,AT,ios,153.79,"11,110",381,46,9
2025-09-19,google,GO54943,google_pmax_2025,2025-08-10,FR,ios,164.39,"5,976",313,49,11
2025-06-06,facebook,FA83957,fb_retargeting,2025-03-21,SK,ios,109.32,"5,040",91,15,2
2025-05-11,twitter,TW86178,x_retargeting,2025-01-25,PL,ios,24.41,"5,951",36,5,0
2025-09-16,google,GO60202,google_search_brand,2025-07-31,LU,android,214.01,"12,860",642,177,46
2025-03-02,tiktok,TI25408,tt_spark_ads,2025-01-04,LV,android,42.80,"2,068",32,5,1
2025-12-10,google,GO17512,google_search_brand,2025-08-27,DK,ios,108.33,"6,658",460,115,18
2025-04-28,instagram,IN51947,ig_reels_push,2025-03-22,BG,ios,157.92,"11,619",143,19,2
2025-02-05,facebook,FA20275,fb_retargeting,2025-01-24,GR,android,67.80,"6,343",179,54,10
2025-01-24,instagram,IN45886,ig_reels_push,2024-10-07,IE,android,65.78,"4,010",167,24,5
2025-10-10,twitter,TW42512,x_app_installs,2025-09-19,GR,ios,229.58,"13,338",260,46,2
2025-12-20,twitter,TW54166,x_awareness,2025-09-01,PL,ios,46.08,"6,728",78,5,0
2025-05-24,affiliate,AF95684,aff_winter,2024-12-02,LV,android,54.84,"9,163",199,20,2
2025-12-02,google,GO45896,google_search_brand,2025-09-26,ES,android,258.25,"8,302",264,69,14
2025-11-16,affiliate,AF27365,aff_winter,2025-05-16,CZ,android,24.07,"4,019",64,6,1
2025-02-01,google,GO87299,google_pmax_2025,2025-01-31,ES,ios,50.09,"3,969",98,27,7
2025-07-24,tiktok,TI79899,tt_creator_push,2025-03-30,GR,ios,181.59,"9,539",264,50,6
2025-01-03,instagram,IN48923,ig_retargeting,2024-09-11,HR,ios,106.07,"8,094",155,29,7
2025-06-21,google,GO85316,google_search_brand,2025-06-12,LU,ios,144.35,"6,422",355,73,15
2025-09-07,affiliate,AF64029,aff_winter,2025-03-28,DK,ios,50.98,"7,483",91,14,2
2025-01-24,google,GO20809,google_youtube_video,2024-11-14,DK,android,267.87,"8,017",224,48,8
2025-08-27,instagram,IN14005,ig_retargeting,2025-05-10,FR,ios,101.82,"10,332",222,39,4
2025-03-04,facebook,FA92624,fb_conversion_2025,2025-02-28,MT,android,262.97,"15,197",253,46,11
2025-10-18,affiliate,AF19722,aff_spring,2025-03-25,SI,ios,9.79,"3,047",23,3,0
2025-05-29,twitter,TW28680,x_app_installs,2024-12-23,CZ,ios,55.30,"6,206",114,12,1
2025-09-16,twitter,TW32362,x_awareness,2025-06-10,CY,android,76.08,"14,624",153,34,5
2025-11-04,instagram,IN63904,ig_reels_push,2025-09-17,BG,ios,134.31,"22,804",268,52,3
2025-02-27,google,GO40292,google_youtube_video,2024-12-29,BG,ios,84.53,"7,914",523,139,20
2025-11-22,instagram,IN14959,ig_app_install,2025-09-02,DE,android,273.44,"14,054",461,134,35
2025-02-03,google,GO60402,google_display_retargeting,2024-12-26,BE,ios,173.50,"7,367",237,63,14
2025-12-21,google,GO28167,google_display_retargeting,2025-08-07,BE,ios,22.50,"2,573",55,10,3
2025-06-04,facebook,FA74738,fb_conversion_2025,2025-05-11,FR,ios,201.81,"10,890",127,23,2
2025-04-11,tiktok,TI52871,tt_creator_push,2025-03-01,LU,ios,358.12,"16,514",860,218,49
2025-07-12,affiliate,AF49475,aff_winter,2025-02-23,BE,android,89.66,"21,190",520,43,1
2025-12-17,google,GO61790,google_pmax_2025,2025-07-22,PT,android,173.87,"7,919",264,46,4
2025-06-06,google,GO24108,google_youtube_video,2025-05-29,IE,android,134.30,"8,171",486,132,24
2025-06-28,instagram,IN98051,ig_reels_push,2025-04-14,DE,android,196.59,"14,171",174,45,9
2025-05-07,facebook,FA68611,fb_retargeting,2025-04-20,NL,ios,197.98,"8,753",148,38,9
2025-06-11,instagram,IN76796,ig_story_launch,2025-05-02,NL,android,189.07,"9,811",244,57,6
2025-07-11,google,GO41926,google_display_retargeting,2025-07-07,BE,android,239.82,"10,865",738,112,8
2025-08-24,google,GO59440,google_search_brand,2025-04-12,NL,ios,249.17,"8,797",244,48,4
2025-01-19,facebook,FA42457,fb_brand_awareness,2024-12-03,HR,android,57.61,"5,581",118,36,5
2025-11-16,affiliate,AF67651,aff_autumn,2025-10-24,RO,ios,22.85,"8,024",39,3,0
2025-02-24,facebook,FA45775,fb_app_install,2024-12-08,SI,ios,140.72,"13,918",189,40,10
2025-06-16,instagram,IN58512,ig_reels_push,2025-06-14,CY,ios,194.81,"12,117",275,50,4
2025-06-09,tiktok,TI56360,tt_conversion_2025,2025-02-10,IE,ios,139.32,"9,033",484,136,16
2025-12-21,instagram,IN29616,ig_app_install,2025-09-07,PL,android,150.60,"11,573",281,75,16
2025-01-17,google,GO83980,google_youtube_video,2024-08-23,CZ,android,175.58,"6,064",185,24,5
2025-02-27,twitter,TW12293,x_retargeting,2024-11-28,CY,ios,74.30,"12,789",210,36,3
2025-09-19,twitter,TW92640,x_web_conversions,2025-07-15,PL,android,50.45,"6,670",179,19,2
2025-04-03,tiktok,TI27654,tt_app_installs,2025-03-12,SK,ios,32.70,"6,254",248,72,15
2025-04-18,facebook,FA98175,fb_conversion_2025,2025-03-31,MT,ios,97.12,"7,991",188,58,14
2025-07-06,instagram,IN25474,ig_reels_push,2025-06-30,LV,ios,160.75,"8,623",205,35,7
2025-03-23,instagram,IN55879,ig_story_launch,2025-03-21,BE,ios,45.35,"3,487",91,16,2
2025-04-06,instagram,IN96479,ig_retargeting,2025-04-02,AT,ios,74.89,"13,252",453,92,13
2025-10-20,affiliate,AF35809,aff_autumn,2025-04-06,FI,android,130.11,"11,178",105,10,1
2025-10-03,twitter,TW71775,x_retargeting,2025-10-01,SK,ios,31.91,"4,994",86,15,2
2025-05-25,google,GO29041,google_display_retargeting,2025-05-02,LU,android,95.05,"3,305",117,19,4
2025-11-08,facebook,FA18445,fb_retargeting,2025-07-23,NL,android,59.16,"7,063",163,52,4
2025-01-30,facebook,FA24600,fb_conversion_2025,2024-12-05,DE,ios,127.22,"5,363",100,32,8
2025-12-14,affiliate,AF14863,aff_winter,2025-08-28,DE,ios,61.02,"11,498",219,37,5
2025-02-12,affiliate,AF44898,aff_spring,2024-07-26,PL,android,70.22,"16,395",374,44,8
2025-10-06,facebook,FA43534,fb_brand_awareness,2025-09-21,BE,android,277.47,"11,946",418,59,11
2025-01-28,twitter,TW90183,x_app_installs,2024-09-16,CZ,ios,98.89,"6,371",97,21,2
2025-08-19,google,GO27957,google_search_brand,2025-03-28,IE,android,119.56,"9,193",189,42,3
2025-05-24,google,GO90270,google_youtube_video,2025-02-17,FI,android,136.43,"10,356",704,188,47
2025-07-25,tiktok,TI50797,tt_spark_ads,2025-06-19,BE,ios,154.71,"12,344",230,34,2
2025-09-14,google,GO27664,google_search_brand,2025-07-30,PL,android,262.55,"9,766",683,183,58
2025-02-22,tiktok,TI19184,tt_creator_push,2024-11-09,RO,android,86.74,"10,015",455,97,10
2025-05-08,instagram,IN43543,ig_app_install,2025-02-03,HR,android,182.86,"11,281",346,80,19
2025-07-08,google,GO64819,google_pmax_2025,2025-03-07,IE,ios,285.45,"9,456",316,27,7
2025-01-30,instagram,IN76803,ig_story_launch,2024-11-05,LT,android,66.90,"8,333",185,28,6
2025-06-30,affiliate,AF47960,aff_autumn,2024-11-26,GR,android,26.82,"6,224",143,25,4
2025-08-28,affiliate,AF29803,aff_spring,2025-08-21,BG,ios,55.41,"20,461",503,52,9
2025-12-23,tiktok,TI18225,tt_app_installs,2025-08-29,IE,ios,67.51,"11,787",527,148,37
2025-07-10,instagram,IN85305,ig_app_install,2025-05-16,BG,ios,110.36,"5,524",206,22,5
2025-07-06,affiliate,AF20536,aff_spring,2025-05-18,LU,android,105.10,"8,306",143,13,0
2025-03-23,facebook,FA55996,fb_conversion_2025,2025-01-02,LV,android,83.71,"5,394",134,30,3
2025-01-31,affiliate,AF52386,aff_autumn,2024-07-09,BG,ios,50.05,"4,664",96,7,1
2025-11-05,instagram,IN11577,ig_app_install,2025-08-21,DK,android,199.86,"12,455",181,27,1
2025-01-24,facebook,FA89321,fb_conversion_2025,2024-12-26,LT,android,249.52,"11,595",398,125,13
2025-04-29,affiliate,AF27939,aff_spring,2024-12-31,LU,ios,95.93,"7,883",124,15,2
2025-01-27,affiliate,AF61943,aff_summer,2024-07-26,FR,ios,25.69,"7,671",135,14,1
2025-11-15,twitter,TW30222,x_app_installs,2025-06-15,FI,android,213.73,"12,315",311,37,2
2025-06-06,twitter,TW18929,x_app_installs,2025-03-01,GR,ios,229.95,"16,000",420,43,2
2025-05-31,google,GO57385,google_youtube_video,2025-01-19,CY,ios,66.80,"3,611",212,31,9
2025-12-21,twitter,TW79747,x_awareness,2025-11-24,BG,android,95.41,"9,402",254,30,3
2025-10-23,tiktok,TI73388,tt_conversion_2025,2025-07-13,PL,ios,124.71,"6,269",169,19,4
2025-11-18,twitter,TW90324,x_awareness,2025-06-18,SK,ios,116.11,"10,675",171,37,3
2025-07-22,instagram,IN59935,ig_story_launch,2025-06-16,LV,ios,42.60,"6,960",198,49,8
2025-06-28,twitter,TW85095,x_awareness,2025-03-06,LT,android,24.71,"2,781",18,3,0
2025-08-10,affiliate,AF62343,aff_autumn,2025-05-24,SE,android,47.34,"3,955",42,5,0
2025-12-24,tiktok,TI38705,tt_conversion_2025,2025-09-28,MT,ios,54.92,"6,659",158,16,3
2025-01-10,google,GO81630,google_display_retargeting,2024-10-04,CZ,ios,280.36,"9,512",398,70,14
2025-07-24,affiliate,AF49221,aff_winter,2025-04-04,SI,ios,38.61,"6,892",49,7,1
2025-05-24,twitter,TW79232,x_web_conversions,2024-11-30,CY,ios,212.26,"19,944",306,36,2
2025-09-19,google,GO33334,google_display_retargeting,2025-09-12,BE,android,118.28,"10,461",664,69,8
2025-10-11,twitter,TW48263,x_awareness,2025-09-08,IE,android,68.52,"9,901",180,11,2
2025-12-12,affiliate,AF84370,aff_autumn,2025-04-25,LV,android,130.29,"15,376",143,14,1
2025-03-06,affiliate,AF57054,aff_autumn,2024-12-18,LT,ios,133.71,"9,649",151,23,1
2025-11-06,twitter,TW86437,x_retargeting,2025-05-10,FI,android,140.67,"13,164",305,44,8
2025-04-19,twitter,TW66549,x_web_conversions,2024-11-29,LV,android,73.98,"5,246",44,5,1
2025-06-25,affiliate,AF38603,aff_summer,2024-11-17,MT,android,97.60,"7,975",117,9,1
2025-07-08,twitter,TW68977,x_retargeting,2025-02-27,DE,ios,83.29,"13,789",192,38,2
2025-02-15,facebook,FA86847,fb_retargeting,2024-10-20,GR,ios,57.08,"8,017",104,36,11
2025-01-20,facebook,FA77130,fb_brand_awareness,2024-12-04,DE,android,183.16,"9,096",119,18,5
2025-03-04,affiliate,AF76446,aff_summer,2024-09-15,NL,ios,60.07,"8,150",99,6,1
2025-09-22,twitter,TW57607,x_retargeting,2025-06-08,FI,android,94.02,"9,456",245,29,4
2025-08-24,google,GO70380,google_search_brand,2025-05-21,PT,ios,216.30,"8,340",511,56,5
2025-01-18,affiliate,AF46750,aff_summer,2024-05-04,LT,android,27.91,"4,034",26,3,0
2025-08-23,affiliate,AF55653,aff_spring,2025-03-31,IE,android,53.22,"4,520",83,10,1
2025-09-03,google,GO61376,google_search_brand,2025-08-31,SE,ios,279.67,"11,184",664,112,12
2025-04-09,twitter,TW50030,x_retargeting,2024-11-23,IE,android,68.93,"8,883",160,21,2
2025-04-07,google,GO47562,google_display_retargeting,2025-01-04,FI,android,169.89,"10,427",679,90,7
2025-06-22,google,GO95844,google_pmax_2025,2025-01-29,BG,android,248.82,"8,780",348,37,7
2025-03-20,affiliate,AF82100,aff_autumn,2024-06-12,FR,ios,24.99,"8,911",204,29,1
2025-06-01,twitter,TW62321,x_retargeting,2024-12-27,IT,android,129.47,"10,050",65,12,1
2025-12-12,instagram,IN65780,ig_app_install,2025-08-21,ES,ios,97.54,"6,215",216,31,3
2025-06-15,twitter,TW69854,x_web_conversions,2025-01-25,GR,ios,52.84,"12,474",214,40,3
2025-09-07,facebook,FA24070,fb_app_install,2025-05-16,HU,ios,194.85,"8,862",128,23,2
2025-08-08,facebook,FA37738,fb_app_install,2025-07-31,SI,android,236.78,"9,277",90,14,1
2025-02-09,twitter,TW35750,x_retargeting,2024-10-18,PL,ios,109.94,"13,148",377,62,11
2025-04-21,instagram,IN41911,ig_reels_push,2025-03-05,CY,ios,110.91,"10,292",352,43,8
2025-12-04,twitter,TW24040,x_awareness,2025-09-25,SI,ios,30.92,"9,801",180,27,2
2025-01-28,google,GO54995,google_display_retargeting,2024-10-18,LV,android,231.34,"14,286",992,150,12
2025-11-15,tiktok,TI56682,tt_app_installs,2025-07-27,MT,android,183.44,"12,977",401,109,6
2025-09-25,tiktok,TI28655,tt_app_installs,2025-08-14,BG,ios,194.93,"16,604",442,68,14
2025-08-27,google,GO59006,google_search_brand,2025-03-27,ES,ios,276.02,"8,583",274,26,8
2025-01-25,instagram,IN96288,ig_reels_push,2024-10-01,LU,ios,44.20,"3,214",80,13,1
2025-09-30,facebook,FA74841,fb_conversion_2025,2025-06-21,EE,android,447.94,"18,062",288,48,8
2025-09-25,affiliate,AF97097,aff_spring,2025-08-25,GR,android,46.71,"8,356",199,13,2
2025-10-18,tiktok,TI80526,tt_creator_push,2025-07-26,HR,android,247.49,"12,006",541,88,18
2025-01-12,google,GO20100,google_pmax_2025,2024-08-17,FI,android,211.88,"11,853",377,104,26
2025-08-07,facebook,FA73729,fb_conversion_2025,2025-07-23,EE,ios,104.30,"12,092",129,16,1
2025-05-31,tiktok,TI51949,tt_app_installs,2025-02-09,NL,android,243.71,"20,569",477,89,13
2025-12-30,tiktok,TI69232,tt_spark_ads,2025-12-27,SK,android,59.34,"4,290",119,23,3
2025-09-19,affiliate,AF12611,aff_spring,2025-03-06,LV,ios,73.30,"6,392",127,18,2
2025-03-10,facebook,FA64885,fb_conversion_2025,2025-01-30,SK,ios,220.48,"10,856",153,34,9
2025-04-25,tiktok,TI61899,tt_spark_ads,2025-01-26,NL,ios,89.81,"13,000",191,38,5
2025-12-03,facebook,FA44422,fb_retargeting,2025-10-21,RO,android,167.24,"7,059",147,34,7
2025-01-16,tiktok,TI93240,tt_creator_push,2024-09-07,SK,ios,102.68,"7,251",132,19,4
2025-05-09,twitter,TW28090,x_awareness,2025-01-12,SK,ios,69.48,"8,014",110,10,1
2025-04-27,instagram,IN28835,ig_app_install,2024-12-31,GR,android,91.31,"7,967",204,27,4
2025-08-04,affiliate,AF78144,aff_spring,2025-05-08,LU,ios,178.71,"14,892",358,26,3
2025-05-23,facebook,FA94253,fb_brand_awareness,2025-04-22,IT,android,69.94,"4,379",101,16,4
2025-09-21,google,GO48026,google_display_retargeting,2025-08-19,BG,ios,91.24,"6,984",294,66,12
2025-11-20,tiktok,TI95281,tt_conversion_2025,2025-08-03,IE,android,98.33,"8,863",285,47,3
2025-12-18,instagram,IN54678,ig_reels_push,2025-12-12,HU,android,37.60,"5,741",128,27,4
2025-08-10,affiliate,AF48178,aff_summer,2025-07-11,FR,android,67.34,"5,889",130,16,1
2025-04-30,facebook,FA95739,fb_brand_awareness,2025-04-21,LU,ios,174.13,"6,947",76,18,2
2025-11-09,tiktok,TI19729,tt_spark_ads,2025-10-31,BG,ios,69.11,"8,086",322,84,20
2025-04-04,twitter,TW76656,x_app_installs,2024-12-07,IT,android,82.78,"5,217",74,7,1
2025-12-01,google,GO74996,google_pmax_2025,2025-10-14,BG,ios,84.53,"5,661",267,35,11
2025-04-18,twitter,TW77698,x_awareness,2025-02-05,FR,ios,171.08,"12,511",313,60,9
2025-08-10,google,GO72376,google_display_retargeting,2025-07-02,DE,ios,282.29,"9,492",257,43,12
2025-07-18,affiliate,AF38484,aff_winter,2024-11-06,IE,android,106.55,"13,656",203,29,3
2025-08-24,twitter,TW33664,x_web_conversions,2025-04-28,LT,ios,27.12,"1,952",49,8,1
2025-07-22,twitter,TW67761,x_awareness,2025-07-14,PT,android,202.74,"11,915",122,17,2
2025-07-16,google,GO34636,google_youtube_video,2025-02-23,IT,android,56.51,"3,319",149,36,11
2025-05-18,google,GO15480,google_youtube_video,2025-01-27,SI,android,262.55,"11,731",708,116,17
2025-01-01,twitter,TW32716,x_app_installs,2024-07-16,LV,ios,94.74,"7,691",197,35,2
2025-07-08,google,GO23991,google_pmax_2025,2025-06-16,FR,android,164.01,"5,767",146,26,7
2025-01-07,affiliate,AF29597,aff_spring,2024-09-07,PL,android,21.19,"5,884",140,9,1
2025-12-19,instagram,IN14783,ig_story_launch,2025-11-10,LU,android,149.88,"9,769",250,64,17
2025-10-09,affiliate,AF97921,aff_autumn,2025-08-16,HR,android,24.67,"7,793",192,10,2
2025-05-27,tiktok,TI98675,tt_conversion_2025,2024-12-29,CY,ios,46.19,"4,584",84,18,2
2025-04-08,twitter,TW42504,x_awareness,2025-02-18,SI,ios,100.23,"7,360",188,34,6
2025-11-15,tiktok,TI25443,tt_creator_push,2025-08-05,RO,ios,170.36,"11,833",250,61,4
2025-10-18,google,GO29486,google_search_brand,2025-05-19,GR,ios,449.96,"12,960",842,89,23
2025-01-18,google,GO74318,google_youtube_video,2024-09-24,IT,ios,197.65,"9,781",635,143,37
2025-10-17,facebook,FA57478,fb_app_install,2025-09-13,HR,ios,184.81,"8,897",109,23,2
2025-10-30,google,GO65571,google_pmax_2025,2025-10-03,IT,android,446.49,"20,700",694,89,6
2025-08-31,instagram,IN33144,ig_reels_push,2025-06-10,NL,android,315.92,"16,654",576,154,8
2025-12-13,instagram,IN79021,ig_app_install,2025-10-05,SE,android,118.69,"11,697",447,57,11
2025-05-03,affiliate,AF83160,aff_autumn,2024-09-08,CY,ios,74.88,"11,906",77,11,0
2025-11-17,google,GO86907,google_pmax_2025,2025-09-10,IT,android,512.18,"14,794",568,143,21
2025-11-09,tiktok,TI61538,tt_spark_ads,2025-09-30,HR,ios,164.73,"7,876",417,101,23
2025-08-12,google,GO15398,google_pmax_2025,2025-06-28,PL,android,172.62,"10,714",257,31,7
2025-08-02,google,GO65118,google_search_brand,2025-04-18,HU,android,121.33,"8,310",504,132,34
2025-07-23,affiliate,AF40067,aff_summer,2025-03-07,IT,ios,25.23,"6,536",123,14,0
2025-05-21,twitter,TW32025,x_awareness,2024-12-16,CY,ios,45.69,"9,972",80,14,1
2025-12-10,instagram,IN98358,ig_reels_push,2025-10-30,GR,android,44.53,"4,217",136,27,3
2025-01-28,twitter,TW44273,x_app_installs,2025-01-27,SE,android,36.17,"10,680",95,15,1
2025-11-28,tiktok,TI30523,tt_spark_ads,2025-10-29,SE,android,71.80,"6,177",312,68,13
2025-07-03,google,GO43433,google_search_brand,2025-02-27,PL,android,144.93,"5,335",132,21,4
2025-02-14,tiktok,TI84587,tt_app_installs,2024-10-14,CY,android,33.98,"5,208",95,16,4
2025-05-01,affiliate,AF36942,aff_winter,2025-03-01,SI,ios,52.64,"12,439",118,12,2
2025-12-15,tiktok,TI25776,tt_conversion_2025,2025-10-23,EE,ios,22.34,"2,565",116,13,2
2025-08-22,affiliate,AF93669,aff_summer,2025-08-11,IT,ios,190.52,"15,827",369,46,7
2025-12-14,google,GO96888,google_search_brand,2025-08-18,IT,ios,326.84,"9,690",403,109,8
2025-10-17,google,GO26065,google_youtube_video,2025-09-19,ES,android,98.88,"5,875",383,105,23
2025-06-01,affiliate,AF24132,aff_winter,2025-01-17,FI,android,29.34,"9,971",241,40,6
2025-05-14,affiliate,AF80859,aff_autumn,2025-01-27,SK,ios,35.35,"7,117",50,6,1
2025-04-14,google,GO19706,google_search_brand,2024-12-09,LU,android,93.43,"5,813",215,47,8
2025-09-10,affiliate,AF86842,aff_summer,2025-04-18,MT,android,61.11,"11,279",132,22,3
2025-09-06,facebook,FA39846,fb_retargeting,2025-07-19,LV,android,327.89,"11,989",361,89,12
2025-10-22,google,GO27157,google_youtube_video,2025-10-18,BE,ios,107.42,"6,845",414,92,6
2025-04-18,tiktok,TI21330,tt_app_installs,2025-01-19,DK,android,85.34,"7,301",222,49,3
2025-09-30,facebook,FA78401,fb_app_install,2025-06-19,BG,android,225.36,"11,349",129,38,5
2025-10-09,google,GO57951,google_search_brand,2025-07-05,PT,ios,196.34,"10,309",602,159,28
2025-05-08,facebook,FA43605,fb_brand_awareness,2025-05-05,SK,ios,215.56,"9,837",155,39,12
2025-12-11,tiktok,TI39001,tt_creator_push,2025-12-02,MT,android,173.17,"8,883",455,137,16
2025-04-23,twitter,TW50340,x_app_installs,2024-11-15,LV,android,75.68,"7,699",53,7,0
2025-08-15,affiliate,AF11791,aff_spring,2024-11-08,LT,android,72.07,"8,938",128,12,1
2025-01-11,google,GO70376,google_search_brand,2024-11-03,HU,ios,269.08,"12,196",657,167,34
2025-04-20,facebook,FA18718,fb_conversion_2025,2025-04-19,MT,ios,319.41,"12,836",379,74,11
2025-09-10,affiliate,AF75876,aff_autumn,2025-05-12,IT,android,56.69,"5,758",54,8,1
2025-09-16,affiliate,AF33000,aff_spring,2025-06-06,GR,ios,64.10,"10,536",43,5,1
2025-11-18,tiktok,TI33156,tt_creator_push,2025-08-28,EE,android,161.79,"11,204",169,33,6
2025-06-04,affiliate,AF96092,aff_summer,2024-10-27,RO,android,35.32,"5,983",33,6,1
2025-01-17,facebook,FA67779,fb_brand_awareness,2024-11-29,BE,android,85.24,"4,010",47,14,2
2025-07-03,instagram,IN20955,ig_retargeting,2025-04-09,LU,ios,44.38,"8,013",174,47,11
2025-10-01,google,GO86308,google_search_brand,2025-07-17,DK,ios,271.15,"16,155",788,74,10
2025-06-05,google,GO31823,google_search_brand,2025-05-09,SI,ios,298.60,"10,285",655,73,6
2025-12-29,twitter,TW42622,x_app_installs,2025-10-02,BG,android,142.24,"7,954",61,9,1
2025-07-13,instagram,IN99928,ig_app_install,2025-05-22,NL,android,109.40,"6,695",286,43,3
2025-02-24,google,GO17670,google_display_retargeting,2025-01-30,LV,android,85.40,"6,636",431,59,15
2025-11-11,twitter,TW48201,x_web_conversions,2025-10-03,IE,android,46.18,"9,985",66,10,2
2025-08-17,affiliate,AF47939,aff_spring,2025-01-22,DE,android,46.31,"6,230",105,13,1
2025-09-01,affiliate,AF70863,aff_autumn,2025-01-09,IT,ios,56.25,"7,865",158,8,0
2025-11-15,affiliate,AF43320,aff_summer,2025-02-12,LT,ios,100.80,"7,912",108,19,3
2025-09-15,instagram,IN95240,ig_app_install,2025-06-09,PT,ios,54.43,"7,049",233,40,9
2025-08-14,tiktok,TI84344,tt_conversion_2025,2025-08-08,ES,android,132.70,"15,145",529,152,13
2025-06-09,affiliate,AF26971,aff_autumn,2025-06-04,SE,android,23.55,"6,030",118,10,1
2025-03-27,twitter,TW88079,x_web_conversions,2024-10-29,HU,ios,27.05,"7,346",95,7,0
2025-07-28,twitter,TW25139,x_web_conversions,2025-04-26,DE,ios,29.38,"8,635",76,11,1
2025-12-05,affiliate,AF23167,aff_autumn,2025-03-16,EE,android,71.97,"8,073",94,10,1
2025-08-05,twitter,TW46425,x_awareness,2025-05-02,RO,ios,105.77,"6,671",100,18,1
2025-03-07,instagram,IN66780,ig_story_launch,2025-01-26,IE,ios,95.30,"11,110",290,47,13
2025-07-23,facebook,FA71019,fb_retargeting,2025-07-16,PT,ios,135.89,"7,899",85,24,4
2025-10-08,instagram,IN41284,ig_retargeting,2025-09-13,BG,android,91.60,"12,049",430,44,8
2025-06-08,affiliate,AF47708,aff_spring,2025-02-11,DE,ios,35.91,"9,605",198,11,1
2025-11-04,tiktok,TI43650,tt_app_installs,2025-10-25,HR,android,168.72,"16,282",393,82,20
2025-12-19,affiliate,AF89937,aff_spring,2025-11-23,SE,android,20.90,"7,778",140,22,3
2025-03-28,twitter,TW31873,x_awareness,2024-12-22,HU,android,87.13,"5,867",154,19,1
2025-01-24,tiktok,TI20764,tt_spark_ads,2025-01-10,PL,android,68.33,"3,123",63,8,1
2025-05-30,tiktok,TI99806,tt_spark_ads,2025-05-06,RO,ios,95.37,"9,865",308,75,16
2025-04-07,instagram,IN96344,ig_reels_push,2025-02-03,PT,android,115.57,"9,970",317,71,6
2025-07-17,google,GO55953,google_pmax_2025,2025-03-23,BG,ios,186.71,"6,836",220,28,2
2025-06-07,twitter,TW78604,x_app_installs,2025-05-14,ES,android,120.57,"7,580",185,28,5
2025-10-23,facebook,FA20533,fb_retargeting,2025-08-04,HU,android,245.03,"18,701",480,118,15
2025-09-22,instagram,IN74708,ig_app_install,2025-08-09,PT,android,227.62,"10,835",141,29,7
2025-07-05,instagram,IN54382,ig_app_install,2025-03-08,DK,ios,99.64,"8,421",341,80,6
2025-12-31,affiliate,AF21819,aff_spring,2025-07-13,IT,android,36.40,"7,155",64,8,0
2025-04-18,twitter,TW58292,x_awareness,2025-02-18,SI,ios,54.89,"10,640",194,34,4
2025-04-09,twitter,TW79113,x_awareness,2025-01-10,LV,ios,34.39,"9,261",62,10,2
2025-08-06,google,GO45825,google_youtube_video,2025-07-04,PT,ios,191.53,"12,684",386,95,18
2025-06-11,instagram,IN50309,ig_app_install,2025-06-07,BG,android,76.01,"4,949",56,13,2
2025-04-28,affiliate,AF95716,aff_spring,2024-11-28,DK,ios,110.26,"8,572",109,11,2
2025-09-09,google,GO52846,google_pmax_2025,2025-07-22,BE,ios,127.23,"13,855",443,68,8
2025-08-19,facebook,FA82720,fb_retargeting,2025-05-26,IT,ios,249.22,"11,049",221,63,6
2025-08-11,twitter,TW77546,x_web_conversions,2025-05-30,HU,ios,118.43,"8,022",93,18,3
2025-10-29,instagram,IN43725,ig_app_install,2025-08-20,LT,android,88.13,"9,011",361,45,4
2025-06-09,tiktok,TI91448,tt_spark_ads,2025-04-20,IT,android,50.71,"8,276",303,57,9
2025-04-22,facebook,FA72637,fb_app_install,2025-04-16,IE,android,135.53,"8,201",71,17,3
2025-11-02,tiktok,TI65032,tt_app_installs,2025-10-31,LU,ios,111.61,"5,548",255,60,10
2025-03-01,tiktok,TI99724,tt_creator_push,2024-09-25,CY,android,203.01,"14,999",579,76,19
2025-06-23,facebook,FA17406,fb_brand_awareness,2025-02-27,IE,android,110.27,"9,065",160,37,7
2025-05-01,affiliate,AF43871,aff_winter,2024-07-22,PL,android,112.90,"10,275",81,12,1
2025-04-11,instagram,IN37907,ig_app_install,2025-02-25,LV,ios,42.92,"4,321",173,30,7
2025-11-09,facebook,FA41610,fb_conversion_2025,2025-10-05,LU,android,68.64,"6,702",206,58,4
2025-09-30,twitter,TW86613,x_app_installs,2025-09-30,PT,android,104.14,"13,820",229,45,5
2025-09-11,facebook,FA61956,fb_brand_awareness,2025-06-01,SE,ios,321.45,"14,226",481,145,32
2025-04-02,facebook,FA17511,fb_retargeting,2024-12-18,SE,ios,223.87,"13,813",120,37,6
2025-02-06,tiktok,TI78894,tt_spark_ads,2024-10-12,PL,android,65.55,"5,587",179,49,8
2025-03-20,tiktok,TI11670,tt_spark_ads,2025-02-19,NL,android,99.85,"10,794",496,120,23
2025-01-20,tiktok,TI10793,tt_spark_ads,2024-08-14,HR,ios,63.29,"13,751",487,93,8
2025-12-07,tiktok,TI35368,tt_app_installs,2025-08-19,DE,ios,170.48,"11,636",196,28,4
2025-01-15,twitter,TW17762,x_app_installs,2024-09-21,HU,android,149.14,"12,690",286,47,7
2025-08-17,twitter,TW13542,x_app_installs,2025-06-02,MT,android,150.39,"10,428",125,23,5
2025-07-01,affiliate,AF18037,aff_winter,2024-10-21,EE,android,49.26,"6,409",103,10,2
2025-01-30,instagram,IN61618,ig_reels_push,2024-12-15,SE,ios,66.75,"5,625",90,13,2
2025-04-10,affiliate,AF59310,aff_autumn,2024-11-20,PT,ios,86.93,"6,568",95,5,1
2025-08-18,facebook,FA40754,fb_app_install,2025-05-04,SK,android,143.77,"15,402",431,136,10
2025-02-22,twitter,TW17655,x_app_installs,2024-10-10,DK,android,149.03,"13,341",264,37,3
2025-12-25,twitter,TW77010,x_web_conversions,2025-08-06,MT,android,75.39,"4,731",53,9,1
2025-10-28,tiktok,TI99879,tt_app_installs,2025-07-05,IT,android,98.62,"14,000",299,58,8
2025-04-18,instagram,IN43982,ig_app_install,2025-03-31,DE,ios,18.42,"1,400",24,2,0
2025-03-30,facebook,FA52594,fb_retargeting,2025-02-26,PL,android,134.40,"9,621",211,37,4
2025-08-17,affiliate,AF16725,aff_spring,2025-01-22,SI,android,22.86,"10,752",201,21,1
2025-07-22,instagram,IN51956,ig_story_launch,2025-04-12,ES,ios,318.71,"13,757",409,96,7
2025-03-24,instagram,IN92504,ig_retargeting,2024-12-07,HR,android,99.49,"13,014",134,15,2
2025-11-09,twitter,TW89734,x_app_installs,2025-07-27,LU,android,158.12,"9,915",218,21,5
2025-01-30,google,GO22122,google_pmax_2025,2024-10-17,LT,ios,115.93,"8,121",214,22,5
2025-03-07,instagram,IN17193,ig_retargeting,2025-01-06,DK,android,123.75,"7,103",269,71,9
2025-01-25,twitter,TW61785,x_web_conversions,2025-01-12,SI,android,111.05,"7,183",200,41,4
2025-09-27,instagram,IN84910,ig_app_install,2025-07-03,AT,android,126.50,"6,489",219,48,7
2025-05-13,google,GO61477,google_youtube_video,2025-03-19,EE,android,283.63,"13,750",499,74,16
2025-07-17,facebook,FA36992,fb_brand_awareness,2025-03-21,FR,android,287.65,"11,086",169,58,6
2025-01-28,google,GO36795,google_youtube_video,2024-12-23,MT,ios,304.04,"11,316",411,85,20
2025-03-11,affiliate,AF88203,aff_summer,2024-08-26,HR,ios,41.03,"6,594",49,8,1
2025-03-17,instagram,IN13721,ig_app_install,2025-01-15,FR,ios,482.50,"21,896",800,218,18
2025-05-30,facebook,FA16429,fb_retargeting,2025-03-11,LU,ios,73.25,"3,601",49,11,2
2025-07-04,instagram,IN17349,ig_app_install,2025-05-30,MT,android,94.89,"5,234",131,35,2
2025-01-11,google,GO91890,google_youtube_video,2024-12-29,MT,ios,68.83,"3,204",222,18,1
2025-08-03,instagram,IN99152,ig_reels_push,2025-04-30,ES,android,378.38,"15,946",474,57,8
2025-10-15,facebook,FA44008,fb_brand_awareness,2025-07-02,LV,ios,149.07,"17,635",400,124,15
2025-10-15,tiktok,TI36213,tt_app_installs,2025-05-11,DK,ios,48.22,"8,255",325,47,8
2025-03-30,google,GO45892,google_youtube_video,2024-12-11,LT,android,218.73,"13,728",725,199,41
2025-08-10,facebook,FA45720,fb_conversion_2025,2025-07-30,BG,ios,240.45,"10,798",202,31,3
2025-01-08,google,GO12112,google_youtube_video,2024-09-14,AT,android,119.43,"5,819",285,50,4
2025-01-11,facebook,FA76900,fb_brand_awareness,2024-10-16,FI,ios,254.00,"11,469",95,16,1
2025-04-16,affiliate,AF92819,aff_summer,2024-11-18,DK,ios,71.82,"8,639",169,28,2
2025-04-26,tiktok,TI59512,tt_creator_push,2025-02-10,LU,android,31.06,"5,166",84,18,2
2025-07-06,facebook,FA30191,fb_brand_awareness,2025-04-29,SI,android,63.56,"8,796",125,32,3
2025-06-06,tiktok,TI61077,tt_creator_push,2025-05-10,PT,android,179.15,"9,141",209,35,3
2025-06-12,facebook,FA98994,fb_app_install,2025-02-22,HU,android,130.32,"5,138",147,42,10
2025-08-08,instagram,IN63969,ig_reels_push,2025-07-27,DE,android,240.82,"12,610",194,55,11
2025-08-20,affiliate,AF19939,aff_spring,2025-06-02,SE,ios,46.65,"12,195",124,13,2
2025-06-27,affiliate,AF39818,aff_autumn,2024-10-30,SI,ios,69.82,"6,908",84,11,2
2025-05-15,facebook,FA50642,fb_retargeting,2025-05-10,EE,ios,158.47,"12,628",226,49,8
2025-03-23,google,GO81460,google_youtube_video,2025-01-18,SK,android,419.56,"15,497",771,187,53
2025-05-06,google,GO42596,google_youtube_video,2025-03-02,FI,android,161.24,"4,912",269,56,7
2025-07-30,facebook,FA32641,fb_app_install,2025-07-24,FR,android,186.81,"9,725",242,81,23
2025-11-08,twitter,TW61029,x_app_installs,2025-06-03,MT,android,38.83,"8,015",237,17,3
2025-09-17,affiliate,AF26244,aff_autumn,2025-01-10,SK,ios,66.50,"9,863",128,18,1
2025-10-15,facebook,FA72375,fb_app_install,2025-08-27,GR,android,201.69,"24,362",489,72,12
2025-05-10,facebook,FA88597,fb_conversion_2025,2025-01-28,FR,ios,331.40,"13,922",204,51,9
2025-04-24,tiktok,TI17797,tt_app_installs,2025-04-05,IT,android,58.07,"3,242",110,26,4
2025-07-10,twitter,TW61396,x_awareness,2025-04-12,ES,android,157.44,"19,789",154,10,1
2025-06-13,tiktok,TI54809,tt_app_installs,2025-05-22,HR,ios,104.48,"15,507",617,114,23
2025-08-09,facebook,FA76610,fb_brand_awareness,2025-04-20,MT,android,395.67,"18,068",158,45,5
2025-08-18,tiktok,TI59318,tt_spark_ads,2025-05-06,IT,android,72.81,"6,798",128,18,2
2025-04-28,google,GO55281,google_pmax_2025,2024-12-09,IE,android,499.78,"17,107",1147,307,35
2025-06-29,tiktok,TI72092,tt_conversion_2025,2025-03-30,LT,android,103.42,"8,598",463,79,8
2025-04-21,instagram,IN61868,ig_retargeting,2025-04-11,HU,ios,130.61,"10,841",232,41,11
2025-02-15,google,GO76308,google_pmax_2025,2025-02-13,FI,ios,133.96,"10,492",450,102,21
2025-09-04,instagram,IN38946,ig_app_install,2025-05-28,NL,android,62.52,"9,653",210,48,3
2025-05-28,affiliate,AF15932,aff_autumn,2024-10-18,LT,android,237.47,"17,187",313,49,3
2025-05-17,affiliate,AF86756,aff_autumn,2024-10-28,AT,android,64.70,"13,117",214,36,2
2025-06-18,tiktok,TI90913,tt_conversion_2025,2025-04-30,PL,android,84.18,"9,180",274,83,9
2025-11-17,facebook,FA20938,fb_retargeting,2025-11-04,LT,ios,120.12,"12,514",184,46,7
2025-06-02,tiktok,TI51858,tt_creator_push,2025-03-27,BE,android,195.15,"9,742",338,58,4
2025-09-22,tiktok,TI16836,tt_creator_push,2025-05-19,IT,android,18.34,"4,354",117,28,3
2025-12-08,tiktok,TI19604,tt_app_installs,2025-09-01,SI,ios,97.51,"14,671",455,104,25
2025-06-01,twitter,TW22709,x_retargeting,2025-02-06,CY,android,83.59,"5,223",100,11,1
2025-09-11,instagram,IN49101,ig_story_launch,2025-09-11,IT,ios,98.35,"7,194",308,89,11
2025-10-25,affiliate,AF83686,aff_autumn,2025-03-06,BG,ios,42.65,"4,297",61,5,1
2025-06-22,facebook,FA27080,fb_brand_awareness,2025-04-08,SI,ios,111.02,"5,172",146,27,3
2025-11-17,google,GO20524,google_search_brand,2025-07-22,CY,android,167.07,"12,855",302,46,3
2025-06-30,instagram,IN34073,ig_retargeting,2025-03-23,PT,ios,199.98,"9,990",444,114,17
2025-04-10,tiktok,TI24614,tt_conversion_2025,2025-03-17,FR,ios,241.11,"11,104",154,35,3
2025-08-03,instagram,IN59115,ig_retargeting,2025-07-05,DK,ios,255.05,"13,095",411,76,15
2025-10-22,facebook,FA70832,fb_retargeting,2025-09-07,DK,ios,52.16,"6,393",145,33,8
2025-02-16,google,GO53669,google_pmax_2025,2025-01-01,HU,ios,158.18,"15,868",753,148,30
2025-01-05,tiktok,TI65859,tt_app_installs,2024-11-26,SE,android,19.83,"4,665",85,15,3
2025-10-22,twitter,TW72501,x_awareness,2025-07-12,RO,ios,100.93,"11,513",219,28,2
2025-03-29,affiliate,AF49247,aff_winter,2024-12-27,HU,android,73.92,"10,228",183,12,1
2025-03-15,affiliate,AF41021,aff_spring,2025-02-08,DK,android,104.33,"7,560",125,20,3
2025-01-29,tiktok,TI10696,tt_creator_push,2024-12-23,DE,ios,150.17,"8,142",134,18,3
2025-10-10,twitter,TW19586,x_awareness,2025-09-16,BG,ios,35.04,"10,025",68,5,1
2025-11-12,twitter,TW94399,x_awareness,2025-11-11,EE,android,110.47,"6,380",83,5,1
2025-08-23,affiliate,AF46788,aff_winter,2025-04-30,BE,android,64.60,"6,297",60,7,1
2025-01-19,google,GO82732,google_pmax_2025,2024-12-24,LT,android,180.98,"12,314",678,77,23
2025-08-15,google,GO95278,google_youtube_video,2025-06-17,SI,android,249.64,"9,142",535,95,28
2025-01-06,instagram,IN80781,ig_app_install,2024-09-25,HR,ios,42.84,"6,420",138,19,5
2025-11-14,google,GO20361,google_display_retargeting,2025-06-27,GR,android,155.68,"5,881",339,65,5
2025-05-27,google,GO43290,google_display_retargeting,2025-03-16,LT,ios,264.56,"9,894",614,56,14
2025-02-23,google,GO54744,google_display_retargeting,2024-12-03,IT,android,336.28,"11,078",442,55,9
2025-08-31,google,GO10772,google_display_retargeting,2025-04-11,GR,android,125.93,"10,276",679,86,20
2025-09-19,facebook,FA53135,fb_brand_awareness,2025-05-30,LU,android,117.58,"4,369",99,21,6
2025-10-29,twitter,TW54253,x_retargeting,2025-10-27,LU,android,81.07,"6,521",141,24,4
2025-12-11,facebook,FA45595,fb_retargeting,2025-10-23,BE,ios,248.34,"11,536",319,108,16
2025-03-05,affiliate,AF78182,aff_spring,2024-08-28,CZ,ios,62.10,"12,175",178,31,3
2025-12-24,instagram,IN38121,ig_app_install,2025-10-10,LV,ios,118.41,"5,055",113,13,2
2025-01-03,facebook,FA74195,fb_conversion_2025,2024-12-22,LU,android,221.30,"8,691",131,45,12
2025-10-04,tiktok,TI16150,tt_conversion_2025,2025-05-10,MT,ios,155.29,"9,305",148,18,2
2025-06-02,twitter,TW17113,x_retargeting,2025-05-10,MT,android,117.35,"11,208",273,19,2
2025-05-14,instagram,IN99428,ig_story_launch,2025-03-10,DK,ios,81.93,"5,356",114,19,3
2025-06-14,google,GO10310,google_display_retargeting,2025-05-30,ES,android,194.03,"8,606",436,90,9
2025-08-17,twitter,TW20754,x_awareness,2025-06-19,ES,android,46.73,"6,955",202,16,2
2025-01-06,instagram,IN31691,ig_app_install,2024-12-08,LV,android,177.62,"9,214",258,66,6
2025-10-10,google,GO30950,google_pmax_2025,2025-09-28,HR,android,233.85,"9,179",382,87,17
2025-08-17,facebook,FA32839,fb_retargeting,2025-06-07,DK,ios,61.30,"3,352",44,14,1
2025-11-17,twitter,TW93761,x_app_installs,2025-10-04,LV,ios,81.75,"12,882",192,28,2
2025-03-09,facebook,FA92678,fb_conversion_2025,2025-02-19,BG,ios,222.74,"13,457",402,139,10
2025-04-13,instagram,IN62819,ig_story_launch,2025-03-12,FR,android,160.14,"10,637",362,89,11
2025-09-12,affiliate,AF58197,aff_winter,2024-11-16,CY,ios,30.57,"2,644",56,8,1
2025-04-03,instagram,IN89924,ig_retargeting,2025-02-07,SK,ios,40.88,"4,425",100,21,3
2025-02-12,facebook,FA44077,fb_brand_awareness,2024-11-17,GR,android,105.51,"7,924",239,68,19
2025-07-30,google,GO34315,google_pmax_2025,2025-06-01,BG,android,79.78,"7,136",211,57,10
2025-10-29,google,GO76733,google_youtube_video,2025-08-10,NL,ios,415.38,"12,803",843,205,24
2025-07-14,affiliate,AF43830,aff_winter,2025-02-18,BE,android,67.12,"10,015",154,24,3
2025-11-19,tiktok,TI32429,tt_creator_push,2025-06-19,CY,android,112.21,"11,508",628,170,39
2025-01-08,google,GO28415,google_search_brand,2024-12-02,SI,ios,104.01,"10,933",668,80,21
2025-01-15,google,GO51240,google_display_retargeting,2025-01-06,HU,android,87.94,"2,545",99,24,2
2025-02-15,google,GO66631,google_pmax_2025,2025-02-08,CZ,ios,169.91,"5,496",161,36,4
2025-12-03,instagram,IN52100,ig_story_launch,2025-12-02,BE,android,86.65,"8,918",289,42,10
2025-01-22,twitter,TW90337,x_awareness,2024-09-30,FR,ios,109.24,"10,711",254,21,2
2025-08-14,instagram,IN71421,ig_app_install,2025-05-31,MT,android,156.80,"16,488",212,61,13
2025-11-19,twitter,TW49324,x_retargeting,2025-07-11,CY,ios,152.52,"11,928",209,26,1
2025-06-23,affiliate,AF88098,aff_spring,2024-10-01,HU,ios,112.65,"14,712",201,16,1
2025-03-20,tiktok,TI95688,tt_app_installs,2024-12-12,ES,ios,159.48,"11,421",602,145,34
2025-09-04,google,GO63905,google_pmax_2025,2025-04-01,IT,ios,43.16,"4,078",138,18,2
2025-04-28,instagram,IN77738,ig_retargeting,2025-01-26,HU,android,189.90,"9,269",240,49,6
2025-07-17,facebook,FA67154,fb_conversion_2025,2025-04-02,SK,android,350.06,"13,495",350,79,5
2025-11-19,twitter,TW34389,x_app_installs,2025-08-11,NL,android,187.53,"12,528",194,27,1
2025-04-10,facebook,FA60088,fb_app_install,2025-03-10,GR,ios,163.88,"12,633",151,45,13
2025-04-23,affiliate,AF36736,aff_winter,2024-07-12,MT,android,32.99,"8,312",102,10,1
2025-10-02,tiktok,TI14849,tt_creator_push,2025-05-15,PT,ios,106.48,"6,635",287,58,10
2025-10-24,facebook,FA19354,fb_retargeting,2025-07-10,GR,ios,94.78,"5,952",171,34,5
2025-01-18,twitter,TW36812,x_web_conversions,2025-01-12,BE,ios,94.67,"16,626",396,59,6
2025-08-08,twitter,TW22928,x_web_conversions,2025-03-31,LU,android,47.66,"6,126",127,17,2
2025-05-04,instagram,IN43830,ig_retargeting,2025-01-04,EE,ios,261.35,"13,702",151,24,5
2025-03-21,twitter,TW88224,x_retargeting,2024-10-17,SE,ios,158.69,"9,809",199,14,2
2025-04-23,google,GO41491,google_display_retargeting,2024-12-30,SI,android,189.28,"6,345",388,106,25
2025-05-11,twitter,TW79221,x_awareness,2024-12-20,LT,ios,52.33,"4,244",109,21,3
2025-02-04,twitter,TW57262,x_app_installs,2024-09-23,DE,android,96.46,"7,631",141,23,2
2025-09-23,google,GO70516,google_search_brand,2025-06-30,BG,android,197.84,"11,748",729,159,24
2025-08-25,instagram,IN57811,ig_story_launch,2025-06-13,BG,android,64.61,"4,466",154,21,5
2025-04-13,twitter,TW28204,x_web_conversions,2024-11-22,AT,android,121.84,"9,676",238,27,2
2025-01-30,google,GO95192,google_youtube_video,2025-01-14,FR,ios,131.45,"6,848",453,57,14
2025-07-10,google,GO10771,google_display_retargeting,2025-04-02,FR,android,141.51,"6,029",358,39,5
2025-03-07,instagram,IN84378,ig_story_launch,2025-02-05,CZ,android,76.46,"6,968",143,17,3
2025-06-13,instagram,IN45797,ig_reels_push,2025-06-06,NL,ios,87.86,"7,322",247,44,6
2025-04-19,twitter,TW35754,x_web_conversions,2024-11-05,RO,ios,72.87,"8,032",107,6,1
2025-02-16,instagram,IN23478,ig_reels_push,2024-12-15,PL,android,277.22,"16,997",740,192,11
2025-09-10,affiliate,AF55943,aff_autumn,2025-06-29,EE,android,240.21,"22,544",535,69,4
2025-08-11,affiliate,AF13925,aff_autumn,2025-05-30,LV,ios,150.12,"12,895",180,16,3
2025-03-29,google,GO11220,google_pmax_2025,2025-01-10,DK,android,219.24,"10,609",549,80,23
2025-11-08,instagram,IN83524,ig_reels_push,2025-09-17,FR,android,130.55,"5,489",187,43,8
2025-07-08,twitter,TW28334,x_retargeting,2025-04-18,CZ,android,49.88,"3,609",76,8,1
2025-12-27,google,GO87199,google_youtube_video,2025-11-11,HR,android,386.72,"13,376",656,102,8
2025-08-10,tiktok,TI20892,tt_spark_ads,2025-04-14,EE,ios,211.50,"11,896",576,87,10
2025-06-14,instagram,IN67589,ig_app_install,2025-03-06,SI,ios,42.71,"6,445",70,14,1
2025-05-05,google,GO72656,google_search_brand,2025-01-01,PL,android,216.87,"9,361",506,128,22
2025-11-06,instagram,IN96454,ig_reels_push,2025-08-27,LV,android,234.54,"10,000",113,31,5
2025-11-25,facebook,FA85639,fb_app_install,2025-10-31,SK,ios,137.24,"6,826",94,16,3
2025-09-07,twitter,TW90964,x_awareness,2025-06-27,AT,ios,97.52,"6,239",167,32,6
2025-09-21,tiktok,TI53026,tt_spark_ads,2025-05-11,LV,ios,263.70,"14,910",606,88,21
2025-02-08,tiktok,TI61855,tt_creator_push,2024-11-04,CY,android,46.36,"5,042",65,10,2
2025-09-02,instagram,IN96074,ig_story_launch,2025-06-03,HU,ios,156.77,"14,312",604,159,31
2025-08-24,instagram,IN59707,ig_reels_push,2025-06-16,FI,ios,162.09,"8,513",246,55,4
2025-10-01,facebook,FA43673,fb_retargeting,2025-06-10,IE,ios,113.43,"5,364",58,10,3
2025-07-16,facebook,FA32681,fb_app_install,2025-05-10,RO,android,222.96,"9,311",140,41,5
2025-08-07,affiliate,AF37907,aff_winter,2025-01-19,HR,android,29.18,"3,043",46,8,1
2025-02-15,instagram,IN96905,ig_story_launch,2024-10-25,EE,ios,97.19,"8,109",176,43,4
2025-09-24,affiliate,AF46541,aff_winter,2025-05-24,SI,android,51.76,"7,081",103,17,1
2025-08-02,instagram,IN47964,ig_retargeting,2025-05-24,HU,android,90.76,"5,821",156,35,7
2025-12-01,facebook,FA63611,fb_conversion_2025,2025-11-01,LV,android,318.53,"17,994",421,103,9
2025-05-29,tiktok,TI62512,tt_app_installs,2024-12-27,AT,ios,178.15,"11,512",597,73,12
2025-07-13,twitter,TW81998,x_awareness,2025-03-31,CY,ios,41.69,"8,650",118,16,3
2025-04-15,instagram,IN64547,ig_reels_push,2025-01-05,NL,android,81.22,"9,783",235,55,12
2025-02-15,tiktok,TI78101,tt_spark_ads,2024-10-20,CZ,ios,116.17,"6,011",119,14,3
2025-03-04,twitter,TW96706,x_web_conversions,2025-02-03,SE,android,39.41,"11,939",77,8,1
2025-04-27,twitter,TW96252,x_retargeting,2025-02-20,PT,android,156.06,"13,271",259,26,4
2025-08-22,affiliate,AF36844,aff_autumn,2025-05-17,ES,android,88.01,"11,861",189,20,1
2025-09-06,facebook,FA42007,fb_conversion_2025,2025-08-29,EE,ios,247.97,"10,375",361,105,16
2025-04-23,instagram,IN56771,ig_retargeting,2025-04-01,IE,ios,201.08,"12,222",377,53,6
2025-01-27,affiliate,AF12170,aff_summer,2024-08-07,IT,ios,37.38,"5,562",46,7,1
2025-08-22,tiktok,TI39080,tt_spark_ads,2025-05-09,AT,ios,13.31,"2,618",72,19,3
2025-07-11,affiliate,AF68421,aff_spring,2025-04-01,CY,ios,199.79,"14,373",97,14,1
2025-06-06,twitter,TW75162,x_app_installs,2025-04-19,RO,ios,123.96,"16,243",209,14,2
2025-03-11,tiktok,TI24301,tt_spark_ads,2025-01-02,SE,android,192.83,"12,039",433,48,7
2025-11-11,tiktok,TI93420,tt_app_installs,2025-08-01,SE,android,95.82,"7,680",228,36,5
2025-01-11,google,GO72645,google_display_retargeting,2024-09-21,IT,android,243.79,"8,437",506,108,21
2025-03-16,instagram,IN47024,ig_reels_push,2025-01-05,DE,android,193.56,"8,450",357,69,11
2025-11-05,affiliate,AF27780,aff_winter,2025-03-26,RO,android,102.90,"10,307",176,21,2
2025-01-23,instagram,IN12333,ig_retargeting,2025-01-12,HR,android,131.94,"8,185",106,22,5
2025-01-26,twitter,TW77278,x_retargeting,2024-09-24,NL,ios,61.91,"6,872",62,14,3
2025-10-16,affiliate,AF67683,aff_winter,2025-01-08,SK,android,215.27,"18,034",374,42,1
2025-07-22,tiktok,TI72278,tt_spark_ads,2025-03-29,ES,android,102.50,"5,190",111,22,2
2025-01-05,twitter,TW66211,x_web_conversions,2024-07-31,NL,ios,145.56,"12,990",189,41,8
2025-10-03,google,GO25332,google_display_retargeting,2025-06-17,PT,android,119.41,"13,108",787,160,35
2025-03-19,twitter,TW57572,x_app_installs,2024-12-19,FI,android,142.21,"9,980",71,14,2
2025-12-01,instagram,IN14477,ig_retargeting,2025-09-19,ES,android,115.74,"13,130",283,53,13
2025-08-11,instagram,IN88472,ig_story_launch,2025-05-10,LU,ios,109.46,"6,442",104,25,1
2025-07-02,google,GO71685,google_youtube_video,2025-03-07,DK,ios,146.23,"6,155",207,50,12
2025-11-16,twitter,TW16942,x_app_installs,2025-10-06,EE,ios,25.44,"7,947",122,22,3
2025-12-10,facebook,FA15480,fb_brand_awareness,2025-09-05,EE,android,188.31,"7,172",175,60,7
2025-08-11,google,GO83011,google_display_retargeting,2025-03-29,PL,ios,45.93,"5,549",376,89,5
2025-08-15,facebook,FA44997,fb_retargeting,2025-07-22,EE,android,318.25,"11,977",296,59,14
2025-01-29,google,GO38673,google_search_brand,2024-08-30,CZ,ios,383.02,"15,016",860,110,14
2025-03-20,google,GO14605,google_youtube_video,2025-02-10,FI,ios,201.06,"13,931",546,78,7
2025-05-07,affiliate,AF37782,aff_summer,2024-09-04,DK,android,42.45,"5,707",133,20,2
2025-11-21,instagram,IN35542,ig_app_install,2025-11-08,EE,ios,238.26,"16,445",275,48,9
2025-01-22,google,GO29557,google_search_brand,2024-09-15,DE,ios,248.56,"8,690",474,125,25
2025-01-16,tiktok,TI53333,tt_app_installs,2024-09-15,CY,ios,72.28,"13,572",462,116,20
2025-01-29,instagram,IN90449,ig_reels_push,2024-10-12,HR,ios,191.99,"18,776",581,122,18
2025-01-25,tiktok,TI64865,tt_app_installs,2024-10-29,GR,android,81.83,"10,143",479,81,7
2025-02-08,google,GO33681,google_youtube_video,2024-10-29,BE,android,172.61,"8,964",435,105,20
2025-11-16,affiliate,AF31377,aff_winter,2025-06-06,FI,ios,63.97,"8,224",54,3,0
2025-01-17,instagram,IN20090,ig_reels_push,2024-09-27,DE,android,132.54,"13,770",384,104,7
2025-06-20,google,GO98179,google_search_brand,2025-04-10,BG,ios,145.42,"8,681",582,77,11
2025-07-28,google,GO19403,google_pmax_2025,2025-05-17,BG,ios,245.30,"9,600",226,36,3
2025-05-13,google,GO37928,google_display_retargeting,2025-03-01,LT,ios,115.31,"5,226",232,22,5
2025-01-06,tiktok,TI13877,tt_app_installs,2024-08-11,MT,ios,104.18,"5,573",162,39,4
2025-03-20,instagram,IN22989,ig_reels_push,2025-02-03,AT,android,178.97,"17,098",276,66,10
2025-05-08,affiliate,AF90916,aff_spring,2024-07-23,SK,android,24.80,"6,098",63,4,0
2025-10-31,twitter,TW88154,x_awareness,2025-06-06,SI,ios,51.29,"9,194",220,33,5
2025-12-09,twitter,TW47425,x_retargeting,2025-07-13,HR,android,131.82,"12,547",348,31,6
2025-07-20,affiliate,AF65387,aff_autumn,2024-09-27,SI,android,24.31,"4,550",58,4,1
2025-02-10,google,GO98717,google_youtube_video,2024-11-16,HR,android,466.41,"14,958",373,56,12
2025-07-05,tiktok,TI96146,tt_conversion_2025,2025-03-17,CZ,ios,120.15,"8,584",158,43,2
2025-09-20,google,GO30536,google_youtube_video,2025-09-19,EE,ios,128.72,"6,098",336,78,17
2025-04-04,tiktok,TI85634,tt_app_installs,2025-02-06,SK,android,98.40,"9,928",542,96,6
2025-03-01,instagram,IN98115,ig_app_install,2024-12-03,PT,android,68.63,"6,131",152,45,3
2025-11-04,affiliate,AF42259,aff_autumn,2025-07-11,EE,android,54.07,"12,305",232,22,4
2025-01-21,instagram,IN37034,ig_app_install,2024-12-05,SI,ios,76.93,"13,920",413,108,27
2025-05-01,tiktok,TI37544,tt_creator_push,2025-04-12,BG,android,60.08,"6,969",105,20,4
2025-10-30,facebook,FA36714,fb_conversion_2025,2025-10-18,CY,ios,274.37,"11,387",335,116,13
2025-05-13,google,GO79547,google_youtube_video,2025-05-10,LT,android,402.88,"12,224",669,121,11
2025-04-14,affiliate,AF48598,aff_autumn,2024-12-24,NL,android,19.26,"5,501",80,5,0
2025-04-17,tiktok,TI20217,tt_app_installs,2025-03-12,FR,ios,152.12,"10,751",455,111,16
2025-01-06,affiliate,AF22282,aff_spring,2024-06-19,RO,android,101.43,"7,539",47,4,0
2025-04-19,facebook,FA63018,fb_app_install,2025-02-14,SK,ios,70.25,"3,304",88,21,4
2025-04-14,facebook,FA25344,fb_app_install,2025-03-28,BG,android,164.57,"7,743",76,26,6
2025-06-26,tiktok,TI27922,tt_app_installs,2025-05-30,BE,ios,202.22,"9,540",147,32,5
2025-07-07,twitter,TW91983,x_web_conversions,2025-06-12,LV,ios,71.60,"8,297",136,17,1
2025-10-06,twitter,TW92496,x_web_conversions,2025-07-19,BE,android,33.40,"4,221",125,21,3
2025-06-03,tiktok,TI80545,tt_app_installs,2025-05-15,HU,ios,94.03,"10,397",338,44,7
2025-09-09,twitter,TW36637,x_app_installs,2025-03-28,IE,android,151.45,"14,783",286,41,2
2025-04-03,affiliate,AF57489,aff_summer,2024-09-22,BG,android,35.95,"4,712",117,15,3
2025-07-21,tiktok,TI21646,tt_app_installs,2025-03-01,GR,ios,138.51,"9,577",418,48,10
2025-05-21,affiliate,AF13333,aff_autumn,2024-10-04,DE,android,113.11,"9,145",182,23,1
2025-05-03,twitter,TW67746,x_web_conversions,2025-04-07,HU,android,76.21,"6,072",160,20,2
2025-08-12,instagram,IN48551,ig_app_install,2025-06-29,AT,android,71.54,"5,091",223,53,3
2025-04-08,instagram,IN63073,ig_story_launch,2025-02-02,CZ,ios,144.24,"6,466",252,32,6
2025-12-24,affiliate,AF55476,aff_winter,2025-10-01,PT,android,52.91,"5,801",24,3,0
2025-07-08,tiktok,TI25469,tt_conversion_2025,2025-06-21,PL,ios,147.29,"13,206",639,73,11
2025-04-05,tiktok,TI39420,tt_conversion_2025,2025-02-25,GR,android,47.87,"5,721",118,28,3
2025-09-01,google,GO39187,google_search_brand,2025-07-30,IT,ios,110.86,"13,064",837,137,14
2025-05-14,affiliate,AF41974,aff_winter,2025-03-17,LU,ios,25.55,"6,776",163,28,2
2025-02-24,facebook,FA11611,fb_brand_awareness,2024-11-06,NL,android,208.07,"12,133",422,112,11
2025-07-26,twitter,TW39405,x_awareness,2025-05-21,HR,android,165.51,"9,580",152,22,4
2025-08-23,google,GO99370,google_pmax_2025,2025-06-24,NL,ios,395.73,"11,406",576,151,17
2025-03-11,tiktok,TI17456,tt_creator_push,2025-01-14,BG,android,46.34,"9,994",408,85,15
2025-09-10,tiktok,TI91867,tt_creator_push,2025-09-07,FI,ios,138.84,"7,865",415,93,13
2025-07-03,tiktok,TI79256,tt_creator_push,2025-03-16,LT,android,101.02,"9,792",474,62,11
2025-08-28,tiktok,TI79057,tt_spark_ads,2025-03-26,BG,android,166.84,"7,772",340,95,18
2025-07-09,tiktok,TI69399,tt_app_installs,2025-03-16,BG,android,17.68,"3,870",164,35,5
2025-10-01,google,GO39612,google_pmax_2025,2025-05-19,IE,ios,308.57,"17,134",1063,105,15
2025-07-04,google,GO66724,google_pmax_2025,2025-05-30,SE,android,149.63,"8,205",415,91,20
2025-08-09,instagram,IN52056,ig_reels_push,2025-05-12,EE,ios,80.41,"5,133",167,34,4
2025-05-22,twitter,TW67504,x_app_installs,2025-01-06,PL,android,116.87,"7,774",224,48,10
2025-09-07,instagram,IN67078,ig_retargeting,2025-05-12,AT,ios,94.14,"4,623",82,21,2
2025-05-28,instagram,IN60388,ig_reels_push,2025-04-09,LT,android,365.59,"17,346",627,168,21
2025-04-28,tiktok,TI15918,tt_spark_ads,2024-12-12,SI,ios,52.21,"4,182",114,36,3
2025-03-12,instagram,IN96532,ig_story_launch,2024-12-05,RO,android,109.87,"8,999",161,31,3
2025-03-19,tiktok,TI55372,tt_conversion_2025,2024-10-26,AT,ios,115.73,"6,766",104,22,2
2025-07-08,facebook,FA11168,fb_brand_awareness,2025-03-11,LV,android,229.54,"12,602",392,100,29
2025-10-27,facebook,FA27578,fb_retargeting,2025-08-27,SE,android,205.65,"8,237",274,38,10
2025-04-22,facebook,FA47421,fb_conversion_2025,2025-02-25,FR,android,541.29,"25,581",584,138,18
2025-07-23,affiliate,AF15194,aff_spring,2025-06-01,AT,ios,71.22,"9,004",108,14,0
2025-11-29,instagram,IN24082,ig_reels_push,2025-08-24,PT,ios,46.27,"5,706",165,38,10
2025-07-24,instagram,IN33106,ig_reels_push,2025-05-31,SE,android,174.65,"18,925",404,97,7
2025-07-05,google,GO74438,google_pmax_2025,2025-04-11,AT,ios,300.04,"12,835",408,76,13
2025-05-04,google,GO68927,google_pmax_2025,2025-02-17,MT,ios,242.11,"10,419",685,183,52
2025-03-13,twitter,TW33725,x_app_installs,2024-10-20,PT,ios,63.72,"6,876",185,31,6
2025-05-11,twitter,TW50378,x_retargeting,2024-12-26,HU,android,51.50,"9,343",156,28,6
2025-05-16,instagram,IN80438,ig_story_launch,2025-05-12,CY,android,62.87,"9,520",365,94,25
2025-06-27,tiktok,TI94353,tt_app_installs,2025-04-18,HU,ios,185.61,"10,361",227,46,4
2025-05-22,facebook,FA99151,fb_retargeting,2025-05-01,ES,android,135.04,"11,908",265,78,19
2025-04-17,instagram,IN69522,ig_retargeting,2025-02-22,SI,ios,254.23,"11,095",205,39,7
2025-01-20,facebook,FA56287,fb_app_install,2024-10-18,MT,ios,190.89,"7,044",162,25,3
2025-09-01,google,GO54246,google_display_retargeting,2025-08-21,DE,ios,93.84,"4,512",129,35,8
2025-11-23,twitter,TW64995,x_awareness,2025-08-14,NL,ios,63.58,"5,206",124,26,4
2025-07-13,facebook,FA76321,fb_brand_awareness,2025-06-09,RO,android,112.65,"5,402",78,14,2
2025-12-17,facebook,FA10166,fb_brand_awareness,2025-09-16,MT,android,183.49,"6,980",94,16,1
2025-05-17,google,GO23810,google_pmax_2025,2025-03-31,IE,android,134.05,"5,715",231,21,6
2025-07-30,instagram,IN55150,ig_story_launch,2025-05-07,RO,ios,104.18,"10,043",319,85,4
2025-04-11,google,GO92239,google_search_brand,2024-11-15,LT,android,284.92,"9,815",470,85,9
2025-03-03,instagram,IN53095,ig_retargeting,2025-02-03,DE,ios,251.37,"12,804",244,71,14
2025-03-14,tiktok,TI51345,tt_spark_ads,2025-02-26,PL,android,174.85,"19,971",405,119,25
2025-06-28,facebook,FA99867,fb_app_install,2025-04-07,CZ,ios,59.98,"9,723",138,34,8
2025-11-21,instagram,IN45744,ig_app_install,2025-10-25,CY,ios,159.18,"10,423",273,44,6
2025-12-03,google,GO61345,google_search_brand,2025-08-31,GR,android,97.21,"10,697",404,89,27
2025-03-01,affiliate,AF96726,aff_autumn,2024-07-27,IT,ios,34.39,"13,956",152,11,1
2025-05-06,instagram,IN58893,ig_reels_push,2025-02-07,BG,android,83.42,"6,386",194,46,6
2025-06-19,twitter,TW70943,x_app_installs,2025-01-06,SE,android,182.26,"12,207",137,25,2
2025-04-29,facebook,FA75955,fb_retargeting,2025-03-20,SI,ios,92.71,"6,426",80,23,6
2025-01-03,google,GO26064,google_search_brand,2024-10-18,IE,android,302.59,"11,250",468,101,23
2025-09-25,tiktok,TI19486,tt_app_installs,2025-09-07,RO,ios,66.90,"3,495",147,28,2
2025-05-12,instagram,IN55050,ig_retargeting,2025-02-17,MT,ios,75.73,"6,137",148,36,5
2025-04-20,tiktok,TI69431,tt_spark_ads,2025-03-22,SI,android,144.11,"10,641",322,92,13
2025-08-24,tiktok,TI27681,tt_app_installs,2025-05-13,MT,android,110.31,"14,808",695,192,8
2025-08-23,instagram,IN93941,ig_story_launch,2025-05-07,BG,android,72.14,"5,608",148,22,6
2025-05-26,instagram,IN94241,ig_story_launch,2025-04-30,HU,android,207.93,"14,900",660,193,44
2025-09-09,twitter,TW97033,x_awareness,2025-07-15,FR,android,106.14,"6,868",123,25,1
2025-11-07,instagram,IN20895,ig_app_install,2025-09-22,CY,ios,50.87,"4,154",70,12,3
2025-12-22,google,GO12774,google_display_retargeting,2025-12-01,FI,android,189.73,"9,722",232,42,8
2025-08-17,instagram,IN36060,ig_app_install,2025-07-16,EE,android,29.59,"5,136",145,42,9
2025-07-04,instagram,IN19528,ig_story_launch,2025-03-08,BG,android,134.04,"11,079",447,100,6
2025-07-05,google,GO92582,google_search_brand,2025-05-11,EE,ios,246.21,"9,892",254,23,7
2025-06-04,facebook,FA35378,fb_app_install,2025-05-15,RO,ios,278.49,"10,609",211,72,17
2025-01-22,tiktok,TI73689,tt_creator_push,2024-12-14,PL,ios,113.90,"7,272",361,41,2
2025-05-05,google,GO66364,google_search_brand,2024-12-11,NL,ios,344.98,"11,347",786,141,38
2025-08-28,affiliate,AF27093,aff_autumn,2025-07-10,AT,android,52.53,"8,336",123,8,1
2025-03-30,facebook,FA62086,fb_app_install,2025-01-23,FI,android,154.92,"6,578",98,25,1
2025-11-30,facebook,FA25528,fb_app_install,2025-10-22,SE,ios,87.25,"11,861",220,32,5
2025-08-23,twitter,TW35885,x_web_conversions,2025-06-30,SK,android,96.44,"5,615",57,8,1
2025-02-21,tiktok,TI58461,tt_conversion_2025,2025-01-10,FR,android,121.40,"8,971",266,70,5
2025-07-11,tiktok,TI11701,tt_conversion_2025,2025-02-24,FR,ios,55.11,"7,681",245,64,7
2025-07-25,facebook,FA28512,fb_retargeting,2025-04-29,FI,ios,496.13,"18,426",267,62,7
2025-04-23,google,GO76306,google_search_brand,2025-01-28,DK,ios,85.38,"5,782",195,25,2
2025-12-23,twitter,TW16642,x_app_installs,2025-07-31,HR,ios,104.36,"13,917",314,33,5
2025-07-26,google,GO51958,google_search_brand,2025-04-23,DE,ios,171.27,"17,911",467,68,9
2025-01-05,affiliate,AF17338,aff_spring,2024-08-31,CZ,android,83.72,"8,334",145,16,2
2025-02-17,affiliate,AF15563,aff_winter,2025-02-14,IT,ios,73.32,"6,353",116,20,2
2025-06-10,google,GO23132,google_pmax_2025,2025-03-26,IT,ios,128.98,"5,800",208,44,6
2025-08-27,twitter,TW82782,x_awareness,2025-05-03,IE,ios,26.61,"3,501",102,18,1
2025-11-28,twitter,TW52883,x_awareness,2025-07-02,ES,ios,231.08,"13,274",267,57,9
2025-06-01,tiktok,TI31125,tt_creator_push,2025-04-09,HR,android,161.50,"13,256",640,193,26
2025-12-28,affiliate,AF95205,aff_autumn,2025-04-13,LT,ios,37.55,"3,520",36,5,1
2025-06-13,facebook,FA11955,fb_app_install,2025-06-11,DK,ios,218.27,"8,889",93,25,6
2025-08-01,google,GO34527,google_pmax_2025,2025-04-19,SI,android,133.92,"7,318",228,52,9
2025-09-24,google,GO17392,google_pmax_2025,2025-04-20,LV,ios,223.75,"12,325",299,31,2
2025-08-28,instagram,IN55661,ig_story_launch,2025-08-26,DE,android,120.44,"5,833",230,68,15
2025-07-24,twitter,TW83283,x_awareness,2025-07-16,ES,ios,46.31,"5,436",77,5,0
2025-02-28,tiktok,TI23580,tt_spark_ads,2025-01-13,AT,ios,70.44,"15,108",368,56,4
2025-08-23,instagram,IN86929,ig_story_launch,2025-06-17,FI,android,142.73,"10,151",407,47,7
2025-06-25,twitter,TW89401,x_retargeting,2025-03-02,AT,ios,114.84,"12,319",355,68,7
2025-09-17,instagram,IN57851,ig_app_install,2025-05-22,RO,ios,122.03,"6,894",178,23,4
2025-12-01,tiktok,TI33388,tt_spark_ads,2025-09-15,BG,ios,53.43,"7,190",167,43,9
2025-12-07,affiliate,AF15620,aff_autumn,2025-02-18,FR,ios,9.97,"2,851",43,5,1
2025-04-13,facebook,FA83529,fb_brand_awareness,2025-04-11,AT,ios,414.33,"16,276",332,66,20
2025-08-12,instagram,IN94015,ig_story_launch,2025-06-17,SI,android,66.02,"9,545",393,77,20
2025-01-21,google,GO92276,google_display_retargeting,2024-08-22,BG,ios,159.92,"4,632",294,25,5
2025-02-08,google,GO69882,google_youtube_video,2024-09-14,HU,ios,112.47,"10,875",691,133,26
2025-09-27,facebook,FA56898,fb_app_install,2025-06-20,BG,ios,205.33,"12,654",348,47,3
2025-03-04,twitter,TW41718,x_retargeting,2024-10-07,PL,android,49.89,"10,567",66,13,1
2025-09-20,google,GO94207,google_youtube_video,2025-05-01,ES,ios,125.33,"15,056",949,138,30
2025-05-12,instagram,IN96583,ig_reels_push,2025-04-06,EE,android,81.08,"4,672",90,10,1
2025-02-19,facebook,FA11568,fb_brand_awareness,2025-02-05,FR,ios,54.95,"2,898",94,17,3
2025-01-27,facebook,FA91667,fb_conversion_2025,2024-10-19,IT,android,130.69,"14,237",361,93,15
2025-08-04,twitter,TW11953,x_retargeting,2025-04-02,IT,android,73.39,"4,197",106,12,2
2025-01-01,twitter,TW18408,x_retargeting,2024-07-14,SI,android,90.64,"15,786",127,15,2
2025-02-02,twitter,TW69977,x_awareness,2024-10-20,LT,ios,93.64,"5,980",106,19,4
2025-07-21,tiktok,TI47402,tt_app_installs,2025-03-21,PL,ios,182.33,"11,438",228,34,2
2025-09-09,tiktok,TI65855,tt_app_installs,2025-08-28,AT,ios,177.05,"10,541",298,73,8
2025-04-25,tiktok,TI21433,tt_creator_push,2024-12-12,AT,ios,131.12,"10,842",185,51,10
2025-10-31,tiktok,TI91637,tt_creator_push,2025-10-03,SI,ios,146.10,"13,814",593,103,25
2025-02-02,affiliate,AF81539,aff_autumn,2024-11-06,DE,android,32.53,"15,202",116,19,2
2025-08-07,twitter,TW53753,x_web_conversions,2025-03-08,ES,ios,29.35,"7,851",72,11,1
2025-07-09,facebook,FA83632,fb_brand_awareness,2025-06-14,LT,ios,51.24,"5,507",57,19,3
2025-03-16,facebook,FA98881,fb_app_install,2024-11-21,IT,ios,136.82,"13,011",325,102,12
2025-06-10,twitter,TW74053,x_retargeting,2025-03-31,SE,ios,48.59,"10,505",216,31,2
2025-11-19,facebook,FA65862,fb_conversion_2025,2025-08-22,NL,ios,58.04,"9,407",126,37,3
2025-01-01,instagram,IN61450,ig_app_install,2024-10-22,FI,android,115.70,"10,351",281,46,7
2025-12-29,google,GO46659,google_search_brand,2025-11-11,ES,android,222.46,"10,280",500,75,22
2025-02-06,google,GO20732,google_youtube_video,2024-10-15,IT,android,65.02,"5,541",121,25,6
2025-04-09,instagram,IN12380,ig_retargeting,2024-12-24,EE,android,164.91,"13,825",140,25,1
2025-05-19,affiliate,AF94849,aff_autumn,2024-12-22,RO,android,125.71,"13,704",94,14,1
2025-04-20,google,GO82499,google_display_retargeting,2025-02-24,EE,ios,456.81,"16,603",392,109,27
2025-10-17,tiktok,TI83108,tt_app_installs,2025-06-30,SE,ios,110.67,"9,269",368,80,13
2025-02-20,affiliate,AF38987,aff_spring,2024-11-01,GR,ios,56.92,"5,037",23,4,0
2025-09-16,facebook,FA60150,fb_app_install,2025-08-05,FR,ios,38.41,"4,673",60,11,2
2025-08-31,tiktok,TI48137,tt_creator_push,2025-08-08,GR,ios,226.10,"11,996",190,51,8
2025-05-16,affiliate,AF68734,aff_autumn,2024-09-21,RO,ios,10.75,"5,172",84,13,1
2025-03-01,affiliate,AF46958,aff_autumn,2024-05-10,PL,android,82.35,"8,480",45,3,0
2025-10-28,instagram,IN64448,ig_app_install,2025-08-28,IT,ios,79.48,"4,084",58,12,1
2025-11-14,twitter,TW97651,x_awareness,2025-05-21,SI,android,149.12,"10,541",198,27,2
2025-06-03,affiliate,AF54688,aff_spring,2024-10-25,FI,android,283.72,"25,778",215,11,1
2025-07-10,affiliate,AF45144,aff_spring,2025-05-07,DK,android,20.70,"2,462",18,1,0
2025-12-25,twitter,TW78597,x_retargeting,2025-06-29,DE,ios,229.50,"22,529",527,41,3
2025-02-08,twitter,TW86378,x_web_conversions,2024-11-27,LV,android,120.37,"7,320",191,16,1
2025-04-20,twitter,TW56726,x_retargeting,2024-12-05,PT,ios,143.39,"9,477",186,32,5
2025-06-25,google,GO29607,google_search_brand,2025-03-18,EE,android,320.52,"11,978",674,55,4
2025-08-24,twitter,TW60219,x_web_conversions,2025-04-18,ES,ios,114.48,"7,628",199,27,4
2025-04-15,tiktok,TI53853,tt_creator_push,2025-01-15,IT,ios,516.33,"24,589",329,104,25
2025-06-16,tiktok,TI96241,tt_app_installs,2025-02-09,GR,android,28.11,"4,928",116,16,2
2025-01-20,twitter,TW10743,x_app_installs,2024-09-27,LV,ios,233.27,"15,211",112,13,1
2025-03-27,google,GO62497,google_youtube_video,2025-01-04,NL,ios,207.13,"6,542",314,68,20
2025-01-26,facebook,FA91105,fb_app_install,2025-01-08,HU,ios,180.58,"17,979",586,172,27
2025-07-15,google,GO63241,google_search_brand,2025-03-03,HU,ios,75.81,"7,290",469,130,18
2025-11-08,google,GO91596,google_pmax_2025,2025-07-11,HU,android,142.26,"11,808",346,95,11
2025-04-01,tiktok,TI46327,tt_conversion_2025,2024-12-20,SE,android,243.43,"11,944",457,55,13
2025-09-16,facebook,FA65038,fb_app_install,2025-07-12,FR,android,94.80,"9,762",219,34,3
2025-07-20,google,GO99172,google_youtube_video,2025-07-11,AT,ios,218.72,"8,833",233,36,6
2025-07-11,twitter,TW63600,x_web_conversions,2025-07-11,FI,ios,33.38,"6,439",45,4,0
2025-06-05,tiktok,TI89091,tt_app_installs,2025-05-29,SK,android,30.08,"7,271",394,82,11
2025-09-24,tiktok,TI65813,tt_conversion_2025,2025-08-18,GR,android,146.00,"6,847",232,39,7
2025-12-03,instagram,IN16223,ig_app_install,2025-08-29,DE,ios,274.66,"22,142",315,41,9
2025-09-05,twitter,TW93666,x_web_conversions,2025-06-20,HU,ios,70.80,"4,328",104,20,3
2025-06-20,facebook,FA72829,fb_app_install,2025-02-23,PT,ios,156.03,"10,638",128,18,2
2025-06-23,facebook,FA61862,fb_app_install,2025-05-14,BG,android,241.11,"11,459",229,61,7
2025-01-15,tiktok,TI89734,tt_app_installs,2025-01-12,IE,ios,27.54,"6,788",172,28,4
2025-05-01,twitter,TW35884,x_retargeting,2025-04-25,DK,android,42.70,"11,609",253,20,2
2025-12-20,google,GO43488,google_search_brand,2025-10-10,CY,ios,435.70,"16,147",1091,285,33
2025-07-03,instagram,IN71403,ig_app_install,2025-04-06,BE,ios,200.00,"10,912",432,66,14
2025-01-29,affiliate,AF95559,aff_spring,2024-07-14,LT,android,171.47,"13,126",278,48,5
2025-01-18,affiliate,AF29226,aff_autumn,2024-08-06,SE,ios,146.96,"12,469",218,25,1
2025-08-02,affiliate,AF84760,aff_autumn,2025-04-07,LV,ios,57.21,"8,459",181,16,3
2025-12-06,instagram,IN52356,ig_retargeting,2025-08-12,BG,ios,67.92,"7,489",164,36,10
2025-04-15,google,GO99769,google_pmax_2025,2025-02-08,LT,ios,140.51,"10,554",230,38,7
2025-11-07,tiktok,TI16846,tt_creator_push,2025-10-27,PL,ios,71.26,"10,491",129,41,2
2025-02-26,affiliate,AF89623,aff_autumn,2024-10-07,GR,android,81.64,"7,691",108,8,1
2025-01-25,affiliate,AF60287,aff_autumn,2024-09-01,BG,ios,78.11,"7,948",188,25,3
2025-05-15,instagram,IN30999,ig_app_install,2025-02-01,SI,ios,139.90,"9,178",367,90,16
2025-09-29,instagram,IN63857,ig_app_install,2025-09-24,IE,ios,183.47,"17,395",742,177,48
2025-06-28,facebook,FA14920,fb_brand_awareness,2025-04-05,SE,android,69.01,"4,599",147,35,4
2025-10-19,facebook,FA76722,fb_brand_awareness,2025-10-06,HU,ios,60.48,"8,725",235,65,10
2025-12-16,affiliate,AF58714,aff_spring,2025-06-13,SE,ios,135.23,"11,179",266,46,5
2025-02-16,instagram,IN43596,ig_retargeting,2025-01-22,IE,android,28.47,"2,906",124,33,3
2025-06-27,facebook,FA94605,fb_brand_awareness,2025-03-07,NL,ios,130.38,"4,930",145,17,2
2025-01-02,tiktok,TI50134,tt_conversion_2025,2024-10-16,DE,ios,243.09,"12,573",365,101,8
2025-09-24,tiktok,TI17895,tt_creator_push,2025-05-08,IE,android,50.12,"4,529",195,35,3
2025-11-28,facebook,FA66283,fb_retargeting,2025-09-26,CY,ios,243.74,"11,014",159,34,5
2025-09-30,twitter,TW24626,x_app_installs,2025-04-09,RO,ios,47.41,"7,102",190,19,4
2025-10-05,affiliate,AF42383,aff_spring,2025-09-26,DE,ios,41.03,"6,363",38,3,0
2025-10-02,twitter,TW58280,x_web_conversions,2025-04-19,PL,android,137.36,"17,273",482,82,11
2025-09-02,tiktok,TI36797,tt_app_installs,2025-06-09,CZ,android,81.89,"8,635",178,37,6
2025-03-23,twitter,TW55910,x_web_conversions,2025-01-24,IT,android,42.19,"10,264",76,11,1
2025-01-07,twitter,TW88757,x_awareness,2024-07-18,CZ,ios,141.81,"9,807",99,18,4
2025-05-13,google,GO28032,google_display_retargeting,2024-12-26,NL,android,34.47,"1,719",118,22,3
2025-11-27,google,GO16268,google_pmax_2025,2025-09-24,FR,android,80.25,"7,851",257,39,10
2025-11-19,instagram,IN20551,ig_story_launch,2025-10-29,SI,android,94.62,"4,860",84,10,1
2025-06-25,twitter,TW32122,x_app_installs,2025-01-11,HR,ios,71.13,"7,226",80,8,1
2025-01-04,google,GO52656,google_display_retargeting,2024-08-17,EE,ios,59.70,"5,601",256,25,2
2025-06-29,tiktok,TI50528,tt_spark_ads,2025-05-20,AT,ios,19.20,"3,946",128,17,3
2025-02-08,google,GO84021,google_youtube_video,2025-01-12,LV,ios,95.31,"4,820",335,29,5
2025-04-12,google,GO55095,google_pmax_2025,2025-02-09,RO,android,287.11,"11,811",397,55,12
2025-12-04,twitter,TW62752,x_app_installs,2025-11-30,SI,android,54.73,"9,009",117,23,4
2025-06-13,affiliate,AF21073,aff_spring,2025-04-08,SI,android,35.64,"4,568",57,7,1
2025-02-11,twitter,TW87644,x_retargeting,2024-10-30,NL,ios,67.66,"8,885",104,11,1
2025-11-18,instagram,IN97727,ig_reels_push,2025-08-01,MT,ios,180.48,"19,645",880,112,27
2025-02-06,affiliate,AF56086,aff_spring,2024-06-06,AT,android,84.31,"11,599",224,34,3
2025-01-04,tiktok,TI22685,tt_conversion_2025,2024-08-22,IT,ios,120.16,"10,142",487,73,9
2025-09-27,facebook,FA16198,fb_brand_awareness,2025-09-27,CZ,android,153.37,"12,394",129,39,11
2025-12-09,tiktok,TI46616,tt_app_installs,2025-10-23,DK,ios,127.15,"9,349",158,44,10
2025-03-08,instagram,IN99412,ig_reels_push,2024-12-02,LT,android,173.68,"15,725",259,75,18
2025-05-10,facebook,FA87174,fb_app_install,2025-03-06,CZ,android,90.68,"7,819",131,17,1
2025-09-19,google,GO33303,google_youtube_video,2025-06-22,IT,ios,268.71,"8,462",534,135,18
2025-12-26,affiliate,AF81236,aff_autumn,2025-08-10,ES,ios,166.83,"12,684",72,10,1
2025-05-31,twitter,TW51632,x_awareness,2025-01-15,LV,android,105.84,"9,088",57,12,1
2025-12-26,google,GO66897,google_search_brand,2025-10-31,MT,ios,261.52,"11,235",245,37,11
2025-12-08,google,GO39778,google_youtube_video,2025-07-17,FI,ios,25.88,"3,195",140,32,10
2025-09-14,facebook,FA90314,fb_app_install,2025-08-11,LV,ios,80.35,"10,185",198,49,6
2025-03-26,tiktok,TI41208,tt_creator_push,2025-02-09,AT,ios,54.40,"3,969",131,27,2
2025-10-11,affiliate,AF12824,aff_autumn,2025-08-07,CY,android,10.51,"4,583",94,8,0
2025-05-18,tiktok,TI31818,tt_creator_push,2025-02-04,IE,ios,63.38,"3,218",64,11,1
2025-10-30,facebook,FA87262,fb_retargeting,2025-07-16,GR,android,67.36,"6,763",105,18,5
2025-11-04,affiliate,AF60479,aff_spring,2025-08-01,DK,ios,53.97,"7,317",37,2,0
2025-02-24,facebook,FA74303,fb_app_install,2025-01-23,LU,ios,116.75,"8,038",106,25,6
2025-05-07,google,GO14702,google_youtube_video,2025-02-26,EE,ios,221.30,"7,053",300,81,11
2025-07-14,affiliate,AF52564,aff_spring,2024-12-04,MT,ios,202.04,"19,147",188,30,2
2025-04-15,affiliate,AF15643,aff_summer,2024-12-16,PL,ios,120.72,"11,521",264,42,4
2025-07-10,twitter,TW68443,x_retargeting,2025-01-30,EE,ios,113.31,"8,594",106,12,1
2025-07-21,facebook,FA84112,fb_app_install,2025-05-04,LV,ios,31.27,"3,746",115,29,9
2025-12-13,facebook,FA71550,fb_retargeting,2025-10-15,PL,android,113.16,"9,376",166,21,5
2025-08-29,instagram,IN23490,ig_story_launch,2025-06-08,GR,android,61.03,"9,344",356,55,15
2025-12-03,twitter,TW57630,x_awareness,2025-10-24,CY,ios,64.85,"4,009",37,6,1
2025-09-19,facebook,FA82747,fb_brand_awareness,2025-09-04,CY,ios,123.06,"5,305",76,9,3
2025-03-28,facebook,FA46462,fb_brand_awareness,2024-11-28,AT,android,164.59,"8,933",106,15,3
2025-07-11,instagram,IN46918,ig_story_launch,2025-05-16,FI,ios,124.44,"12,593",410,73,5
2025-05-05,tiktok,TI54808,tt_conversion_2025,2025-01-06,LV,android,70.60,"6,502",316,83,16
2025-08-31,instagram,IN57465,ig_story_launch,2025-08-26,DE,ios,59.11,"6,190",195,36,3
2025-07-26,instagram,IN54630,ig_reels_push,2025-04-25,GR,android,167.83,"9,766",359,101,15
2025-08-02,facebook,FA19239,fb_app_install,2025-05-13,AT,android,147.17,"8,413",89,29,7
2025-05-04,facebook,FA74584,fb_app_install,2025-01-25,LT,ios,281.50,"10,649",345,44,3
2025-10-04,twitter,TW27830,x_awareness,2025-09-18,RO,android,50.77,"5,525",163,29,6
2025-08-02,affiliate,AF26988,aff_spring,2024-11-18,CY,android,33.87,"6,459",137,14,2
2025-05-02,instagram,IN90111,ig_retargeting,2025-05-02,RO,ios,34.50,"3,223",133,25,6
2025-12-15,facebook,FA16975,fb_retargeting,2025-10-18,IE,ios,139.91,"5,477",94,21,1
2025-09-02,tiktok,TI23363,tt_conversion_2025,2025-05-01,CY,ios,231.16,"15,869",606,181,23
2025-09-07,google,GO13960,google_search_brand,2025-05-14,CY,ios,168.59,"6,231",356,90,14
2025-08-05,facebook,FA72527,fb_retargeting,2025-05-24,PT,android,180.04,"12,143",241,68,15
2025-05-31,affiliate,AF78894,aff_spring,2024-09-19,SE,android,39.27,"4,929",46,4,1
2025-01-01,instagram,IN18730,ig_story_launch,2024-10-31,DE,ios,147.43,"6,589",272,35,7
2025-07-08,twitter,TW70515,x_app_installs,2025-04-18,IE,ios,122.98,"12,955",137,28,6
2025-07-30,twitter,TW81186,x_app_installs,2025-04-17,NL,ios,84.06,"9,500",215,29,2
2025-09-06,tiktok,TI32316,tt_creator_push,2025-06-27,EE,ios,187.44,"14,085",367,73,4
2025-03-12,tiktok,TI14842,tt_creator_push,2024-11-16,NL,android,67.73,"7,024",242,69,7
2025-08-25,twitter,TW32639,x_retargeting,2025-06-28,SK,android,74.36,"9,593",211,23,4
2025-07-02,facebook,FA62582,fb_retargeting,2025-03-23,DK,ios,288.60,"10,390",322,91,15
2025-05-13,google,GO34698,google_pmax_2025,2025-03-13,FI,android,379.86,"13,121",759,70,19
2025-07-01,facebook,FA11823,fb_app_install,2025-05-27,HU,ios,154.82,"11,585",367,98,29
2025-03-09,tiktok,TI85772,tt_creator_push,2025-02-21,FI,android,187.32,"12,035",472,51,13
2025-03-30,facebook,FA20914,fb_app_install,2025-02-05,PT,android,179.43,"13,184",442,59,12
2025-02-27,google,GO34527,google_pmax_2025,2024-11-27,LU,ios,281.47,"9,513",543,71,15
2025-03-10,facebook,FA86127,fb_conversion_2025,2025-03-02,SK,ios,187.34,"13,985",462,64,9
2025-06-08,tiktok,TI52486,tt_creator_push,2025-06-03,FR,ios,188.68,"10,200",229,73,16
2025-11-17,twitter,TW98146,x_retargeting,2025-11-04,SE,ios,198.69,"11,942",168,15,3
2025-04-09,twitter,TW42826,x_app_installs,2024-11-29,MT,ios,73.39,"4,578",98,6,1
2025-09-07,google,GO32774,google_search_brand,2025-08-10,HR,android,179.20,"9,457",571,117,17
2025-08-05,facebook,FA21747,fb_conversion_2025,2025-07-02,SE,ios,124.91,"7,684",68,22,3
2025-09-29,affiliate,AF12431,aff_autumn,2025-01-06,NL,android,49.43,"9,317",186,14,0
2025-05-14,facebook,FA31972,fb_retargeting,2025-02-25,HR,android,143.93,"9,304",230,35,6
2025-07-17,instagram,IN55588,ig_reels_push,2025-07-12,GR,ios,103.03,"8,141",343,71,9
2025-09-27,affiliate,AF33639,aff_spring,2025-04-13,RO,ios,153.05,"12,485",264,42,2
2025-03-28,instagram,IN72431,ig_app_install,2025-03-24,DE,ios,152.85,"9,916",369,87,12
2025-03-14,tiktok,TI67749,tt_creator_push,2024-11-26,PL,android,132.45,"9,106",177,27,6
2025-03-30,instagram,IN93797,ig_reels_push,2025-02-16,FI,ios,105.86,"6,258",221,26,3
2025-03-25,affiliate,AF87846,aff_summer,2024-11-11,LV,android,20.90,"6,043",102,17,1
2025-11-23,instagram,IN15375,ig_reels_push,2025-08-16,SK,ios,164.87,"13,266",356,102,16
2025-05-05,twitter,TW66678,x_awareness,2024-12-28,BE,ios,78.29,"8,427",207,29,6
2025-09-12,facebook,FA37172,fb_app_install,2025-05-29,DE,ios,173.31,"8,864",256,75,6
2025-05-30,google,GO87603,google_pmax_2025,2025-01-12,LT,android,37.27,"3,197",121,14,3
2025-05-09,instagram,IN87015,ig_story_launch,2025-01-29,IT,ios,152.89,"7,140",211,57,5
2025-02-09,tiktok,TI41474,tt_app_installs,2024-11-28,EE,ios,52.72,"6,155",124,30,6
2025-08-25,tiktok,TI15963,tt_spark_ads,2025-08-10,LU,ios,234.50,"12,491",343,75,15
2025-04-24,instagram,IN38232,ig_app_install,2025-04-19,FI,android,101.40,"11,421",418,104,13
2025-10-22,twitter,TW80190,x_app_installs,2025-06-17,RO,android,51.37,"8,409",152,33,5
2025-06-08,facebook,FA40367,fb_brand_awareness,2025-04-01,BG,android,22.99,"2,276",20,3,0
2025-09-22,instagram,IN16746,ig_retargeting,2025-08-30,NL,ios,92.49,"16,321",362,96,9
2025-04-14,google,GO67644,google_pmax_2025,2025-02-20,RO,android,134.57,"6,568",148,41,5
2025-02-11,affiliate,AF68028,aff_summer,2024-06-13,NL,ios,156.07,"15,322",332,35,6
2025-06-12,facebook,FA18285,fb_conversion_2025,2025-03-28,SK,android,102.00,"4,517",80,12,1
2025-06-30,twitter,TW26534,x_retargeting,2025-05-27,IT,android,10.99,"1,447",26,2,0
2025-01-31,tiktok,TI94741,tt_creator_push,2024-10-19,NL,ios,166.67,"18,651",805,155,26
2025-12-05,facebook,FA76458,fb_retargeting,2025-09-17,ES,android,124.03,"7,330",227,42,8
2025-03-04,twitter,TW30593,x_web_conversions,2025-02-03,AT,android,66.79,"8,085",188,26,4
2025-04-12,google,GO45181,google_youtube_video,2024-12-15,IE,ios,210.75,"6,394",149,17,3
2025-02-25,tiktok,TI75648,tt_spark_ads,2024-10-12,DE,ios,100.24,"7,518",328,57,6
2025-06-26,facebook,FA42087,fb_brand_awareness,2025-05-24,AT,android,222.86,"17,296",588,99,12
2025-11-03,twitter,TW41466,x_retargeting,2025-07-02,BE,ios,128.04,"8,375",193,33,6
2025-08-12,google,GO58165,google_display_retargeting,2025-07-23,CZ,ios,328.34,"14,024",384,95,16
2025-10-31,instagram,IN85315,ig_retargeting,2025-10-20,HU,android,78.79,"6,242",184,50,6
2025-12-22,facebook,FA35994,fb_app_install,2025-10-25,LT,ios,74.92,"10,442",137,20,5
2025-03-03,google,GO33403,google_youtube_video,2024-10-28,IE,ios,149.17,"9,268",398,96,27
2025-01-21,instagram,IN28874,ig_retargeting,2024-10-15,AT,android,172.73,"8,926",378,106,23
2025-02-06,google,GO94449,google_youtube_video,2024-09-18,HR,ios,212.98,"6,094",346,93,16
2025-03-25,affiliate,AF29798,aff_spring,2024-10-12,SK,android,109.07,"12,103",242,33,6
2025-02-05,twitter,TW99331,x_web_conversions,2025-01-09,IT,ios,28.86,"3,920",56,11,1
2025-06-03,affiliate,AF99377,aff_summer,2024-09-16,RO,android,170.83,"12,338",70,11,0
2025-09-19,facebook,FA21570,fb_retargeting,2025-09-07,DK,android,197.16,"11,521",167,44,2
2025-05-21,affiliate,AF42298,aff_summer,2025-02-19,SE,ios,26.50,"13,124",232,17,2
2025-04-12,twitter,TW14755,x_awareness,2025-01-03,SK,android,111.02,"8,356",103,10,1
2025-01-31,twitter,TW44252,x_app_installs,2024-10-28,LU,android,98.45,"11,093",245,34,5
2025-01-25,instagram,IN30819,ig_story_launch,2024-10-13,HU,ios,86.61,"7,878",108,28,7
2025-07-06,facebook,FA83955,fb_app_install,2025-05-03,PL,ios,151.60,"11,208",253,53,6
2025-09-25,tiktok,TI92912,tt_conversion_2025,2025-04-27,LV,android,56.77,"4,907",231,58,10
2025-05-30,twitter,TW77269,x_awareness,2025-01-29,ES,android,25.27,"3,513",58,5,0
2025-03-05,google,GO62096,google_youtube_video,2024-11-17,PT,android,244.87,"7,869",229,61,12
2025-06-29,google,GO83776,google_pmax_2025,2025-04-20,HR,ios,106.82,"3,995",127,10,1
2025-06-20,tiktok,TI75310,tt_creator_push,2025-02-05,MT,ios,115.36,"7,302",243,73,7
2025-12-16,affiliate,AF95213,aff_autumn,2025-04-29,CY,android,112.01,"8,673",65,7,1
2025-08-04,affiliate,AF26228,aff_summer,2025-06-17,FR,ios,16.21,"3,985",35,2,0
2025-10-28,google,GO16886,google_youtube_video,2025-06-22,SE,android,201.39,"5,790",296,76,18
2025-11-28,twitter,TW37114,x_app_installs,2025-06-30,RO,android,49.85,"7,335",180,39,5
2025-09-09,facebook,FA78241,fb_conversion_2025,2025-07-26,EE,android,138.48,"5,470",47,10,1
2025-06-27,twitter,TW72328,x_web_conversions,2025-05-17,NL,android,72.16,"6,647",86,10,1
2025-10-18,affiliate,AF21794,aff_winter,2025-02-12,IT,android,27.46,"6,054",150,11,1
2025-06-02,google,GO40161,google_pmax_2025,2025-01-11,IT,ios,278.08,"10,714",397,62,10
2025-10-28,affiliate,AF69981,aff_autumn,2025-04-12,DE,android,62.45,"9,511",225,40,2
2025-01-11,affiliate,AF91299,aff_winter,2024-09-19,HU,android,92.81,"10,431",240,29,2
2025-03-20,twitter,TW27062,x_awareness,2024-09-23,SE,ios,100.15,"9,851",73,14,1
2025-10-25,google,GO68112,google_search_brand,2025-08-19,LV,ios,204.92,"7,565",169,37,7
2025-06-13,facebook,FA23163,fb_brand_awareness,2025-04-04,PL,ios,209.56,"11,497",125,17,3
2025-03-04,affiliate,AF94610,aff_autumn,2025-02-18,IT,android,15.58,"5,884",78,8,1
2025-01-29,facebook,FA92670,fb_retargeting,2025-01-13,DE,ios,171.75,"10,306",254,35,7
2025-04-27,affiliate,AF31440,aff_winter,2024-10-07,LV,ios,57.45,"4,716",31,5,1
2025-04-07,tiktok,TI16301,tt_conversion_2025,2025-02-13,CY,ios,42.59,"3,506",162,20,3
2025-06-10,instagram,IN24720,ig_reels_push,2025-03-03,FR,ios,64.04,"3,720",84,13,3
2025-11-25,instagram,IN64346,ig_retargeting,2025-09-15,IE,android,245.15,"10,856",146,42,4
2025-08-30,instagram,IN93974,ig_reels_push,2025-05-22,PT,ios,90.88,"9,070",137,29,3
2025-03-18,affiliate,AF62868,aff_spring,2025-01-16,EE,ios,173.41,"15,600",98,16,1
2025-11-16,instagram,IN16145,ig_story_launch,2025-10-04,DE,ios,181.04,"9,145",244,68,14
2025-12-20,instagram,IN21639,ig_story_launch,2025-12-17,EE,android,72.24,"6,871",107,14,3
2025-02-12,affiliate,AF27439,aff_summer,2024-05-27,ES,ios,50.73,"9,898",235,37,3
2025-04-22,google,GO76196,google_youtube_video,2025-02-27,CY,android,59.57,"5,323",271,36,11
2025-11-27,twitter,TW27927,x_app_installs,2025-07-26,DK,ios,157.17,"9,193",137,12,1
2025-12-02,instagram,IN63922,ig_retargeting,2025-10-27,FI,android,146.37,"6,400",248,27,7
2025-07-08,tiktok,TI66888,tt_app_installs,2025-03-04,FR,android,291.37,"15,256",776,234,15
2025-12-12,twitter,TW93158,x_awareness,2025-08-13,BE,ios,81.84,"6,184",95,10,2
2025-02-08,affiliate,AF91015,aff_summer,2024-04-14,DE,android,21.75,"3,003",21,2,0
2025-11-02,google,GO40267,google_youtube_video,2025-08-08,BE,ios,85.13,"10,080",477,53,15
2025-01-24,facebook,FA79912,fb_app_install,2024-10-03,IE,ios,180.78,"15,474",200,61,11
2025-08-30,tiktok,TI92540,tt_spark_ads,2025-03-24,BG,ios,46.71,"7,669",396,115,13
2025-04-07,tiktok,TI29784,tt_spark_ads,2025-03-02,FI,android,149.14,"10,051",332,89,10
2025-03-22,twitter,TW46553,x_awareness,2025-01-02,ES,android,165.07,"16,854",146,15,1
2025-07-06,tiktok,TI68814,tt_app_installs,2025-04-08,SI,ios,68.40,"4,808",189,54,2
2025-03-06,facebook,FA11757,fb_retargeting,2024-11-22,PT,ios,50.31,"6,716",68,13,1
2025-04-22,affiliate,AF27764,aff_spring,2024-08-25,LV,ios,30.32,"12,687",97,9,1
2025-01-31,tiktok,TI74135,tt_spark_ads,2024-10-23,AT,android,143.12,"10,593",416,113,20
2025-07-08,affiliate,AF26947,aff_autumn,2025-06-29,HR,ios,176.13,"17,602",75,9,1
2025-10-10,instagram,IN76658,ig_retargeting,2025-06-21,LU,ios,161.05,"7,288",119,35,8
2025-08-11,affiliate,AF43114,aff_winter,2025-06-22,GR,android,58.22,"4,296",48,6,1
2025-01-03,google,GO11162,google_pmax_2025,2024-08-25,IE,android,230.06,"11,391",489,43,9
2025-10-07,instagram,IN13892,ig_app_install,2025-07-06,FI,android,72.59,"6,146",158,17,2
2025-03-05,google,GO78096,google_pmax_2025,2024-12-24,ES,android,284.89,"11,124",415,46,13
2025-06-29,twitter,TW30363,x_awareness,2025-06-23,BE,ios,115.42,"10,619",165,12,1
2025-12-08,tiktok,TI49047,tt_conversion_2025,2025-08-13,RO,android,237.75,"22,248",529,127,17
2025-12-23,tiktok,TI85987,tt_app_installs,2025-12-17,LV,android,162.09,"13,582",474,56,4
2025-04-09,tiktok,TI27087,tt_spark_ads,2024-12-11,ES,ios,95.77,"6,228",251,41,9
2025-10-16,instagram,IN45498,ig_retargeting,2025-07-26,LV,android,75.89,"7,494",255,49,8
2025-03-12,instagram,IN80996,ig_app_install,2025-03-12,FI,android,253.60,"13,041",442,83,14
2025-10-20,facebook,FA85246,fb_app_install,2025-07-19,LT,ios,301.60,"11,493",125,22,5
2025-09-13,affiliate,AF53905,aff_spring,2025-03-17,HU,android,90.89,"8,547",36,2,0
2025-05-15,affiliate,AF33609,aff_spring,2024-12-26,IE,ios,134.64,"10,026",215,17,1
2025-12-19,instagram,IN30990,ig_retargeting,2025-11-13,CY,ios,53.94,"5,217",228,58,6
2025-07-05,twitter,TW10912,x_retargeting,2025-02-07,GR,android,181.80,"11,095",182,22,2
2025-04-28,affiliate,AF51307,aff_winter,2024-10-16,HU,ios,23.83,"4,075",95,15,1
2025-09-11,tiktok,TI32403,tt_app_installs,2025-04-06,IE,android,58.38,"3,095",58,16,3
2025-06-16,facebook,FA55729,fb_app_install,2025-06-13,DE,ios,67.25,"3,708",57,15,3
2025-03-19,instagram,IN80688,ig_app_install,2025-01-02,BE,ios,103.87,"7,334",224,55,14
2025-09-06,twitter,TW67903,x_web_conversions,2025-06-09,FI,android,129.82,"7,882",103,7,1
2025-01-10,twitter,TW43463,x_app_installs,2024-09-19,IT,android,113.25,"7,931",140,29,3
2025-11-19,twitter,TW89999,x_retargeting,2025-09-05,CZ,ios,100.48,"8,309",190,40,5
2025-06-01,tiktok,TI85577,tt_conversion_2025,2025-04-04,SK,ios,81.40,"7,474",102,14,1
2025-10-09,twitter,TW75923,x_web_conversions,2025-09-01,PT,ios,61.07,"9,801",180,29,4
2025-01-08,affiliate,AF57221,aff_spring,2024-03-21,MT,ios,15.66,"4,785",83,12,2
2025-12-29,affiliate,AF73077,aff_spring,2025-03-17,MT,android,92.73,"8,443",80,11,0
2025-09-13,affiliate,AF27847,aff_spring,2025-01-07,HR,ios,191.92,"15,093",183,15,1
2025-02-26,google,GO35661,google_display_retargeting,2024-10-18,AT,android,267.04,"9,223",532,91,19
2025-01-20,facebook,FA53826,fb_retargeting,2024-10-21,CZ,android,502.20,"19,173",223,34,6
2025-04-11,facebook,FA85689,fb_app_install,2025-03-27,LU,ios,88.02,"6,308",191,35,6
2025-12-28,instagram,IN15531,ig_retargeting,2025-12-05,PL,android,97.18,"7,522",265,66,18
2025-01-30,tiktok,TI20910,tt_spark_ads,2024-11-15,CZ,android,70.30,"3,266",124,38,3
2025-01-06,facebook,FA65601,fb_conversion_2025,2025-01-06,FR,android,56.40,"6,042",95,26,2
2025-10-12,tiktok,TI94830,tt_creator_push,2025-07-23,ES,ios,68.41,"12,476",602,112,27
2025-02-24,twitter,TW33516,x_web_conversions,2025-01-17,BE,android,42.37,"5,417",91,17,2
2025-09-24,instagram,IN76225,ig_retargeting,2025-08-22,CZ,ios,303.64,"15,944",618,153,9
2025-12-10,facebook,FA60942,fb_retargeting,2025-11-12,IE,ios,142.87,"6,149",197,36,4
2025-04-16,google,GO65943,google_pmax_2025,2025-01-02,IE,android,108.24,"9,073",564,88,15
2025-01-31,google,GO14539,google_pmax_2025,2024-12-03,CY,android,176.74,"7,836",443,47,9
2025-03-18,tiktok,TI42953,tt_creator_push,2025-03-05,AT,android,27.58,"5,724",233,73,4
2025-09-11,affiliate,AF73464,aff_winter,2024-12-06,PL,android,45.56,"3,776",64,11,2
2025-08-01,google,GO51085,google_youtube_video,2025-05-20,CY,android,215.04,"7,578",378,72,7
2025-05-30,google,GO14302,google_display_retargeting,2025-04-15,GR,android,132.77,"6,885",214,56,10
2025-03-13,instagram,IN57383,ig_story_launch,2025-01-01,LU,android,174.95,"19,769",832,101,10
2025-12-18,affiliate,AF42839,aff_summer,2025-09-24,LV,android,32.74,"5,378",26,3,0
2025-12-06,twitter,TW83489,x_awareness,2025-08-13,AT,android,95.41,"8,548",143,19,4
2025-04-06,facebook,FA52182,fb_conversion_2025,2024-12-31,IE,android,119.80,"7,970",173,33,4
2025-02-19,tiktok,TI45322,tt_creator_push,2024-12-14,IT,ios,47.51,"4,309",174,55,4
2025-07-24,tiktok,TI73256,tt_app_installs,2025-06-30,CY,android,162.70,"8,202",288,67,3
2025-02-05,instagram,IN85555,ig_reels_push,2024-11-23,CY,android,58.28,"7,404",111,18,2
2025-08-19,twitter,TW35597,x_app_installs,2025-03-15,ES,ios,118.51,"10,938",316,47,7
2025-02-24,twitter,TW33451,x_web_conversions,2025-01-05,HU,ios,95.31,"8,756",207,42,2
2025-10-03,affiliate,AF23090,aff_autumn,2025-05-10,FI,ios,31.55,"8,789",87,10,1
2025-09-19,tiktok,TI94524,tt_app_installs,2025-05-14,AT,android,44.02,"7,837",306,76,8
2025-08-24,instagram,IN39026,ig_story_launch,2025-08-14,BG,android,389.88,"19,915",508,92,12
2025-01-26,facebook,FA28361,fb_conversion_2025,2024-12-14,HU,android,86.53,"8,071",105,25,3
2025-08-24,twitter,TW44334,x_app_installs,2025-05-18,ES,ios,49.02,"4,449",125,20,3
2025-07-27,facebook,FA13136,fb_brand_awareness,2025-04-06,HU,android,52.69,"4,652",40,12,2
2025-12-24,tiktok,TI58517,tt_spark_ads,2025-10-01,PL,ios,73.47,"16,887",823,173,31
2025-02-14,instagram,IN92218,ig_story_launch,2024-11-01,MT,ios,64.16,"12,690",295,62,9
2025-02-25,facebook,FA48008,fb_retargeting,2024-12-08,SI,android,215.91,"12,323",367,125,6
2025-12-29,instagram,IN36050,ig_reels_push,2025-12-18,EE,android,134.51,"8,383",343,45,8
2025-01-26,affiliate,AF31018,aff_summer,2024-04-03,BG,android,172.24,"14,371",155,21,2
2025-09-04,facebook,FA62560,fb_app_install,2025-08-15,MT,ios,328.99,"13,097",395,84,12
2025-01-16,twitter,TW23914,x_awareness,2024-12-01,LU,ios,121.42,"7,560",68,8,1
2025-02-28,twitter,TW41351,x_retargeting,2025-02-10,AT,ios,25.38,"4,240",112,22,3
2025-05-24,tiktok,TI20417,tt_app_installs,2025-01-11,RO,android,95.88,"15,245",709,107,5
2025-09-03,tiktok,TI22140,tt_app_installs,2025-07-20,GR,ios,245.46,"18,912",637,106,14
2025-03-16,facebook,FA56792,fb_brand_awareness,2024-12-05,IT,ios,123.53,"9,112",272,40,4
2025-07-06,affiliate,AF42835,aff_winter,2024-11-10,LV,android,108.35,"17,363",354,32,3
2025-10-14,facebook,FA60500,fb_conversion_2025,2025-10-07,EE,ios,98.48,"7,248",177,44,10
2025-09-20,tiktok,TI92460,tt_spark_ads,2025-08-03,SK,android,143.01,"7,457",287,81,4
2025-11-25,twitter,TW81068,x_retargeting,2025-07-27,IT,ios,38.50,"6,573",55,12,1
2025-01-03,affiliate,AF45848,aff_summer,2024-08-31,IE,ios,35.60,"4,043",87,15,2
2025-05-01,affiliate,AF40286,aff_winter,2024-10-12,DE,ios,112.68,"8,392",200,29,3
2025-12-26,facebook,FA60085,fb_app_install,2025-10-20,SE,ios,53.30,"6,546",155,32,6
2025-08-13,facebook,FA18704,fb_brand_awareness,2025-06-04,BE,ios,104.17,"7,986",137,41,3
2025-06-14,tiktok,TI79509,tt_spark_ads,2025-02-08,AT,ios,69.38,"4,479",87,13,1
2025-02-01,facebook,FA55662,fb_conversion_2025,2024-11-27,BE,ios,191.63,"12,963",114,30,3
2025-10-02,google,GO14826,google_pmax_2025,2025-06-19,MT,android,173.60,"5,784",204,41,13
2025-09-11,instagram,IN30047,ig_retargeting,2025-08-10,RO,ios,152.16,"6,896",285,50,9
2025-12-25,facebook,FA73674,fb_app_install,2025-11-21,AT,ios,77.76,"7,392",226,37,11
2025-02-15,twitter,TW85769,x_retargeting,2024-11-06,GR,android,164.80,"10,201",231,22,1
2025-11-27,google,GO14187,google_youtube_video,2025-09-08,PT,android,223.76,"6,680",197,25,2
2025-04-25,affiliate,AF81848,aff_spring,2024-07-11,NL,android,87.60,"13,281",198,30,2
2025-08-01,google,GO45242,google_youtube_video,2025-06-08,SK,android,131.97,"6,811",460,122,20
2025-03-25,google,GO47069,google_display_retargeting,2024-12-16,GR,ios,161.09,"7,181",448,88,21
2025-04-30,tiktok,TI53954,tt_spark_ads,2025-02-07,PT,ios,102.55,"5,428",107,22,4
2025-08-19,facebook,FA39241,fb_conversion_2025,2025-06-17,BG,android,56.86,"2,800",86,11,2
2025-08-25,google,GO48566,google_search_brand,2025-06-21,GR,ios,210.55,"7,081",358,37,11
2025-12-03,tiktok,TI71377,tt_spark_ads,2025-07-03,BE,android,77.26,"8,451",256,63,8
2025-05-05,facebook,FA62458,fb_retargeting,2025-01-16,EE,android,109.15,"9,999",85,18,2
2025-03-09,twitter,TW56156,x_web_conversions,2025-02-14,IT,android,205.60,"18,702",519,105,7
2025-07-31,tiktok,TI13529,tt_creator_push,2025-05-31,HU,ios,209.32,"11,131",356,73,10
2025-04-18,affiliate,AF29353,aff_autumn,2024-12-06,SI,ios,15.10,"4,725",83,12,1
2025-07-29,twitter,TW99076,x_awareness,2025-05-07,DE,android,64.69,"5,384",124,24,5
2025-01-14,facebook,FA94102,fb_brand_awareness,2025-01-11,FR,ios,326.29,"12,029",368,58,13
2025-05-09,google,GO92066,google_pmax_2025,2024-12-10,NL,android,165.75,"5,746",372,33,10
2025-02-02,twitter,TW40797,x_app_installs,2024-12-28,FI,android,19.67,"5,121",138,9,1
2025-04-30,twitter,TW10685,x_app_installs,2025-04-21,LT,ios,33.32,"7,093",149,26,3
2025-07-02,instagram,IN10224,ig_reels_push,2025-03-12,LT,android,92.42,"6,860",140,31,3
2025-07-29,instagram,IN80936,ig_reels_push,2025-07-19,SK,ios,50.08,"4,128",114,19,2
2025-03-22,affiliate,AF44610,aff_summer,2025-03-03,IT,android,70.30,"5,238",52,7,1
2025-07-11,google,GO17078,google_pmax_2025,2025-07-08,AT,android,160.29,"9,485",505,141,26
2025-09-19,instagram,IN16050,ig_retargeting,2025-07-12,FI,android,105.84,"10,109",414,90,20
2025-12-21,instagram,IN20819,ig_reels_push,2025-08-26,CY,android,79.21,"12,873",163,48,6
2025-02-03,affiliate,AF84827,aff_winter,2024-04-10,HR,ios,44.98,"5,625",24,4,1
2025-12-13,facebook,FA46063,fb_app_install,2025-10-08,RO,android,103.40,"6,696",109,21,4
2025-02-25,affiliate,AF45185,aff_winter,2024-05-07,LU,android,113.13,"8,790",214,35,3
2025-08-18,tiktok,TI13586,tt_creator_push,2025-04-10,LT,android,108.50,"7,280",193,51,3
2025-11-26,twitter,TW15753,x_web_conversions,2025-06-20,SE,ios,79.03,"4,984",146,11,1
2025-11-13,facebook,FA25665,fb_retargeting,2025-10-28,GR,android,52.75,"7,210",101,34,5
2025-04-01,facebook,FA16200,fb_retargeting,2025-01-26,BE,android,74.54,"5,015",77,25,4
2025-08-01,affiliate,AF20153,aff_spring,2024-10-09,PL,android,108.28,"11,917",289,49,4
2025-01-23,affiliate,AF15797,aff_winter,2024-07-23,SI,ios,68.78,"6,516",56,8,1
2025-06-30,instagram,IN73439,ig_retargeting,2025-05-06,PT,android,350.33,"15,442",688,204,52
2025-11-24,google,GO44887,google_display_retargeting,2025-07-28,GR,android,293.39,"10,179",595,64,19
2025-05-31,affiliate,AF33258,aff_spring,2024-08-31,AT,android,112.77,"11,256",185,11,2
2025-02-18,google,GO76534,google_pmax_2025,2024-11-14,LU,ios,77.67,"7,397",465,57,7
2025-04-28,twitter,TW76051,x_retargeting,2025-04-03,ES,ios,92.52,"12,750",363,60,8
2025-10-13,affiliate,AF21332,aff_spring,2025-07-11,BG,android,75.68,"11,608",241,35,6
2025-09-28,tiktok,TI16983,tt_spark_ads,2025-08-24,NL,android,51.01,"4,632",172,44,5
2025-09-25,tiktok,TI99077,tt_spark_ads,2025-07-16,HU,ios,226.27,"12,270",221,43,2
2025-01-09,google,GO91031,google_display_retargeting,2024-10-23,MT,ios,163.54,"6,621",277,73,23
2025-08-07,tiktok,TI35613,tt_app_installs,2025-04-04,LV,android,40.31,"4,717",228,43,7
2025-08-11,affiliate,AF31819,aff_autumn,2025-03-17,ES,ios,106.92,"11,894",72,4,0
2025-08-11,facebook,FA33915,fb_conversion_2025,2025-06-02,IE,ios,136.14,"11,060",358,90,15
2025-09-12,tiktok,TI56008,tt_conversion_2025,2025-06-23,LV,android,85.95,"6,881",335,98,16
2025-09-07,twitter,TW83050,x_app_installs,2025-03-30,ES,android,170.25,"9,684",249,21,3
2025-07-13,google,GO47806,google_display_retargeting,2025-06-07,NL,ios,184.01,"12,398",565,52,9
2025-01-20,tiktok,TI99289,tt_creator_push,2024-08-17,SE,android,237.87,"11,268",539,141,34
2025-09-19,twitter,TW67204,x_retargeting,2025-06-02,MT,android,45.66,"9,261",73,10,2
2025-06-11,tiktok,TI84090,tt_spark_ads,2025-02-15,FR,android,157.38,"8,980",444,64,14
2025-04-15,google,GO19084,google_pmax_2025,2024-12-12,IT,android,213.43,"6,291",128,17,5
2025-12-25,facebook,FA21718,fb_retargeting,2025-11-01,FI,ios,360.97,"13,102",388,122,27
2025-04-02,facebook,FA26020,fb_retargeting,2025-03-05,SK,ios,146.68,"6,731",202,65,10
2025-09-08,tiktok,TI98190,tt_app_installs,2025-08-12,RO,android,44.43,"2,566",60,17,4
2025-03-03,twitter,TW96239,x_retargeting,2024-09-08,CZ,android,77.54,"8,288",127,20,4
2025-12-27,google,GO40151,google_search_brand,2025-08-11,RO,ios,90.68,"7,369",438,99,26
2025-07-24,google,GO31810,google_youtube_video,2025-06-07,EE,ios,265.88,"10,453",472,44,8
2025-04-18,facebook,FA93221,fb_retargeting,2025-03-14,SE,android,83.38,"4,689",66,19,3
2025-03-20,twitter,TW67983,x_awareness,2025-01-09,ES,android,161.96,"10,607",286,52,4
2025-12-20,tiktok,TI96013,tt_conversion_2025,2025-09-27,IE,android,73.09,"11,017",393,102,8
2025-03-25,tiktok,TI90576,tt_app_installs,2024-12-21,BG,android,57.83,"11,586",318,88,10
2025-11-06,tiktok,TI31150,tt_creator_push,2025-06-10,CY,ios,211.97,"14,863",601,80,15
2025-08-31,affiliate,AF43558,aff_spring,2025-05-27,BE,android,110.50,"10,106",173,20,2
2025-02-10,facebook,FA12299,fb_brand_awareness,2024-12-29,DE,android,199.65,"13,138",169,27,3
2025-04-13,twitter,TW27682,x_app_installs,2025-03-07,DE,ios,229.60,"12,812",205,13,2
2025-08-13,facebook,FA47473,fb_brand_awareness,2025-04-28,BE,ios,249.28,"13,947",475,100,28
2025-03-16,affiliate,AF48815,aff_spring,2024-09-13,IT,android,45.62,"11,484",67,12,1
2025-10-14,instagram,IN44974,ig_retargeting,2025-10-03,BE,ios,107.01,"5,812",215,44,7
2025-12-23,tiktok,TI30738,tt_conversion_2025,2025-12-21,ES,android,123.85,"9,447",301,34,2
2025-08-22,facebook,FA52536,fb_brand_awareness,2025-08-03,PL,ios,221.16,"18,061",486,126,17
2025-07-07,google,GO69106,google_pmax_2025,2025-02-21,IT,android,323.81,"14,493",873,174,35
2025-04-23,tiktok,TI72774,tt_conversion_2025,2025-01-04,BG,ios,52.14,"5,880",246,29,2
2025-02-16,instagram,IN81970,ig_app_install,2025-01-30,DK,ios,161.56,"7,327",177,42,12
2025-04-25,tiktok,TI42633,tt_conversion_2025,2024-11-22,LU,android,30.30,"4,089",74,17,1
2025-07-12,twitter,TW72072,x_app_installs,2025-04-24,HU,android,191.36,"11,255",224,33,2
2025-03-31,facebook,FA61218,fb_conversion_2025,2025-02-23,RO,android,110.03,"7,368",105,26,7
2025-05-05,google,GO72512,google_pmax_2025,2025-03-18,LT,android,401.83,"12,894",362,94,26
2025-01-01,tiktok,TI19315,tt_conversion_2025,2024-08-31,GR,android,66.68,"5,198",261,42,6
2025-09-05,google,GO24413,google_pmax_2025,2025-09-01,BG,ios,79.26,"8,766",378,47,5
2025-06-30,instagram,IN74905,ig_retargeting,2025-05-01,DE,ios,179.90,"14,206",515,89,8
2025-02-17,facebook,FA81597,fb_retargeting,2024-12-18,PT,android,127.55,"7,445",75,13,3
2025-01-01,tiktok,TI33859,tt_app_installs,2024-11-23,DE,android,90.50,"10,265",148,47,6
2025-08-20,tiktok,TI15005,tt_spark_ads,2025-07-07,CZ,ios,250.29,"13,639",664,97,11
2025-10-12,affiliate,AF40445,aff_summer,2025-03-06,IT,ios,83.29,"6,760",162,21,2
2025-06-17,google,GO64799,google_display_retargeting,2025-04-15,BE,ios,143.83,"7,382",377,81,23
2025-02-25,facebook,FA42743,fb_retargeting,2024-11-16,SE,ios,236.30,"9,796",92,16,4
2025-10-16,twitter,TW43847,x_retargeting,2025-07-11,BG,ios,120.98,"12,703",247,19,2
2025-06-21,instagram,IN25305,ig_retargeting,2025-05-19,AT,ios,142.85,"11,310",203,27,7
2025-11-28,tiktok,TI17901,tt_creator_push,2025-11-09,LT,android,148.66,"10,070",361,94,5
2025-12-07,google,GO28768,google_display_retargeting,2025-11-16,ES,android,164.25,"6,389",150,22,3
2025-12-28,affiliate,AF14580,aff_autumn,2025-07-18,LU,android,116.79,"12,272",110,18,3
2025-12-01,instagram,IN90598,ig_story_launch,2025-09-02,LU,android,142.18,"7,302",174,25,3
2025-03-15,instagram,IN79965,ig_story_launch,2025-01-09,CY,android,130.07,"9,721",152,21,5
2025-01-30,affiliate,AF50364,aff_autumn,2024-08-17,AT,ios,87.61,"9,361",187,21,2
2025-03-26,instagram,IN75408,ig_app_install,2024-12-07,LT,android,175.97,"12,695",175,35,5
2025-12-31,tiktok,TI24838,tt_conversion_2025,2025-10-09,SE,android,63.96,"7,777",169,41,4
2025-05-23,tiktok,TI22143,tt_app_installs,2025-03-20,SK,ios,147.66,"11,071",594,186,20
2025-05-31,tiktok,TI15065,tt_conversion_2025,2025-03-24,PT,ios,300.26,"16,254",583,74,7
2025-11-19,instagram,IN32193,ig_reels_push,2025-09-10,PL,android,20.38,"1,597",37,5,1
2025-04-09,affiliate,AF84888,aff_summer,2024-10-29,LV,ios,72.13,"7,502",116,16,1
2025-07-14,google,GO24440,google_youtube_video,2025-05-07,CZ,ios,125.63,"4,625",202,32,10
2025-08-05,affiliate,AF30403,aff_spring,2025-06-29,ES,android,56.44,"4,739",87,14,1
2025-04-14,tiktok,TI40850,tt_app_installs,2025-03-19,BE,android,57.76,"4,000",207,53,3
2025-05-20,google,GO57155,google_display_retargeting,2025-04-28,DE,android,85.37,"9,412",241,34,4
2025-08-24,affiliate,AF65553,aff_autumn,2024-11-21,DK,ios,25.56,"5,658",41,2,0
2025-04-10,instagram,IN23803,ig_story_launch,2025-01-28,EE,ios,104.48,"7,077",178,36,4
2025-11-10,instagram,IN46360,ig_reels_push,2025-10-10,SE,android,181.47,"14,354",308,43,10
2025-01-17,facebook,FA47503,fb_conversion_2025,2024-09-27,RO,ios,288.13,"19,636",173,50,14
2025-06-02,google,GO67032,google_search_brand,2025-05-08,SI,ios,117.44,"7,569",458,100,22
2025-08-20,google,GO37069,google_pmax_2025,2025-07-31,DE,android,212.56,"16,284",787,139,39
2025-02-01,tiktok,TI92862,tt_conversion_2025,2024-12-28,MT,android,135.53,"9,680",426,100,12
2025-12-08,tiktok,TI84142,tt_app_installs,2025-10-01,FR,ios,208.93,"14,032",482,58,10
2025-09-05,facebook,FA21227,fb_brand_awareness,2025-08-19,LV,ios,75.50,"4,776",129,20,6
2025-11-18,google,GO92292,google_youtube_video,2025-09-07,PL,android,145.22,"13,475",413,87,6
2025-10-23,tiktok,TI40119,tt_creator_push,2025-09-06,EE,android,61.92,"5,215",161,20,5
2025-02-13,google,GO36038,google_youtube_video,2024-11-28,NL,ios,141.15,"10,151",558,140,29
2025-11-12,google,GO36777,google_pmax_2025,2025-07-06,LT,android,453.05,"14,743",438,65,15
2025-08-03,affiliate,AF66411,aff_autumn,2025-05-11,LV,ios,115.00,"17,183",371,39,7
2025-08-28,instagram,IN15482,ig_retargeting,2025-06-24,RO,ios,103.78,"9,563",395,100,15
2025-07-05,twitter,TW15117,x_app_installs,2025-01-22,RO,ios,72.14,"7,412",145,13,1
2025-07-30,google,GO95941,google_pmax_2025,2025-05-10,GR,android,119.22,"7,855",386,36,5
2025-09-27,affiliate,AF64037,aff_autumn,2025-08-28,AT,ios,69.06,"5,202",35,4,1
2025-05-29,affiliate,AF71333,aff_autumn,2025-01-23,CZ,ios,41.53,"6,513",79,7,0
2025-02-16,affiliate,AF70692,aff_summer,2024-09-01,DE,android,71.32,"6,295",104,12,1
2025-04-24,instagram,IN73959,ig_story_launch,2025-02-28,FI,ios,163.01,"7,924",266,31,5
2025-02-25,tiktok,TI53504,tt_creator_push,2024-10-04,AT,android,98.77,"4,915",158,24,5
2025-10-30,instagram,IN62483,ig_app_install,2025-09-30,BG,ios,76.67,"9,157",389,43,10
2025-04-11,affiliate,AF81610,aff_winter,2024-08-29,EE,ios,13.02,"4,535",28,4,1
2025-04-18,twitter,TW45897,x_app_installs,2024-11-22,RO,ios,30.84,"3,528",41,6,0
2025-05-25,instagram,IN57377,ig_story_launch,2025-03-27,BG,android,294.72,"12,758",362,49,9
2025-07-14,instagram,IN19864,ig_retargeting,2025-06-01,EE,android,100.94,"7,081",162,26,7
2025-11-02,tiktok,TI10680,tt_app_installs,2025-10-17,DE,ios,83.52,"5,791",207,60,12
2025-07-04,facebook,FA35516,fb_app_install,2025-05-24,HR,android,86.87,"3,742",48,9,1
2025-04-30,instagram,IN14416,ig_retargeting,2025-01-09,IT,android,72.06,"3,017",43,5,0
2025-08-15,instagram,IN96093,ig_reels_push,2025-05-28,HU,android,315.16,"15,816",405,102,17
2025-02-01,facebook,FA47572,fb_retargeting,2024-12-17,PL,android,113.42,"6,155",188,25,7
2025-11-06,tiktok,TI69049,tt_conversion_2025,2025-06-19,LT,android,104.96,"6,825",112,16,3
2025-07-04,facebook,FA19269,fb_conversion_2025,2025-06-23,HU,android,48.23,"3,446",56,12,4
2025-04-19,twitter,TW65527,x_retargeting,2025-03-02,PT,android,142.87,"14,425",384,68,4
2025-06-01,tiktok,TI23384,tt_spark_ads,2025-04-30,GR,android,67.30,"13,381",538,111,22
2025-02-12,google,GO33397,google_pmax_2025,2025-01-09,NL,android,91.45,"7,608",240,34,8
2025-12-16,google,GO50626,google_search_brand,2025-10-12,DE,android,206.52,"11,268",307,31,9
2025-07-28,affiliate,AF67524,aff_spring,2025-05-04,RO,android,169.20,"13,021",287,21,3
2025-08-31,instagram,IN59833,ig_app_install,2025-06-03,IT,ios,134.68,"23,717",545,90,20
2025-04-07,google,GO51686,google_pmax_2025,2025-03-04,SE,android,257.43,"8,279",479,43,7
2025-03-25,facebook,FA36375,fb_retargeting,2025-03-23,NL,android,288.90,"11,253",136,30,2
2025-10-22,instagram,IN36207,ig_reels_push,2025-08-20,CY,android,69.79,"3,493",100,21,3
2025-01-26,instagram,IN48507,ig_app_install,2024-12-10,IT,ios,104.60,"9,996",151,31,5
2025-11-15,facebook,FA15420,fb_brand_awareness,2025-07-28,PL,android,223.23,"11,574",278,92,16
2025-03-25,facebook,FA52251,fb_app_install,2025-03-04,NL,ios,100.41,"9,354",183,27,4
2025-01-28,facebook,FA78201,fb_conversion_2025,2024-11-13,SE,android,75.19,"3,091",97,19,2
2025-07-17,tiktok,TI28932,tt_spark_ads,2025-02-20,RO,android,189.15,"9,550",300,49,5
2025-01-29,google,GO73161,google_display_retargeting,2024-11-07,BE,ios,212.78,"8,820",569,125,8
2025-06-27,facebook,FA12684,fb_retargeting,2025-03-15,LV,android,152.05,"9,384",202,28,7
2025-05-30,twitter,TW34911,x_awareness,2025-03-07,IT,ios,92.94,"8,080",84,18,3
2025-09-18,facebook,FA95230,fb_retargeting,2025-06-21,FR,ios,195.65,"14,527",378,124,32
2025-06-24,instagram,IN62024,ig_reels_push,2025-05-01,PT,ios,100.72,"6,106",176,19,3
2025-03-07,instagram,IN58491,ig_app_install,2024-12-08,ES,ios,237.42,"11,445",336,95,25
2025-09-02,affiliate,AF36695,aff_summer,2025-01-23,FR,ios,62.30,"11,569",107,17,2
2025-05-09,affiliate,AF66596,aff_spring,2025-05-08,MT,ios,110.48,"13,494",93,14,1
2025-08-04,tiktok,TI90936,tt_conversion_2025,2025-05-08,FR,ios,91.06,"11,144",270,73,4
2025-10-12,twitter,TW84624,x_awareness,2025-06-12,BG,ios,80.66,"10,142",255,27,5
2025-12-28,affiliate,AF11152,aff_winter,2025-08-09,SE,ios,147.06,"11,606",267,17,3
2025-05-26,google,GO19386,google_display_retargeting,2025-03-21,GR,android,345.97,"11,000",591,123,35
2025-02-28,twitter,TW12647,x_awareness,2025-01-07,MT,ios,132.75,"11,060",148,13,2
2025-09-04,affiliate,AF86054,aff_winter,2025-06-11,FR,android,19.12,"9,275",194,12,2
2025-11-24,twitter,TW86690,x_awareness,2025-10-23,BG,ios,121.96,"12,089",340,42,6
2025-06-11,affiliate,AF38994,aff_spring,2025-04-22,CY,android,97.08,"11,135",162,25,4
2025-02-01,google,GO68748,google_youtube_video,2024-12-13,AT,ios,227.65,"7,715",528,88,23
2025-05-16,twitter,TW76853,x_app_installs,2025-04-30,ES,ios,41.98,"5,967",121,21,3
2025-08-29,instagram,IN91904,ig_reels_push,2025-06-29,SK,ios,63.05,"7,872",145,22,4
2025-05-31,google,GO34402,google_pmax_2025,2025-05-18,LV,ios,219.07,"10,867",647,118,30
2025-11-12,instagram,IN69072,ig_retargeting,2025-10-03,NL,android,47.21,"6,580",266,57,11
2025-03-11,affiliate,AF58910,aff_spring,2025-01-31,IT,android,51.70,"5,730",133,16,2
2025-07-20,twitter,TW45595,x_retargeting,2025-07-15,BG,ios,75.80,"11,488",75,14,3
2025-10-10,tiktok,TI29730,tt_conversion_2025,2025-05-25,FR,ios,35.90,"5,343",273,65,8
2025-10-22,facebook,FA92376,fb_app_install,2025-07-16,CY,ios,172.19,"10,773",190,29,5
2025-02-16,instagram,IN52792,ig_app_install,2025-01-05,RO,ios,117.44,"12,125",438,75,18
2025-03-02,twitter,TW32657,x_app_installs,2024-12-28,EE,ios,236.92,"17,121",194,17,2
2025-08-20,facebook,FA82845,fb_conversion_2025,2025-05-10,MT,android,223.92,"15,899",266,83,5
2025-09-07,twitter,TW21002,x_app_installs,2025-06-20,CZ,ios,136.71,"13,700",194,39,7
2025-04-24,twitter,TW31495,x_app_installs,2025-02-07,MT,android,100.25,"13,768",179,31,6
2025-07-15,affiliate,AF58445,aff_autumn,2025-01-02,FR,android,51.54,"5,198",98,15,1
2025-03-11,instagram,IN38707,ig_retargeting,2024-12-18,HR,ios,102.24,"4,595",174,25,3
2025-10-31,affiliate,AF18148,aff_winter,2025-07-06,LT,ios,87.32,"6,523",156,22,1
2025-11-02,facebook,FA69575,fb_retargeting,2025-08-31,DK,android,204.13,"10,758",265,55,5
2025-01-23,tiktok,TI50165,tt_conversion_2025,2024-08-17,HR,android,328.64,"15,151",686,83,17
2025-05-10,instagram,IN51432,ig_retargeting,2025-01-18,SI,android,84.25,"8,534",205,38,8
2025-06-02,affiliate,AF72223,aff_autumn,2024-09-05,LV,ios,134.43,"9,801",187,26,3
2025-11-01,google,GO77714,google_search_brand,2025-06-05,LV,ios,206.13,"6,587",277,28,5
2025-05-31,facebook,FA87333,fb_retargeting,2025-03-08,RO,ios,54.78,"7,298",179,22,4
2025-04-12,twitter,TW97548,x_app_installs,2024-10-22,LT,android,42.31,"12,079",232,32,4
2025-06-27,google,GO85391,google_search_brand,2025-05-03,DE,ios,157.33,"6,810",227,24,4
2025-06-21,facebook,FA94351,fb_retargeting,2025-05-12,SK,ios,86.67,"8,139",192,30,9
2025-02-20,instagram,IN63406,ig_app_install,2024-10-24,SI,ios,34.08,"6,304",137,31,6
2025-05-22,google,GO46472,google_pmax_2025,2025-03-22,MT,android,77.19,"9,094",212,40,10
2025-01-09,tiktok,TI70131,tt_app_installs,2024-11-12,LV,ios,146.83,"9,898",233,70,6
2025-04-25,google,GO52508,google_youtube_video,2025-03-14,SI,android,181.09,"7,665",496,116,18
2025-04-27,google,GO54927,google_search_brand,2024-11-21,SE,android,167.18,"6,299",196,39,3
2025-02-13,tiktok,TI26545,tt_spark_ads,2024-11-16,SI,ios,71.63,"5,928",269,31,4
2025-04-17,google,GO77798,google_youtube_video,2025-02-05,CY,ios,109.04,"5,127",138,22,3
2025-05-21,facebook,FA71884,fb_brand_awareness,2025-02-03,SI,ios,119.33,"4,315",89,21,3
2025-01-25,facebook,FA72290,fb_brand_awareness,2024-10-13,AT,ios,82.19,"12,117",350,73,5
2025-10-16,affiliate,AF76953,aff_autumn,2025-06-24,PL,ios,212.90,"17,705",344,46,4
2025-10-04,facebook,FA32814,fb_app_install,2025-09-18,DE,android,196.49,"17,429",513,93,14
2025-11-10,facebook,FA90143,fb_retargeting,2025-09-23,SI,android,97.23,"3,473",31,9,2
2025-09-27,instagram,IN29696,ig_app_install,2025-06-13,IE,android,24.34,"4,529",119,20,4
2025-04-02,tiktok,TI27510,tt_app_installs,2024-12-30,AT,android,323.47,"15,620",639,141,19
2025-05-04,twitter,TW66638,x_awareness,2024-12-24,HU,android,32.73,"6,253",104,11,1
2025-04-28,tiktok,TI31077,tt_conversion_2025,2025-01-09,RO,ios,134.36,"8,475",394,56,10
2025-12-06,instagram,IN86591,ig_retargeting,2025-08-10,RO,android,147.43,"6,624",142,23,1
2025-10-19,facebook,FA85065,fb_app_install,2025-09-06,LV,ios,342.57,"20,288",270,37,10
2025-05-24,affiliate,AF41195,aff_summer,2024-11-04,LT,ios,23.82,"4,048",33,4,0
2025-01-30,facebook,FA91566,fb_brand_awareness,2024-12-28,BG,android,204.16,"8,080",104,21,5
2025-12-10,affiliate,AF66404,aff_winter,2025-10-05,LU,android,40.28,"6,110",77,14,0
2025-06-09,instagram,IN39378,ig_retargeting,2025-04-07,CZ,ios,127.97,"5,945",139,32,6
2025-02-23,google,GO47104,google_display_retargeting,2024-12-24,AT,android,119.59,"3,943",257,39,10
2025-09-12,google,GO78738,google_youtube_video,2025-07-14,FR,android,215.78,"11,927",473,99,18
2025-10-08,affiliate,AF34423,aff_spring,2025-08-20,NL,ios,119.58,"10,966",180,12,2
2025-04-10,instagram,IN66544,ig_story_launch,2024-12-20,DE,ios,139.55,"14,307",581,145,13
2025-09-23,twitter,TW62456,x_retargeting,2025-08-16,CZ,ios,100.32,"13,548",126,15,1
2025-08-10,twitter,TW12837,x_awareness,2025-07-23,LU,ios,35.05,"5,040",115,20,4
2025-05-10,affiliate,AF48620,aff_summer,2025-01-20,LU,android,194.34,"17,885",306,53,2
2025-07-09,affiliate,AF41058,aff_summer,2025-02-07,GR,android,32.17,"12,054",259,41,7
2025-10-15,facebook,FA39596,fb_retargeting,2025-06-27,NL,ios,106.86,"4,064",128,16,3
2025-03-20,twitter,TW10327,x_retargeting,2025-03-01,ES,ios,91.50,"5,436",71,10,1
2025-08-23,instagram,IN13415,ig_reels_push,2025-05-07,LT,ios,116.08,"8,534",146,32,3
2025-08-16,instagram,IN37572,ig_story_launch,2025-05-08,LV,ios,84.57,"14,944",318,68,9
2025-10-16,twitter,TW71104,x_retargeting,2025-05-11,DK,android,14.35,"4,352",80,8,1
2025-01-27,twitter,TW55242,x_web_conversions,2024-10-01,CY,ios,74.76,"9,398",94,6,1
2025-08-09,twitter,TW69603,x_app_installs,2025-05-25,BE,android,103.15,"10,567",67,7,1
2025-05-29,affiliate,AF47479,aff_spring,2024-12-14,IE,android,45.50,"7,695",169,16,3
2025-03-05,tiktok,TI68533,tt_spark_ads,2024-11-18,LT,android,44.66,"4,190",134,27,6
2025-01-28,tiktok,TI90461,tt_creator_push,2024-12-11,ES,android,168.16,"11,210",300,40,7
2025-01-25,twitter,TW86846,x_retargeting,2024-08-29,SK,android,74.80,"5,151",108,17,2
2025-12-24,affiliate,AF21881,aff_summer,2025-07-05,HR,android,32.16,"7,243",173,12,2
2025-09-06,instagram,IN88025,ig_story_launch,2025-07-05,SI,ios,159.89,"7,037",155,32,3
2025-01-10,instagram,IN74759,ig_app_install,2024-09-21,HU,ios,177.13,"9,691",147,15,4
2025-10-20,facebook,FA47044,fb_brand_awareness,2025-09-29,DE,android,145.75,"14,200",442,84,14
2025-09-25,instagram,IN31708,ig_story_launch,2025-08-25,LV,android,165.77,"12,879",212,44,7
2025-01-01,facebook,FA15425,fb_app_install,2024-11-17,FI,android,66.09,"6,858",182,24,7
2025-05-27,twitter,TW44929,x_awareness,2025-05-11,AT,ios,131.82,"8,997",249,28,4
2025-11-05,facebook,FA42522,fb_conversion_2025,2025-07-09,FI,ios,94.93,"6,710",220,71,17
2025-05-08,google,GO12313,google_youtube_video,2025-01-31,CZ,ios,139.58,"6,399",195,48,10
2025-04-13,affiliate,AF23042,aff_summer,2024-07-26,RO,ios,43.76,"4,646",59,7,0
2025-07-04,affiliate,AF71382,aff_autumn,2025-01-29,BG,ios,130.94,"16,384",200,35,4
2025-05-31,tiktok,TI31686,tt_creator_push,2025-04-25,HR,ios,121.99,"5,640",292,77,12
2025-12-30,google,GO81373,google_youtube_video,2025-11-24,AT,ios,170.50,"7,825",454,46,14
2025-05-23,tiktok,TI87950,tt_app_installs,2025-05-03,BG,ios,119.50,"7,349",359,89,5
2025-06-11,tiktok,TI27646,tt_app_installs,2025-05-10,ES,android,190.48,"9,756",183,56,5
2025-10-21,google,GO79252,google_pmax_2025,2025-06-11,RO,android,254.77,"8,160",186,36,7
2025-11-15,tiktok,TI39575,tt_spark_ads,2025-10-26,FI,ios,284.08,"16,775",542,85,14
2025-06-24,affiliate,AF47606,aff_autumn,2024-12-03,LT,ios,68.06,"16,350",295,51,7
2025-06-23,tiktok,TI77935,tt_spark_ads,2025-01-29,SI,ios,271.51,"12,772",389,93,22
2025-02-03,tiktok,TI19315,tt_creator_push,2025-01-16,BG,android,91.96,"14,455",432,50,5
2025-12-10,facebook,FA43650,fb_retargeting,2025-12-10,FR,android,94.21,"5,147",87,13,1
2025-10-03,affiliate,AF37655,aff_summer,2025-04-07,FI,android,75.73,"10,882",253,30,2
2025-12-13,twitter,TW93434,x_awareness,2025-09-26,PT,android,72.71,"10,394",239,33,2
2025-11-11,tiktok,TI17276,tt_app_installs,2025-07-21,AT,ios,217.13,"15,845",330,36,3
2025-10-08,facebook,FA24783,fb_app_install,2025-08-29,BG,android,60.49,"9,846",234,58,16
2025-06-06,affiliate,AF30283,aff_spring,2025-06-03,CY,android,105.21,"8,388",117,21,3
2025-05-29,instagram,IN35697,ig_retargeting,2025-02-11,LT,android,79.78,"6,356",267,55,4
2025-10-14,twitter,TW27987,x_retargeting,2025-08-30,FI,ios,26.87,"5,247",113,10,1
2025-09-19,affiliate,AF36789,aff_winter,2025-02-15,PL,android,43.46,"7,334",86,12,2
2025-09-24,affiliate,AF56575,aff_spring,2025-03-03,HU,ios,44.13,"7,145",80,6,0
2025-06-03,twitter,TW40026,x_awareness,2025-01-04,PT,ios,61.46,"6,239",163,23,1
2025-12-10,twitter,TW79778,x_awareness,2025-11-10,SE,android,32.25,"10,057",168,30,4
2025-10-08,facebook,FA95538,fb_retargeting,2025-06-10,FI,ios,124.78,"6,001",191,44,12
2025-10-06,affiliate,AF20663,aff_winter,2025-02-25,IE,android,18.80,"4,855",50,4,1
2025-10-01,facebook,FA17893,fb_app_install,2025-08-23,BG,ios,172.75,"8,246",108,17,3
2025-08-23,tiktok,TI40368,tt_spark_ads,2025-06-05,SI,ios,147.35,"9,967",404,126,17
2025-09-12,instagram,IN94528,ig_reels_push,2025-08-12,SE,android,150.64,"11,729",238,50,9
2025-08-16,twitter,TW53142,x_awareness,2025-08-04,DK,android,12.43,"3,015",43,5,1
2025-06-03,tiktok,TI51330,tt_app_installs,2025-03-21,AT,android,79.40,"12,067",366,102,25
2025-05-06,instagram,IN84974,ig_story_launch,2025-03-01,MT,android,135.55,"7,048",231,61,13
2025-01-11,affiliate,AF71794,aff_summer,2024-03-22,RO,ios,184.84,"17,344",293,19,2
2025-02-15,google,GO76544,google_display_retargeting,2024-10-12,NL,android,172.44,"5,821",254,65,8
2025-06-23,google,GO42688,google_pmax_2025,2025-04-13,NL,android,203.21,"12,536",699,78,15
2025-03-07,tiktok,TI25681,tt_spark_ads,2025-02-14,FR,ios,116.13,"7,934",427,114,28
2025-09-19,facebook,FA15290,fb_brand_awareness,2025-06-22,SE,android,501.51,"20,716",454,142,11
2025-09-02,tiktok,TI51261,tt_conversion_2025,2025-04-16,LV,android,161.94,"8,729",442,128,6
2025-11-20,instagram,IN50149,ig_app_install,2025-10-11,AT,ios,160.36,"10,255",353,92,23
2025-10-31,tiktok,TI92232,tt_app_installs,2025-09-12,PL,android,105.02,"10,022",535,108,20
2025-08-12,instagram,IN77910,ig_reels_push,2025-04-30,FR,android,17.79,"2,881",85,9,2
2025-03-07,twitter,TW75309,x_awareness,2024-09-15,RO,android,120.64,"8,561",182,23,2
2025-08-28,twitter,TW62198,x_web_conversions,2025-07-29,EE,android,190.48,"11,598",212,34,5
2025-12-01,affiliate,AF17370,aff_winter,2025-08-03,SE,android,74.74,"7,599",179,11,1
2025-03-25,affiliate,AF96250,aff_spring,2024-12-03,LU,ios,120.05,"12,300",268,42,2
2025-05-10,instagram,IN13274,ig_story_launch,2025-04-11,FI,android,121.69,"11,493",461,77,6
2025-06-26,affiliate,AF24326,aff_winter,2025-04-07,PT,ios,196.94,"20,524",298,27,4
2025-05-17,facebook,FA91341,fb_app_install,2025-04-22,IT,ios,340.88,"13,681",237,30,2
2025-11-12,tiktok,TI85171,tt_app_installs,2025-07-26,CY,android,82.74,"3,789",73,8,1
2025-12-15,affiliate,AF32924,aff_summer,2025-04-25,IT,android,172.98,"12,769",55,6,1
2025-07-29,facebook,FA46419,fb_retargeting,2025-04-25,BE,android,102.61,"5,399",137,24,3
2025-12-05,twitter,TW56669,x_awareness,2025-06-11,LU,android,70.58,"11,028",249,45,7
2025-10-06,facebook,FA33043,fb_conversion_2025,2025-09-03,CZ,ios,98.59,"10,868",250,39,10
2025-11-24,google,GO11500,google_pmax_2025,2025-08-07,SI,ios,93.05,"7,070",441,55,14
2025-03-21,twitter,TW89988,x_web_conversions,2024-11-17,PL,ios,123.80,"12,570",224,15,1
2025-05-04,tiktok,TI42245,tt_conversion_2025,2025-05-01,PT,android,107.69,"12,727",691,111,12
2025-05-26,affiliate,AF28477,aff_summer,2024-11-19,HU,android,77.94,"5,824",42,5,0
2025-05-19,twitter,TW23686,x_app_installs,2025-02-21,PT,ios,55.54,"8,361",79,10,2
2025-10-23,facebook,FA86652,fb_retargeting,2025-07-17,IE,android,158.47,"6,116",150,36,10
2025-02-21,tiktok,TI78380,tt_spark_ads,2025-01-13,PL,android,62.75,"4,064",91,23,1
2025-07-15,affiliate,AF75200,aff_autumn,2024-11-16,HR,ios,8.92,"4,455",68,10,1
2025-11-18,google,GO50875,google_display_retargeting,2025-09-05,SK,ios,328.41,"9,990",314,80,12
2025-12-22,twitter,TW80629,x_retargeting,2025-07-10,BE,android,73.76,"5,829",37,7,1
2025-01-13,facebook,FA82747,fb_app_install,2024-12-06,LV,ios,141.39,"5,646",161,39,4
2025-01-22,facebook,FA17106,fb_brand_awareness,2024-10-01,HR,ios,173.02,"10,759",160,36,7
2025-10-25,google,GO13577,google_youtube_video,2025-06-12,FI,android,117.95,"5,720",315,71,19
2025-01-13,tiktok,TI77303,tt_app_installs,2024-08-08,HR,ios,106.88,"5,014",245,29,3
2025-07-23,facebook,FA79260,fb_brand_awareness,2025-05-19,GR,android,290.71,"12,007",233,63,6
2025-12-09,instagram,IN55314,ig_reels_push,2025-11-18,LV,ios,314.86,"15,968",435,63,6
2025-06-05,affiliate,AF19058,aff_summer,2024-08-15,RO,ios,236.60,"19,219",286,49,5
2025-09-25,instagram,IN71284,ig_story_launch,2025-08-04,SK,android,109.57,"4,579",96,11,1
2025-06-24,google,GO27903,google_youtube_video,2025-02-06,IT,ios,135.17,"5,654",322,36,7
2025-09-26,facebook,FA98973,fb_brand_awareness,2025-08-23,LU,ios,267.90,"10,801",287,90,9
2025-03-09,affiliate,AF49796,aff_spring,2024-07-12,DE,ios,21.54,"4,715",98,12,1
2025-08-22,instagram,IN26129,ig_reels_push,2025-08-20,HR,ios,106.32,"7,295",314,63,9
2025-05-18,facebook,FA30627,fb_app_install,2025-02-24,LU,ios,121.38,"7,710",220,34,9
2025-07-15,instagram,IN12763,ig_story_launch,2025-06-20,LV,ios,38.75,"5,986",163,35,9
2025-12-16,twitter,TW52183,x_retargeting,2025-08-18,PT,android,37.00,"6,024",66,5,1
2025-08-07,tiktok,TI43951,tt_app_installs,2025-07-28,CY,android,48.52,"6,983",223,65,3
2025-10-29,google,GO23904,google_display_retargeting,2025-06-19,LU,ios,206.13,"11,143",717,112,27
2025-03-12,twitter,TW16955,x_awareness,2024-12-07,IT,ios,179.66,"10,700",318,28,6
2025-05-24,tiktok,TI58812,tt_spark_ads,2025-04-03,HU,ios,275.41,"14,032",444,142,24
2025-05-25,facebook,FA22106,fb_app_install,2025-03-07,SE,ios,140.65,"6,927",222,44,5
2025-03-22,instagram,IN14466,ig_story_launch,2025-01-07,AT,ios,175.50,"11,046",364,46,7
2025-12-29,tiktok,TI60298,tt_app_installs,2025-10-14,ES,ios,82.98,"14,501",568,156,24
2025-07-18,tiktok,TI19708,tt_app_installs,2025-02-17,LT,android,83.45,"6,878",115,21,3
2025-08-10,affiliate,AF94447,aff_autumn,2024-11-24,SI,ios,130.00,"9,544",227,30,5
2025-06-16,instagram,IN82179,ig_app_install,2025-03-10,LV,ios,238.30,"10,269",227,68,5
2025-08-21,twitter,TW69808,x_web_conversions,2025-07-22,FI,android,60.41,"9,823",186,17,3
2025-03-28,twitter,TW75259,x_web_conversions,2024-12-14,PT,android,121.80,"8,846",252,55,10
2025-05-01,tiktok,TI91704,tt_spark_ads,2024-11-28,LU,android,81.02,"10,591",396,103,20
2025-11-18,tiktok,TI21649,tt_conversion_2025,2025-06-24,NL,android,83.31,"7,430",206,25,6
2025-12-29,google,GO95060,google_search_brand,2025-10-24,LV,android,565.17,"17,749",882,163,41
2025-11-20,affiliate,AF47312,aff_summer,2025-02-21,ES,android,23.80,"6,171",94,13,2
2025-04-20,tiktok,TI67840,tt_spark_ads,2025-03-01,IT,ios,163.24,"8,388",275,37,6
2025-08-24,tiktok,TI26411,tt_creator_push,2025-04-25,HU,android,53.65,"10,776",196,44,10
2025-11-19,affiliate,AF48308,aff_summer,2025-08-02,BG,ios,38.27,"7,873",182,19,3
2025-09-30,twitter,TW34406,x_app_installs,2025-05-17,IT,android,45.48,"10,230",187,29,3
2025-10-24,tiktok,TI66311,tt_creator_push,2025-07-29,MT,android,111.88,"6,631",128,23,2
2025-08-22,facebook,FA44992,fb_app_install,2025-05-08,DK,android,62.55,"5,576",94,13,1
2025-10-17,google,GO39913,google_display_retargeting,2025-10-12,SI,ios,216.10,"7,940",394,107,22
2025-03-25,facebook,FA40177,fb_retargeting,2025-03-12,IE,ios,89.74,"5,456",66,23,3
2025-11-01,tiktok,TI91389,tt_conversion_2025,2025-10-03,BE,ios,38.80,"7,266",242,65,13
2025-02-01,instagram,IN12775,ig_story_launch,2024-11-07,PT,android,33.26,"3,380",90,25,3
2025-08-21,google,GO79964,google_display_retargeting,2025-03-19,GR,android,234.00,"9,754",631,158,23
2025-07-22,instagram,IN41801,ig_retargeting,2025-04-23,AT,ios,113.43,"12,502",260,72,4
2025-01-01,tiktok,TI51026,tt_spark_ads,2024-08-22,SI,ios,106.55,"8,064",253,52,3
2025-10-13,affiliate,AF70181,aff_autumn,2025-07-16,EE,android,36.03,"9,298",214,35,4
2025-12-08,facebook,FA29966,fb_brand_awareness,2025-12-02,LT,android,398.72,"18,915",179,58,13
2025-04-24,instagram,IN31181,ig_retargeting,2025-02-16,FI,android,50.75,"2,970",48,12,1
2025-06-16,tiktok,TI83461,tt_creator_push,2025-04-19,GR,ios,157.70,"7,598",91,15,2
2025-09-27,instagram,IN24536,ig_reels_push,2025-07-23,RO,ios,174.90,"15,059",441,82,11
2025-10-16,tiktok,TI63198,tt_app_installs,2025-08-26,BE,android,100.05,"8,950",384,82,14
2025-01-08,instagram,IN92564,ig_story_launch,2024-10-31,SK,android,114.54,"6,037",116,28,2
2025-03-03,twitter,TW31713,x_web_conversions,2024-11-16,DK,ios,40.20,"6,893",114,21,5
2025-01-30,tiktok,TI64922,tt_creator_push,2024-11-13,EE,ios,31.54,"7,683",407,89,11
2025-11-17,google,GO28212,google_display_retargeting,2025-10-17,CY,android,322.09,"9,268",342,50,9
2025-03-10,affiliate,AF89885,aff_autumn,2024-09-02,CZ,ios,161.69,"15,700",67,6,1
2025-10-06,tiktok,TI10433,tt_conversion_2025,2025-08-08,ES,ios,63.70,"3,036",139,27,6
2025-08-02,tiktok,TI96012,tt_conversion_2025,2025-06-22,CZ,android,99.32,"9,475",377,82,14
2025-12-09,twitter,TW87522,x_web_conversions,2025-11-10,HR,ios,101.85,"10,232",73,8,1
2025-02-04,instagram,IN48189,ig_retargeting,2024-11-03,RO,android,63.52,"12,257",330,55,4
2025-04-19,affiliate,AF56718,aff_winter,2024-12-10,AT,android,21.70,"7,926",177,20,3
2025-06-03,instagram,IN25531,ig_retargeting,2025-03-25,FI,ios,214.09,"9,794",151,16,2
2025-10-22,instagram,IN25292,ig_story_launch,2025-10-09,AT,android,288.67,"21,241",488,106,18
2025-12-27,instagram,IN76878,ig_retargeting,2025-12-19,EE,ios,200.40,"10,618",216,51,8
2025-11-13,affiliate,AF81394,aff_winter,2025-03-20,PL,ios,11.47,"3,910",47,4,0
2025-03-18,twitter,TW92304,x_awareness,2024-11-16,GR,android,191.28,"18,345",209,35,5
2025-01-07,affiliate,AF65824,aff_winter,2024-09-27,CY,android,81.11,"15,784",80,14,2
2025-09-29,affiliate,AF79391,aff_autumn,2024-12-10,LU,ios,106.75,"8,820",196,30,3
2025-04-08,google,GO84161,google_youtube_video,2024-11-19,EE,android,315.71,"12,208",495,131,19
2025-11-06,facebook,FA55949,fb_conversion_2025,2025-08-20,SI,ios,399.15,"15,423",457,92,15
2025-08-04,tiktok,TI86901,tt_creator_push,2025-03-08,MT,android,204.84,"13,150",220,60,14
2025-04-14,twitter,TW18663,x_app_installs,2025-04-08,PL,android,153.80,"16,663",304,34,6
2025-09-08,google,GO50758,google_pmax_2025,2025-09-07,RO,android,91.41,"10,598",340,52,15
2025-07-23,google,GO31987,google_pmax_2025,2025-07-03,SK,ios,77.19,"5,213",264,28,2
2025-03-18,facebook,FA19156,fb_conversion_2025,2025-02-28,LV,ios,34.34,"4,444",68,12,1
2025-03-12,tiktok,TI81623,tt_conversion_2025,2025-02-15,IE,android,263.08,"12,686",402,105,18
2025-05-05,facebook,FA99964,fb_conversion_2025,2025-03-25,DK,ios,180.74,"11,323",129,40,8
2025-07-30,affiliate,AF70227,aff_autumn,2025-01-23,DK,android,154.73,"11,106",182,14,2
2025-02-04,twitter,TW50231,x_awareness,2024-08-21,NL,ios,44.93,"4,067",60,12,1
2025-12-20,google,GO92483,google_display_retargeting,2025-08-27,LT,ios,233.54,"8,034",355,78,23
2025-12-02,affiliate,AF64074,aff_winter,2025-06-27,EE,android,135.21,"16,577",124,17,1
2025-08-11,twitter,TW45251,x_retargeting,2025-06-16,PT,ios,181.57,"11,534",106,16,1
2025-01-07,affiliate,AF83789,aff_spring,2024-06-15,BG,android,79.85,"6,841",46,3,0
2025-01-04,facebook,FA28127,fb_retargeting,2024-11-21,CZ,ios,190.11,"7,653",205,64,6
2025-05-13,twitter,TW14529,x_awareness,2025-01-09,SI,android,102.92,"10,705",88,16,1
2025-03-07,google,GO34864,google_pmax_2025,2024-10-26,SI,ios,398.83,"12,407",753,168,23
2025-06-23,affiliate,AF26356,aff_winter,2024-12-22,CY,android,35.11,"6,596",85,13,2
2025-04-13,facebook,FA94490,fb_brand_awareness,2025-03-13,IE,android,262.73,"24,219",214,45,5
2025-05-20,affiliate,AF58712,aff_autumn,2025-02-01,PL,ios,68.48,"5,080",57,4,1
2025-09-23,tiktok,TI34381,tt_creator_push,2025-04-19,EE,android,37.88,"9,331",457,49,8
2025-12-14,tiktok,TI84840,tt_creator_push,2025-10-25,LV,ios,111.17,"10,517",128,40,8
2025-08-01,google,GO90146,google_youtube_video,2025-06-02,EE,ios,324.08,"12,918",565,92,15
2025-10-30,twitter,TW14766,x_awareness,2025-10-07,SK,ios,97.89,"6,454",86,12,1
2025-04-27,affiliate,AF62991,aff_winter,2025-04-26,EE,android,28.98,"7,207",85,10,1
2025-02-05,instagram,IN48462,ig_reels_push,2024-12-11,CY,android,81.81,"14,407",360,103,27
2025-03-25,tiktok,TI43888,tt_conversion_2025,2024-11-18,CY,ios,189.28,"8,900",213,22,2
2025-01-14,google,GO37160,google_pmax_2025,2024-09-27,MT,android,168.45,"9,328",470,108,16
2025-07-05,instagram,IN93637,ig_story_launch,2025-04-12,FR,ios,253.07,"11,230",498,54,11
2025-12-17,twitter,TW32976,x_retargeting,2025-06-29,EE,android,119.87,"10,595",294,59,8
2025-08-05,twitter,TW35438,x_awareness,2025-02-08,NL,android,36.98,"6,885",137,10,1
2025-07-13,facebook,FA32385,fb_retargeting,2025-05-24,LU,android,107.59,"4,314",65,11,2
2025-04-29,google,GO65525,google_pmax_2025,2025-04-01,IE,android,85.87,"8,163",234,63,8
2025-12-04,tiktok,TI27287,tt_spark_ads,2025-07-11,DK,ios,226.92,"10,641",228,64,13
2025-12-17,tiktok,TI16869,tt_app_installs,2025-12-12,LT,android,78.79,"8,773",404,95,18
2025-02-06,instagram,IN37780,ig_app_install,2024-11-22,BE,ios,61.03,"7,195",136,35,6
2025-07-03,affiliate,AF42110,aff_winter,2024-10-16,AT,ios,89.76,"12,470",107,9,1
2025-11-05,affiliate,AF99889,aff_autumn,2025-10-06,DK,android,38.97,"5,047",112,16,1
2025-08-22,affiliate,AF19725,aff_autumn,2025-05-15,EE,ios,45.93,"9,832",208,29,5
2025-04-20,google,GO95739,google_youtube_video,2024-11-12,PT,android,61.69,"3,516",167,38,6
2025-01-28,instagram,IN56266,ig_retargeting,2024-11-05,CZ,ios,66.16,"12,252",151,23,2
2025-06-23,google,GO24417,google_youtube_video,2025-04-08,FI,ios,159.85,"14,582",609,56,8
2025-09-27,twitter,TW19653,x_app_installs,2025-09-02,IE,android,97.93,"10,145",179,18,1
2025-07-30,facebook,FA94598,fb_app_install,2025-04-29,MT,ios,209.88,"12,940",320,72,12
2025-03-10,facebook,FA54055,fb_app_install,2025-02-13,FR,android,102.08,"9,348",189,38,3
2025-05-21,tiktok,TI79632,tt_app_installs,2025-04-16,SK,android,195.10,"12,114",515,111,5
2025-06-23,instagram,IN17278,ig_retargeting,2025-06-19,IE,android,79.47,"7,914",277,78,10
2025-04-06,google,GO77381,google_youtube_video,2025-03-18,SI,ios,150.65,"11,255",572,101,18
2025-10-21,affiliate,AF73575,aff_autumn,2025-07-11,LT,android,109.59,"8,874",49,4,1
2025-04-30,twitter,TW88836,x_awareness,2025-03-17,PL,android,20.04,"4,021",26,5,0
2025-08-27,facebook,FA37670,fb_brand_awareness,2025-08-19,IE,ios,92.16,"10,640",250,38,5
2025-11-08,twitter,TW83150,x_app_installs,2025-07-15,NL,ios,107.92,"10,574",239,32,3
2025-10-01,tiktok,TI33769,tt_app_installs,2025-07-12,IE,android,45.49,"9,290",279,44,2
2025-03-12,affiliate,AF87730,aff_summer,2025-01-18,PL,ios,63.71,"4,616",115,11,1
2025-03-23,facebook,FA21429,fb_conversion_2025,2025-03-18,GR,android,141.02,"6,877",238,52,8
2025-08-02,instagram,IN11316,ig_reels_push,2025-07-15,IE,android,215.44,"9,383",151,27,6
2025-06-12,twitter,TW85949,x_awareness,2025-05-22,FI,android,66.82,"10,345",297,49,6
2025-09-25,instagram,IN93937,ig_retargeting,2025-06-06,LU,android,34.42,"5,973",168,17,4
2025-04-15,twitter,TW73701,x_app_installs,2025-01-05,SK,android,183.35,"11,580",147,27,3
2025-05-22,instagram,IN57692,ig_app_install,2025-03-03,PT,android,109.57,"5,001",60,18,3
2025-03-24,tiktok,TI13162,tt_creator_push,2025-03-07,GR,ios,45.47,"4,759",109,13,1
2025-07-23,twitter,TW72151,x_web_conversions,2025-03-29,IT,android,28.88,"2,622",67,10,2
2025-01-27,affiliate,AF11138,aff_autumn,2025-01-18,IT,ios,34.62,"3,523",83,14,1
2025-02-13,twitter,TW42406,x_web_conversions,2024-12-06,IT,android,74.75,"14,520",339,37,6
2025-05-09,instagram,IN53421,ig_reels_push,2025-03-23,GR,ios,60.76,"4,036",145,20,3
2025-01-18,twitter,TW83325,x_retargeting,2024-09-14,LT,android,55.88,"13,108",137,26,5
2025-10-21,twitter,TW35871,x_web_conversions,2025-08-20,LT,ios,58.20,"8,551",174,28,2
2025-06-28,tiktok,TI39734,tt_conversion_2025,2025-05-20,SK,android,86.85,"18,105",407,68,5
2025-04-08,facebook,FA51695,fb_retargeting,2025-03-06,EE,ios,149.89,"11,933",118,27,3
2025-07-26,twitter,TW62361,x_retargeting,2025-06-07,FI,android,84.19,"12,258",76,9,2
2025-01-28,twitter,TW92703,x_web_conversions,2024-08-09,FI,ios,107.24,"7,751",162,11,1
2025-07-12,google,GO47541,google_display_retargeting,2025-06-09,GR,android,294.84,"8,722",522,42,10
2025-12-22,twitter,TW71021,x_retargeting,2025-09-12,NL,android,165.13,"11,045",296,65,14
2025-08-21,instagram,IN28493,ig_app_install,2025-05-18,CZ,ios,126.65,"8,798",138,30,3
2025-09-20,affiliate,AF34632,aff_summer,2025-08-22,HU,ios,156.85,"11,640",76,11,0
2025-03-25,instagram,IN21497,ig_story_launch,2025-01-27,BG,ios,335.60,"14,907",178,48,10
2025-02-04,twitter,TW14494,x_app_installs,2024-11-29,DK,android,41.47,"10,702",234,16,1
2025-06-10,google,GO51020,google_youtube_video,2025-01-27,NL,android,341.35,"14,242",679,106,34
2025-09-02,tiktok,TI35296,tt_creator_push,2025-05-28,AT,android,228.44,"14,303",197,39,6
2025-09-24,twitter,TW56785,x_app_installs,2025-04-27,DK,android,250.35,"15,076",322,46,7
2025-05-01,tiktok,TI55067,tt_spark_ads,2025-01-03,IT,android,89.14,"10,667",366,42,9
2025-05-14,tiktok,TI50290,tt_creator_push,2025-03-07,SK,ios,114.66,"10,212",411,42,8
2025-01-07,affiliate,AF96900,aff_winter,2024-04-26,IE,ios,69.44,"6,205",52,8,1
2025-06-15,instagram,IN73323,ig_retargeting,2025-05-24,HR,android,73.34,"8,503",165,43,8
2025-02-15,facebook,FA54279,fb_retargeting,2024-10-18,SK,android,122.81,"9,783",225,45,12
2025-08-23,affiliate,AF59114,aff_summer,2024-11-21,GR,android,24.67,"4,428",19,2,0
2025-05-10,affiliate,AF50915,aff_winter,2024-11-03,PL,ios,55.07,"11,713",251,44,2
2025-01-14,facebook,FA34291,fb_conversion_2025,2024-12-28,HR,android,42.30,"4,032",132,20,2
2025-05-03,twitter,TW23626,x_web_conversions,2025-01-27,DK,ios,63.18,"7,681",170,19,2
2025-07-05,google,GO83576,google_display_retargeting,2025-06-16,LU,android,102.73,"7,674",434,58,18
2025-10-08,affiliate,AF25891,aff_autumn,2025-06-10,AT,ios,98.54,"9,674",112,7,1
2025-07-13,instagram,IN39806,ig_reels_push,2025-05-15,DE,ios,80.16,"6,825",214,29,2
2025-02-19,facebook,FA57754,fb_retargeting,2024-11-23,MT,android,98.63,"8,250",236,49,3
2025-04-05,tiktok,TI51878,tt_conversion_2025,2025-01-08,ES,ios,113.32,"6,908",253,77,4
2025-11-30,facebook,FA90167,fb_app_install,2025-08-22,BG,ios,33.32,"3,309",42,6,2
2025-03-08,google,GO43051,google_pmax_2025,2024-12-13,IT,ios,50.71,"4,033",193,43,4
2025-03-18,twitter,TW88678,x_app_installs,2025-02-03,GR,ios,31.47,"8,234",155,15,3
2025-12-29,tiktok,TI76606,tt_app_installs,2025-12-08,NL,android,215.56,"13,298",481,61,10
2025-01-05,twitter,TW37659,x_app_installs,2024-09-01,DK,android,133.70,"8,123",114,17,3
2025-04-14,affiliate,AF59903,aff_summer,2024-07-19,BE,android,23.90,"5,105",26,3,0
2025-08-03,google,GO44597,google_search_brand,2025-07-21,MT,ios,449.41,"13,522",458,103,27
2025-05-18,affiliate,AF23275,aff_spring,2025-01-02,SE,android,88.34,"8,236",94,15,1
2025-07-26,twitter,TW45130,x_retargeting,2025-04-08,BG,android,121.34,"11,020",168,16,2
2025-01-31,affiliate,AF30717,aff_autumn,2024-12-12,BG,android,91.27,"6,542",27,5,1
2025-06-04,facebook,FA70532,fb_app_install,2025-05-23,PL,android,96.03,"11,469",286,49,12
2025-08-12,twitter,TW16365,x_web_conversions,2025-05-27,NL,ios,166.88,"10,834",160,10,2
2025-11-27,affiliate,AF73287,aff_spring,2025-07-09,SI,android,45.71,"5,746",37,4,1
2025-11-01,facebook,FA35059,fb_brand_awareness,2025-08-26,RO,ios,95.45,"4,654",155,46,3
2025-03-12,twitter,TW69084,x_retargeting,2024-11-16,BG,ios,25.63,"6,110",136,18,1
2025-08-19,twitter,TW42573,x_web_conversions,2025-08-12,DK,ios,63.93,"7,119",143,30,5
2025-04-20,facebook,FA23260,fb_retargeting,2025-01-01,FI,android,88.03,"9,286",77,22,4
2025-07-15,instagram,IN16634,ig_retargeting,2025-07-12,BE,android,180.19,"8,612",383,77,4
2025-05-24,facebook,FA99960,fb_app_install,2025-03-04,SE,ios,353.64,"13,133",337,113,16
2025-07-22,tiktok,TI35644,tt_app_installs,2025-03-14,LV,android,73.37,"9,420",189,27,2
2025-11-18,google,GO25994,google_pmax_2025,2025-10-16,HU,ios,82.31,"8,117",567,94,26
2025-04-14,affiliate,AF48351,aff_autumn,2024-06-30,FI,ios,100.33,"13,491",86,8,0
2025-01-01,tiktok,TI47926,tt_creator_push,2024-11-14,HR,ios,191.31,"11,561",370,79,20
2025-03-04,affiliate,AF96851,aff_spring,2024-12-15,IE,ios,41.66,"9,657",225,34,5
2025-09-16,affiliate,AF50442,aff_winter,2025-04-03,PL,ios,36.49,"4,651",88,9,1
2025-07-09,facebook,FA47731,fb_brand_awareness,2025-03-30,MT,android,177.20,"10,299",121,15,1
2025-05-17,facebook,FA26841,fb_brand_awareness,2025-04-29,DE,android,157.33,"10,879",299,52,7
2025-06-14,affiliate,AF89141,aff_winter,2024-10-24,CZ,ios,170.85,"18,155",116,6,0
2025-01-30,facebook,FA27688,fb_brand_awareness,2024-10-08,BE,ios,130.59,"11,727",213,69,17
2025-01-03,twitter,TW68754,x_app_installs,2025-01-01,HR,ios,88.41,"9,941",272,18,2
2025-08-31,affiliate,AF70784,aff_spring,2024-11-28,PT,ios,108.42,"15,487",275,37,4
2025-06-16,instagram,IN39725,ig_app_install,2025-04-14,CZ,android,238.43,"11,248",143,21,1
2025-09-19,google,GO37467,google_youtube_video,2025-09-06,MT,ios,64.74,"2,716",142,22,6
2025-09-20,facebook,FA46826,fb_brand_awareness,2025-08-20,ES,ios,238.43,"11,737",135,24,5
2025-10-20,instagram,IN15442,ig_app_install,2025-07-14,ES,android,140.82,"12,397",369,103,17
2025-08-04,affiliate,AF40506,aff_summer,2025-03-29,NL,android,47.08,"6,340",147,18,1
2025-06-23,twitter,TW37691,x_app_installs,2025-04-24,AT,android,40.91,"6,751",152,33,3
2025-08-03,affiliate,AF81119,aff_winter,2025-02-12,MT,android,34.27,"6,086",138,8,1
2025-07-15,twitter,TW24205,x_app_installs,2025-02-17,FR,android,170.98,"16,932",223,35,3
2025-10-04,facebook,FA46647,fb_conversion_2025,2025-09-01,CZ,ios,104.63,"8,742",112,20,4
2025-07-24,facebook,FA39294,fb_retargeting,2025-04-26,SI,ios,252.12,"9,376",201,54,6
2025-02-15,instagram,IN13023,ig_story_launch,2024-11-19,AT,ios,56.69,"5,571",142,39,2
2025-10-18,tiktok,TI51177,tt_spark_ads,2025-08-20,SI,ios,36.76,"8,795",479,152,36
2025-08-14,affiliate,AF59510,aff_winter,2024-11-23,FI,android,97.91,"8,148",86,15,1
2025-12-09,affiliate,AF79101,aff_autumn,2025-06-06,SE,ios,45.86,"11,598",110,17,2
2025-02-23,twitter,TW94641,x_app_installs,2024-12-21,RO,android,129.27,"8,400",246,41,6
2025-09-05,facebook,FA95840,fb_conversion_2025,2025-06-27,BE,ios,105.80,"8,272",267,47,6
2025-11-15,google,GO64277,google_youtube_video,2025-06-14,MT,android,315.51,"16,539",883,156,42
2025-09-07,google,GO66354,google_pmax_2025,2025-06-18,MT,android,90.62,"9,865",422,93,11
2025-08-23,facebook,FA78375,fb_brand_awareness,2025-06-22,AT,android,103.94,"6,271",147,25,4
2025-07-24,twitter,TW24084,x_app_installs,2025-07-10,IE,ios,154.69,"14,504",210,35,4
2025-06-09,affiliate,AF77002,aff_autumn,2025-04-06,FI,android,96.86,"9,639",64,5,0
2025-10-24,tiktok,TI45496,tt_creator_push,2025-10-15,NL,ios,156.19,"11,221",493,120,7
2025-03-16,affiliate,AF83130,aff_summer,2024-12-20,MT,ios,102.84,"10,855",62,4,1
2025-10-15,tiktok,TI36490,tt_spark_ads,2025-07-24,CY,android,273.60,"15,106",483,50,8
2025-04-20,facebook,FA91509,fb_conversion_2025,2025-03-26,CY,ios,38.42,"4,846",53,7,0
2025-08-11,google,GO28447,google_pmax_2025,2025-03-04,IT,android,181.31,"9,283",492,128,22
2025-11-14,tiktok,TI95969,tt_conversion_2025,2025-08-23,DE,ios,22.77,"5,488",211,22,3
2025-09-05,affiliate,AF27440,aff_summer,2025-04-04,IT,android,56.48,"4,679",80,14,2
2025-02-05,tiktok,TI37423,tt_app_installs,2024-09-21,NL,android,159.20,"12,901",347,53,12
2025-01-08,instagram,IN54488,ig_app_install,2024-11-17,HR,android,98.23,"13,049",511,146,34
2025-08-21,google,GO13555,google_youtube_video,2025-06-11,CY,android,441.62,"12,690",415,89,7
2025-01-20,facebook,FA55000,fb_brand_awareness,2024-11-30,FR,android,221.20,"8,980",268,43,8
2025-01-27,twitter,TW24099,x_awareness,2024-09-17,MT,ios,67.25,"4,602",124,19,2
2025-08-03,instagram,IN31242,ig_story_launch,2025-07-10,CY,android,247.38,"10,492",377,104,5
2025-06-04,tiktok,TI90990,tt_app_installs,2025-02-11,HR,android,156.11,"10,945",219,44,11
2025-04-11,tiktok,TI98268,tt_conversion_2025,2024-12-18,SI,android,69.75,"10,069",472,70,12
2025-06-16,tiktok,TI40781,tt_app_installs,2025-01-22,SI,ios,99.82,"10,289",519,120,24
2025-01-26,google,GO26632,google_display_retargeting,2024-09-04,FI,android,215.49,"14,194",908,155,40
2025-11-16,twitter,TW80021,x_retargeting,2025-06-19,LV,ios,56.04,"8,308",199,14,1
2025-03-29,facebook,FA90099,fb_brand_awareness,2024-12-15,GR,android,114.91,"10,092",153,46,6
2025-12-28,instagram,IN36790,ig_story_launch,2025-11-29,SK,android,115.57,"10,525",243,59,14
2025-06-22,affiliate,AF12094,aff_summer,2025-02-14,BE,ios,54.24,"8,601",201,14,1
2025-05-15,facebook,FA73485,fb_conversion_2025,2025-03-15,SE,android,101.04,"9,727",338,106,23
2025-03-26,instagram,IN85615,ig_retargeting,2025-02-22,BG,ios,288.62,"15,296",466,63,10
2025-12-23,google,GO69102,google_display_retargeting,2025-08-06,FI,ios,100.84,"6,350",322,75,13
2025-12-09,instagram,IN70124,ig_reels_push,2025-08-29,CY,android,90.41,"4,907",214,31,4
2025-09-18,affiliate,AF87809,aff_autumn,2025-04-18,SE,ios,89.12,"7,227",76,9,0
2025-10-01,facebook,FA52753,fb_conversion_2025,2025-06-21,SK,android,18.70,"2,884",75,23,6
2025-08-03,twitter,TW48110,x_retargeting,2025-03-12,BG,android,142.90,"14,366",347,62,9
2025-01-14,instagram,IN13037,ig_app_install,2024-10-18,GR,ios,192.12,"8,140",197,27,4
2025-03-10,google,GO10210,google_display_retargeting,2024-10-13,AT,android,142.38,"10,264",225,44,11
2025-03-08,affiliate,AF16666,aff_spring,2025-01-17,DE,ios,17.76,"5,255",85,15,1
2025-03-22,facebook,FA18004,fb_retargeting,2025-01-27,SK,ios,45.04,"2,828",48,17,1
2025-12-27,twitter,TW74304,x_awareness,2025-09-17,GR,android,112.28,"9,057",189,16,1
2025-08-07,facebook,FA25556,fb_conversion_2025,2025-06-09,NL,ios,164.27,"10,917",307,54,13
2025-11-04,google,GO45866,google_display_retargeting,2025-09-23,EE,ios,272.92,"12,211",829,113,35
2025-10-25,instagram,IN90215,ig_app_install,2025-08-18,AT,ios,182.19,"8,309",84,15,3
2025-03-16,instagram,IN24500,ig_reels_push,2025-02-17,FI,ios,62.63,"4,445",83,21,5
2025-02-24,affiliate,AF82676,aff_winter,2025-02-04,ES,android,110.07,"10,271",61,6,0
2025-01-30,affiliate,AF67157,aff_winter,2025-01-03,FI,ios,70.47,"17,969",241,16,1
2025-03-21,twitter,TW99990,x_retargeting,2024-11-14,LT,ios,64.37,"8,794",59,7,1
2025-05-11,google,GO14646,google_display_retargeting,2025-05-09,PT,android,143.50,"9,241",493,58,4
2025-05-25,tiktok,TI12046,tt_conversion_2025,2025-03-22,RO,android,132.70,"6,449",305,40,7
2025-09-04,facebook,FA25733,fb_retargeting,2025-05-14,HR,ios,249.74,"10,542",93,31,5
2025-10-08,tiktok,TI90285,tt_conversion_2025,2025-09-08,EE,ios,325.12,"15,777",814,207,47
2025-10-25,instagram,IN31499,ig_story_launch,2025-07-16,NL,ios,114.29,"9,994",433,73,9
2025-10-04,twitter,TW29235,x_app_installs,2025-08-04,PL,ios,127.76,"7,841",101,7,1
2025-06-08,facebook,FA67813,fb_brand_awareness,2025-05-21,CY,android,108.47,"5,722",63,14,1
2025-08-23,instagram,IN55786,ig_story_launch,2025-08-21,GR,android,80.16,"8,615",319,45,12
2025-06-25,twitter,TW19113,x_retargeting,2025-04-03,ES,ios,88.86,"5,750",114,10,2
2025-01-07,affiliate,AF67948,aff_summer,2024-12-09,GR,android,59.21,"10,182",53,9,1
2025-02-13,tiktok,TI57346,tt_spark_ads,2025-02-05,SI,android,97.07,"8,104",118,25,1
2025-04-12,instagram,IN95705,ig_story_launch,2025-03-24,DK,android,132.71,"12,855",288,52,13
2025-11-09,twitter,TW61164,x_web_conversions,2025-09-03,DK,android,191.19,"16,467",375,70,12
2025-03-15,affiliate,AF17018,aff_spring,2024-05-29,DE,android,115.17,"14,620",125,20,1
2025-04-18,google,GO40331,google_display_retargeting,2024-11-22,CY,android,295.10,"11,109",364,60,17
2025-12-10,instagram,IN16922,ig_reels_push,2025-10-31,HR,ios,144.43,"6,754",238,34,8
2025-05-29,tiktok,TI56092,tt_conversion_2025,2025-05-19,LU,ios,145.83,"14,230",775,212,14
2025-12-13,google,GO17248,google_search_brand,2025-09-29,EE,android,355.12,"10,571",279,62,6
2025-06-26,google,GO80474,google_pmax_2025,2025-01-17,EE,ios,266.03,"10,450",587,111,22
2025-10-23,twitter,TW67194,x_retargeting,2025-07-14,CZ,ios,107.17,"6,313",177,26,2
2025-06-02,google,GO80121,google_youtube_video,2025-05-04,HU,android,101.25,"7,772",249,56,18
2025-06-18,tiktok,TI77732,tt_creator_push,2025-01-11,HU,ios,121.20,"8,760",170,52,6
2025-04-09,twitter,TW89557,x_web_conversions,2025-02-16,LU,android,65.69,"7,467",107,11,1
2025-01-20,google,GO58630,google_pmax_2025,2024-12-17,RO,android,119.03,"6,240",189,20,3
2025-10-24,facebook,FA86378,fb_retargeting,2025-07-10,BE,android,243.76,"9,970",201,38,3
2025-03-21,google,GO76434,google_display_retargeting,2024-11-27,BG,ios,36.50,"2,822",118,17,5
2025-10-02,affiliate,AF33257,aff_autumn,2025-06-06,LU,android,103.18,"8,681",107,18,2
2025-06-25,twitter,TW32625,x_web_conversions,2025-04-19,HR,android,170.49,"12,482",365,58,11
2025-09-01,affiliate,AF63829,aff_spring,2025-05-14,HU,ios,16.74,"5,169",104,6,0
2025-06-21,facebook,FA48735,fb_app_install,2025-02-28,LV,android,210.21,"11,817",100,34,2
2025-03-02,affiliate,AF69895,aff_winter,2024-11-14,FI,android,40.81,"8,282",70,10,1
2025-01-07,instagram,IN29578,ig_app_install,2024-12-10,PL,ios,84.19,"14,734",491,60,7
2025-02-07,facebook,FA27383,fb_brand_awareness,2025-01-19,BG,android,112.67,"16,170",176,45,6
2025-03-19,google,GO88986,google_pmax_2025,2025-03-10,CY,android,108.57,"3,625",217,38,6
2025-10-30,google,GO31055,google_pmax_2025,2025-09-12,RO,android,267.44,"11,960",749,99,12
2025-03-31,google,GO15378,google_pmax_2025,2025-01-20,DK,ios,202.04,"8,218",352,94,14
2025-10-21,facebook,FA62301,fb_brand_awareness,2025-08-22,HR,ios,65.77,"5,125",147,25,3
2025-06-01,affiliate,AF18941,aff_summer,2024-12-15,EE,ios,37.23,"3,574",31,3,0
2025-03-28,instagram,IN11871,ig_reels_push,2025-02-20,ES,android,97.25,"4,493",79,11,1
2025-04-27,instagram,IN59613,ig_story_launch,2025-02-16,SE,android,97.64,"6,351",199,38,6
2025-08-06,facebook,FA77558,fb_app_install,2025-06-04,AT,ios,226.04,"10,521",133,19,4
2025-02-15,affiliate,AF46032,aff_spring,2024-07-31,ES,android,9.25,"1,565",27,4,1
2025-08-19,instagram,IN99359,ig_reels_push,2025-07-07,FR,android,112.95,"5,122",214,56,11
2025-09-27,google,GO53303,google_pmax_2025,2025-04-21,SE,android,190.65,"6,578",448,123,30
2025-12-22,affiliate,AF91291,aff_winter,2025-03-18,SK,ios,29.63,"7,469",34,2,0
2025-01-22,tiktok,TI37682,tt_creator_push,2024-12-20,BE,ios,119.05,"5,609",99,27,7
2025-04-20,facebook,FA46422,fb_conversion_2025,2025-01-04,MT,ios,143.97,"15,095",489,116,11
2025-02-27,tiktok,TI29383,tt_spark_ads,2025-01-09,DK,android,107.30,"16,446",289,60,7
2025-07-20,tiktok,TI78444,tt_conversion_2025,2025-04-08,LT,ios,20.89,"2,415",126,34,4
2025-02-12,tiktok,TI69711,tt_spark_ads,2024-12-24,MT,ios,83.33,"10,492",493,108,20
2025-10-30,instagram,IN61884,ig_retargeting,2025-08-10,HR,ios,82.93,"11,430",288,34,9
2025-06-04,instagram,IN40067,ig_retargeting,2025-05-10,EE,android,52.62,"7,225",253,27,2
2025-01-04,google,GO31818,google_search_brand,2024-11-04,IT,ios,162.23,"5,524",205,44,12
2025-04-11,google,GO38564,google_youtube_video,2024-11-08,DK,ios,221.57,"12,002",623,120,34
2025-02-07,google,GO24828,google_display_retargeting,2024-12-26,ES,android,338.98,"12,325",802,159,12
2025-05-21,twitter,TW21437,x_retargeting,2025-04-03,FR,android,30.66,"4,437",36,2,0
2025-07-13,tiktok,TI23531,tt_creator_push,2025-07-11,FI,ios,75.04,"4,604",70,16,2
2025-10-28,tiktok,TI20692,tt_app_installs,2025-07-19,EE,android,67.96,"8,096",269,43,8
2025-09-06,tiktok,TI15998,tt_creator_push,2025-04-13,SI,android,225.33,"11,305",427,119,24
2025-11-11,tiktok,TI68448,tt_app_installs,2025-06-21,AT,android,25.84,"4,902",230,62,14
2025-04-01,tiktok,TI93129,tt_conversion_2025,2025-01-28,CZ,ios,110.71,"7,186",191,49,9
2025-02-21,facebook,FA30444,fb_retargeting,2025-01-15,ES,ios,66.25,"3,265",55,19,4
2025-01-06,facebook,FA14674,fb_retargeting,2024-11-02,LT,android,134.62,"7,096",97,24,2
2025-05-26,twitter,TW86367,x_web_conversions,2025-05-13,LV,android,49.95,"5,842",88,6,1
2025-12-08,tiktok,TI88313,tt_conversion_2025,2025-10-25,IE,android,106.63,"12,383",493,88,11
2025-05-01,affiliate,AF19275,aff_spring,2025-03-08,NL,ios,111.94,"13,233",235,30,4
2025-10-18,instagram,IN36996,ig_app_install,2025-07-19,FR,android,277.83,"15,115",654,85,18
2025-10-10,affiliate,AF46347,aff_autumn,2025-02-12,MT,ios,116.17,"9,004",220,31,4
2025-11-15,affiliate,AF87635,aff_winter,2025-02-23,HU,android,37.54,"6,374",122,16,2
2025-11-14,affiliate,AF11518,aff_autumn,2025-08-07,BE,android,30.09,"10,880",104,17,1
2025-07-03,twitter,TW80311,x_awareness,2025-03-07,EE,ios,107.30,"5,962",66,10,1
2025-10-17,instagram,IN79602,ig_retargeting,2025-08-14,FI,android,242.18,"13,376",185,41,8
2025-06-06,instagram,IN83395,ig_reels_push,2025-05-25,LT,android,207.68,"10,421",418,42,8
2025-08-31,twitter,TW28805,x_app_installs,2025-06-19,HR,android,156.55,"13,143",218,35,5
2025-06-02,tiktok,TI53010,tt_spark_ads,2025-01-01,HR,ios,32.04,"7,580",125,33,5
2025-05-23,google,GO15713,google_display_retargeting,2025-01-10,HR,ios,136.71,"8,220",553,62,10
2025-08-21,tiktok,TI78138,tt_conversion_2025,2025-06-18,IT,ios,154.48,"8,140",208,22,2
2025-11-10,tiktok,TI63196,tt_app_installs,2025-10-31,FR,ios,24.83,"4,952",108,23,4
2025-04-05,tiktok,TI30476,tt_spark_ads,2024-12-22,PL,ios,129.21,"6,056",264,43,7
2025-01-30,facebook,FA47325,fb_brand_awareness,2024-11-21,SK,android,238.27,"10,581",180,33,4
2025-06-05,twitter,TW14018,x_awareness,2025-03-13,GR,android,247.23,"18,886",434,40,8
2025-06-07,twitter,TW82326,x_awareness,2025-06-01,CZ,ios,8.09,"2,298",69,12,1
2025-12-02,twitter,TW13653,x_web_conversions,2025-11-09,LV,ios,35.78,"8,975",252,20,4
2025-10-19,facebook,FA61347,fb_retargeting,2025-08-06,SI,android,198.26,"10,024",143,43,10
2025-10-22,instagram,IN85415,ig_story_launch,2025-07-28,DE,android,70.98,"6,760",130,38,7
2025-03-15,instagram,IN54457,ig_story_launch,2024-12-27,HU,android,21.45,"2,524",61,7,2
2025-01-10,tiktok,TI40888,tt_creator_push,2024-11-20,LV,android,57.45,"8,349",206,41,2
2025-10-27,google,GO53716,google_display_retargeting,2025-09-29,GR,android,67.49,"6,121",278,41,11
2025-05-21,facebook,FA13452,fb_retargeting,2025-03-18,SE,android,208.35,"9,073",163,52,12
2025-12-10,facebook,FA55329,fb_brand_awareness,2025-10-15,FI,ios,290.60,"12,822",339,54,14
2025-07-11,twitter,TW45948,x_awareness,2025-06-15,EE,ios,63.31,"10,244",161,34,6
2025-03-19,twitter,TW71779,x_awareness,2024-11-07,CZ,android,113.81,"7,532",181,16,2
2025-05-11,tiktok,TI11677,tt_conversion_2025,2025-02-05,DK,ios,68.56,"6,002",94,19,2
2025-04-01,twitter,TW98387,x_app_installs,2024-10-27,PT,android,81.71,"10,055",130,15,2
2025-03-21,tiktok,TI98505,tt_app_installs,2024-11-03,GR,ios,121.88,"7,792",360,53,9
2025-07-03,facebook,FA16853,fb_app_install,2025-04-17,BG,ios,570.69,"25,517",345,109,15
2025-12-27,instagram,IN92587,ig_app_install,2025-11-26,DE,android,280.27,"13,983",457,83,17
2025-03-12,twitter,TW60942,x_app_installs,2024-09-14,FR,android,159.20,"15,239",273,28,6
2025-12-15,instagram,IN51496,ig_retargeting,2025-09-20,IE,android,350.02,"15,480",241,43,10
2025-04-29,tiktok,TI93389,tt_conversion_2025,2024-12-27,SI,ios,99.39,"8,393",261,29,5
2025-06-30,google,GO96698,google_search_brand,2025-05-09,BG,ios,372.43,"13,631",610,127,15
2025-05-03,affiliate,AF57357,aff_autumn,2025-02-03,HR,android,152.83,"13,700",92,8,1
2025-04-15,google,GO40656,google_youtube_video,2024-11-12,RO,ios,96.06,"5,714",219,27,6
2025-02-24,google,GO41293,google_search_brand,2025-01-27,DE,android,499.66,"15,372",329,88,11
2025-05-20,instagram,IN61955,ig_app_install,2025-05-08,HU,android,65.50,"5,934",251,36,7
2025-11-11,twitter,TW80670,x_retargeting,2025-11-07,IT,ios,104.75,"5,975",58,7,0
2025-03-22,tiktok,TI23531,tt_creator_push,2024-12-30,CZ,ios,208.00,"17,928",903,140,8
2025-04-04,twitter,TW87244,x_retargeting,2024-11-25,HR,ios,58.43,"8,009",184,23,3
2025-07-18,instagram,IN65765,ig_retargeting,2025-04-04,IT,ios,148.88,"6,918",224,61,8
2025-03-20,tiktok,TI48297,tt_spark_ads,2024-11-14,EE,ios,44.13,"8,612",246,28,5
2025-10-05,facebook,FA18872,fb_conversion_2025,2025-08-18,LT,android,205.77,"8,176",250,63,4
2025-04-26,twitter,TW61010,x_retargeting,2025-02-13,CZ,android,112.10,"7,304",147,15,2
2025-08-08,google,GO59917,google_youtube_video,2025-03-24,HR,android,108.63,"4,465",156,28,7
2025-03-10,google,GO28942,google_youtube_video,2025-02-28,NL,ios,122.55,"5,416",347,87,12
2025-06-30,instagram,IN59205,ig_story_launch,2025-05-06,IT,ios,66.81,"5,391",223,50,9
2025-08-27,facebook,FA66298,fb_app_install,2025-07-05,PT,android,730.32,"27,561",483,110,24
2025-07-25,google,GO19779,google_search_brand,2025-03-31,SE,android,99.07,"7,474",458,114,26
2025-03-11,affiliate,AF43493,aff_autumn,2024-11-14,DK,ios,68.44,"9,745",171,16,2
2025-06-08,affiliate,AF86621,aff_autumn,2025-04-30,AT,android,24.15,"8,383",43,5,0
2025-01-12,twitter,TW35453,x_awareness,2024-10-15,IE,android,135.92,"9,305",57,11,1
2025-02-24,facebook,FA80901,fb_app_install,2024-12-22,SI,android,255.53,"10,317",204,41,10
2025-09-23,affiliate,AF19542,aff_autumn,2025-06-26,DK,android,57.82,"5,601",69,11,2
2025-08-05,twitter,TW11738,x_retargeting,2025-05-11,LV,android,76.24,"6,091",141,14,1
2025-12-08,instagram,IN14680,ig_retargeting,2025-08-14,IE,android,111.92,"6,687",190,39,9
2025-11-03,google,GO29984,google_youtube_video,2025-06-05,BE,ios,269.18,"12,250",763,84,7
2025-11-17,tiktok,TI24971,tt_conversion_2025,2025-11-04,CY,android,53.79,"10,845",507,114,9
2025-04-07,tiktok,TI50038,tt_creator_push,2025-03-29,PT,android,41.44,"5,620",221,62,8
2025-06-22,google,GO29402,google_youtube_video,2025-01-19,ES,android,214.42,"20,667",1019,206,23
2025-11-05,affiliate,AF73717,aff_summer,2025-10-09,LT,android,120.95,"22,737",367,55,8
2025-12-27,affiliate,AF96931,aff_autumn,2025-08-13,HU,android,46.77,"8,736",206,29,5
2025-12-04,twitter,TW53322,x_awareness,2025-10-02,IT,ios,22.62,"6,755",75,8,2
2025-03-28,google,GO86931,google_pmax_2025,2025-03-25,SE,ios,347.88,"14,076",665,91,6
2025-08-14,google,GO75597,google_youtube_video,2025-04-09,FI,android,325.17,"9,319",561,83,18
2025-10-23,affiliate,AF25427,aff_winter,2025-07-22,RO,ios,38.07,"5,584",115,12,0
2025-05-06,google,GO55843,google_search_brand,2024-12-01,SI,android,140.76,"6,532",363,44,11
2025-11-10,instagram,IN42192,ig_story_launch,2025-09-07,LV,ios,25.98,"4,123",161,38,8
2025-10-17,twitter,TW66040,x_app_installs,2025-05-30,LU,android,37.31,"9,062",237,29,5
2025-10-01,affiliate,AF75057,aff_autumn,2025-08-22,DE,ios,37.87,"4,227",32,2,0
2025-12-08,affiliate,AF34858,aff_summer,2025-04-04,DE,ios,79.01,"12,077",299,39,6
2025-07-03,instagram,IN63963,ig_story_launch,2025-03-11,ES,android,247.29,"16,509",590,94,7
2025-07-18,google,GO41257,google_search_brand,2025-07-12,SI,android,178.72,"8,414",588,136,15
2025-11-22,twitter,TW10168,x_app_installs,2025-09-07,GR,ios,118.89,"10,385",305,25,2
2025-02-06,twitter,TW15660,x_web_conversions,2024-11-24,DK,android,124.66,"16,264",224,38,2
2025-11-09,tiktok,TI78369,tt_conversion_2025,2025-08-29,CZ,ios,31.76,"5,543",85,10,1
2025-01-26,instagram,IN48534,ig_story_launch,2024-11-21,NL,android,248.61,"21,101",476,141,12
2025-08-01,google,GO67663,google_search_brand,2025-06-09,RO,android,116.39,"9,706",611,112,19
2025-08-17,facebook,FA62114,fb_brand_awareness,2025-07-16,EE,android,94.57,"4,889",113,19,1
2025-04-17,instagram,IN88538,ig_app_install,2025-01-08,ES,android,118.27,"8,979",396,113,25
2025-07-06,facebook,FA79466,fb_conversion_2025,2025-05-17,AT,android,405.01,"15,116",259,44,8
2025-04-30,instagram,IN55483,ig_retargeting,2025-02-26,ES,android,208.56,"18,170",278,30,2
2025-02-16,facebook,FA58376,fb_conversion_2025,2024-12-01,HR,ios,119.21,"7,601",92,16,2
2025-12-05,affiliate,AF93238,aff_spring,2025-03-15,IE,android,76.27,"27,689",124,8,0
2025-04-11,twitter,TW68213,x_web_conversions,2024-12-28,LU,android,264.94,"14,808",89,18,1
2025-06-08,affiliate,AF12512,aff_autumn,2024-11-08,DK,ios,87.82,"14,116",115,16,2
2025-03-11,google,GO50695,google_youtube_video,2024-10-04,IT,android,125.15,"7,554",360,96,14
2025-09-15,affiliate,AF77513,aff_autumn,2025-08-23,FI,android,81.55,"13,207",120,6,0
2025-11-10,tiktok,TI23762,tt_app_installs,2025-08-03,EE,ios,306.75,"14,846",411,48,4
2025-05-18,instagram,IN77587,ig_story_launch,2025-01-18,DK,android,118.38,"9,158",92,25,3
2025-01-13,google,GO39714,google_search_brand,2024-09-08,DE,ios,176.63,"7,570",375,91,18
2025-05-31,facebook,FA37585,fb_conversion_2025,2025-02-26,SE,ios,137.07,"8,855",106,31,8
2025-09-23,facebook,FA58556,fb_app_install,2025-05-26,AT,ios,373.39,"15,696",527,120,8
2025-11-09,affiliate,AF23712,aff_autumn,2025-03-03,IE,ios,51.76,"6,679",152,24,3
2025-05-02,tiktok,TI43395,tt_app_installs,2025-03-14,PT,android,90.15,"6,804",260,29,5
2025-11-30,facebook,FA40214,fb_brand_awareness,2025-10-27,FR,android,103.87,"6,982",127,22,3
2025-03-29,twitter,TW87597,x_retargeting,2025-03-26,LV,android,131.48,"8,179",115,25,2
2025-04-08,instagram,IN67396,ig_retargeting,2025-01-27,EE,ios,25.32,"5,035",192,46,3
2025-03-19,tiktok,TI59050,tt_app_installs,2024-11-28,FI,android,91.82,"12,405",663,86,4
2025-11-08,instagram,IN76025,ig_reels_push,2025-10-06,IT,android,147.19,"10,412",277,72,10
2025-11-28,google,GO82092,google_youtube_video,2025-10-05,LT,ios,305.64,"10,080",425,59,18
2025-10-10,google,GO93451,google_search_brand,2025-05-10,ES,android,188.99,"12,577",265,60,8
2025-07-18,affiliate,AF30313,aff_spring,2024-12-04,IE,ios,39.27,"4,445",63,9,1
2025-01-05,instagram,IN35029,ig_story_launch,2024-10-30,AT,android,29.88,"4,141",107,16,3
2025-01-01,twitter,TW54264,x_retargeting,2024-11-17,DE,android,97.30,"10,100",279,18,1
2025-01-18,tiktok,TI56583,tt_app_installs,2025-01-04,LV,ios,58.76,"3,198",76,11,1
2025-03-04,affiliate,AF83516,aff_winter,2024-10-27,CZ,ios,215.42,"16,900",257,33,3
2025-04-04,instagram,IN73931,ig_story_launch,2024-12-05,HR,ios,95.00,"6,688",139,37,4
2025-07-25,twitter,TW23227,x_app_installs,2025-04-30,CY,ios,142.19,"8,796",243,28,6
2025-05-07,tiktok,TI81218,tt_creator_push,2025-03-07,FI,android,217.73,"11,156",319,72,11
2025-01-11,twitter,TW12781,x_awareness,2024-09-05,PT,ios,112.41,"11,724",190,27,2
2025-07-20,affiliate,AF63902,aff_spring,2025-04-17,EE,android,379.37,"28,644",594,93,15
2025-08-04,tiktok,TI96804,tt_creator_push,2025-04-06,AT,android,116.55,"12,199",348,57,12
2025-04-10,affiliate,AF61744,aff_winter,2025-01-31,LV,ios,57.97,"5,388",103,6,1
2025-04-14,facebook,FA57329,fb_brand_awareness,2025-02-20,PL,android,140.58,"7,685",244,42,9
2025-05-18,facebook,FA55573,fb_app_install,2025-01-19,SE,android,101.12,"10,419",316,63,17
2025-12-25,google,GO57464,google_search_brand,2025-12-10,LV,ios,499.19,"19,442",1124,212,56
2025-05-23,tiktok,TI96020,tt_conversion_2025,2025-01-22,SI,android,73.20,"7,542",227,32,2
2025-05-22,tiktok,TI15522,tt_spark_ads,2025-03-03,LT,ios,74.69,"5,321",207,59,14
2025-07-26,facebook,FA73493,fb_retargeting,2025-07-10,FI,android,194.71,"7,434",139,46,9
2025-08-06,tiktok,TI86690,tt_conversion_2025,2025-06-14,IE,android,155.94,"9,867",437,115,25
2025-10-16,affiliate,AF52495,aff_summer,2025-03-19,RO,ios,123.55,"13,203",166,11,0
2025-05-05,google,GO41203,google_pmax_2025,2024-12-27,NL,ios,106.36,"5,550",274,65,5
2025-09-11,tiktok,TI20847,tt_conversion_2025,2025-08-23,LT,ios,121.11,"5,930",76,21,2
2025-10-06,twitter,TW12527,x_app_installs,2025-09-23,DK,ios,164.27,"12,854",161,12,3
2025-09-05,tiktok,TI86674,tt_conversion_2025,2025-07-13,ES,android,133.42,"12,172",570,57,13
2025-12-21,google,GO18110,google_display_retargeting,2025-09-04,SK,ios,123.49,"8,478",486,89,20
2025-07-05,tiktok,TI74599,tt_creator_push,2025-05-28,SK,android,138.80,"7,020",214,24,3
2025-09-26,affiliate,AF16229,aff_summer,2025-05-27,FI,android,76.99,"5,831",53,9,1
2025-06-19,facebook,FA56502,fb_conversion_2025,2025-02-23,SK,ios,242.87,"10,453",258,84,19
2025-07-01,facebook,FA74097,fb_retargeting,2025-06-24,CZ,ios,58.91,"5,135",102,13,3
2025-04-05,tiktok,TI10978,tt_spark_ads,2024-11-06,IE,ios,65.54,"4,162",143,29,6
2025-09-28,affiliate,AF49752,aff_summer,2025-07-29,CY,android,43.26,"6,729",93,9,1
2025-11-01,twitter,TW80816,x_app_installs,2025-07-26,HR,android,65.56,"7,332",116,24,5
2025-12-14,instagram,IN55438,ig_retargeting,2025-11-11,SE,ios,251.53,"10,682",359,74,18
2025-08-25,instagram,IN36025,ig_story_launch,2025-04-27,HU,ios,99.44,"6,877",117,31,2
2025-01-16,instagram,IN96263,ig_app_install,2025-01-04,NL,ios,199.42,"12,552",372,83,16
2025-05-31,instagram,IN86978,ig_reels_push,2025-05-16,HU,android,66.84,"8,126",281,44,3
2025-12-26,google,GO90209,google_search_brand,2025-12-09,EE,ios,413.58,"18,995",533,81,18
2025-07-29,tiktok,TI44806,tt_app_installs,2025-02-19,ES,android,43.24,"2,886",44,6,1
2025-09-30,google,GO63128,google_search_brand,2025-09-21,ES,ios,183.14,"14,083",932,96,10
2025-07-11,affiliate,AF59680,aff_autumn,2025-03-12,DK,ios,48.90,"6,282",132,13,2
2025-10-12,facebook,FA50932,fb_app_install,2025-07-27,CY,android,29.15,"2,570",29,9,2
2025-01-05,instagram,IN77895,ig_app_install,2024-11-04,LU,android,73.48,"7,928",330,63,3
2025-12-17,facebook,FA53873,fb_app_install,2025-12-17,FR,ios,150.32,"5,594",140,33,3
2025-10-03,instagram,IN69455,ig_app_install,2025-06-06,PT,ios,110.49,"8,814",120,22,5
2025-03-02,affiliate,AF15994,aff_winter,2024-07-26,SI,android,30.26,"11,025",243,43,2
2025-01-11,twitter,TW50565,x_web_conversions,2024-09-26,ES,ios,104.66,"11,740",207,19,4
2025-05-27,google,GO58339,google_search_brand,2025-02-21,ES,ios,199.67,"6,550",207,34,6
2025-06-07,twitter,TW54291,x_web_conversions,2025-01-08,BE,android,146.13,"14,209",403,74,3
2025-11-19,google,GO34770,google_pmax_2025,2025-08-12,RO,android,170.01,"14,830",857,111,35
2025-03-11,instagram,IN97903,ig_reels_push,2025-01-15,IT,android,100.46,"5,138",146,39,5
2025-06-01,twitter,TW83016,x_retargeting,2025-03-25,DK,ios,210.01,"14,037",154,30,5
2025-09-05,google,GO71251,google_pmax_2025,2025-04-25,PL,android,286.95,"8,426",328,51,6
2025-07-27,instagram,IN56679,ig_app_install,2025-06-11,GR,ios,163.36,"9,365",111,30,3
2025-08-27,twitter,TW31527,x_web_conversions,2025-03-22,LV,ios,29.11,"5,497",52,11,1
2025-09-30,affiliate,AF37147,aff_spring,2025-02-10,SI,ios,57.37,"9,560",208,28,5
2025-11-09,tiktok,TI61446,tt_spark_ads,2025-06-07,CY,android,48.57,"8,012",188,46,4
2025-02-06,facebook,FA35441,fb_conversion_2025,2024-11-25,CZ,android,185.35,"9,809",204,31,4
2025-11-16,google,GO95599,google_youtube_video,2025-08-15,PT,android,258.87,"8,988",520,76,13
2025-05-24,twitter,TW23918,x_app_installs,2025-03-09,DE,android,57.74,"8,029",49,10,2
2025-11-16,twitter,TW23153,x_app_installs,2025-06-21,EE,ios,218.23,"21,066",176,33,7
2025-11-27,twitter,TW48891,x_app_installs,2025-07-25,MT,android,51.24,"4,732",140,11,1
2025-03-11,affiliate,AF71292,aff_summer,2024-05-31,FR,android,21.07,"7,334",129,9,1
2025-05-23,affiliate,AF71784,aff_autumn,2025-01-11,HU,ios,154.08,"11,189",116,7,0
2025-11-27,affiliate,AF15477,aff_summer,2025-06-18,AT,android,84.67,"20,082",406,59,10
2025-11-13,twitter,TW93037,x_awareness,2025-08-26,MT,ios,114.79,"17,598",252,38,6
2025-07-01,affiliate,AF89841,aff_summer,2024-12-24,SK,ios,27.14,"4,158",100,8,1
2025-01-29,twitter,TW13587,x_web_conversions,2024-09-18,PL,android,35.81,"5,974",69,12,1
2025-06-05,google,GO12405,google_youtube_video,2025-01-20,RO,android,297.98,"12,862",424,117,20
2025-12-02,facebook,FA53180,fb_retargeting,2025-10-23,DE,ios,81.12,"11,097",111,36,3
2025-07-22,tiktok,TI16311,tt_creator_push,2025-03-07,NL,android,105.65,"8,145",254,52,9
2025-05-03,google,GO47162,google_pmax_2025,2025-04-23,NL,ios,492.73,"16,249",433,92,18
2025-08-01,google,GO20753,google_pmax_2025,2025-05-05,LT,ios,216.48,"11,190",649,86,16
2025-05-28,facebook,FA89490,fb_retargeting,2025-04-16,PT,ios,78.33,"9,397",80,13,3
2025-07-15,tiktok,TI18876,tt_creator_push,2025-02-19,SI,android,90.83,"12,443",192,42,8
2025-10-27,google,GO42714,google_youtube_video,2025-07-18,SI,android,469.57,"14,540",424,86,21
2025-06-06,affiliate,AF97604,aff_autumn,2024-10-21,LV,android,142.44,"17,329",176,19,1
2025-07-25,google,GO65762,google_display_retargeting,2025-02-16,GR,android,135.47,"7,673",461,73,12
2025-04-22,affiliate,AF22250,aff_winter,2024-10-19,CY,ios,75.47,"17,434",420,36,1
2025-05-30,twitter,TW57400,x_retargeting,2025-04-30,CY,android,114.92,"8,415",51,5,0
2025-04-16,affiliate,AF87014,aff_spring,2024-08-09,LV,android,16.09,"1,384",19,3,0
2025-05-09,twitter,TW25490,x_app_installs,2025-01-19,AT,android,124.80,"22,780",573,45,5
2025-01-09,facebook,FA27038,fb_conversion_2025,2024-12-10,DE,android,33.21,"5,354",141,49,2
2025-02-03,twitter,TW43772,x_awareness,2025-01-24,LU,android,49.99,"4,574",74,14,2
2025-01-19,twitter,TW21192,x_retargeting,2024-11-29,IT,android,169.66,"9,459",147,25,4
2025-10-04,affiliate,AF57586,aff_winter,2025-09-25,IE,android,39.30,"13,200",174,9,0
2025-06-29,instagram,IN17706,ig_retargeting,2025-05-21,PT,android,52.41,"5,410",208,24,3
2025-11-11,tiktok,TI50859,tt_creator_push,2025-10-03,HR,ios,122.26,"5,982",73,8,2
2025-05-27,google,GO66336,google_pmax_2025,2025-05-10,MT,ios,56.18,"4,783",215,32,7
2025-04-06,google,GO71721,google_search_brand,2024-12-30,CZ,android,366.18,"16,815",760,106,26
2025-09-14,tiktok,TI74046,tt_creator_push,2025-07-02,FI,ios,172.10,"12,241",552,173,8
2025-08-06,tiktok,TI22191,tt_spark_ads,2025-07-14,HR,ios,266.17,"13,695",704,142,35
2025-11-25,instagram,IN88654,ig_story_launch,2025-10-18,CY,android,51.06,"9,624",196,30,2
2025-08-17,tiktok,TI48525,tt_spark_ads,2025-04-15,DK,ios,213.72,"10,389",451,120,11
2025-10-24,google,GO87144,google_pmax_2025,2025-06-06,HR,ios,100.63,"10,794",530,43,6
2025-01-24,google,GO26270,google_search_brand,2024-11-21,LV,ios,347.15,"19,144",718,172,36
2025-03-03,facebook,FA30600,fb_conversion_2025,2025-02-21,FR,android,164.27,"16,067",339,100,11
2025-04-16,google,GO25719,google_display_retargeting,2024-12-31,ES,android,306.25,"12,339",654,95,8
2025-07-30,google,GO43293,google_pmax_2025,2025-03-16,NL,android,114.94,"13,321",280,76,14
2025-10-19,google,GO26539,google_youtube_video,2025-10-10,ES,ios,525.27,"16,095",702,173,12
2025-04-18,facebook,FA41403,fb_brand_awareness,2025-01-30,LU,ios,43.59,"5,426",56,9,2
2025-08-20,instagram,IN22099,ig_reels_push,2025-07-03,ES,android,132.44,"10,237",182,51,10
2025-02-22,affiliate,AF92228,aff_autumn,2024-09-21,IE,ios,190.71,"14,970",292,25,1
2025-09-27,twitter,TW63841,x_awareness,2025-05-22,SI,ios,37.64,"9,291",267,54,4
2025-04-22,google,GO69764,google_search_brand,2025-02-24,AT,android,212.15,"9,533",513,107,31
2025-12-05,affiliate,AF34999,aff_winter,2025-08-31,FR,ios,31.47,"4,185",82,7,1
2025-10-06,facebook,FA88007,fb_brand_awareness,2025-07-12,BG,android,123.24,"5,430",187,36,8
2025-04-30,google,GO20117,google_youtube_video,2024-12-14,LU,android,140.96,"8,182",383,41,7
2025-04-29,instagram,IN61851,ig_app_install,2025-01-21,PL,android,127.00,"8,527",303,86,6
2025-04-12,twitter,TW96077,x_web_conversions,2025-01-08,EE,android,190.26,"21,676",646,53,3
2025-08-22,twitter,TW43006,x_retargeting,2025-08-14,BE,ios,207.38,"15,120",347,41,5
2025-12-22,facebook,FA43486,fb_brand_awareness,2025-09-18,BE,android,263.58,"12,091",154,32,6
2025-06-28,affiliate,AF58679,aff_winter,2025-04-21,BG,ios,100.38,"8,046",138,23,2
2025-08-27,google,GO40365,google_pmax_2025,2025-08-01,ES,ios,141.14,"11,197",518,46,12
2025-01-18,twitter,TW32700,x_app_installs,2024-08-22,BG,ios,100.34,"6,172",151,26,5
2025-10-05,google,GO26470,google_display_retargeting,2025-06-30,CZ,ios,101.85,"5,290",195,34,9
2025-10-09,instagram,IN24924,ig_story_launch,2025-07-14,FR,ios,327.69,"14,754",262,60,8
2025-11-09,facebook,FA18830,fb_retargeting,2025-08-30,PT,ios,194.83,"11,285",195,43,9
2025-02-17,affiliate,AF49965,aff_spring,2024-06-19,MT,android,58.75,"7,128",59,5,1
2025-12-22,instagram,IN40500,ig_story_launch,2025-10-03,MT,ios,89.83,"5,152",121,34,9
2025-12-17,instagram,IN84454,ig_app_install,2025-10-18,PT,ios,242.77,"13,722",404,76,15
2025-12-17,twitter,TW98343,x_retargeting,2025-06-26,LT,ios,49.69,"6,992",182,25,4
2025-10-19,affiliate,AF46982,aff_winter,2025-09-04,LU,ios,75.91,"11,171",127,7,0
2025-07-28,twitter,TW98323,x_awareness,2025-05-08,FR,android,172.86,"10,104",255,20,3
2025-06-12,twitter,TW23399,x_app_installs,2025-05-28,SI,android,195.75,"13,087",105,14,1
2025-02-04,tiktok,TI82945,tt_creator_push,2024-11-25,HU,ios,79.53,"6,710",317,86,14
2025-07-05,affiliate,AF70774,aff_summer,2024-10-01,SE,ios,52.80,"7,620",137,19,1
2025-09-24,affiliate,AF59523,aff_winter,2025-04-04,LU,ios,62.33,"14,053",77,4,0
2025-10-05,google,GO62758,google_search_brand,2025-09-14,CZ,android,102.53,"3,531",102,9,2
2025-01-18,instagram,IN31896,ig_story_launch,2024-09-25,IE,android,113.85,"16,663",456,49,11
2025-01-29,tiktok,TI92539,tt_spark_ads,2024-10-01,CY,android,178.72,"16,212",396,81,19
2025-11-22,google,GO12322,google_pmax_2025,2025-07-16,AT,android,61.91,"3,832",231,61,19
2025-10-01,tiktok,TI71213,tt_conversion_2025,2025-05-30,SI,ios,93.76,"4,820",75,18,2
2025-05-21,tiktok,TI17766,tt_creator_push,2025-03-13,IE,ios,44.36,"5,998",274,55,10
2025-07-07,tiktok,TI31244,tt_spark_ads,2025-02-19,LT,ios,139.53,"16,404",307,96,8
2025-10-20,affiliate,AF27606,aff_autumn,2025-05-28,IT,android,125.40,"11,801",221,21,2
2025-04-19,google,GO50015,google_display_retargeting,2025-04-16,FR,android,161.70,"5,570",173,33,6
2025-09-20,twitter,TW48096,x_retargeting,2025-06-22,PT,ios,146.90,"12,828",329,55,10
2025-09-04,google,GO71812,google_pmax_2025,2025-04-01,HU,ios,121.16,"6,141",407,49,7
2025-09-25,twitter,TW73902,x_awareness,2025-04-03,EE,ios,38.03,"8,220",237,38,6
2025-09-11,google,GO54293,google_pmax_2025,2025-07-10,ES,android,96.08,"7,908",176,34,6
2025-01-20,tiktok,TI73591,tt_spark_ads,2024-09-12,PL,ios,147.79,"10,684",323,69,14
2025-05-20,instagram,IN19667,ig_reels_push,2025-03-31,AT,ios,86.44,"14,390",449,59,8
2025-01-25,affiliate,AF41700,aff_autumn,2024-09-27,ES,ios,34.05,"6,315",52,7,1
2025-11-07,twitter,TW85029,x_retargeting,2025-08-31,FI,android,185.17,"11,870",264,19,1
2025-04-12,tiktok,TI43138,tt_creator_push,2025-04-06,PT,ios,225.40,"22,223",315,72,5
2025-06-24,facebook,FA50882,fb_retargeting,2025-06-18,SE,ios,105.45,"12,948",127,33,6
2025-03-06,twitter,TW78564,x_web_conversions,2025-03-05,EE,ios,80.59,"15,752",332,39,5
2025-07-19,google,GO55608,google_youtube_video,2025-05-27,LU,android,202.42,"10,744",742,159,42
2025-08-03,instagram,IN22122,ig_retargeting,2025-06-03,BE,ios,170.12,"15,454",558,83,13
2025-02-17,tiktok,TI18329,tt_conversion_2025,2024-12-11,EE,android,73.04,"3,362",107,24,5
2025-10-30,affiliate,AF15593,aff_summer,2025-05-13,BE,android,51.66,"4,564",101,14,2
2025-05-16,affiliate,AF58929,aff_winter,2025-01-20,DK,android,41.45,"6,834",130,11,2
2025-10-07,tiktok,TI23467,tt_spark_ads,2025-09-07,RO,android,47.08,"2,845",39,11,2
2025-08-09,tiktok,TI26276,tt_conversion_2025,2025-05-22,BE,android,16.38,"3,909",153,17,1
2025-07-11,google,GO38821,google_pmax_2025,2025-02-15,MT,android,272.98,"8,817",192,51,16
2025-03-15,affiliate,AF18731,aff_summer,2025-03-10,PT,android,56.45,"5,657",46,6,0
2025-03-30,affiliate,AF78440,aff_autumn,2025-02-11,PL,android,44.27,"9,678",132,10,1
2025-06-20,tiktok,TI88805,tt_creator_push,2025-06-20,LU,ios,210.71,"9,892",300,46,11
2025-04-08,facebook,FA53818,fb_conversion_2025,2025-04-05,DE,ios,383.62,"14,975",128,30,2
2025-03-10,affiliate,AF60243,aff_spring,2025-02-26,HU,android,150.88,"11,114",67,9,1
2025-02-13,affiliate,AF15469,aff_autumn,2025-02-04,FI,android,261.88,"22,787",451,28,5
2025-07-13,twitter,TW39617,x_awareness,2025-06-15,DK,android,57.56,"8,372",148,11,2
2025-04-09,instagram,IN60644,ig_retargeting,2025-01-07,IT,ios,44.03,"8,723",188,53,12
2025-10-08,google,GO90437,google_youtube_video,2025-05-05,HR,android,123.96,"3,765",97,13,3
2025-07-18,tiktok,TI65558,tt_spark_ads,2025-04-25,DK,android,183.87,"9,352",423,76,19
2025-06-06,google,GO74318,google_display_retargeting,2025-05-21,BE,ios,148.80,"8,953",192,26,7
2025-05-05,google,GO21943,google_display_retargeting,2025-05-04,BG,android,121.50,"12,734",799,134,19
2025-09-05,tiktok,TI39698,tt_spark_ads,2025-04-20,IT,ios,167.52,"9,268",504,71,12
2025-05-09,google,GO46246,google_display_retargeting,2025-04-29,BE,ios,87.86,"6,845",233,42,7
2025-09-23,google,GO33453,google_search_brand,2025-05-31,PL,ios,380.71,"11,129",491,126,22
2025-01-03,twitter,TW13169,x_awareness,2024-10-10,PT,ios,201.22,"12,423",257,40,3
2025-08-08,google,GO46265,google_youtube_video,2025-07-12,GR,ios,506.44,"16,347",1115,288,79
2025-12-28,instagram,IN30516,ig_retargeting,2025-12-11,DE,android,104.47,"8,799",178,24,5
2025-05-31,facebook,FA76796,fb_app_install,2025-01-31,PL,android,153.59,"9,133",218,48,3
2025-07-11,instagram,IN98388,ig_retargeting,2025-03-14,SE,ios,164.16,"18,039",568,126,10
2025-04-15,affiliate,AF69102,aff_autumn,2024-09-14,IE,android,89.72,"12,417",216,36,2
2025-05-30,affiliate,AF35793,aff_spring,2024-09-25,CZ,android,56.91,"10,080",122,10,1
2025-04-20,affiliate,AF61790,aff_winter,2024-07-24,SI,android,16.51,"7,929",132,8,1
2025-01-04,instagram,IN66397,ig_retargeting,2024-10-24,DK,ios,90.89,"6,180",67,15,3
2025-12-02,facebook,FA68967,fb_brand_awareness,2025-09-29,BE,ios,193.89,"14,607",247,64,18
2025-11-12,affiliate,AF55476,aff_autumn,2025-11-01,BE,ios,90.37,"12,953",123,8,1
2025-04-06,google,GO76107,google_display_retargeting,2025-04-04,CY,ios,103.62,"8,893",609,121,31
2025-06-12,twitter,TW20587,x_awareness,2025-02-18,GR,android,52.95,"6,421",94,8,1
2025-04-25,affiliate,AF46746,aff_summer,2025-03-23,MT,android,80.56,"6,898",148,10,2
2025-11-10,google,GO52856,google_search_brand,2025-10-19,DE,ios,94.47,"6,641",308,27,5
2025-07-19,tiktok,TI42733,tt_app_installs,2025-04-30,RO,ios,192.98,"9,760",122,19,1
2025-02-28,google,GO25137,google_youtube_video,2025-02-07,HR,ios,204.59,"9,606",656,79,5
2025-12-07,google,GO38221,google_display_retargeting,2025-10-27,DE,ios,123.02,"12,801",279,31,3
2025-09-29,facebook,FA16473,fb_conversion_2025,2025-06-27,AT,android,76.96,"5,407",187,31,4
2025-02-13,tiktok,TI54675,tt_spark_ads,2024-10-04,HR,ios,35.78,"4,802",100,26,2
2025-06-30,facebook,FA90967,fb_brand_awareness,2025-04-25,BG,ios,277.31,"11,320",326,92,11
2025-11-05,twitter,TW88964,x_web_conversions,2025-06-22,CY,ios,86.69,"5,039",65,13,2
2025-06-10,tiktok,TI58690,tt_creator_push,2025-03-22,FR,android,153.41,"10,313",127,32,7
2025-12-04,instagram,IN41389,ig_story_launch,2025-08-18,HR,android,222.82,"14,660",402,86,20
2025-06-10,tiktok,TI18465,tt_conversion_2025,2025-03-09,SE,ios,65.74,"7,777",199,36,6
2025-12-11,facebook,FA38727,fb_conversion_2025,2025-08-28,EE,ios,156.79,"9,026",247,69,17
2025-12-17,twitter,TW99249,x_web_conversions,2025-08-19,IT,android,185.90,"10,771",257,45,3
2025-03-18,instagram,IN39324,ig_app_install,2025-01-06,CZ,android,168.82,"8,289",195,46,6
2025-02-02,tiktok,TI92217,tt_creator_push,2024-08-28,GR,android,145.12,"8,416",269,41,9
2025-07-02,facebook,FA39408,fb_retargeting,2025-04-05,EE,ios,67.77,"9,086",184,54,6
2025-09-10,tiktok,TI44686,tt_app_installs,2025-08-10,IE,android,184.00,"10,120",227,34,4
2025-02-06,google,GO79469,google_search_brand,2024-12-27,IE,ios,111.03,"4,683",154,39,11
2025-06-23,google,GO21418,google_youtube_video,2025-05-09,DE,android,163.02,"8,532",468,84,22
2025-09-22,google,GO58629,google_display_retargeting,2025-04-30,IE,android,322.79,"9,556",339,30,6
2025-08-24,instagram,IN29024,ig_app_install,2025-08-04,PT,ios,62.68,"6,155",171,28,4
2025-08-21,tiktok,TI42278,tt_creator_push,2025-08-08,SK,ios,129.08,"10,144",556,138,18
2025-01-20,instagram,IN94109,ig_story_launch,2024-10-21,SK,android,45.94,"5,196",193,42,5
2025-04-01,facebook,FA35652,fb_app_install,2025-03-18,AT,android,84.01,"4,131",117,33,9
2025-07-05,affiliate,AF21874,aff_autumn,2025-04-26,LU,android,37.73,"14,055",182,15,1
2025-12-04,facebook,FA23254,fb_brand_awareness,2025-10-18,MT,ios,34.69,"3,763",93,15,4
2025-02-01,google,GO22264,google_youtube_video,2024-12-24,BG,ios,223.57,"8,526",363,67,21
2025-05-29,instagram,IN92269,ig_app_install,2025-04-22,RO,ios,117.70,"11,262",235,63,13
2025-11-28,tiktok,TI93571,tt_creator_push,2025-11-12,RO,ios,83.14,"6,572",140,42,6
2025-04-27,instagram,IN22137,ig_retargeting,2025-02-24,GR,ios,54.32,"8,400",179,20,1
2025-11-09,twitter,TW41830,x_web_conversions,2025-10-31,SI,ios,112.49,"6,542",61,11,2
2025-01-29,facebook,FA53376,fb_conversion_2025,2024-11-17,FI,android,156.55,"6,456",154,32,4
2025-10-29,affiliate,AF50231,aff_summer,2025-04-03,BG,android,142.68,"10,317",175,31,2
2025-03-13,google,GO63563,google_youtube_video,2024-11-07,SE,ios,167.33,"5,669",163,33,5
2025-10-06,tiktok,TI61095,tt_spark_ads,2025-07-08,DK,ios,188.81,"17,767",861,136,18
2025-12-14,facebook,FA79335,fb_retargeting,2025-09-03,BE,ios,252.96,"9,474",167,50,5
2025-02-22,google,GO35339,google_display_retargeting,2024-11-10,HU,android,227.88,"8,065",231,32,4
2025-02-17,tiktok,TI21957,tt_spark_ads,2024-11-03,PL,android,72.16,"12,169",471,132,27
2025-08-21,affiliate,AF39659,aff_winter,2025-07-31,MT,ios,28.14,"13,335",233,21,1
2025-01-10,instagram,IN76650,ig_app_install,2024-10-24,FR,ios,137.41,"5,772",251,59,7
2025-07-09,affiliate,AF72218,aff_winter,2024-12-07,DE,android,99.50,"8,189",58,8,0
2025-09-20,twitter,TW63603,x_app_installs,2025-06-21,SI,android,146.22,"10,529",286,54,12
2025-06-13,facebook,FA43484,fb_app_install,2025-06-02,NL,ios,70.92,"9,670",144,22,6
2025-06-01,instagram,IN54465,ig_reels_push,2025-05-11,HU,android,209.86,"9,650",137,39,5
2025-02-07,affiliate,AF16566,aff_spring,2024-09-01,EE,android,15.67,"4,532",83,8,1
2025-06-25,instagram,IN66562,ig_retargeting,2025-05-14,AT,android,47.44,"2,609",110,24,4
2025-08-07,tiktok,TI32524,tt_spark_ads,2025-05-08,RO,android,123.85,"16,371",228,24,5
2025-10-04,instagram,IN98212,ig_story_launch,2025-07-13,RO,ios,148.78,"9,261",110,30,4
2025-10-25,facebook,FA64998,fb_conversion_2025,2025-10-10,HR,android,129.19,"9,950",292,98,6
2025-12-02,google,GO92010,google_display_retargeting,2025-11-25,IT,android,126.11,"9,246",261,38,11
2025-10-31,facebook,FA73922,fb_retargeting,2025-08-26,HR,android,66.52,"4,792",100,22,1
2025-03-20,facebook,FA40375,fb_conversion_2025,2025-02-16,IT,ios,191.67,"9,899",309,56,12
2025-05-30,facebook,FA59404,fb_retargeting,2025-03-26,DE,ios,168.04,"10,310",148,21,4
2025-01-01,twitter,TW61756,x_web_conversions,2024-07-29,DK,android,65.85,"7,743",94,16,2
2025-12-29,facebook,FA52966,fb_brand_awareness,2025-10-13,PL,android,186.14,"10,042",230,57,11
2025-04-12,tiktok,TI81623,tt_app_installs,2024-11-08,IT,android,35.47,"4,956",249,70,15
2025-08-25,twitter,TW11288,x_retargeting,2025-05-07,GR,ios,471.58,"26,894",594,117,15
2025-11-02,google,GO32420,google_search_brand,2025-07-21,LV,ios,218.33,"9,830",596,149,46
2025-09-11,affiliate,AF18431,aff_spring,2025-06-18,AT,ios,94.18,"10,137",47,7,1
2025-12-30,facebook,FA79826,fb_conversion_2025,2025-11-26,SK,android,445.86,"21,901",622,168,31
2025-07-08,twitter,TW49522,x_app_installs,2025-03-06,SI,android,65.09,"9,911",101,11,2
2025-10-22,twitter,TW60073,x_web_conversions,2025-09-23,EE,ios,61.74,"4,322",94,9,1
2025-02-11,tiktok,TI52600,tt_conversion_2025,2024-12-05,HU,android,78.15,"11,272",266,75,19
2025-05-07,affiliate,AF11551,aff_autumn,2024-08-20,AT,android,147.05,"13,748",162,23,3
2025-12-29,affiliate,AF32478,aff_summer,2025-10-21,BE,android,65.92,"10,336",101,7,1
2025-11-05,google,GO40287,google_pmax_2025,2025-08-30,GR,ios,101.78,"5,303",363,82,8
2025-11-09,affiliate,AF76285,aff_summer,2025-09-27,MT,ios,87.54,"8,019",163,15,2
2025-07-19,google,GO76991,google_youtube_video,2025-05-17,AT,android,169.60,"12,971",722,91,19
2025-08-24,tiktok,TI73307,tt_spark_ads,2025-04-04,AT,android,111.21,"10,207",358,78,3
2025-02-26,tiktok,TI24867,tt_conversion_2025,2024-10-09,AT,android,247.30,"17,342",483,63,3
2025-09-29,twitter,TW60579,x_awareness,2025-08-26,IE,ios,59.46,"6,092",161,18,4
2025-05-24,affiliate,AF18193,aff_spring,2025-03-06,IT,ios,153.33,"11,662",267,18,2
2025-11-02,twitter,TW87239,x_web_conversions,2025-09-06,IE,ios,104.08,"6,154",170,22,2
2025-02-28,instagram,IN82447,ig_story_launch,2025-01-08,ES,ios,137.03,"6,568",189,54,3
2025-09-20,facebook,FA21340,fb_brand_awareness,2025-08-17,LT,ios,195.84,"8,562",131,24,6
2025-01-29,affiliate,AF46107,aff_winter,2025-01-09,AT,ios,47.72,"8,372",205,35,4
2025-04-19,tiktok,TI68893,tt_app_installs,2024-11-18,MT,ios,129.29,"6,761",360,102,14
2025-10-12,twitter,TW37909,x_awareness,2025-07-01,MT,ios,37.12,"5,226",77,11,1
2025-05-29,twitter,TW22472,x_app_installs,2025-01-31,PL,android,38.15,"7,836",235,45,6
2025-06-06,facebook,FA45266,fb_app_install,2025-05-27,DK,ios,78.23,"10,625",249,57,4
2025-02-20,tiktok,TI22061,tt_creator_push,2025-02-18,PT,ios,62.84,"7,846",291,76,9
2025-01-29,twitter,TW54144,x_app_installs,2024-10-09,GR,android,73.99,"9,297",94,9,1
2025-05-20,tiktok,TI87765,tt_creator_push,2025-04-14,LV,ios,79.28,"7,333",339,43,8
2025-08-19,facebook,FA42711,fb_conversion_2025,2025-07-05,PT,android,173.05,"14,997",314,81,15
2025-04-18,instagram,IN61333,ig_story_launch,2025-03-18,LT,ios,134.99,"6,607",189,39,9
2025-11-06,facebook,FA65007,fb_app_install,2025-10-18,MT,android,44.35,"4,619",140,34,3
2025-03-28,tiktok,TI72945,tt_creator_push,2024-12-05,FR,android,207.18,"12,598",391,107,14
2025-12-07,facebook,FA92584,fb_brand_awareness,2025-09-18,IT,ios,97.47,"5,143",44,11,1
2025-03-03,affiliate,AF59850,aff_summer,2024-10-01,NL,android,41.45,"4,080",27,1,0
2025-09-16,tiktok,TI64554,tt_app_installs,2025-05-17,MT,ios,75.34,"7,731",391,87,7
2025-07-28,instagram,IN88397,ig_app_install,2025-07-15,GR,ios,129.49,"10,389",227,34,8
2025-09-22,instagram,IN90756,ig_reels_push,2025-09-04,HU,ios,246.87,"10,715",401,87,22
2025-11-09,affiliate,AF64183,aff_autumn,2025-03-09,ES,android,18.67,"2,292",28,4,0
2025-01-20,affiliate,AF43515,aff_spring,2024-04-24,GR,ios,75.62,"12,844",109,14,1
2025-05-24,facebook,FA21169,fb_brand_awareness,2025-03-14,GR,ios,76.62,"9,725",238,30,9
2025-10-04,tiktok,TI48953,tt_creator_push,2025-09-01,SK,android,46.74,"6,435",180,45,6
2025-04-28,affiliate,AF45352,aff_autumn,2025-01-30,PL,android,65.49,"7,968",94,12,1
2025-03-26,instagram,IN73649,ig_reels_push,2024-12-27,LU,ios,149.05,"10,800",349,68,8
2025-04-24,twitter,TW15149,x_web_conversions,2024-12-26,SK,ios,20.69,"5,110",51,4,0
2025-03-12,tiktok,TI29074,tt_creator_push,2024-12-08,FI,android,152.70,"8,403",196,54,6
2025-10-05,google,GO32807,google_youtube_video,2025-09-03,IT,ios,190.99,"6,194",430,77,11
2025-12-04,google,GO54960,google_pmax_2025,2025-11-17,PL,android,194.91,"9,343",608,62,11
2025-09-18,instagram,IN84169,ig_retargeting,2025-07-07,GR,android,109.78,"7,304",303,35,9
2025-04-12,twitter,TW42940,x_retargeting,2025-01-30,SI,ios,23.76,"6,439",147,25,5
2025-06-14,instagram,IN52774,ig_reels_push,2025-04-10,CY,ios,69.12,"9,403",206,22,3
2025-06-23,facebook,FA82009,fb_retargeting,2025-03-11,BE,android,196.16,"8,529",118,31,5
2025-09-12,google,GO47318,google_youtube_video,2025-07-17,PL,ios,309.25,"9,343",589,107,30
2025-09-05,instagram,IN82150,ig_story_launch,2025-07-05,ES,android,97.14,"5,678",88,18,5
2025-04-27,facebook,FA86418,fb_app_install,2025-01-16,MT,android,133.19,"7,744",257,65,5
2025-05-26,twitter,TW93570,x_web_conversions,2025-01-06,DK,android,87.19,"6,492",110,18,3
2025-03-21,instagram,IN73479,ig_app_install,2024-12-12,DK,ios,42.62,"5,056",80,10,3
2025-11-13,instagram,IN58618,ig_story_launch,2025-09-24,LU,ios,53.37,"6,422",266,69,12
2025-03-02,facebook,FA20008,fb_conversion_2025,2025-01-07,PL,android,107.39,"8,799",126,34,9
2025-06-15,twitter,TW81166,x_web_conversions,2025-06-05,LT,android,72.87,"8,664",243,26,2
2025-02-25,google,GO32412,google_display_retargeting,2025-01-06,EE,android,191.99,"19,614",473,52,14
2025-08-23,google,GO66615,google_display_retargeting,2025-05-13,IE,ios,206.11,"7,524",159,13,1
2025-08-06,facebook,FA26811,fb_retargeting,2025-07-07,NL,android,252.17,"9,351",320,54,11
2025-06-09,twitter,TW10469,x_retargeting,2025-01-10,FI,android,40.74,"6,047",87,14,2
2025-05-16,twitter,TW86714,x_app_installs,2024-12-26,HR,ios,36.98,"4,686",53,6,1
2025-05-31,twitter,TW70674,x_web_conversions,2025-05-30,HU,ios,102.57,"7,100",161,34,2
2025-10-04,google,GO85067,google_pmax_2025,2025-06-01,HR,android,331.18,"18,092",740,137,34
2025-05-30,instagram,IN91546,ig_retargeting,2025-04-11,ES,ios,218.57,"12,580",227,59,14
2025-09-01,instagram,IN33897,ig_retargeting,2025-08-10,BG,android,62.55,"5,224",178,27,6
2025-01-31,affiliate,AF76931,aff_autumn,2024-05-12,LT,android,85.45,"12,643",306,31,4
2025-12-23,google,GO60319,google_search_brand,2025-12-15,ES,ios,80.48,"5,327",257,67,11
2025-09-14,twitter,TW20194,x_awareness,2025-08-26,PT,android,15.44,"5,052",146,27,5
2025-03-19,google,GO66474,google_search_brand,2025-03-07,DE,android,176.14,"10,216",273,66,14
2025-06-27,tiktok,TI35074,tt_creator_push,2025-04-30,SK,android,88.75,"8,780",127,21,5
2025-01-29,twitter,TW39037,x_app_installs,2024-10-12,IT,android,44.95,"11,901",86,18,2
2025-09-04,instagram,IN50176,ig_app_install,2025-08-16,CY,android,77.95,"7,310",186,30,2
2025-12-09,instagram,IN87568,ig_reels_push,2025-09-13,PL,android,82.92,"5,966",129,14,1
2025-08-07,instagram,IN53752,ig_reels_push,2025-06-06,EE,ios,83.89,"10,873",247,72,19
2025-08-18,facebook,FA71841,fb_conversion_2025,2025-07-27,LV,android,68.35,"6,063",137,47,8
2025-09-11,facebook,FA23715,fb_retargeting,2025-06-01,IT,ios,125.64,"11,091",357,80,12
2025-06-16,facebook,FA11228,fb_conversion_2025,2025-02-23,LT,ios,208.97,"8,022",202,62,3
2025-05-29,affiliate,AF59110,aff_spring,2025-05-04,HU,android,54.96,"4,341",102,9,1
2025-01-08,tiktok,TI91720,tt_spark_ads,2024-08-17,IE,ios,133.85,"6,577",129,15,2
2025-09-13,twitter,TW48221,x_awareness,2025-04-21,DK,ios,131.07,"9,707",182,27,6
2025-03-07,twitter,TW10411,x_app_installs,2024-11-24,IE,android,184.58,"10,315",68,11,2
2025-12-25,tiktok,TI42827,tt_app_installs,2025-08-28,ES,android,173.84,"14,330",642,114,28
2025-12-01,google,GO26836,google_search_brand,2025-10-01,HU,android,124.52,"5,521",252,27,6
2025-08-04,instagram,IN83597,ig_reels_push,2025-06-14,FI,ios,28.87,"4,034",176,22,4
2025-08-26,facebook,FA47045,fb_app_install,2025-06-13,AT,android,103.93,"7,674",210,72,10
2025-09-04,instagram,IN76013,ig_story_launch,2025-08-31,SI,android,79.39,"6,565",150,38,3
2025-05-14,google,GO52306,google_display_retargeting,2025-01-13,GR,android,508.67,"17,101",764,147,47
2025-08-18,twitter,TW33036,x_web_conversions,2025-08-18,HR,ios,146.10,"8,534",94,6,0
2025-09-09,facebook,FA30920,fb_app_install,2025-07-02,LT,android,337.22,"13,643",360,90,6
2025-12-08,twitter,TW67921,x_app_installs,2025-09-12,DK,ios,57.52,"6,871",164,33,5
2025-03-30,affiliate,AF29220,aff_spring,2025-03-09,GR,android,67.39,"8,008",162,20,1
2025-06-04,google,GO41812,google_display_retargeting,2025-01-02,LT,android,174.74,"5,068",170,31,4
2025-12-09,twitter,TW84893,x_app_installs,2025-08-19,HR,ios,17.11,"4,489",127,15,1
2025-01-03,google,GO13829,google_youtube_video,2024-09-21,BE,ios,542.16,"16,210",1075,296,74
2025-12-12,google,GO71430,google_youtube_video,2025-11-14,GR,android,47.41,"3,358",154,36,3
2025-08-22,facebook,FA50629,fb_app_install,2025-08-17,SE,android,300.14,"11,820",393,121,35
2025-05-15,google,GO98481,google_display_retargeting,2024-12-08,HU,ios,187.54,"6,742",322,84,26
2025-05-07,google,GO39429,google_pmax_2025,2025-01-13,DE,android,175.46,"8,709",323,30,3
2025-01-31,tiktok,TI94530,tt_conversion_2025,2024-09-24,AT,ios,272.09,"12,756",270,46,5
2025-07-18,facebook,FA78012,fb_retargeting,2025-07-03,DE,android,89.40,"7,402",171,43,8
2025-03-02,tiktok,TI86631,tt_conversion_2025,2024-10-13,CY,ios,71.16,"9,286",182,29,6
2025-09-22,twitter,TW55638,x_awareness,2025-05-28,AT,android,91.85,"8,196",187,27,4
2025-07-04,facebook,FA57822,fb_brand_awareness,2025-06-20,EE,android,141.54,"5,413",79,26,4
2025-06-07,instagram,IN45823,ig_reels_push,2025-02-15,HU,android,212.87,"9,102",178,39,3
2025-12-22,facebook,FA58747,fb_conversion_2025,2025-11-25,SE,android,116.22,"8,069",136,37,9
2025-03-01,tiktok,TI52262,tt_app_installs,2024-10-19,SK,ios,49.39,"11,160",284,42,7
2025-05-07,tiktok,TI35999,tt_app_installs,2025-03-25,ES,ios,58.76,"5,962",171,29,2
2025-12-20,twitter,TW11244,x_app_installs,2025-10-01,BE,android,109.61,"7,031",120,9,2
2025-10-09,twitter,TW56180,x_awareness,2025-06-16,HR,android,51.52,"2,920",35,3,1
2025-03-16,instagram,IN15089,ig_reels_push,2024-12-06,CY,ios,614.85,"26,594",908,145,20
2025-01-04,google,GO25294,google_search_brand,2024-08-26,SK,ios,159.05,"5,153",295,76,12
2025-05-30,facebook,FA46171,fb_retargeting,2025-03-04,CZ,android,192.77,"9,139",188,60,13
2025-06-02,affiliate,AF90845,aff_winter,2024-11-07,LV,android,133.96,"13,509",228,20,1
2025-11-01,tiktok,TI25264,tt_app_installs,2025-05-28,HU,ios,141.20,"15,448",525,143,21
2025-01-29,twitter,TW55332,x_awareness,2024-11-27,IE,android,37.37,"10,304",196,43,4
2025-09-13,affiliate,AF68107,aff_winter,2025-04-09,LT,android,127.38,"10,134",101,12,1
2025-12-01,google,GO55604,google_search_brand,2025-09-09,DK,ios,86.73,"5,125",220,35,5
2025-03-22,affiliate,AF93233,aff_spring,2024-10-13,IE,android,47.17,"7,160",66,11,0
2025-06-21,google,GO32974,google_search_brand,2025-02-22,CY,android,270.72,"10,686",627,143,35
2025-08-08,twitter,TW23682,x_app_installs,2025-02-21,DE,android,72.35,"8,575",88,7,1
2025-09-10,affiliate,AF29001,aff_summer,2025-06-05,LU,ios,176.67,"16,042",143,15,2
2025-08-14,tiktok,TI80334,tt_app_installs,2025-07-19,PT,android,71.76,"8,321",164,31,5
2025-01-22,affiliate,AF21997,aff_autumn,2024-09-24,LU,ios,43.33,"18,551",233,33,6
2025-07-04,twitter,TW29452,x_app_installs,2025-03-19,RO,android,28.30,"8,795",118,23,3
2025-01-26,instagram,IN78957,ig_reels_push,2024-11-21,MT,ios,145.65,"7,700",342,65,18
2025-11-15,instagram,IN26235,ig_app_install,2025-07-19,SE,ios,46.80,"6,270",190,39,10
2025-09-19,affiliate,AF93230,aff_winter,2025-04-11,PL,android,52.90,"8,095",160,11,1
2025-10-18,instagram,IN60262,ig_reels_push,2025-06-20,LT,ios,139.87,"10,479",117,22,4
2025-05-19,google,GO10937,google_search_brand,2025-02-21,FR,ios,145.12,"5,446",209,49,3
2025-04-18,facebook,FA90750,fb_retargeting,2025-01-02,SE,android,476.55,"20,453",581,152,9
2025-03-31,affiliate,AF78610,aff_autumn,2025-02-06,MT,ios,9.18,"1,786",15,2,0
2025-11-16,twitter,TW35099,x_app_installs,2025-05-29,FR,ios,121.57,"6,969",164,26,5
2025-09-24,tiktok,TI30720,tt_spark_ads,2025-06-18,CY,ios,112.95,"11,344",262,68,7
2025-03-20,facebook,FA61502,fb_retargeting,2024-12-31,SE,ios,296.60,"13,746",326,69,11
2025-04-14,facebook,FA94431,fb_brand_awareness,2025-02-12,FR,ios,263.11,"10,119",244,44,9
2025-12-26,instagram,IN40718,ig_app_install,2025-12-16,NL,android,110.89,"11,729",432,48,9
2025-06-02,affiliate,AF62506,aff_summer,2025-04-29,IE,android,20.62,"7,064",128,19,3
2025-01-15,tiktok,TI11296,tt_spark_ads,2024-11-02,NL,android,68.13,"8,822",303,96,23
2025-07-23,twitter,TW79688,x_app_installs,2025-01-28,RO,ios,91.70,"16,873",129,8,1
2025-06-21,tiktok,TI23145,tt_conversion_2025,2025-01-17,ES,ios,40.98,"4,764",74,8,1
2025-08-03,instagram,IN95992,ig_story_launch,2025-04-09,IT,android,396.91,"18,267",214,63,14
2025-12-29,twitter,TW25432,x_app_installs,2025-07-04,IE,android,182.97,"10,248",304,22,2
2025-04-04,google,GO42606,google_search_brand,2024-11-25,DE,ios,287.03,"8,228",236,60,15
2025-09-26,instagram,IN68010,ig_app_install,2025-07-05,LU,ios,131.73,"6,640",217,48,13
2025-05-15,facebook,FA80266,fb_app_install,2025-03-31,DK,ios,371.11,"15,029",358,74,14
2025-03-29,twitter,TW13022,x_awareness,2025-02-28,CY,ios,101.02,"9,005",179,24,2
2025-11-06,facebook,FA98612,fb_conversion_2025,2025-07-28,HU,ios,161.77,"6,770",147,45,3
2025-06-21,instagram,IN50768,ig_reels_push,2025-03-08,CZ,android,377.12,"17,117",453,117,33
2025-05-24,affiliate,AF83697,aff_winter,2024-12-12,SK,ios,29.17,"4,810",89,12,2
2025-09-19,instagram,IN21647,ig_reels_push,2025-07-09,HU,ios,48.23,"8,272",298,70,11
2025-06-16,tiktok,TI25691,tt_creator_push,2025-03-28,SE,ios,195.20,"10,847",479,148,28
2025-06-27,affiliate,AF98524,aff_spring,2025-02-27,SI,ios,34.84,"6,343",97,8,1
2025-04-21,facebook,FA63562,fb_retargeting,2025-04-16,DE,ios,116.31,"10,010",151,33,8
2025-06-13,google,GO52782,google_display_retargeting,2025-03-15,EE,android,137.52,"6,050",175,45,8
2025-11-04,tiktok,TI58807,tt_app_installs,2025-10-12,SE,android,38.05,"6,747",153,17,3
2025-08-21,tiktok,TI41204,tt_creator_push,2025-08-15,AT,android,107.84,"5,854",162,48,2
2025-09-11,instagram,IN54002,ig_retargeting,2025-08-10,PL,android,128.63,"7,111",124,28,8
2025-12-16,affiliate,AF61819,aff_autumn,2025-06-23,RO,android,60.21,"5,541",133,16,2
2025-05-22,tiktok,TI10807,tt_spark_ads,2025-01-19,BE,android,167.42,"16,789",878,247,21
2025-12-23,tiktok,TI68145,tt_conversion_2025,2025-09-14,BG,ios,61.69,"4,197",213,46,9
2025-02-17,tiktok,TI65237,tt_spark_ads,2024-11-29,CZ,android,110.21,"6,541",196,20,2
2025-12-31,affiliate,AF87127,aff_winter,2025-04-27,AT,ios,27.65,"12,624",238,16,2
2025-06-11,instagram,IN45176,ig_app_install,2025-05-28,ES,android,77.15,"3,399",66,12,3
2025-08-04,facebook,FA19116,fb_app_install,2025-05-14,RO,android,177.82,"9,802",224,42,9
2025-03-25,instagram,IN94667,ig_reels_push,2024-11-29,ES,android,147.28,"7,945",121,17,4
2025-02-12,instagram,IN93638,ig_reels_push,2024-11-30,FI,ios,81.63,"5,856",72,8,2
2025-01-11,tiktok,TI12353,tt_spark_ads,2024-08-15,FR,ios,26.89,"5,451",284,33,5
2025-08-01,tiktok,TI97814,tt_conversion_2025,2025-04-14,MT,ios,371.45,"18,909",392,87,13
2025-04-20,tiktok,TI36116,tt_creator_push,2025-04-03,SI,ios,25.75,"2,197",40,5,1
2025-01-09,twitter,TW55850,x_awareness,2024-11-17,RO,ios,81.22,"18,692",134,19,1
2025-11-30,instagram,IN76925,ig_app_install,2025-11-21,ES,ios,293.18,"17,579",329,59,4
2025-09-26,twitter,TW73872,x_web_conversions,2025-06-18,HU,ios,36.08,"2,349",44,6,1
2025-02-10,affiliate,AF72913,aff_spring,2024-06-20,SI,android,107.59,"16,546",251,36,6
2025-07-28,twitter,TW30711,x_retargeting,2025-06-29,LT,ios,86.21,"8,782",174,26,4
2025-01-16,tiktok,TI23231,tt_app_installs,2024-08-28,FI,ios,38.32,"4,267",97,24,5
2025-01-12,affiliate,AF14469,aff_spring,2024-11-22,GR,android,65.54,"7,540",76,8,1
2025-02-15,affiliate,AF39512,aff_spring,2024-10-23,BG,android,36.34,"7,295",182,23,1
2025-01-23,twitter,TW53477,x_web_conversions,2024-08-09,BG,ios,58.11,"4,248",56,9,0
2025-07-08,affiliate,AF15809,aff_autumn,2024-11-23,PT,ios,43.53,"4,443",64,5,1
2025-08-04,affiliate,AF46730,aff_winter,2025-05-07,PL,ios,72.01,"6,872",32,3,0
2025-04-25,google,GO59710,google_display_retargeting,2025-01-23,FR,android,214.06,"9,566",556,128,13
2025-08-31,affiliate,AF67214,aff_winter,2025-03-23,GR,ios,70.64,"9,980",121,14,2
2025-02-15,tiktok,TI58761,tt_app_installs,2024-11-20,LV,android,256.44,"17,219",318,64,7
2025-09-08,google,GO31180,google_search_brand,2025-07-20,SK,android,232.67,"7,167",266,60,12
2025-06-29,twitter,TW19763,x_awareness,2025-05-17,PT,android,46.00,"4,369",56,7,1
2025-07-07,instagram,IN53054,ig_reels_push,2025-06-28,IT,android,96.35,"16,203",529,81,10
2025-05-31,twitter,TW81921,x_retargeting,2025-03-14,RO,android,185.19,"14,733",434,70,9
2025-09-03,instagram,IN28658,ig_app_install,2025-05-24,EE,ios,92.81,"5,180",191,24,2
2025-07-19,google,GO21598,google_pmax_2025,2025-04-17,BG,android,295.40,"8,772",421,72,9
2025-02-12,twitter,TW28587,x_awareness,2024-09-18,SK,android,55.68,"14,882",390,83,12
2025-03-14,google,GO36194,google_display_retargeting,2025-01-10,CZ,android,61.83,"4,105",122,33,10
2025-02-22,twitter,TW54650,x_awareness,2024-08-26,DE,ios,85.99,"5,587",65,10,1
2025-01-07,instagram,IN10991,ig_retargeting,2025-01-02,RO,ios,73.90,"4,962",87,13,2
2025-01-26,affiliate,AF65185,aff_summer,2024-12-11,NL,ios,29.31,"5,654",94,10,1
2025-12-04,google,GO18562,google_pmax_2025,2025-07-16,HR,android,301.57,"16,444",831,152,19
2025-01-02,instagram,IN17553,ig_reels_push,2024-12-24,HR,ios,300.67,"21,435",599,122,10
2025-01-17,facebook,FA15687,fb_brand_awareness,2024-11-19,LV,android,85.08,"3,276",40,7,2
2025-10-27,google,GO77096,google_search_brand,2025-10-03,PT,ios,212.90,"7,037",492,56,13
2025-01-05,tiktok,TI38789,tt_conversion_2025,2024-08-08,HU,android,190.89,"8,989",286,48,5
2025-05-02,affiliate,AF20335,aff_winter,2024-10-29,DE,ios,47.48,"6,740",86,6,1
2025-05-08,google,GO43730,google_search_brand,2025-04-27,LV,ios,62.24,"7,253",273,74,22
2025-11-20,tiktok,TI72293,tt_conversion_2025,2025-07-16,CY,ios,69.86,"8,288",102,29,2
2025-07-19,google,GO86292,google_display_retargeting,2025-06-11,IE,android,81.06,"8,897",598,138,20
2025-12-01,twitter,TW68539,x_retargeting,2025-10-18,BE,ios,230.95,"16,943",184,26,1
2025-02-13,affiliate,AF98588,aff_spring,2024-12-31,DK,ios,45.73,"7,282",146,12,1
2025-12-11,instagram,IN58471,ig_app_install,2025-09-27,IT,ios,114.81,"5,477",64,11,2
2025-01-16,twitter,TW94711,x_web_conversions,2024-10-04,GR,android,65.89,"8,827",83,12,1
2025-12-27,affiliate,AF83167,aff_autumn,2025-10-17,SK,android,106.81,"23,253",345,33,2
2025-05-15,instagram,IN20850,ig_app_install,2025-03-17,BG,ios,51.36,"8,496",364,75,14
2025-11-23,tiktok,TI27843,tt_spark_ads,2025-08-27,MT,android,45.42,"8,097",218,67,7
2025-08-07,instagram,IN75288,ig_story_launch,2025-05-02,SE,ios,82.47,"9,537",324,59,7
2025-07-10,facebook,FA92402,fb_app_install,2025-06-15,FR,ios,222.51,"8,997",100,17,4
2025-07-08,instagram,IN59609,ig_app_install,2025-06-18,AT,android,122.40,"8,306",259,59,5
2025-12-10,instagram,IN20188,ig_retargeting,2025-11-18,BE,android,258.72,"24,035",863,99,17
2025-03-12,affiliate,AF41798,aff_summer,2024-12-04,ES,android,120.69,"9,751",139,12,1
2025-08-13,affiliate,AF74713,aff_winter,2025-06-02,AT,ios,9.26,"2,351",49,9,1
2025-09-01,twitter,TW52153,x_app_installs,2025-03-20,LT,ios,75.28,"6,230",110,18,1
2025-09-09,instagram,IN85460,ig_story_launch,2025-05-26,FR,android,143.56,"8,577",317,80,16
2025-05-25,affiliate,AF39685,aff_winter,2024-12-30,PT,ios,113.41,"9,881",131,10,1
2025-04-28,facebook,FA37455,fb_retargeting,2025-01-17,BG,ios,150.99,"8,917",281,92,13
2025-10-05,google,GO77955,google_search_brand,2025-08-13,RO,android,437.98,"14,379",429,80,12
2025-02-27,facebook,FA30509,fb_app_install,2025-02-07,IT,ios,161.40,"7,017",209,60,11
2025-07-16,instagram,IN81180,ig_reels_push,2025-07-05,IE,ios,148.45,"13,259",313,49,6
2025-12-24,tiktok,TI79326,tt_creator_push,2025-07-24,LU,android,82.59,"10,155",429,133,27
2025-02-26,affiliate,AF49492,aff_spring,2024-08-21,CZ,ios,31.16,"3,816",42,4,0
2025-09-10,google,GO86271,google_youtube_video,2025-06-08,AT,ios,64.82,"3,591",134,37,3
2025-01-10,affiliate,AF64886,aff_spring,2025-01-03,AT,android,68.88,"6,747",151,11,1
2025-12-28,instagram,IN95655,ig_reels_push,2025-10-13,PT,android,148.91,"7,285",164,31,7
2025-09-24,google,GO76746,google_display_retargeting,2025-04-22,SK,ios,72.62,"4,660",132,30,3
2025-03-08,google,GO78677,google_pmax_2025,2025-02-13,CY,ios,108.35,"13,387",404,111,24
2025-05-04,facebook,FA93712,fb_brand_awareness,2025-01-19,GR,ios,97.77,"14,505",255,64,7
2025-04-05,facebook,FA52740,fb_app_install,2025-01-31,FR,android,228.05,"10,875",155,29,5
2025-05-17,facebook,FA78596,fb_app_install,2025-04-17,AT,android,160.26,"8,570",121,25,2
2025-06-03,facebook,FA12705,fb_retargeting,2025-03-16,HR,ios,363.72,"14,231",374,106,26
2025-06-16,google,GO25941,google_pmax_2025,2025-01-09,DE,android,110.51,"4,149",101,28,2
2025-12-18,twitter,TW48491,x_awareness,2025-08-26,CY,ios,42.90,"9,279",155,25,4
2025-01-20,affiliate,AF42464,aff_autumn,2024-06-17,SI,ios,31.91,"8,719",214,15,1
2025-08-24,affiliate,AF20814,aff_spring,2025-03-03,PT,ios,53.24,"5,427",32,4,1
2025-09-14,twitter,TW79895,x_awareness,2025-04-08,IE,android,162.73,"11,951",102,12,2
2025-04-15,instagram,IN63754,ig_app_install,2025-02-16,LV,android,118.75,"7,085",127,30,3
2025-04-02,facebook,FA39545,fb_brand_awareness,2025-01-09,RO,android,246.22,"10,445",102,15,3
2025-03-30,tiktok,TI43952,tt_creator_push,2024-12-11,LV,android,121.10,"8,030",213,58,8
2025-03-15,google,GO25601,google_search_brand,2024-10-15,DK,android,137.77,"10,475",448,63,8
2025-10-01,tiktok,TI62568,tt_app_installs,2025-07-22,CY,ios,261.23,"16,541",420,64,9
2025-03-01,twitter,TW24271,x_app_installs,2024-09-04,LU,ios,185.59,"11,604",158,31,3
2025-03-03,twitter,TW87035,x_retargeting,2024-11-14,PL,ios,107.55,"9,635",259,56,5
2025-08-12,facebook,FA25274,fb_conversion_2025,2025-07-03,LT,android,158.63,"16,335",282,47,8
2025-04-04,instagram,IN26381,ig_app_install,2024-12-05,FI,android,229.04,"13,185",431,79,11
2025-07-27,facebook,FA30575,fb_conversion_2025,2025-06-23,DE,android,38.52,"5,782",192,62,10
2025-03-05,affiliate,AF34043,aff_autumn,2025-01-28,LT,ios,25.80,"4,227",102,14,2
2025-09-29,affiliate,AF90570,aff_autumn,2025-04-02,SE,ios,55.99,"9,069",200,20,3
2025-09-04,google,GO72910,google_search_brand,2025-04-01,LU,ios,421.98,"21,144",582,143,20
2025-08-04,tiktok,TI61854,tt_creator_push,2025-05-20,SI,android,75.65,"6,065",145,26,2
2025-11-10,affiliate,AF11083,aff_winter,2025-07-19,EE,ios,46.56,"8,774",196,19,3
2025-08-27,google,GO15255,google_youtube_video,2025-03-20,ES,android,356.48,"18,331",701,152,35
2025-10-06,twitter,TW77494,x_awareness,2025-04-19,NL,ios,119.13,"7,239",125,26,2
2025-05-14,twitter,TW43999,x_app_installs,2024-12-18,SI,android,10.92,"2,819",65,10,2
2025-10-27,instagram,IN60367,ig_story_launch,2025-10-19,SK,ios,136.45,"6,961",73,16,1
2025-06-10,facebook,FA73785,fb_conversion_2025,2025-03-19,FI,android,214.63,"10,454",267,81,24
2025-03-07,twitter,TW63463,x_web_conversions,2024-11-26,SI,ios,62.35,"15,071",147,18,3
2025-04-26,twitter,TW30249,x_web_conversions,2024-11-24,IT,ios,108.79,"10,514",151,23,1
2025-01-22,affiliate,AF95985,aff_summer,2024-07-10,FI,ios,120.69,"11,531",124,18,2
2025-04-25,tiktok,TI67156,tt_conversion_2025,2025-04-02,LT,android,43.00,"4,216",195,49,3
2025-05-13,tiktok,TI27164,tt_creator_push,2025-01-23,AT,ios,54.38,"4,286",234,69,12
2025-06-05,facebook,FA48306,fb_brand_awareness,2025-04-16,PL,ios,142.40,"5,378",158,44,9
2025-11-24,google,GO58783,google_display_retargeting,2025-09-14,IT,android,93.31,"10,641",701,160,32
2025-07-15,instagram,IN62822,ig_app_install,2025-04-26,PT,android,45.77,"3,778",141,25,4
2025-03-23,google,GO62323,google_pmax_2025,2025-01-06,SK,android,208.72,"12,745",546,123,32
2025-06-10,instagram,IN33098,ig_reels_push,2025-05-26,FI,android,94.02,"4,016",45,12,2
2025-08-29,facebook,FA54933,fb_brand_awareness,2025-08-02,SI,android,154.93,"8,348",117,22,3
2025-11-09,tiktok,TI67243,tt_creator_push,2025-08-28,RO,ios,94.89,"13,749",405,87,14
2025-11-28,affiliate,AF82077,aff_spring,2025-02-07,ES,ios,40.61,"6,745",63,5,1
2025-11-03,facebook,FA25285,fb_app_install,2025-11-01,IT,ios,280.85,"10,914",106,30,7
2025-02-02,affiliate,AF71787,aff_winter,2024-11-14,FI,ios,27.22,"8,635",113,20,2
2025-04-30,twitter,TW69870,x_awareness,2024-12-19,LV,ios,36.95,"9,579",217,30,5
2025-06-27,facebook,FA65608,fb_retargeting,2025-05-07,FR,android,254.16,"14,445",350,99,24
2025-08-10,facebook,FA28437,fb_brand_awareness,2025-08-06,GR,android,254.86,"10,039",222,28,2
2025-02-18,twitter,TW96362,x_app_installs,2024-08-23,FI,ios,114.87,"10,052",110,14,2
2025-03-17,facebook,FA61630,fb_conversion_2025,2024-12-11,LU,android,202.12,"10,962",381,106,13
2025-06-27,tiktok,TI82255,tt_creator_push,2025-01-23,BG,android,38.74,"5,568",192,53,4
2025-03-19,google,GO34529,google_pmax_2025,2025-03-06,CY,android,190.85,"8,605",177,18,5
2025-06-27,instagram,IN31523,ig_reels_push,2025-05-09,FR,android,132.09,"6,440",278,34,6
2025-02-26,facebook,FA18608,fb_conversion_2025,2024-11-02,MT,android,61.38,"5,717",71,17,3
2025-11-16,tiktok,TI94299,tt_app_installs,2025-07-22,HR,ios,42.08,"7,053",85,21,3
2025-07-26,facebook,FA92598,fb_brand_awareness,2025-07-04,IT,ios,144.61,"10,338",330,105,24
2025-02-01,instagram,IN67320,ig_retargeting,2024-11-30,CZ,android,197.56,"10,106",286,65,13
2025-02-07,tiktok,TI87142,tt_app_installs,2024-09-19,RO,android,266.71,"16,249",541,110,6
2025-07-31,affiliate,AF95815,aff_summer,2025-01-24,EE,ios,29.06,"5,440",122,20,3
2025-07-17,tiktok,TI77820,tt_conversion_2025,2025-03-13,CY,android,108.35,"11,156",482,107,21
2025-11-20,tiktok,TI21609,tt_creator_push,2025-10-03,SI,android,101.76,"8,234",334,98,9
2025-01-15,affiliate,AF97389,aff_summer,2024-03-30,NL,ios,20.90,"6,615",131,12,1
2025-10-24,instagram,IN30382,ig_app_install,2025-09-27,FI,ios,188.77,"8,923",309,40,10
2025-05-24,twitter,TW30621,x_app_installs,2025-04-27,ES,android,141.40,"14,086",226,44,3
2025-06-28,tiktok,TI48839,tt_conversion_2025,2025-03-20,FI,android,125.90,"9,127",254,64,8
2025-06-29,twitter,TW93567,x_web_conversions,2025-06-08,FR,android,23.38,"7,710",61,10,2
2025-07-13,facebook,FA63374,fb_conversion_2025,2025-04-20,LT,ios,76.71,"5,820",179,52,10
2025-09-18,facebook,FA69028,fb_retargeting,2025-07-25,BE,ios,119.63,"17,206",316,52,15
2025-10-15,twitter,TW95049,x_retargeting,2025-09-28,SI,android,138.32,"8,931",184,24,5
2025-02-18,instagram,IN20218,ig_retargeting,2024-12-23,EE,ios,120.91,"6,400",259,65,3
2025-07-30,google,GO51952,google_pmax_2025,2025-07-06,RO,android,74.29,"6,840",266,71,5
2025-01-12,google,GO93140,google_search_brand,2024-12-07,LT,ios,132.08,"11,806",758,132,27
2025-04-09,instagram,IN76073,ig_story_launch,2025-01-10,GR,ios,48.11,"2,620",108,15,4
2025-09-08,tiktok,TI51900,tt_app_installs,2025-08-12,AT,ios,86.85,"11,166",431,52,2
2025-01-01,google,GO28919,google_display_retargeting,2024-10-21,SI,android,335.12,"9,741",277,68,11
2025-02-25,google,GO37147,google_display_retargeting,2024-11-17,SK,ios,96.16,"6,299",333,39,7
2025-01-02,google,GO97513,google_youtube_video,2024-11-12,ES,android,57.01,"6,862",396,63,6
2025-12-22,google,GO55063,google_search_brand,2025-07-27,SE,android,127.38,"12,845",597,152,48
2025-09-28,instagram,IN84030,ig_story_launch,2025-06-26,CY,android,182.17,"8,002",98,25,6
2025-08-09,facebook,FA80507,fb_retargeting,2025-08-01,DK,ios,110.95,"6,149",183,59,6
2025-07-19,facebook,FA35801,fb_conversion_2025,2025-07-14,FI,ios,161.57,"8,553",100,24,3
2025-07-29,affiliate,AF66969,aff_winter,2024-11-05,HR,ios,35.55,"5,324",111,20,3
2025-12-14,affiliate,AF73613,aff_spring,2025-08-31,AT,android,63.35,"4,913",58,7,1
2025-12-18,facebook,FA17743,fb_brand_awareness,2025-10-08,HR,ios,50.33,"5,101",133,31,3
2025-04-27,affiliate,AF17335,aff_autumn,2025-02-04,PL,ios,126.49,"13,257",56,5,0
2025-04-17,facebook,FA33518,fb_app_install,2025-03-21,GR,ios,61.95,"3,648",30,10,1
2025-05-29,instagram,IN68837,ig_app_install,2025-04-29,PT,android,148.36,"9,125",182,27,7
2025-05-31,google,GO54911,google_display_retargeting,2025-03-29,PL,android,200.66,"13,771",887,225,45
2025-11-02,tiktok,TI33671,tt_conversion_2025,2025-08-24,SK,android,16.27,"4,043",130,16,1
2025-03-18,instagram,IN77832,ig_reels_push,2024-12-12,PT,ios,50.21,"7,935",300,70,10
2025-02-12,google,GO99071,google_youtube_video,2024-12-24,HR,ios,104.70,"8,397",226,48,4
2025-02-23,tiktok,TI26942,tt_app_installs,2025-01-20,PT,android,20.35,"3,501",103,17,2
2025-11-14,affiliate,AF37509,aff_summer,2025-07-16,FI,ios,93.60,"6,873",72,7,0
2025-03-25,tiktok,TI72181,tt_app_installs,2024-12-28,LU,android,50.32,"8,938",265,45,5
2025-10-21,google,GO90616,google_pmax_2025,2025-09-22,DK,android,147.33,"8,498",417,116,23
2025-01-09,google,GO55048,google_display_retargeting,2024-08-06,HU,ios,172.71,"12,822",615,72,15
2025-05-04,affiliate,AF92145,aff_summer,2025-03-16,BE,ios,93.71,"8,246",141,15,2
2025-05-02,google,GO67252,google_pmax_2025,2025-02-05,BE,ios,346.03,"10,764",549,53,10
2025-02-24,instagram,IN77257,ig_retargeting,2024-11-03,DK,android,78.19,"3,658",69,19,2
2025-08-09,twitter,TW96356,x_awareness,2025-07-09,MT,ios,63.96,"4,879",111,17,2
2025-04-10,google,GO62550,google_search_brand,2025-03-30,RO,ios,119.32,"10,314",505,132,23
2025-11-27,affiliate,AF80389,aff_summer,2025-11-12,PL,ios,49.63,"11,195",96,13,2
2025-01-13,twitter,TW53473,x_app_installs,2024-09-28,DE,ios,54.52,"4,011",52,11,2
2025-12-24,tiktok,TI74654,tt_spark_ads,2025-10-24,BE,android,54.76,"8,081",428,57,3
2025-02-04,affiliate,AF36750,aff_winter,2024-08-15,MT,android,110.98,"9,127",98,9,1
2025-05-01,instagram,IN48364,ig_reels_push,2025-02-14,FI,android,184.50,"13,601",312,90,5
2025-06-22,instagram,IN71698,ig_reels_push,2025-05-09,CZ,android,100.37,"11,128",172,37,10
2025-01-08,affiliate,AF18720,aff_autumn,2024-11-29,LV,android,74.25,"15,142",221,23,3
2025-12-17,tiktok,TI46192,tt_spark_ads,2025-10-19,FR,android,86.58,"4,145",198,61,13
2025-08-23,twitter,TW48253,x_retargeting,2025-08-07,FI,ios,146.34,"12,390",89,14,3
2025-10-23,facebook,FA22690,fb_conversion_2025,2025-07-21,IE,android,99.77,"6,555",66,17,5
2025-02-23,facebook,FA15391,fb_app_install,2024-11-13,IE,ios,95.43,"6,583",175,36,3
2025-01-15,tiktok,TI36973,tt_conversion_2025,2024-12-18,HU,android,96.66,"5,767",268,42,9
2025-04-29,twitter,TW10100,x_retargeting,2025-03-19,CY,android,190.55,"11,446",100,20,2
2025-11-15,google,GO52254,google_pmax_2025,2025-06-24,ES,ios,313.06,"9,124",516,117,22
2025-12-11,tiktok,TI52863,tt_creator_push,2025-08-29,MT,ios,70.15,"6,296",303,79,19
2025-08-10,twitter,TW71211,x_awareness,2025-03-01,PL,android,90.92,"9,530",189,29,6
2025-02-06,affiliate,AF99313,aff_autumn,2025-01-17,AT,ios,52.35,"6,433",79,8,1
2025-04-07,instagram,IN69810,ig_app_install,2025-03-07,AT,android,58.51,"6,876",240,59,7
2025-11-14,facebook,FA40656,fb_brand_awareness,2025-11-01,CZ,android,134.92,"13,083",248,54,15
2025-03-01,google,GO81186,google_pmax_2025,2024-09-24,SK,ios,122.62,"8,845",423,49,4
2025-06-19,twitter,TW61060,x_retargeting,2025-05-28,BE,ios,271.88,"16,650",451,51,3
2025-01-27,tiktok,TI52417,tt_app_installs,2024-12-15,MT,ios,119.19,"8,984",287,91,12
2025-06-16,instagram,IN11685,ig_reels_push,2025-05-26,IT,ios,99.24,"7,776",98,18,3
2025-03-08,tiktok,TI92636,tt_conversion_2025,2024-12-05,HU,ios,200.39,"10,919",581,74,17
2025-02-12,google,GO92608,google_search_brand,2024-11-10,RO,android,345.41,"15,768",644,140,34
2025-10-18,google,GO10724,google_display_retargeting,2025-06-16,HR,android,91.17,"2,642",63,12,3
2025-02-26,facebook,FA80812,fb_retargeting,2024-11-01,CY,android,64.43,"3,655",107,35,2
2025-06-25,facebook,FA13030,fb_retargeting,2025-04-30,SK,android,113.42,"6,511",91,17,2
2025-07-01,instagram,IN41521,ig_reels_push,2025-06-11,FI,ios,137.59,"11,102",318,81,10
2025-01-28,tiktok,TI13387,tt_spark_ads,2024-10-23,CY,ios,105.28,"14,223",646,117,17
2025-06-03,tiktok,TI54923,tt_app_installs,2025-01-27,ES,android,194.62,"10,646",229,44,6
2025-11-05,twitter,TW45504,x_awareness,2025-07-22,MT,android,124.30,"8,252",81,10,2
2025-08-04,affiliate,AF97995,aff_summer,2025-05-13,DE,android,166.19,"14,670",211,19,3
2025-05-21,twitter,TW32389,x_awareness,2025-03-17,RO,android,239.69,"13,641",153,33,3
2025-11-12,tiktok,TI97846,tt_app_installs,2025-10-18,CZ,android,93.13,"9,415",229,34,2
2025-03-04,affiliate,AF35424,aff_spring,2025-02-07,SK,ios,97.42,"13,352",332,42,7
2025-08-12,tiktok,TI94596,tt_spark_ads,2025-07-22,PT,ios,136.88,"13,429",176,49,12
2025-11-07,tiktok,TI46299,tt_app_installs,2025-07-12,LT,ios,22.10,"3,773",123,29,5
2025-04-03,instagram,IN55964,ig_retargeting,2025-03-05,PT,android,250.60,"12,206",468,63,14
2025-06-14,facebook,FA86838,fb_retargeting,2025-04-14,DK,ios,74.45,"4,450",53,9,1
2025-01-31,tiktok,TI64487,tt_conversion_2025,2024-08-28,LV,android,168.56,"18,347",523,68,5
2025-11-02,facebook,FA89039,fb_brand_awareness,2025-10-15,IE,android,60.72,"3,728",90,12,3
2025-09-22,affiliate,AF18248,aff_winter,2025-05-03,SI,android,80.94,"7,366",121,17,1
2025-01-20,facebook,FA79772,fb_conversion_2025,2024-10-11,SK,android,49.29,"4,725",156,51,3
2025-11-08,google,GO48976,google_pmax_2025,2025-06-01,HR,ios,211.16,"8,609",469,61,14
2025-11-08,instagram,IN32660,ig_story_launch,2025-10-28,EE,ios,382.61,"19,166",327,58,16
