user_id,purchase_date,platform,ad_source,purchase_amount,country
100001,2025-01-01,ios,instagram,180.00,SI
100002,2025-01-01,android,twitter,130.00,SI
100003,2025-01-02,ios,affiliate,50.00,PT
100004,2025-01-02,android,affiliate,200.00,MT
100005,2025-01-02,android,affiliate,35.00,DE
100006,2025-01-02,ios,twitter,155.00,BG
100007,2025-01-02,android,facebook,140.00,BE
100008,2025-01-02,android,facebook,80.00,GR
100009,2025-01-02,android,facebook,60.00,SE
100010,2025-01-03,ios,tiktok,125.00,FR
100011,2025-01-03,ios,tiktok,165.00,HR
100012,2025-01-03,android,facebook,160.00,IT
100013,2025-01-03,ios,facebook,115.00,SK
100014,2025-01-03,ios,facebook,175.00,BG
100015,2025-01-03,android,instagram,95.00,BG
100016,2025-01-03,android,instagram,120.00,BE
100017,2025-01-03,android,instagram,120.00,BG
100018,2025-01-03,android,affiliate,90.00,HR
100019,2025-01-03,android,affiliate,200.00,DK
100020,2025-01-03,android,affiliate,40.00,PT
100021,2025-01-04,ios,google,90.00,BE
100022,2025-01-04,ios,google,100.00,FR
100023,2025-01-04,ios,google,50.00,LV
100024,2025-01-04,android,affiliate,180.00,LU
100025,2025-01-05,ios,affiliate,120.00,FR
100026,2025-01-05,ios,affiliate,115.00,LT
100027,2025-01-05,ios,tiktok,135.00,CY
100028,2025-01-05,ios,tiktok,85.00,HR
100029,2025-01-05,android,instagram,145.00,BE
100030,2025-01-05,android,instagram,50.00,HR
100031,2025-01-05,android,instagram,70.00,SE
100032,2025-01-05,android,instagram,55.00,DK
100033,2025-01-05,android,instagram,195.00,PL
100034,2025-01-05,android,instagram,100.00,EE
100035,2025-01-06,ios,instagram,105.00,MT
100036,2025-01-06,ios,instagram,85.00,SK
100037,2025-01-06,ios,instagram,110.00,CY
100038,2025-01-06,android,tiktok,130.00,ES
100039,2025-01-06,android,tiktok,100.00,HU
100040,2025-01-06,ios,instagram,85.00,CZ
100041,2025-01-06,ios,instagram,55.00,AT
100042,2025-01-06,ios,instagram,75.00,LT
100043,2025-01-06,ios,facebook,75.00,BG
100044,2025-01-06,ios,facebook,60.00,CY
100045,2025-01-07,ios,affiliate,140.00,BG
100046,2025-01-07,ios,affiliate,100.00,LT
100047,2025-01-07,android,twitter,185.00,SK
100048,2025-01-07,android,twitter,170.00,EE
100049,2025-01-07,ios,google,130.00,CZ
100050,2025-01-07,ios,google,75.00,DK
100051,2025-01-07,ios,google,170.00,MT
100052,2025-01-07,ios,instagram,80.00,PT
100053,2025-01-07,ios,instagram,180.00,NL
100054,2025-01-07,ios,facebook,135.00,DK
100055,2025-01-07,ios,facebook,190.00,DK
100056,2025-01-07,ios,facebook,135.00,LV
100057,2025-01-07,ios,affiliate,165.00,AT
100058,2025-01-07,ios,affiliate,145.00,FR
100059,2025-01-07,ios,affiliate,150.00,GR
100060,2025-01-07,ios,affiliate,70.00,SK
100061,2025-01-09,android,facebook,110.00,SI
100062,2025-01-09,android,facebook,105.00,LT
100063,2025-01-09,android,tiktok,110.00,LU
100064,2025-01-09,android,tiktok,60.00,NL
100065,2025-01-09,android,tiktok,170.00,LV
100066,2025-01-09,android,tiktok,155.00,PT
100067,2025-01-09,android,tiktok,170.00,GR
100068,2025-01-09,android,google,105.00,PL
100069,2025-01-09,ios,affiliate,70.00,BG
100070,2025-01-09,ios,affiliate,50.00,GR
100071,2025-01-09,ios,affiliate,110.00,SE
100072,2025-01-10,android,twitter,105.00,SK
100073,2025-01-10,android,twitter,70.00,FI
100074,2025-01-10,ios,twitter,45.00,RO
100075,2025-01-10,ios,twitter,65.00,CY
100076,2025-01-10,ios,twitter,115.00,GR
100077,2025-01-10,ios,twitter,150.00,FI
100078,2025-01-10,ios,twitter,80.00,FR
100079,2025-01-10,ios,twitter,80.00,DE
100080,2025-01-10,android,instagram,130.00,NL
100081,2025-01-10,android,instagram,190.00,ES
100082,2025-01-10,android,twitter,140.00,MT
100083,2025-01-10,android,twitter,110.00,BG
100084,2025-01-10,android,affiliate,140.00,LU
100085,2025-01-10,ios,facebook,110.00,GR
100086,2025-01-10,ios,facebook,195.00,AT
100087,2025-01-10,android,tiktok,185.00,EE
100088,2025-01-10,android,tiktok,60.00,PL
100089,2025-01-10,android,tiktok,130.00,SI
100090,2025-01-10,ios,google,90.00,NL
100091,2025-01-10,ios,tiktok,80.00,MT
100092,2025-01-10,ios,tiktok,35.00,BE
100093,2025-01-11,ios,instagram,190.00,SE
100094,2025-01-11,ios,instagram,30.00,LU
100095,2025-01-11,android,affiliate,115.00,HU
100096,2025-01-11,android,affiliate,170.00,MT
100097,2025-01-11,ios,instagram,135.00,AT
100098,2025-01-12,android,facebook,30.00,BG
100099,2025-01-12,ios,google,175.00,AT
100100,2025-01-13,ios,facebook,140.00,HR
100101,2025-01-13,ios,facebook,135.00,LV
100102,2025-01-13,ios,instagram,195.00,CZ
100103,2025-01-13,ios,instagram,135.00,RO
100104,2025-01-13,ios,google,195.00,HU
100105,2025-01-13,ios,instagram,140.00,LT
100106,2025-01-13,ios,instagram,35.00,ES
100107,2025-01-14,ios,affiliate,95.00,PL
100108,2025-01-14,ios,affiliate,125.00,HU
100109,2025-01-14,ios,affiliate,165.00,DK
100110,2025-01-14,ios,affiliate,70.00,ES
100111,2025-01-14,ios,twitter,105.00,EE
100112,2025-01-14,ios,twitter,145.00,PT
100113,2025-01-14,ios,twitter,155.00,LU
100114,2025-01-15,android,twitter,190.00,HR
100115,2025-01-15,android,twitter,165.00,SI
100116,2025-01-15,android,twitter,145.00,LV
100117,2025-01-15,android,instagram,200.00,LV
100118,2025-01-15,ios,google,95.00,SI
100119,2025-01-15,ios,google,55.00,CY
100120,2025-01-16,android,facebook,175.00,DE
100121,2025-01-16,android,facebook,115.00,AT
100122,2025-01-16,android,facebook,45.00,BG
100123,2025-01-16,android,affiliate,180.00,IT
100124,2025-01-16,android,affiliate,155.00,SE
100125,2025-01-16,android,affiliate,160.00,GR
100126,2025-01-16,ios,instagram,165.00,NL
100127,2025-01-16,android,instagram,175.00,PL
100128,2025-01-16,android,instagram,170.00,SI
100129,2025-01-17,android,google,110.00,CY
100130,2025-01-17,android,google,120.00,IE
100131,2025-01-17,ios,tiktok,130.00,NL
100132,2025-01-17,ios,tiktok,30.00,DK
100133,2025-01-17,ios,google,55.00,DK
100134,2025-01-18,android,google,170.00,LT
100135,2025-01-18,android,google,145.00,DK
100136,2025-01-18,android,google,70.00,SE
100137,2025-01-19,android,facebook,50.00,IT
100138,2025-01-19,android,facebook,125.00,LT
100139,2025-01-19,android,twitter,50.00,LU
100140,2025-01-19,android,facebook,110.00,PT
100141,2025-01-19,android,tiktok,150.00,NL
100142,2025-01-19,android,tiktok,170.00,NL
100143,2025-01-19,ios,affiliate,145.00,IE
100144,2025-01-19,ios,affiliate,60.00,DK
100145,2025-01-20,ios,twitter,155.00,CY
100146,2025-01-20,ios,twitter,185.00,GR
100147,2025-01-20,ios,twitter,105.00,CZ
100148,2025-01-20,android,facebook,165.00,BE
100149,2025-01-20,android,facebook,175.00,DK
100150,2025-01-20,ios,affiliate,170.00,HR
100151,2025-01-20,android,tiktok,165.00,SE
100152,2025-01-20,android,facebook,120.00,PT
100153,2025-01-20,android,facebook,35.00,CY
100154,2025-01-20,android,facebook,125.00,FI
100155,2025-01-21,android,facebook,190.00,GR
100156,2025-01-21,android,facebook,35.00,BG
100157,2025-01-21,android,facebook,55.00,SI
100158,2025-01-21,ios,instagram,85.00,LV
100159,2025-01-21,ios,instagram,195.00,IT
100160,2025-01-21,ios,instagram,130.00,HU
100161,2025-01-21,ios,tiktok,55.00,IT
100162,2025-01-21,ios,tiktok,75.00,LT
100163,2025-01-21,ios,tiktok,195.00,LV
100164,2025-01-21,ios,tiktok,140.00,AT
100165,2025-01-21,ios,instagram,180.00,LT
100166,2025-01-21,ios,instagram,65.00,SI
100167,2025-01-21,ios,instagram,55.00,MT
100168,2025-01-21,ios,instagram,180.00,CZ
100169,2025-01-21,ios,instagram,70.00,NL
100170,2025-01-21,ios,instagram,160.00,DK
100171,2025-01-21,ios,instagram,175.00,HR
100172,2025-01-22,ios,google,165.00,EE
100173,2025-01-22,ios,google,75.00,GR
100174,2025-01-22,android,instagram,40.00,PT
100175,2025-01-22,android,instagram,65.00,RO
100176,2025-01-22,ios,tiktok,45.00,IT
100177,2025-01-23,android,tiktok,30.00,PL
100178,2025-01-23,android,tiktok,160.00,DE
100179,2025-01-23,android,tiktok,100.00,NL
100180,2025-01-23,android,tiktok,135.00,FR
100181,2025-01-23,android,twitter,50.00,MT
100182,2025-01-23,android,twitter,190.00,GR
100183,2025-01-23,ios,instagram,60.00,MT
100184,2025-01-23,ios,twitter,55.00,CY
100185,2025-01-23,ios,twitter,200.00,GR
100186,2025-01-23,android,instagram,155.00,SE
100187,2025-01-23,android,instagram,185.00,CY
100188,2025-01-23,android,facebook,195.00,SE
100189,2025-01-23,android,facebook,120.00,FR
100190,2025-01-23,android,facebook,150.00,LU
100191,2025-01-23,android,facebook,170.00,LU
100192,2025-01-23,ios,facebook,125.00,SE
100193,2025-01-23,ios,facebook,35.00,DE
100194,2025-01-23,ios,facebook,125.00,CY
100195,2025-01-23,android,twitter,45.00,IT
100196,2025-01-23,android,twitter,50.00,MT
100197,2025-01-23,android,twitter,90.00,BE
100198,2025-01-23,ios,instagram,110.00,BG
100199,2025-01-23,ios,instagram,160.00,GR
100200,2025-01-23,ios,instagram,80.00,LV
100201,2025-01-24,ios,twitter,185.00,CY
100202,2025-01-24,ios,twitter,185.00,GR
100203,2025-01-24,ios,twitter,65.00,MT
100204,2025-01-25,android,tiktok,50.00,EE
100205,2025-01-25,android,twitter,60.00,PT
100206,2025-01-25,android,instagram,125.00,CY
100207,2025-01-25,android,instagram,35.00,EE
100208,2025-01-25,ios,instagram,160.00,HR
100209,2025-01-26,ios,twitter,35.00,PT
100210,2025-01-26,ios,twitter,165.00,PL
100211,2025-01-26,ios,instagram,105.00,NL
100212,2025-01-26,ios,instagram,155.00,FR
100213,2025-01-27,android,instagram,30.00,IE
100214,2025-01-27,android,instagram,55.00,AT
100215,2025-01-27,android,instagram,55.00,AT
100216,2025-01-27,ios,tiktok,100.00,NL
100217,2025-01-27,android,google,30.00,DE
100218,2025-01-27,android,google,125.00,SI
100219,2025-01-27,ios,google,65.00,LU
100220,2025-01-27,ios,google,125.00,LU
100221,2025-01-28,android,facebook,95.00,AT
100222,2025-01-28,android,facebook,125.00,HR
100223,2025-01-28,ios,instagram,190.00,PT
100224,2025-01-28,ios,instagram,190.00,FR
100225,2025-01-28,android,instagram,90.00,FR
100226,2025-01-29,android,affiliate,130.00,CZ
100227,2025-01-29,android,affiliate,40.00,LT
100228,2025-01-29,android,affiliate,105.00,SI
100229,2025-01-29,android,affiliate,60.00,PL
100230,2025-01-29,android,google,160.00,NL
100231,2025-01-30,android,tiktok,150.00,DK
100232,2025-01-30,android,tiktok,145.00,FI
100233,2025-01-30,ios,twitter,30.00,SE
100234,2025-01-30,ios,twitter,50.00,NL
100235,2025-01-30,ios,twitter,90.00,PL
100236,2025-01-31,ios,instagram,55.00,BG
100237,2025-01-31,android,facebook,40.00,DK
100238,2025-01-31,android,google,145.00,DK
100239,2025-01-31,android,affiliate,185.00,HR
100240,2025-01-31,ios,tiktok,165.00,IE
100241,2025-01-31,ios,tiktok,40.00,GR
100242,2025-01-31,ios,tiktok,35.00,GR
100243,2025-02-01,ios,twitter,180.00,PT
100244,2025-02-01,ios,twitter,120.00,FR
100245,2025-02-01,android,affiliate,75.00,SI
100246,2025-02-01,android,affiliate,40.00,DE
100247,2025-02-01,android,affiliate,155.00,HR
100248,2025-02-01,ios,facebook,145.00,RO
100249,2025-02-01,ios,facebook,120.00,EE
100250,2025-02-01,ios,affiliate,165.00,BG
100251,2025-02-01,ios,affiliate,155.00,LT
100252,2025-02-01,ios,affiliate,160.00,CY
100253,2025-02-01,ios,affiliate,115.00,SK
100254,2025-02-01,android,google,125.00,SK
100255,2025-02-01,android,google,80.00,EE
100256,2025-02-01,android,google,170.00,GR
100257,2025-02-01,android,google,95.00,DK
100258,2025-02-01,android,instagram,85.00,DE
100259,2025-02-02,android,facebook,160.00,IE
100260,2025-02-02,android,facebook,190.00,MT
100261,2025-02-02,ios,tiktok,165.00,CY
100262,2025-02-02,ios,tiktok,150.00,BE
100263,2025-02-02,ios,tiktok,95.00,IT
100264,2025-02-02,ios,tiktok,175.00,SE
100265,2025-02-02,ios,tiktok,125.00,HR
100266,2025-02-02,android,affiliate,80.00,IT
100267,2025-02-02,ios,affiliate,70.00,MT
100268,2025-02-02,ios,affiliate,115.00,RO
100269,2025-02-02,ios,affiliate,140.00,LT
100270,2025-02-02,ios,affiliate,200.00,LV
100271,2025-02-02,android,twitter,125.00,PL
100272,2025-02-02,android,twitter,80.00,PL
100273,2025-02-02,android,twitter,110.00,HU
100274,2025-02-02,android,twitter,115.00,AT
100275,2025-02-02,ios,facebook,150.00,RO
100276,2025-02-02,ios,facebook,85.00,LU
100277,2025-02-02,ios,facebook,45.00,AT
100278,2025-02-02,ios,facebook,190.00,MT
100279,2025-02-02,android,facebook,160.00,RO
100280,2025-02-02,android,facebook,55.00,PT
100281,2025-02-03,ios,instagram,175.00,NL
100282,2025-02-03,ios,instagram,35.00,LU
100283,2025-02-03,ios,instagram,90.00,RO
100284,2025-02-03,ios,instagram,160.00,IE
100285,2025-02-03,android,twitter,65.00,SE
100286,2025-02-03,android,twitter,200.00,SK
100287,2025-02-04,android,affiliate,45.00,CY
100288,2025-02-04,android,affiliate,95.00,FI
100289,2025-02-04,android,affiliate,95.00,CZ
100290,2025-02-04,android,affiliate,150.00,NL
100291,2025-02-04,android,affiliate,55.00,SK
100292,2025-02-04,ios,instagram,135.00,RO
100293,2025-02-04,ios,instagram,60.00,LT
100294,2025-02-04,ios,tiktok,180.00,LT
100295,2025-02-04,ios,tiktok,120.00,DE
100296,2025-02-04,ios,tiktok,165.00,SE
100297,2025-02-04,ios,tiktok,150.00,NL
100298,2025-02-04,android,affiliate,95.00,EE
100299,2025-02-04,android,affiliate,140.00,HR
100300,2025-02-05,ios,instagram,70.00,BE
100301,2025-02-05,ios,instagram,90.00,MT
100302,2025-02-05,ios,instagram,45.00,PT
100303,2025-02-05,android,tiktok,80.00,BG
100304,2025-02-05,android,tiktok,50.00,DK
100305,2025-02-05,android,tiktok,160.00,LT
100306,2025-02-05,android,tiktok,45.00,LV
100307,2025-02-05,android,tiktok,195.00,IE
100308,2025-02-05,android,affiliate,200.00,PL
100309,2025-02-05,android,affiliate,70.00,RO
100310,2025-02-06,ios,facebook,105.00,FI
100311,2025-02-06,android,tiktok,70.00,AT
100312,2025-02-06,android,tiktok,100.00,HU
100313,2025-02-06,android,tiktok,105.00,HR
100314,2025-02-06,ios,affiliate,60.00,HR
100315,2025-02-06,ios,affiliate,185.00,MT
100316,2025-02-06,ios,instagram,105.00,LV
100317,2025-02-06,ios,instagram,60.00,HU
100318,2025-02-07,ios,instagram,115.00,NL
100319,2025-02-07,android,instagram,30.00,SI
100320,2025-02-07,android,instagram,95.00,LT
100321,2025-02-07,android,instagram,90.00,SE
100322,2025-02-07,ios,facebook,195.00,EE
100323,2025-02-07,ios,google,145.00,BG
100324,2025-02-07,ios,google,150.00,LT
100325,2025-02-07,ios,google,100.00,DK
100326,2025-02-07,ios,affiliate,180.00,IT
100327,2025-02-07,ios,affiliate,65.00,FI
100328,2025-02-07,ios,facebook,40.00,IT
100329,2025-02-07,ios,facebook,105.00,FR
100330,2025-02-08,ios,twitter,160.00,SK
100331,2025-02-08,ios,twitter,195.00,LV
100332,2025-02-08,ios,twitter,110.00,FR
100333,2025-02-08,ios,twitter,30.00,GR
100334,2025-02-08,ios,twitter,140.00,SI
100335,2025-02-08,ios,twitter,185.00,CZ
100336,2025-02-09,ios,affiliate,140.00,PL
100337,2025-02-09,android,instagram,115.00,SE
100338,2025-02-09,android,instagram,125.00,LT
100339,2025-02-09,ios,google,60.00,SI
100340,2025-02-09,ios,google,80.00,GR
100341,2025-02-09,android,twitter,80.00,AT
100342,2025-02-09,android,twitter,180.00,LV
100343,2025-02-09,android,twitter,135.00,HR
100344,2025-02-09,android,twitter,200.00,EE
100345,2025-02-10,ios,facebook,150.00,CY
100346,2025-02-10,ios,facebook,175.00,EE
100347,2025-02-10,ios,facebook,60.00,LU
100348,2025-02-10,android,instagram,35.00,LV
100349,2025-02-10,android,instagram,65.00,HU
100350,2025-02-10,android,instagram,95.00,LT
100351,2025-02-10,android,instagram,110.00,SI
100352,2025-02-10,android,affiliate,190.00,BE
100353,2025-02-10,android,affiliate,75.00,HU
100354,2025-02-10,android,affiliate,95.00,IT
100355,2025-02-10,android,affiliate,190.00,LT
100356,2025-02-10,ios,affiliate,100.00,LT
100357,2025-02-11,android,google,165.00,SI
100358,2025-02-11,android,google,105.00,SK
100359,2025-02-12,ios,affiliate,120.00,PT
100360,2025-02-12,ios,twitter,155.00,AT
100361,2025-02-12,ios,twitter,60.00,PL
100362,2025-02-12,ios,twitter,30.00,FR
100363,2025-02-12,ios,twitter,130.00,ES
100364,2025-02-12,android,instagram,40.00,GR
100365,2025-02-12,android,instagram,190.00,RO
100366,2025-02-13,android,google,100.00,LU
100367,2025-02-13,android,google,90.00,BG
100368,2025-02-13,android,google,110.00,GR
100369,2025-02-13,android,google,140.00,SK
100370,2025-02-13,android,google,195.00,DK
100371,2025-02-13,ios,google,80.00,CZ
100372,2025-02-13,android,tiktok,55.00,HU
100373,2025-02-13,android,tiktok,80.00,DE
100374,2025-02-13,ios,affiliate,75.00,SK
100375,2025-02-13,ios,affiliate,60.00,EE
100376,2025-02-13,ios,affiliate,105.00,MT
100377,2025-02-13,ios,affiliate,135.00,LT
100378,2025-02-13,ios,affiliate,80.00,HU
100379,2025-02-13,android,twitter,120.00,FI
100380,2025-02-14,android,facebook,65.00,LV
100381,2025-02-14,android,facebook,100.00,LV
100382,2025-02-14,ios,twitter,190.00,EE
100383,2025-02-14,android,instagram,125.00,IE
100384,2025-02-15,ios,facebook,120.00,DE
100385,2025-02-15,ios,facebook,110.00,MT
100386,2025-02-15,ios,facebook,40.00,IE
100387,2025-02-15,ios,facebook,140.00,CY
100388,2025-02-15,ios,google,35.00,ES
100389,2025-02-16,android,affiliate,145.00,PT
100390,2025-02-16,android,affiliate,180.00,FR
100391,2025-02-16,android,affiliate,45.00,HU
100392,2025-02-16,android,affiliate,90.00,BG
100393,2025-02-16,android,facebook,175.00,NL
100394,2025-02-16,ios,twitter,195.00,SE
100395,2025-02-16,ios,twitter,80.00,SE
100396,2025-02-17,android,twitter,200.00,HR
100397,2025-02-17,android,twitter,45.00,IT
100398,2025-02-17,android,twitter,200.00,DK
100399,2025-02-17,android,twitter,100.00,MT
100400,2025-02-17,android,facebook,165.00,MT
100401,2025-02-17,android,affiliate,50.00,GR
100402,2025-02-17,android,tiktok,155.00,SI
100403,2025-02-18,ios,tiktok,135.00,AT
100404,2025-02-18,ios,tiktok,125.00,BE
100405,2025-02-18,ios,tiktok,110.00,CY
100406,2025-02-18,android,instagram,55.00,PL
100407,2025-02-18,android,instagram,65.00,CY
100408,2025-02-18,android,instagram,110.00,MT
100409,2025-02-18,android,instagram,30.00,FI
100410,2025-02-18,android,instagram,130.00,CZ
100411,2025-02-18,android,twitter,55.00,IE
100412,2025-02-18,android,twitter,60.00,FI
100413,2025-02-18,android,twitter,125.00,CY
100414,2025-02-18,ios,facebook,190.00,IT
100415,2025-02-18,ios,facebook,120.00,BG
100416,2025-02-18,ios,facebook,70.00,IE
100417,2025-02-18,ios,facebook,85.00,MT
100418,2025-02-18,android,google,70.00,LV
100419,2025-02-18,android,google,175.00,SE
100420,2025-02-18,android,google,55.00,LU
100421,2025-02-18,android,google,125.00,ES
100422,2025-02-18,ios,affiliate,160.00,BG
100423,2025-02-18,ios,affiliate,65.00,EE
100424,2025-02-19,android,instagram,95.00,MT
100425,2025-02-19,android,instagram,30.00,CZ
100426,2025-02-19,ios,google,140.00,CY
100427,2025-02-19,ios,google,50.00,DK
100428,2025-02-19,ios,google,105.00,CZ
100429,2025-02-19,android,affiliate,165.00,IE
100430,2025-02-20,android,affiliate,95.00,GR
100431,2025-02-20,android,affiliate,40.00,FI
100432,2025-02-20,android,affiliate,115.00,DE
100433,2025-02-20,android,affiliate,125.00,FI
100434,2025-02-20,android,affiliate,50.00,SK
100435,2025-02-20,android,instagram,60.00,HU
100436,2025-02-20,android,twitter,35.00,FR
100437,2025-02-20,android,twitter,110.00,RO
100438,2025-02-20,ios,affiliate,50.00,PT
100439,2025-02-20,ios,instagram,175.00,LT
100440,2025-02-20,ios,instagram,90.00,IE
100441,2025-02-21,android,twitter,185.00,HU
100442,2025-02-21,android,twitter,165.00,HR
100443,2025-02-21,android,twitter,90.00,LT
100444,2025-02-22,ios,google,80.00,FI
100445,2025-02-22,ios,google,165.00,GR
100446,2025-02-22,android,instagram,135.00,IT
100447,2025-02-22,android,instagram,110.00,NL
100448,2025-02-22,android,instagram,90.00,MT
100449,2025-02-22,android,instagram,80.00,BG
100450,2025-02-22,android,affiliate,110.00,EE
100451,2025-02-22,android,affiliate,70.00,HR
100452,2025-02-22,android,google,65.00,HR
100453,2025-02-22,android,google,30.00,BE
100454,2025-02-22,android,google,180.00,HR
100455,2025-02-22,android,google,30.00,SE
100456,2025-02-22,android,google,140.00,LT
100457,2025-02-22,ios,tiktok,115.00,NL
100458,2025-02-22,ios,tiktok,35.00,CY
100459,2025-02-24,android,affiliate,80.00,NL
100460,2025-02-24,android,affiliate,125.00,IE
100461,2025-02-24,android,affiliate,70.00,SI
100462,2025-02-24,ios,twitter,50.00,MT
100463,2025-02-24,ios,twitter,65.00,HR
100464,2025-02-24,ios,twitter,45.00,HU
100465,2025-02-24,ios,twitter,95.00,MT
100466,2025-02-24,android,tiktok,130.00,GR
100467,2025-02-24,android,tiktok,95.00,AT
100468,2025-02-24,android,tiktok,105.00,CZ
100469,2025-02-24,android,tiktok,125.00,BG
100470,2025-02-25,ios,twitter,55.00,ES
100471,2025-02-25,android,affiliate,110.00,BE
100472,2025-02-25,android,affiliate,155.00,MT
100473,2025-02-25,android,affiliate,35.00,BG
100474,2025-02-25,android,affiliate,140.00,MT
100475,2025-02-25,android,affiliate,90.00,IT
100476,2025-02-25,ios,google,155.00,CZ
100477,2025-02-25,ios,instagram,110.00,FR
100478,2025-02-26,ios,facebook,165.00,HR
100479,2025-02-26,android,tiktok,50.00,LU
100480,2025-02-26,android,tiktok,200.00,FI
100481,2025-02-26,android,tiktok,185.00,IT
100482,2025-02-26,android,tiktok,110.00,GR
100483,2025-02-26,android,facebook,40.00,FR
100484,2025-02-26,android,facebook,90.00,FR
100485,2025-02-27,ios,instagram,100.00,MT
100486,2025-02-27,ios,instagram,95.00,FI
100487,2025-02-27,ios,instagram,180.00,BE
100488,2025-02-27,ios,instagram,65.00,AT
100489,2025-02-27,ios,instagram,200.00,CY
100490,2025-02-27,ios,instagram,140.00,LT
100491,2025-02-27,ios,instagram,105.00,PL
100492,2025-02-27,ios,twitter,70.00,IT
100493,2025-02-27,ios,twitter,145.00,EE
100494,2025-02-27,ios,twitter,95.00,IT
100495,2025-02-27,ios,twitter,160.00,AT
100496,2025-02-27,android,instagram,95.00,IE
100497,2025-02-27,ios,facebook,45.00,FR
100498,2025-02-27,android,affiliate,125.00,AT
100499,2025-02-27,android,affiliate,150.00,DK
100500,2025-02-27,ios,tiktok,150.00,HR
100501,2025-02-27,ios,tiktok,75.00,DK
100502,2025-02-27,android,google,155.00,ES
100503,2025-02-27,android,google,100.00,LV
100504,2025-02-27,android,google,100.00,IE
100505,2025-02-28,ios,twitter,175.00,AT
100506,2025-02-28,ios,twitter,90.00,SK
100507,2025-02-28,android,google,175.00,EE
100508,2025-02-28,android,google,100.00,FI
100509,2025-02-28,ios,tiktok,80.00,SI
100510,2025-02-28,ios,tiktok,65.00,FI
100511,2025-03-01,android,facebook,60.00,HU
100512,2025-03-01,android,facebook,55.00,RO
100513,2025-03-01,ios,instagram,65.00,IT
100514,2025-03-01,ios,instagram,200.00,GR
100515,2025-03-01,ios,instagram,175.00,BG
100516,2025-03-01,ios,tiktok,100.00,NL
100517,2025-03-01,ios,tiktok,105.00,LT
100518,2025-03-01,ios,tiktok,65.00,HU
100519,2025-03-02,ios,tiktok,60.00,GR
100520,2025-03-02,ios,tiktok,120.00,LU
100521,2025-03-02,ios,tiktok,50.00,GR
100522,2025-03-02,android,affiliate,95.00,GR
100523,2025-03-02,android,affiliate,55.00,SI
100524,2025-03-02,ios,affiliate,80.00,HR
100525,2025-03-02,ios,affiliate,145.00,BE
100526,2025-03-02,ios,affiliate,125.00,IT
100527,2025-03-03,ios,instagram,195.00,LU
100528,2025-03-03,ios,instagram,145.00,SI
100529,2025-03-03,ios,instagram,180.00,FI
100530,2025-03-03,ios,instagram,115.00,PT
100531,2025-03-03,android,twitter,165.00,ES
100532,2025-03-03,android,twitter,40.00,LT
100533,2025-03-03,android,twitter,65.00,GR
100534,2025-03-03,android,twitter,100.00,DE
100535,2025-03-03,ios,tiktok,155.00,SE
100536,2025-03-03,ios,google,155.00,FR
100537,2025-03-03,ios,google,110.00,LT
100538,2025-03-03,android,affiliate,150.00,HU
100539,2025-03-03,android,google,120.00,DK
100540,2025-03-04,ios,facebook,80.00,GR
100541,2025-03-04,ios,google,170.00,SK
100542,2025-03-04,ios,google,45.00,FI
100543,2025-03-04,ios,google,125.00,SE
100544,2025-03-04,ios,google,35.00,LV
100545,2025-03-04,ios,google,140.00,LT
100546,2025-03-04,ios,tiktok,165.00,HR
100547,2025-03-04,ios,tiktok,140.00,LV
100548,2025-03-04,ios,tiktok,55.00,MT
100549,2025-03-04,ios,tiktok,45.00,DE
100550,2025-03-05,android,affiliate,165.00,SK
100551,2025-03-05,android,affiliate,95.00,BE
100552,2025-03-05,android,google,140.00,IT
100553,2025-03-05,android,google,145.00,MT
100554,2025-03-05,ios,facebook,35.00,DK
100555,2025-03-05,ios,facebook,165.00,FR
100556,2025-03-05,android,twitter,150.00,FR
100557,2025-03-05,android,twitter,130.00,HR
100558,2025-03-05,ios,instagram,35.00,ES
100559,2025-03-05,ios,instagram,180.00,PT
100560,2025-03-05,android,google,50.00,SE
100561,2025-03-05,android,google,70.00,GR
100562,2025-03-06,android,facebook,65.00,FI
100563,2025-03-06,android,facebook,160.00,GR
100564,2025-03-06,android,facebook,120.00,LT
100565,2025-03-06,android,twitter,50.00,LV
100566,2025-03-06,android,twitter,155.00,FI
100567,2025-03-06,android,twitter,60.00,HR
100568,2025-03-07,android,instagram,180.00,LT
100569,2025-03-07,android,tiktok,50.00,EE
100570,2025-03-07,android,tiktok,105.00,CZ
100571,2025-03-07,android,tiktok,40.00,NL
100572,2025-03-08,ios,twitter,175.00,SE
100573,2025-03-08,ios,twitter,180.00,DK
100574,2025-03-08,ios,twitter,60.00,DE
100575,2025-03-08,ios,twitter,55.00,BE
100576,2025-03-08,ios,twitter,125.00,FR
100577,2025-03-08,ios,twitter,150.00,IT
100578,2025-03-08,ios,twitter,70.00,DE
100579,2025-03-08,ios,google,130.00,DE
100580,2025-03-08,ios,google,195.00,CZ
100581,2025-03-08,ios,google,30.00,FI
100582,2025-03-08,ios,google,30.00,RO
100583,2025-03-08,android,tiktok,40.00,CY
100584,2025-03-08,android,tiktok,170.00,SI
100585,2025-03-08,android,tiktok,30.00,ES
100586,2025-03-08,android,affiliate,100.00,LV
100587,2025-03-08,android,affiliate,80.00,FI
100588,2025-03-08,ios,tiktok,80.00,PT
100589,2025-03-09,ios,instagram,75.00,RO
100590,2025-03-09,android,instagram,40.00,DK
100591,2025-03-09,ios,google,55.00,SI
100592,2025-03-09,ios,google,115.00,GR
100593,2025-03-09,ios,google,70.00,FR
100594,2025-03-09,ios,google,75.00,MT
100595,2025-03-10,ios,tiktok,180.00,DK
100596,2025-03-10,android,twitter,120.00,FR
100597,2025-03-10,android,twitter,80.00,FR
100598,2025-03-10,ios,facebook,55.00,BE
100599,2025-03-10,ios,facebook,170.00,LU
100600,2025-03-10,android,tiktok,130.00,PL
100601,2025-03-10,android,tiktok,170.00,SK
100602,2025-03-10,android,tiktok,160.00,FI
100603,2025-03-10,ios,affiliate,55.00,GR
100604,2025-03-10,ios,affiliate,160.00,DK
100605,2025-03-10,ios,twitter,145.00,PL
100606,2025-03-10,ios,twitter,145.00,GR
100607,2025-03-11,ios,facebook,145.00,ES
100608,2025-03-11,ios,facebook,185.00,BE
100609,2025-03-11,android,instagram,75.00,BE
100610,2025-03-11,android,affiliate,190.00,IE
100611,2025-03-11,android,affiliate,100.00,CY
100612,2025-03-11,android,affiliate,110.00,NL
100613,2025-03-11,android,affiliate,145.00,HU
100614,2025-03-12,android,twitter,75.00,LT
100615,2025-03-13,android,instagram,110.00,CZ
100616,2025-03-13,android,instagram,80.00,IE
100617,2025-03-13,android,instagram,185.00,DE
100618,2025-03-13,android,instagram,75.00,LV
100619,2025-03-13,android,instagram,150.00,AT
100620,2025-03-13,android,instagram,140.00,ES
100621,2025-03-13,android,instagram,75.00,HR
100622,2025-03-13,ios,affiliate,55.00,FI
100623,2025-03-13,ios,affiliate,50.00,ES
100624,2025-03-13,ios,affiliate,185.00,HR
100625,2025-03-13,ios,affiliate,155.00,PT
100626,2025-03-13,ios,instagram,190.00,LU
100627,2025-03-13,ios,instagram,55.00,SK
100628,2025-03-13,android,affiliate,150.00,FI
100629,2025-03-13,android,affiliate,200.00,FI
100630,2025-03-13,android,facebook,115.00,CY
100631,2025-03-13,android,facebook,85.00,NL
100632,2025-03-13,android,facebook,70.00,IE
100633,2025-03-14,ios,twitter,40.00,IE
100634,2025-03-14,ios,twitter,60.00,GR
100635,2025-03-14,android,twitter,180.00,IT
100636,2025-03-14,android,twitter,180.00,BG
100637,2025-03-14,android,twitter,165.00,PL
100638,2025-03-14,ios,twitter,135.00,DE
100639,2025-03-15,ios,affiliate,175.00,IT
100640,2025-03-15,ios,affiliate,180.00,FR
100641,2025-03-15,ios,affiliate,200.00,LT
100642,2025-03-15,android,affiliate,105.00,FI
100643,2025-03-15,android,affiliate,125.00,LU
100644,2025-03-15,ios,facebook,155.00,DE
100645,2025-03-16,android,tiktok,100.00,AT
100646,2025-03-16,android,tiktok,40.00,LV
100647,2025-03-16,android,tiktok,85.00,NL
100648,2025-03-16,android,facebook,120.00,PT
100649,2025-03-16,android,facebook,105.00,IE
100650,2025-03-16,android,facebook,70.00,BG
100651,2025-03-16,ios,instagram,95.00,LV
100652,2025-03-16,ios,instagram,30.00,SK
100653,2025-03-16,android,tiktok,180.00,HR
100654,2025-03-16,android,tiktok,95.00,GR
100655,2025-03-16,android,tiktok,35.00,DE
100656,2025-03-16,android,tiktok,195.00,DK
100657,2025-03-16,android,tiktok,170.00,BE
100658,2025-03-16,android,tiktok,200.00,BG
100659,2025-03-16,android,tiktok,135.00,BE
100660,2025-03-17,ios,twitter,75.00,IE
100661,2025-03-17,ios,twitter,105.00,IT
100662,2025-03-17,ios,twitter,80.00,MT
100663,2025-03-17,ios,twitter,40.00,FR
100664,2025-03-18,ios,facebook,175.00,IT
100665,2025-03-18,ios,facebook,50.00,LT
100666,2025-03-18,ios,facebook,155.00,LV
100667,2025-03-18,android,tiktok,100.00,PL
100668,2025-03-18,android,tiktok,125.00,LU
100669,2025-03-18,ios,google,150.00,HR
100670,2025-03-19,ios,facebook,140.00,EE
100671,2025-03-19,ios,facebook,165.00,EE
100672,2025-03-19,ios,facebook,170.00,AT
100673,2025-03-19,ios,facebook,190.00,IE
100674,2025-03-19,ios,facebook,150.00,AT
100675,2025-03-19,ios,facebook,50.00,PL
100676,2025-03-19,ios,facebook,95.00,CZ
100677,2025-03-19,ios,tiktok,45.00,BE
100678,2025-03-19,ios,tiktok,135.00,PL
100679,2025-03-19,android,tiktok,130.00,MT
100680,2025-03-19,android,tiktok,80.00,PL
100681,2025-03-19,ios,twitter,85.00,DK
100682,2025-03-19,ios,twitter,200.00,PL
100683,2025-03-19,ios,twitter,200.00,DE
100684,2025-03-19,ios,affiliate,175.00,FI
100685,2025-03-19,ios,affiliate,170.00,IE
100686,2025-03-19,ios,affiliate,95.00,BE
100687,2025-03-21,android,twitter,130.00,LT
100688,2025-03-21,android,twitter,65.00,HR
100689,2025-03-21,android,tiktok,165.00,HU
100690,2025-03-21,android,tiktok,70.00,ES
100691,2025-03-22,android,tiktok,110.00,RO
100692,2025-03-22,android,tiktok,70.00,BE
100693,2025-03-22,android,facebook,165.00,DK
100694,2025-03-22,android,google,175.00,SK
100695,2025-03-22,android,tiktok,45.00,LT
100696,2025-03-22,android,instagram,135.00,CZ
100697,2025-03-22,android,instagram,70.00,BE
100698,2025-03-22,android,instagram,40.00,LT
100699,2025-03-22,ios,tiktok,175.00,NL
100700,2025-03-22,ios,tiktok,200.00,HU
100701,2025-03-22,ios,tiktok,75.00,PL
100702,2025-03-22,android,facebook,165.00,BE
100703,2025-03-23,android,instagram,155.00,SK
100704,2025-03-23,android,instagram,100.00,BG
100705,2025-03-23,android,tiktok,130.00,CY
100706,2025-03-24,ios,facebook,55.00,ES
100707,2025-03-24,ios,facebook,140.00,CZ
100708,2025-03-24,ios,facebook,85.00,ES
100709,2025-03-24,ios,facebook,115.00,EE
100710,2025-03-24,ios,facebook,150.00,CY
100711,2025-03-25,ios,google,190.00,SE
100712,2025-03-25,ios,google,100.00,RO
100713,2025-03-25,android,instagram,80.00,CY
100714,2025-03-25,android,instagram,150.00,GR
100715,2025-03-26,android,tiktok,80.00,LT
100716,2025-03-26,android,tiktok,85.00,NL
100717,2025-03-26,android,tiktok,190.00,PL
100718,2025-03-26,ios,google,45.00,BE
100719,2025-03-26,ios,google,145.00,IE
100720,2025-03-26,ios,affiliate,165.00,CY
100721,2025-03-27,ios,facebook,35.00,MT
100722,2025-03-27,ios,facebook,170.00,AT
100723,2025-03-27,ios,twitter,170.00,IE
100724,2025-03-27,android,tiktok,75.00,PL
100725,2025-03-27,android,tiktok,120.00,SK
100726,2025-03-27,ios,google,40.00,MT
100727,2025-03-27,ios,google,110.00,DE
100728,2025-03-27,ios,google,145.00,IE
100729,2025-03-27,ios,google,85.00,SE
100730,2025-03-27,ios,google,85.00,LT
100731,2025-03-28,ios,twitter,85.00,PT
100732,2025-03-28,android,facebook,30.00,PT
100733,2025-03-28,android,facebook,175.00,SI
100734,2025-03-28,android,instagram,120.00,HR
100735,2025-03-28,android,instagram,170.00,PT
100736,2025-03-29,android,tiktok,60.00,LT
100737,2025-03-29,android,instagram,185.00,RO
100738,2025-03-29,android,instagram,135.00,PT
100739,2025-03-29,android,instagram,100.00,CZ
100740,2025-03-29,ios,tiktok,90.00,SI
100741,2025-03-29,ios,tiktok,150.00,CY
100742,2025-03-29,ios,tiktok,195.00,BG
100743,2025-03-29,ios,google,30.00,CY
100744,2025-03-29,ios,google,115.00,AT
100745,2025-03-29,ios,google,190.00,HU
100746,2025-03-29,ios,google,165.00,RO
100747,2025-03-29,android,tiktok,140.00,ES
100748,2025-03-29,android,tiktok,65.00,RO
100749,2025-03-29,android,instagram,60.00,BG
100750,2025-03-30,ios,twitter,50.00,DK
100751,2025-03-30,ios,twitter,115.00,CZ
100752,2025-03-30,android,google,70.00,FR
100753,2025-03-30,android,google,110.00,MT
100754,2025-03-30,android,google,45.00,HU
100755,2025-03-30,ios,facebook,80.00,CY
100756,2025-03-30,ios,facebook,105.00,GR
100757,2025-03-30,android,tiktok,30.00,FI
100758,2025-03-30,android,tiktok,190.00,HR
100759,2025-03-30,android,tiktok,175.00,CY
100760,2025-03-30,ios,facebook,185.00,LV
100761,2025-03-31,android,facebook,175.00,CY
100762,2025-03-31,android,facebook,155.00,PT
100763,2025-03-31,android,facebook,95.00,SK
100764,2025-03-31,android,facebook,55.00,FI
100765,2025-03-31,android,facebook,50.00,DK
100766,2025-03-31,android,facebook,70.00,SE
100767,2025-03-31,ios,facebook,90.00,DE
100768,2025-03-31,android,instagram,155.00,HU
100769,2025-03-31,ios,google,170.00,CZ
100770,2025-03-31,ios,google,40.00,SK
100771,2025-03-31,ios,google,150.00,FR
100772,2025-03-31,ios,google,95.00,BE
100773,2025-03-31,ios,tiktok,160.00,FI
100774,2025-03-31,ios,tiktok,80.00,ES
100775,2025-03-31,ios,affiliate,70.00,IT
100776,2025-04-01,ios,tiktok,35.00,FR
100777,2025-04-01,ios,tiktok,130.00,IE
100778,2025-04-01,android,twitter,180.00,NL
100779,2025-04-01,android,twitter,75.00,NL
100780,2025-04-01,android,twitter,30.00,FR
100781,2025-04-01,android,twitter,30.00,HR
100782,2025-04-01,android,google,70.00,CY
100783,2025-04-01,android,google,175.00,HR
100784,2025-04-01,android,instagram,145.00,HR
100785,2025-04-01,android,twitter,200.00,FI
100786,2025-04-01,android,twitter,150.00,SI
100787,2025-04-02,ios,google,75.00,SE
100788,2025-04-02,ios,google,100.00,PT
100789,2025-04-02,ios,google,75.00,EE
100790,2025-04-02,android,twitter,190.00,DK
100791,2025-04-02,android,twitter,105.00,FI
100792,2025-04-02,android,twitter,75.00,SE
100793,2025-04-02,android,twitter,180.00,HU
100794,2025-04-02,android,twitter,175.00,IE
100795,2025-04-02,android,affiliate,140.00,IT
100796,2025-04-02,android,twitter,145.00,MT
100797,2025-04-02,android,twitter,165.00,LV
100798,2025-04-03,android,tiktok,165.00,RO
100799,2025-04-04,android,google,65.00,RO
100800,2025-04-04,android,google,160.00,DE
100801,2025-04-04,android,google,190.00,RO
100802,2025-04-04,ios,affiliate,160.00,PT
100803,2025-04-04,android,facebook,165.00,SE
100804,2025-04-04,ios,facebook,125.00,GR
100805,2025-04-04,ios,facebook,160.00,BG
100806,2025-04-05,ios,instagram,125.00,SK
100807,2025-04-05,ios,instagram,170.00,DK
100808,2025-04-05,ios,instagram,165.00,LV
100809,2025-04-05,ios,affiliate,135.00,CZ
100810,2025-04-05,ios,affiliate,200.00,PT
100811,2025-04-05,ios,affiliate,45.00,DK
100812,2025-04-05,ios,affiliate,65.00,PT
100813,2025-04-05,ios,instagram,150.00,DE
100814,2025-04-05,ios,instagram,50.00,RO
100815,2025-04-05,ios,twitter,125.00,IT
100816,2025-04-05,ios,twitter,55.00,SE
100817,2025-04-05,android,affiliate,85.00,ES
100818,2025-04-05,ios,tiktok,145.00,LU
100819,2025-04-05,ios,tiktok,40.00,LV
100820,2025-04-06,ios,affiliate,30.00,FR
100821,2025-04-06,ios,affiliate,55.00,EE
100822,2025-04-06,ios,tiktok,190.00,RO
100823,2025-04-06,ios,tiktok,200.00,DK
100824,2025-04-06,ios,tiktok,50.00,PT
100825,2025-04-06,android,twitter,110.00,PL
100826,2025-04-07,ios,facebook,160.00,NL
100827,2025-04-07,ios,facebook,140.00,IT
100828,2025-04-07,ios,affiliate,65.00,SK
100829,2025-04-07,ios,affiliate,35.00,LU
100830,2025-04-07,android,tiktok,90.00,SI
100831,2025-04-07,ios,facebook,100.00,SI
100832,2025-04-07,ios,facebook,175.00,IT
100833,2025-04-07,ios,facebook,85.00,BG
100834,2025-04-07,ios,facebook,160.00,FR
100835,2025-04-08,ios,affiliate,115.00,LV
100836,2025-04-08,ios,affiliate,190.00,PL
100837,2025-04-08,ios,affiliate,190.00,IT
100838,2025-04-08,ios,tiktok,95.00,FR
100839,2025-04-08,ios,tiktok,180.00,ES
100840,2025-04-08,ios,tiktok,60.00,SE
100841,2025-04-08,ios,tiktok,190.00,DE
100842,2025-04-09,android,twitter,30.00,CZ
100843,2025-04-09,android,instagram,165.00,BG
100844,2025-04-09,android,instagram,195.00,SI
100845,2025-04-09,ios,affiliate,85.00,CZ
100846,2025-04-09,android,facebook,80.00,DK
100847,2025-04-09,android,facebook,90.00,PL
100848,2025-04-10,ios,twitter,90.00,LV
100849,2025-04-10,ios,twitter,30.00,LT
100850,2025-04-10,ios,twitter,65.00,FI
100851,2025-04-10,ios,twitter,145.00,IE
100852,2025-04-11,ios,facebook,155.00,SK
100853,2025-04-11,ios,affiliate,145.00,GR
100854,2025-04-11,ios,affiliate,65.00,EE
100855,2025-04-11,ios,affiliate,50.00,CZ
100856,2025-04-11,android,facebook,40.00,HU
100857,2025-04-11,android,facebook,75.00,LT
100858,2025-04-11,android,facebook,180.00,FI
100859,2025-04-11,android,google,200.00,GR
100860,2025-04-12,android,twitter,100.00,HU
100861,2025-04-12,android,twitter,115.00,BE
100862,2025-04-12,ios,instagram,140.00,MT
100863,2025-04-12,ios,instagram,45.00,FR
100864,2025-04-12,ios,instagram,200.00,SK
100865,2025-04-12,ios,google,180.00,BG
100866,2025-04-12,ios,google,110.00,LU
100867,2025-04-12,ios,google,170.00,HU
100868,2025-04-12,android,affiliate,45.00,GR
100869,2025-04-12,android,affiliate,40.00,GR
100870,2025-04-13,ios,facebook,115.00,AT
100871,2025-04-13,ios,facebook,30.00,IE
100872,2025-04-13,android,instagram,100.00,MT
100873,2025-04-13,android,instagram,145.00,DE
100874,2025-04-13,android,instagram,105.00,DE
100875,2025-04-13,ios,affiliate,200.00,DK
100876,2025-04-13,ios,affiliate,195.00,SK
100877,2025-04-13,ios,affiliate,130.00,BG
100878,2025-04-14,ios,google,105.00,IT
100879,2025-04-14,ios,google,170.00,EE
100880,2025-04-14,android,tiktok,95.00,LU
100881,2025-04-14,android,tiktok,175.00,PT
100882,2025-04-14,android,tiktok,60.00,EE
100883,2025-04-14,android,twitter,80.00,BG
100884,2025-04-14,android,twitter,135.00,LV
100885,2025-04-14,android,twitter,105.00,MT
100886,2025-04-14,android,twitter,170.00,FR
100887,2025-04-15,ios,twitter,30.00,CZ
100888,2025-04-15,ios,twitter,155.00,HR
100889,2025-04-15,ios,twitter,95.00,HR
100890,2025-04-15,ios,twitter,110.00,CY
100891,2025-04-15,android,tiktok,150.00,IE
100892,2025-04-15,android,tiktok,200.00,AT
100893,2025-04-16,android,facebook,85.00,PL
100894,2025-04-16,android,facebook,55.00,LV
100895,2025-04-17,ios,facebook,150.00,BG
100896,2025-04-17,android,twitter,145.00,CY
100897,2025-04-17,ios,twitter,130.00,FI
100898,2025-04-17,ios,twitter,125.00,HU
100899,2025-04-17,ios,google,170.00,SK
100900,2025-04-17,ios,google,115.00,LT
100901,2025-04-17,ios,facebook,100.00,LT
100902,2025-04-17,ios,facebook,50.00,SI
100903,2025-04-17,ios,facebook,190.00,AT
100904,2025-04-17,ios,facebook,55.00,AT
100905,2025-04-17,android,tiktok,55.00,SE
100906,2025-04-17,android,tiktok,85.00,RO
100907,2025-04-18,ios,google,165.00,SK
100908,2025-04-18,ios,twitter,100.00,DK
100909,2025-04-19,ios,instagram,70.00,AT
100910,2025-04-19,ios,instagram,175.00,AT
100911,2025-04-19,android,instagram,160.00,MT
100912,2025-04-19,android,twitter,195.00,BE
100913,2025-04-20,ios,affiliate,65.00,IT
100914,2025-04-20,ios,affiliate,90.00,HR
100915,2025-04-20,ios,affiliate,150.00,NL
100916,2025-04-20,android,instagram,130.00,FR
100917,2025-04-20,android,instagram,140.00,IE
100918,2025-04-20,android,instagram,30.00,LU
100919,2025-04-20,android,instagram,70.00,SE
100920,2025-04-20,ios,instagram,40.00,CZ
100921,2025-04-20,ios,instagram,115.00,PT
100922,2025-04-20,ios,instagram,50.00,SE
100923,2025-04-20,ios,affiliate,175.00,SI
100924,2025-04-20,ios,affiliate,180.00,CY
100925,2025-04-20,android,twitter,155.00,DE
100926,2025-04-20,android,twitter,185.00,MT
100927,2025-04-21,ios,tiktok,65.00,EE
100928,2025-04-21,ios,tiktok,60.00,BE
100929,2025-04-21,android,facebook,75.00,PT
100930,2025-04-21,android,facebook,60.00,SK
100931,2025-04-22,android,instagram,195.00,BG
100932,2025-04-22,android,instagram,90.00,IE
100933,2025-04-22,ios,twitter,100.00,PL
100934,2025-04-23,android,facebook,135.00,SK
100935,2025-04-23,android,twitter,110.00,SE
100936,2025-04-23,android,twitter,65.00,CZ
100937,2025-04-23,android,twitter,80.00,HU
100938,2025-04-24,ios,instagram,100.00,DE
100939,2025-04-24,ios,instagram,105.00,LU
100940,2025-04-24,android,affiliate,140.00,MT
100941,2025-04-24,ios,facebook,120.00,HR
100942,2025-04-24,ios,facebook,50.00,SI
100943,2025-04-24,ios,facebook,150.00,BE
100944,2025-04-24,ios,facebook,165.00,PT
100945,2025-04-25,android,tiktok,45.00,GR
100946,2025-04-25,android,tiktok,125.00,GR
100947,2025-04-25,android,tiktok,95.00,BE
100948,2025-04-25,android,tiktok,165.00,EE
100949,2025-04-25,ios,twitter,45.00,DE
100950,2025-04-25,android,instagram,60.00,CZ
100951,2025-04-25,android,instagram,150.00,IT
100952,2025-04-25,android,instagram,165.00,HR
100953,2025-04-25,ios,google,70.00,SK
100954,2025-04-25,ios,google,150.00,PT
100955,2025-04-25,ios,tiktok,110.00,BE
100956,2025-04-25,ios,tiktok,155.00,IT
100957,2025-04-25,ios,tiktok,95.00,FR
100958,2025-04-26,ios,google,60.00,SI
100959,2025-04-26,android,twitter,45.00,PL
100960,2025-04-27,android,twitter,50.00,GR
100961,2025-04-28,ios,facebook,115.00,DE
100962,2025-04-28,ios,instagram,70.00,BG
100963,2025-04-28,ios,instagram,100.00,BE
100964,2025-04-29,android,google,130.00,CZ
100965,2025-04-29,android,google,200.00,BE
100966,2025-04-29,ios,twitter,100.00,CZ
100967,2025-04-29,ios,twitter,175.00,AT
100968,2025-04-29,android,facebook,185.00,DK
100969,2025-04-29,android,facebook,170.00,CZ
100970,2025-04-29,android,facebook,145.00,LT
100971,2025-04-29,android,facebook,115.00,IE
100972,2025-04-30,ios,affiliate,90.00,FR
100973,2025-04-30,ios,affiliate,190.00,MT
100974,2025-04-30,android,google,85.00,LU
100975,2025-04-30,android,google,135.00,IE
100976,2025-04-30,android,facebook,65.00,PL
100977,2025-04-30,android,facebook,190.00,EE
100978,2025-04-30,ios,twitter,75.00,LT
100979,2025-04-30,ios,twitter,45.00,LU
100980,2025-04-30,ios,twitter,60.00,FI
100981,2025-04-30,ios,twitter,120.00,BG
100982,2025-04-30,ios,twitter,185.00,AT
100983,2025-04-30,ios,twitter,65.00,LU
100984,2025-05-01,android,tiktok,35.00,IE
100985,2025-05-01,android,tiktok,160.00,ES
100986,2025-05-01,android,instagram,65.00,GR
100987,2025-05-01,android,instagram,130.00,GR
100988,2025-05-01,android,twitter,140.00,HR
100989,2025-05-01,android,twitter,130.00,LV
100990,2025-05-01,android,tiktok,160.00,FI
100991,2025-05-01,android,tiktok,200.00,PT
100992,2025-05-01,ios,tiktok,35.00,AT
100993,2025-05-01,ios,tiktok,160.00,GR
100994,2025-05-02,ios,tiktok,65.00,NL
100995,2025-05-02,ios,tiktok,165.00,RO
100996,2025-05-02,android,affiliate,70.00,DE
100997,2025-05-02,android,google,35.00,IE
100998,2025-05-02,ios,affiliate,55.00,IT
100999,2025-05-03,android,google,30.00,DE
101000,2025-05-03,android,google,195.00,BG
101001,2025-05-03,android,twitter,65.00,HR
101002,2025-05-03,android,twitter,45.00,IE
101003,2025-05-03,android,twitter,190.00,BG
101004,2025-05-04,ios,affiliate,165.00,EE
101005,2025-05-04,ios,affiliate,60.00,DK
101006,2025-05-04,ios,affiliate,35.00,FR
101007,2025-05-04,ios,google,40.00,SI
101008,2025-05-04,ios,google,40.00,DK
101009,2025-05-04,android,tiktok,40.00,LT
101010,2025-05-05,ios,twitter,85.00,GR
101011,2025-05-05,android,tiktok,170.00,NL
101012,2025-05-05,android,tiktok,125.00,HU
101013,2025-05-05,android,tiktok,50.00,LU
101014,2025-05-05,android,tiktok,50.00,DE
101015,2025-05-05,android,tiktok,190.00,SK
101016,2025-05-05,ios,tiktok,95.00,FR
101017,2025-05-05,ios,tiktok,130.00,IT
101018,2025-05-05,android,instagram,125.00,EE
101019,2025-05-05,android,instagram,165.00,DK
101020,2025-05-05,android,instagram,65.00,ES
101021,2025-05-06,ios,facebook,60.00,BG
101022,2025-05-06,ios,facebook,60.00,PT
101023,2025-05-06,ios,facebook,175.00,BE
101024,2025-05-06,ios,facebook,130.00,EE
101025,2025-05-06,ios,facebook,175.00,IE
101026,2025-05-06,android,google,180.00,SE
101027,2025-05-06,android,twitter,45.00,SE
101028,2025-05-06,android,twitter,170.00,LT
101029,2025-05-07,ios,twitter,50.00,BE
101030,2025-05-07,ios,twitter,80.00,SE
101031,2025-05-07,ios,twitter,125.00,HR
101032,2025-05-07,ios,twitter,115.00,CY
101033,2025-05-07,ios,twitter,140.00,PL
101034,2025-05-07,android,tiktok,110.00,HU
101035,2025-05-07,android,tiktok,140.00,BG
101036,2025-05-07,android,tiktok,135.00,BE
101037,2025-05-07,android,tiktok,140.00,BE
101038,2025-05-07,ios,facebook,195.00,LV
101039,2025-05-07,ios,facebook,100.00,CY
101040,2025-05-07,ios,facebook,180.00,HR
101041,2025-05-07,ios,twitter,80.00,RO
101042,2025-05-07,ios,twitter,40.00,FI
101043,2025-05-07,ios,twitter,140.00,GR
101044,2025-05-07,ios,twitter,140.00,ES
101045,2025-05-07,android,google,120.00,ES
101046,2025-05-07,ios,instagram,170.00,ES
101047,2025-05-07,ios,instagram,65.00,IT
101048,2025-05-07,ios,instagram,190.00,LT
101049,2025-05-08,ios,affiliate,160.00,DE
101050,2025-05-08,ios,affiliate,115.00,IE
101051,2025-05-08,ios,affiliate,120.00,ES
101052,2025-05-09,android,twitter,140.00,LU
101053,2025-05-09,ios,tiktok,40.00,FR
101054,2025-05-09,android,tiktok,115.00,RO
101055,2025-05-09,android,tiktok,120.00,MT
101056,2025-05-10,android,tiktok,140.00,DE
101057,2025-05-10,android,tiktok,140.00,LV
101058,2025-05-10,ios,instagram,125.00,DE
101059,2025-05-10,ios,instagram,185.00,FI
101060,2025-05-10,android,facebook,100.00,LU
101061,2025-05-10,android,facebook,95.00,LV
101062,2025-05-10,android,facebook,130.00,LU
101063,2025-05-11,ios,google,105.00,FR
101064,2025-05-11,ios,google,115.00,SI
101065,2025-05-11,ios,google,55.00,EE
101066,2025-05-11,android,google,150.00,HU
101067,2025-05-11,android,google,85.00,DE
101068,2025-05-11,android,twitter,110.00,PL
101069,2025-05-11,android,twitter,150.00,RO
101070,2025-05-11,android,affiliate,135.00,CZ
101071,2025-05-11,android,affiliate,80.00,DE
101072,2025-05-12,ios,google,40.00,RO
101073,2025-05-12,ios,google,110.00,DE
101074,2025-05-12,android,instagram,100.00,HR
101075,2025-05-12,android,instagram,60.00,CY
101076,2025-05-12,android,instagram,120.00,MT
101077,2025-05-12,android,instagram,145.00,LV
101078,2025-05-12,ios,affiliate,160.00,FI
101079,2025-05-12,ios,affiliate,165.00,FR
101080,2025-05-12,ios,affiliate,170.00,ES
101081,2025-05-12,ios,affiliate,70.00,IE
101082,2025-05-12,ios,affiliate,60.00,DK
101083,2025-05-12,ios,affiliate,100.00,DK
101084,2025-05-12,android,tiktok,75.00,RO
101085,2025-05-12,android,tiktok,175.00,CZ
101086,2025-05-12,android,tiktok,200.00,IE
101087,2025-05-12,ios,google,75.00,RO
101088,2025-05-12,ios,google,200.00,RO
101089,2025-05-12,ios,facebook,190.00,FR
101090,2025-05-12,ios,facebook,115.00,NL
101091,2025-05-13,ios,twitter,160.00,SK
101092,2025-05-13,ios,tiktok,75.00,BG
101093,2025-05-13,ios,tiktok,150.00,EE
101094,2025-05-14,android,google,45.00,HR
101095,2025-05-14,android,google,105.00,LV
101096,2025-05-14,android,google,75.00,PL
101097,2025-05-14,android,twitter,65.00,SK
101098,2025-05-14,android,twitter,75.00,GR
101099,2025-05-14,android,affiliate,90.00,LU
101100,2025-05-14,android,affiliate,90.00,FR
101101,2025-05-14,android,affiliate,130.00,LV
101102,2025-05-14,android,instagram,85.00,PL
101103,2025-05-15,android,google,130.00,IE
101104,2025-05-15,android,tiktok,175.00,CZ
101105,2025-05-15,android,tiktok,170.00,BE
101106,2025-05-15,android,tiktok,130.00,CZ
101107,2025-05-15,android,tiktok,55.00,BG
101108,2025-05-15,android,tiktok,90.00,CY
101109,2025-05-15,ios,facebook,85.00,LU
101110,2025-05-15,ios,facebook,140.00,SI
101111,2025-05-15,android,twitter,35.00,NL
101112,2025-05-15,android,twitter,195.00,SK
101113,2025-05-16,ios,google,105.00,NL
101114,2025-05-16,ios,google,140.00,CY
101115,2025-05-16,android,google,190.00,HR
101116,2025-05-16,ios,affiliate,80.00,EE
101117,2025-05-17,ios,affiliate,130.00,SI
101118,2025-05-17,ios,affiliate,95.00,BE
101119,2025-05-17,ios,google,155.00,GR
101120,2025-05-17,ios,google,180.00,RO
101121,2025-05-17,ios,google,125.00,PL
101122,2025-05-17,ios,google,130.00,SE
101123,2025-05-17,ios,tiktok,195.00,CY
101124,2025-05-17,ios,tiktok,145.00,EE
101125,2025-05-17,ios,tiktok,85.00,EE
101126,2025-05-18,android,facebook,100.00,LT
101127,2025-05-18,android,tiktok,110.00,NL
101128,2025-05-18,android,tiktok,70.00,DE
101129,2025-05-18,android,tiktok,90.00,IT
101130,2025-05-18,android,twitter,200.00,SE
101131,2025-05-18,android,affiliate,40.00,AT
101132,2025-05-18,android,affiliate,145.00,PT
101133,2025-05-18,android,affiliate,80.00,RO
101134,2025-05-18,ios,instagram,135.00,PL
101135,2025-05-18,ios,instagram,70.00,BE
101136,2025-05-19,android,instagram,185.00,RO
101137,2025-05-19,ios,affiliate,200.00,SI
101138,2025-05-19,ios,affiliate,165.00,LU
101139,2025-05-20,ios,tiktok,45.00,AT
101140,2025-05-20,ios,tiktok,60.00,FR
101141,2025-05-20,ios,tiktok,130.00,CY
101142,2025-05-20,android,twitter,75.00,RO
101143,2025-05-20,android,twitter,145.00,ES
101144,2025-05-20,android,tiktok,190.00,SE
101145,2025-05-20,android,facebook,40.00,LU
101146,2025-05-20,android,facebook,140.00,DE
101147,2025-05-20,android,facebook,50.00,IE
101148,2025-05-21,android,twitter,170.00,IE
101149,2025-05-21,android,twitter,50.00,DE
101150,2025-05-21,android,twitter,55.00,EE
101151,2025-05-21,ios,facebook,30.00,SE
101152,2025-05-21,ios,facebook,70.00,EE
101153,2025-05-21,ios,facebook,200.00,SI
101154,2025-05-21,ios,facebook,45.00,SI
101155,2025-05-22,android,twitter,95.00,LV
101156,2025-05-22,android,twitter,170.00,DE
101157,2025-05-23,android,affiliate,100.00,LV
101158,2025-05-23,android,affiliate,200.00,PL
101159,2025-05-23,android,affiliate,100.00,SI
101160,2025-05-23,android,affiliate,50.00,ES
101161,2025-05-23,android,affiliate,85.00,SK
101162,2025-05-24,android,instagram,175.00,GR
101163,2025-05-24,android,instagram,75.00,EE
101164,2025-05-24,android,instagram,65.00,BG
101165,2025-05-24,android,affiliate,45.00,BE
101166,2025-05-24,android,affiliate,95.00,IT
101167,2025-05-24,android,affiliate,140.00,EE
101168,2025-05-24,android,affiliate,130.00,DE
101169,2025-05-24,android,tiktok,175.00,HR
101170,2025-05-24,ios,instagram,65.00,MT
101171,2025-05-24,ios,instagram,130.00,IT
101172,2025-05-24,android,facebook,70.00,HR
101173,2025-05-24,android,google,145.00,HU
101174,2025-05-25,ios,tiktok,65.00,FI
101175,2025-05-25,ios,twitter,95.00,CY
101176,2025-05-25,ios,twitter,45.00,IT
101177,2025-05-25,ios,twitter,90.00,GR
101178,2025-05-25,android,affiliate,155.00,DE
101179,2025-05-25,android,affiliate,35.00,LT
101180,2025-05-25,android,affiliate,190.00,LT
101181,2025-05-26,android,instagram,100.00,PT
101182,2025-05-26,ios,twitter,80.00,IT
101183,2025-05-26,ios,twitter,65.00,PL
101184,2025-05-26,ios,twitter,160.00,NL
101185,2025-05-26,ios,google,165.00,HR
101186,2025-05-26,ios,google,190.00,IE
101187,2025-05-26,android,facebook,165.00,EE
101188,2025-05-26,android,facebook,65.00,AT
101189,2025-05-26,ios,google,35.00,BE
101190,2025-05-26,android,instagram,185.00,HU
101191,2025-05-26,android,instagram,195.00,SK
101192,2025-05-26,android,twitter,70.00,SI
101193,2025-05-26,android,twitter,50.00,EE
101194,2025-05-26,android,twitter,70.00,SK
101195,2025-05-26,android,twitter,200.00,HR
101196,2025-05-26,android,twitter,120.00,AT
101197,2025-05-27,ios,affiliate,155.00,FI
101198,2025-05-27,ios,affiliate,200.00,CY
101199,2025-05-27,ios,twitter,70.00,IE
101200,2025-05-27,android,twitter,85.00,IT
101201,2025-05-28,ios,tiktok,200.00,DK
101202,2025-05-28,ios,tiktok,90.00,LT
101203,2025-05-28,ios,tiktok,90.00,FI
101204,2025-05-28,ios,tiktok,75.00,IT
101205,2025-05-28,android,facebook,35.00,AT
101206,2025-05-28,ios,google,120.00,CY
101207,2025-05-28,ios,google,70.00,NL
101208,2025-05-28,ios,google,80.00,CZ
101209,2025-05-28,ios,google,80.00,DK
101210,2025-05-28,ios,google,135.00,GR
101211,2025-05-29,android,affiliate,145.00,CY
101212,2025-05-29,android,affiliate,80.00,DE
101213,2025-05-29,android,tiktok,40.00,DE
101214,2025-05-29,android,tiktok,185.00,PL
101215,2025-05-29,android,tiktok,30.00,HU
101216,2025-05-29,android,tiktok,110.00,SE
101217,2025-05-29,android,tiktok,160.00,EE
101218,2025-05-29,android,tiktok,45.00,ES
101219,2025-05-29,ios,twitter,45.00,SK
101220,2025-05-29,ios,twitter,65.00,IE
101221,2025-05-30,ios,instagram,90.00,ES
101222,2025-05-30,ios,instagram,160.00,CZ
101223,2025-05-30,android,twitter,195.00,FR
101224,2025-05-30,android,twitter,190.00,SE
101225,2025-05-30,android,twitter,145.00,FI
101226,2025-05-30,android,twitter,135.00,LT
101227,2025-05-30,ios,facebook,115.00,LT
101228,2025-05-30,ios,facebook,135.00,GR
101229,2025-05-30,ios,facebook,110.00,FI
101230,2025-05-30,ios,affiliate,200.00,PL
101231,2025-05-31,ios,twitter,50.00,LT
101232,2025-05-31,android,google,80.00,NL
101233,2025-05-31,android,twitter,50.00,LT
101234,2025-05-31,android,twitter,125.00,LT
101235,2025-05-31,android,twitter,30.00,RO
101236,2025-05-31,ios,instagram,55.00,PT
101237,2025-05-31,ios,instagram,160.00,DK
101238,2025-05-31,ios,instagram,190.00,LV
101239,2025-05-31,android,affiliate,145.00,AT
101240,2025-05-31,android,affiliate,70.00,CY
101241,2025-06-01,android,twitter,85.00,NL
101242,2025-06-01,android,twitter,155.00,HR
101243,2025-06-01,ios,facebook,45.00,EE
101244,2025-06-01,ios,facebook,180.00,LU
101245,2025-06-01,android,instagram,95.00,LV
101246,2025-06-01,android,instagram,135.00,MT
101247,2025-06-01,android,instagram,115.00,MT
101248,2025-06-01,android,instagram,130.00,IE
101249,2025-06-02,ios,google,185.00,FR
101250,2025-06-02,ios,tiktok,65.00,RO
101251,2025-06-02,ios,tiktok,80.00,BG
101252,2025-06-02,android,google,170.00,BG
101253,2025-06-02,android,google,65.00,DK
101254,2025-06-03,android,affiliate,185.00,BG
101255,2025-06-03,android,facebook,160.00,ES
101256,2025-06-03,android,facebook,130.00,CY
101257,2025-06-03,android,facebook,95.00,FI
101258,2025-06-04,android,facebook,185.00,SE
101259,2025-06-04,android,facebook,120.00,AT
101260,2025-06-04,android,instagram,135.00,NL
101261,2025-06-04,android,instagram,185.00,HU
101262,2025-06-04,ios,tiktok,125.00,NL
101263,2025-06-04,ios,tiktok,75.00,SK
101264,2025-06-04,android,facebook,50.00,NL
101265,2025-06-04,android,facebook,35.00,BG
101266,2025-06-04,android,facebook,160.00,BG
101267,2025-06-04,android,facebook,175.00,BG
101268,2025-06-05,android,google,190.00,CY
101269,2025-06-05,android,google,195.00,AT
101270,2025-06-05,android,tiktok,195.00,HR
101271,2025-06-05,android,tiktok,105.00,BG
101272,2025-06-05,android,tiktok,140.00,GR
101273,2025-06-05,android,tiktok,60.00,MT
101274,2025-06-05,android,tiktok,50.00,DK
101275,2025-06-06,ios,twitter,180.00,DK
101276,2025-06-06,ios,twitter,180.00,NL
101277,2025-06-06,ios,twitter,100.00,BE
101278,2025-06-06,ios,twitter,160.00,MT
101279,2025-06-06,ios,twitter,110.00,ES
101280,2025-06-06,ios,twitter,85.00,FR
101281,2025-06-06,ios,twitter,35.00,FR
101282,2025-06-06,ios,twitter,110.00,FR
101283,2025-06-06,ios,instagram,60.00,NL
101284,2025-06-06,ios,instagram,140.00,SE
101285,2025-06-06,ios,instagram,130.00,AT
101286,2025-06-06,ios,instagram,165.00,AT
101287,2025-06-06,android,twitter,35.00,BG
101288,2025-06-06,android,twitter,135.00,DK
101289,2025-06-07,android,tiktok,75.00,GR
101290,2025-06-07,android,tiktok,155.00,BG
101291,2025-06-07,ios,facebook,165.00,ES
101292,2025-06-07,ios,facebook,40.00,GR
101293,2025-06-07,android,twitter,80.00,DK
101294,2025-06-07,android,twitter,185.00,PL
101295,2025-06-07,android,instagram,140.00,HR
101296,2025-06-07,ios,twitter,75.00,LU
101297,2025-06-07,ios,twitter,90.00,AT
101298,2025-06-07,ios,twitter,105.00,EE
101299,2025-06-08,android,instagram,160.00,MT
101300,2025-06-08,android,instagram,190.00,DE
101301,2025-06-08,ios,facebook,175.00,ES
101302,2025-06-08,ios,facebook,140.00,HR
101303,2025-06-08,ios,facebook,60.00,AT
101304,2025-06-08,ios,facebook,105.00,CZ
101305,2025-06-08,ios,tiktok,190.00,FI
101306,2025-06-08,ios,tiktok,115.00,LU
101307,2025-06-09,ios,affiliate,115.00,LU
101308,2025-06-09,ios,affiliate,195.00,DE
101309,2025-06-09,android,google,80.00,LU
101310,2025-06-09,android,affiliate,35.00,IE
101311,2025-06-09,android,affiliate,170.00,SI
101312,2025-06-09,android,affiliate,85.00,FI
101313,2025-06-09,ios,instagram,90.00,FI
101314,2025-06-09,ios,instagram,170.00,AT
101315,2025-06-09,ios,instagram,145.00,SI
101316,2025-06-09,android,tiktok,75.00,MT
101317,2025-06-09,android,tiktok,165.00,ES
101318,2025-06-09,android,tiktok,145.00,AT
101319,2025-06-09,android,tiktok,165.00,DK
101320,2025-06-09,android,affiliate,150.00,IE
101321,2025-06-10,ios,affiliate,50.00,LU
101322,2025-06-11,android,instagram,105.00,EE
101323,2025-06-11,android,instagram,140.00,GR
101324,2025-06-11,android,twitter,60.00,FI
101325,2025-06-12,ios,twitter,70.00,BG
101326,2025-06-12,ios,twitter,195.00,LU
101327,2025-06-12,ios,twitter,175.00,AT
101328,2025-06-12,android,facebook,60.00,FI
101329,2025-06-12,ios,google,80.00,IT
101330,2025-06-13,android,instagram,35.00,MT
101331,2025-06-13,android,instagram,155.00,DE
101332,2025-06-13,android,instagram,50.00,SI
101333,2025-06-13,ios,twitter,135.00,DK
101334,2025-06-13,ios,affiliate,70.00,BG
101335,2025-06-13,ios,affiliate,140.00,BG
101336,2025-06-13,ios,affiliate,45.00,AT
101337,2025-06-13,ios,affiliate,105.00,EE
101338,2025-06-13,android,facebook,115.00,PL
101339,2025-06-13,android,facebook,120.00,SI
101340,2025-06-14,ios,tiktok,165.00,ES
101341,2025-06-14,ios,tiktok,40.00,SK
101342,2025-06-14,ios,tiktok,105.00,DK
101343,2025-06-14,ios,tiktok,35.00,PL
101344,2025-06-14,android,google,55.00,CZ
101345,2025-06-14,android,affiliate,80.00,MT
101346,2025-06-15,ios,tiktok,70.00,IT
101347,2025-06-15,android,google,50.00,IT
101348,2025-06-15,android,google,160.00,MT
101349,2025-06-15,android,google,125.00,CZ
101350,2025-06-15,android,google,135.00,BE
101351,2025-06-15,android,google,90.00,IE
101352,2025-06-15,ios,instagram,125.00,IT
101353,2025-06-15,ios,instagram,40.00,CY
101354,2025-06-16,ios,instagram,150.00,EE
101355,2025-06-16,ios,instagram,85.00,LT
101356,2025-06-16,ios,instagram,110.00,IE
101357,2025-06-16,ios,twitter,50.00,DK
101358,2025-06-16,ios,twitter,105.00,IE
101359,2025-06-16,ios,twitter,180.00,IE
101360,2025-06-16,ios,twitter,50.00,GR
101361,2025-06-16,android,tiktok,150.00,PT
101362,2025-06-16,android,tiktok,100.00,IE
101363,2025-06-16,android,tiktok,75.00,IT
101364,2025-06-16,android,tiktok,180.00,SE
101365,2025-06-16,android,instagram,170.00,LU
101366,2025-06-16,android,instagram,95.00,IE
101367,2025-06-16,ios,google,30.00,LT
101368,2025-06-16,ios,google,95.00,HU
101369,2025-06-17,android,twitter,195.00,FI
101370,2025-06-17,android,twitter,100.00,HR
101371,2025-06-17,android,twitter,130.00,ES
101372,2025-06-17,android,twitter,150.00,GR
101373,2025-06-17,ios,twitter,105.00,BG
101374,2025-06-17,ios,instagram,70.00,SI
101375,2025-06-18,android,twitter,85.00,BE
101376,2025-06-18,ios,twitter,185.00,IT
101377,2025-06-18,ios,twitter,180.00,SI
101378,2025-06-18,ios,twitter,140.00,ES
101379,2025-06-18,ios,twitter,65.00,HR
101380,2025-06-18,ios,facebook,115.00,DE
101381,2025-06-18,ios,affiliate,110.00,LU
101382,2025-06-18,ios,affiliate,120.00,NL
101383,2025-06-19,ios,facebook,55.00,FI
101384,2025-06-19,ios,facebook,125.00,LT
101385,2025-06-19,ios,facebook,50.00,DK
101386,2025-06-19,ios,affiliate,45.00,SE
101387,2025-06-19,ios,affiliate,185.00,LT
101388,2025-06-19,ios,affiliate,125.00,SK
101389,2025-06-19,ios,affiliate,110.00,PT
101390,2025-06-19,ios,affiliate,55.00,DK
101391,2025-06-19,ios,affiliate,50.00,PL
101392,2025-06-19,ios,affiliate,190.00,NL
101393,2025-06-20,ios,tiktok,80.00,ES
101394,2025-06-20,ios,tiktok,125.00,IE
101395,2025-06-20,ios,tiktok,85.00,SK
101396,2025-06-20,ios,tiktok,170.00,DE
101397,2025-06-20,ios,tiktok,40.00,MT
101398,2025-06-20,ios,tiktok,65.00,SK
101399,2025-06-20,android,affiliate,115.00,MT
101400,2025-06-20,android,affiliate,85.00,LU
101401,2025-06-20,android,affiliate,185.00,AT
101402,2025-06-20,android,affiliate,195.00,HR
101403,2025-06-21,android,google,145.00,SI
101404,2025-06-21,android,google,135.00,FR
101405,2025-06-22,ios,google,185.00,SK
101406,2025-06-22,ios,google,125.00,PT
101407,2025-06-22,ios,google,140.00,GR
101408,2025-06-22,android,facebook,100.00,FR
101409,2025-06-22,android,facebook,200.00,DK
101410,2025-06-22,android,facebook,110.00,SE
101411,2025-06-22,ios,affiliate,140.00,LV
101412,2025-06-22,android,google,55.00,CY
101413,2025-06-22,android,google,155.00,HR
101414,2025-06-22,android,google,170.00,IT
101415,2025-06-23,android,twitter,55.00,IE
101416,2025-06-23,android,twitter,190.00,PT
101417,2025-06-23,ios,twitter,95.00,PT
101418,2025-06-23,ios,twitter,60.00,LV
101419,2025-06-23,ios,twitter,30.00,EE
101420,2025-06-23,ios,twitter,85.00,ES
101421,2025-06-23,ios,twitter,185.00,EE
101422,2025-06-23,android,instagram,85.00,DE
101423,2025-06-23,android,facebook,150.00,FR
101424,2025-06-24,android,tiktok,55.00,LU
101425,2025-06-24,android,affiliate,80.00,SI
101426,2025-06-24,android,affiliate,155.00,NL
101427,2025-06-24,ios,instagram,75.00,SK
101428,2025-06-24,ios,instagram,195.00,SE
101429,2025-06-24,android,affiliate,145.00,CY
101430,2025-06-24,android,affiliate,50.00,CY
101431,2025-06-24,ios,facebook,65.00,DE
101432,2025-06-24,ios,facebook,100.00,MT
101433,2025-06-24,android,instagram,35.00,RO
101434,2025-06-25,ios,tiktok,80.00,HR
101435,2025-06-25,android,facebook,190.00,LT
101436,2025-06-25,android,instagram,110.00,FR
101437,2025-06-25,android,instagram,65.00,DE
101438,2025-06-25,ios,twitter,155.00,LV
101439,2025-06-25,ios,twitter,45.00,SE
101440,2025-06-25,ios,twitter,95.00,FR
101441,2025-06-26,android,tiktok,45.00,RO
101442,2025-06-26,android,google,35.00,MT
101443,2025-06-27,ios,affiliate,115.00,IT
101444,2025-06-27,ios,affiliate,200.00,PT
101445,2025-06-27,ios,affiliate,50.00,CY
101446,2025-06-27,ios,affiliate,165.00,FR
101447,2025-06-27,ios,affiliate,35.00,DE
101448,2025-06-27,ios,affiliate,195.00,SI
101449,2025-06-27,android,facebook,65.00,SK
101450,2025-06-27,ios,instagram,145.00,DE
101451,2025-06-27,ios,instagram,110.00,RO
101452,2025-06-27,ios,instagram,75.00,LU
101453,2025-06-28,ios,instagram,185.00,FR
101454,2025-06-28,android,affiliate,115.00,SI
101455,2025-06-28,android,affiliate,190.00,FI
101456,2025-06-28,android,affiliate,115.00,LU
101457,2025-06-28,android,twitter,60.00,LU
101458,2025-06-28,ios,facebook,145.00,CY
101459,2025-06-29,ios,twitter,65.00,RO
101460,2025-06-29,ios,twitter,75.00,SE
101461,2025-06-29,ios,twitter,180.00,AT
101462,2025-06-29,ios,twitter,115.00,AT
101463,2025-06-29,ios,twitter,55.00,BE
101464,2025-06-29,ios,twitter,200.00,LV
101465,2025-06-30,android,google,185.00,FI
101466,2025-06-30,android,google,110.00,MT
101467,2025-06-30,android,google,95.00,MT
101468,2025-06-30,ios,tiktok,110.00,HU
101469,2025-06-30,ios,tiktok,200.00,GR
101470,2025-06-30,ios,tiktok,105.00,HR
101471,2025-06-30,android,google,145.00,MT
101472,2025-06-30,ios,twitter,185.00,HR
101473,2025-07-01,ios,instagram,65.00,CY
101474,2025-07-01,ios,tiktok,180.00,DK
101475,2025-07-01,ios,tiktok,145.00,SE
101476,2025-07-01,ios,tiktok,110.00,CZ
101477,2025-07-01,ios,tiktok,50.00,MT
101478,2025-07-01,android,instagram,170.00,SE
101479,2025-07-01,android,instagram,90.00,LU
101480,2025-07-01,android,facebook,165.00,DE
101481,2025-07-01,android,facebook,135.00,PL
101482,2025-07-01,android,facebook,175.00,LU
101483,2025-07-01,android,facebook,90.00,CY
101484,2025-07-01,ios,instagram,35.00,LU
101485,2025-07-01,ios,instagram,110.00,LT
101486,2025-07-01,android,google,105.00,IE
101487,2025-07-02,ios,affiliate,55.00,SI
101488,2025-07-02,ios,affiliate,110.00,PT
101489,2025-07-02,ios,affiliate,165.00,NL
101490,2025-07-02,ios,instagram,40.00,RO
101491,2025-07-02,ios,instagram,150.00,LT
101492,2025-07-02,android,facebook,50.00,PT
101493,2025-07-02,ios,instagram,35.00,BE
101494,2025-07-02,ios,instagram,145.00,RO
101495,2025-07-02,android,twitter,150.00,CY
101496,2025-07-02,android,twitter,30.00,HR
101497,2025-07-02,ios,google,65.00,PT
101498,2025-07-02,ios,google,30.00,DK
101499,2025-07-02,ios,google,55.00,GR
101500,2025-07-02,android,affiliate,200.00,FI
101501,2025-07-02,android,affiliate,130.00,CZ
101502,2025-07-02,android,affiliate,140.00,HR
101503,2025-07-02,ios,twitter,45.00,BG
101504,2025-07-03,android,twitter,80.00,BG
101505,2025-07-03,android,twitter,35.00,GR
101506,2025-07-03,android,twitter,90.00,FI
101507,2025-07-03,android,twitter,105.00,MT
101508,2025-07-04,android,instagram,200.00,BG
101509,2025-07-04,ios,affiliate,110.00,EE
101510,2025-07-04,ios,affiliate,95.00,BG
101511,2025-07-04,ios,affiliate,185.00,LU
101512,2025-07-04,ios,affiliate,185.00,FI
101513,2025-07-04,android,twitter,35.00,RO
101514,2025-07-04,android,twitter,80.00,AT
101515,2025-07-04,ios,affiliate,65.00,LT
101516,2025-07-04,ios,affiliate,105.00,LU
101517,2025-07-04,ios,affiliate,55.00,PT
101518,2025-07-04,ios,affiliate,90.00,HR
101519,2025-07-04,android,tiktok,165.00,FR
101520,2025-07-04,android,tiktok,55.00,FI
101521,2025-07-04,android,tiktok,120.00,PT
101522,2025-07-04,android,tiktok,120.00,ES
101523,2025-07-05,ios,affiliate,80.00,IE
101524,2025-07-05,ios,affiliate,95.00,HR
101525,2025-07-05,ios,affiliate,100.00,HU
101526,2025-07-05,android,facebook,100.00,LV
101527,2025-07-05,android,facebook,50.00,SI
101528,2025-07-05,ios,google,200.00,FR
101529,2025-07-06,ios,affiliate,190.00,ES
101530,2025-07-06,android,affiliate,140.00,SI
101531,2025-07-06,android,affiliate,180.00,LU
101532,2025-07-06,android,twitter,95.00,NL
101533,2025-07-06,android,twitter,80.00,ES
101534,2025-07-06,ios,affiliate,200.00,DE
101535,2025-07-06,ios,affiliate,30.00,HR
101536,2025-07-06,ios,affiliate,35.00,SI
101537,2025-07-07,ios,instagram,90.00,LV
101538,2025-07-07,ios,instagram,150.00,BE
101539,2025-07-07,ios,instagram,120.00,DE
101540,2025-07-07,ios,instagram,180.00,DE
101541,2025-07-07,android,facebook,160.00,LV
101542,2025-07-07,ios,google,130.00,FI
101543,2025-07-07,ios,google,130.00,NL
101544,2025-07-07,ios,google,120.00,ES
101545,2025-07-07,ios,google,110.00,GR
101546,2025-07-07,android,affiliate,200.00,HU
101547,2025-07-07,android,affiliate,120.00,DK
101548,2025-07-08,ios,twitter,85.00,FR
101549,2025-07-08,ios,twitter,80.00,DE
101550,2025-07-08,android,affiliate,120.00,LT
101551,2025-07-08,android,affiliate,110.00,SE
101552,2025-07-08,android,affiliate,110.00,PT
101553,2025-07-09,android,affiliate,190.00,PT
101554,2025-07-09,android,affiliate,90.00,HU
101555,2025-07-09,ios,twitter,180.00,DK
101556,2025-07-09,ios,twitter,115.00,HR
101557,2025-07-09,ios,twitter,160.00,BG
101558,2025-07-10,android,instagram,80.00,EE
101559,2025-07-10,android,instagram,105.00,IE
101560,2025-07-10,android,facebook,35.00,SE
101561,2025-07-10,android,facebook,75.00,ES
101562,2025-07-11,ios,facebook,110.00,GR
101563,2025-07-11,android,tiktok,55.00,SK
101564,2025-07-11,ios,instagram,100.00,LU
101565,2025-07-11,ios,google,145.00,CY
101566,2025-07-11,ios,instagram,105.00,SE
101567,2025-07-11,ios,instagram,80.00,IE
101568,2025-07-11,ios,instagram,30.00,SE
101569,2025-07-12,ios,google,150.00,EE
101570,2025-07-12,ios,google,190.00,BE
101571,2025-07-12,ios,google,60.00,ES
101572,2025-07-12,android,affiliate,160.00,GR
101573,2025-07-12,android,affiliate,120.00,MT
101574,2025-07-13,ios,instagram,165.00,SK
101575,2025-07-14,ios,google,85.00,FR
101576,2025-07-14,ios,twitter,160.00,HU
101577,2025-07-14,ios,twitter,110.00,SK
101578,2025-07-14,ios,twitter,75.00,LU
101579,2025-07-15,android,facebook,135.00,SI
101580,2025-07-15,android,facebook,45.00,BG
101581,2025-07-15,ios,instagram,125.00,AT
101582,2025-07-15,android,instagram,185.00,LU
101583,2025-07-15,android,instagram,175.00,IE
101584,2025-07-15,android,instagram,105.00,CZ
101585,2025-07-15,android,instagram,130.00,BE
101586,2025-07-15,android,instagram,195.00,PL
101587,2025-07-15,android,instagram,160.00,HU
101588,2025-07-15,ios,google,190.00,AT
101589,2025-07-15,ios,google,125.00,GR
101590,2025-07-15,ios,google,145.00,FR
101591,2025-07-15,ios,google,110.00,LT
101592,2025-07-15,ios,google,130.00,DK
101593,2025-07-16,android,facebook,45.00,LU
101594,2025-07-16,ios,affiliate,80.00,LT
101595,2025-07-16,ios,affiliate,135.00,LU
101596,2025-07-16,ios,affiliate,130.00,AT
101597,2025-07-16,android,affiliate,65.00,NL
101598,2025-07-16,android,affiliate,70.00,HR
101599,2025-07-16,android,affiliate,190.00,BG
101600,2025-07-16,android,affiliate,40.00,LV
101601,2025-07-16,android,affiliate,95.00,FR
101602,2025-07-17,android,affiliate,115.00,BG
101603,2025-07-17,ios,facebook,155.00,SI
101604,2025-07-17,ios,facebook,45.00,MT
101605,2025-07-17,ios,facebook,75.00,EE
101606,2025-07-17,android,facebook,120.00,SK
101607,2025-07-18,ios,tiktok,70.00,NL
101608,2025-07-18,ios,tiktok,55.00,MT
101609,2025-07-18,ios,tiktok,170.00,SE
101610,2025-07-18,android,affiliate,115.00,CY
101611,2025-07-19,android,google,100.00,PT
101612,2025-07-19,ios,google,70.00,FR
101613,2025-07-20,android,google,160.00,MT
101614,2025-07-20,ios,facebook,55.00,BE
101615,2025-07-20,ios,facebook,45.00,IE
101616,2025-07-20,ios,tiktok,190.00,IT
101617,2025-07-20,ios,tiktok,200.00,MT
101618,2025-07-20,ios,tiktok,100.00,PL
101619,2025-07-20,ios,tiktok,95.00,DK
101620,2025-07-20,android,twitter,165.00,NL
101621,2025-07-20,android,twitter,85.00,EE
101622,2025-07-20,android,tiktok,130.00,IE
101623,2025-07-20,android,tiktok,75.00,RO
101624,2025-07-20,ios,google,185.00,SE
101625,2025-07-20,ios,google,115.00,DK
101626,2025-07-20,android,twitter,65.00,RO
101627,2025-07-20,android,twitter,195.00,DE
101628,2025-07-20,android,twitter,175.00,EE
101629,2025-07-21,android,instagram,65.00,LU
101630,2025-07-21,android,instagram,175.00,LT
101631,2025-07-21,ios,affiliate,135.00,IE
101632,2025-07-21,android,instagram,175.00,LV
101633,2025-07-21,android,instagram,120.00,DK
101634,2025-07-21,android,instagram,160.00,EE
101635,2025-07-21,ios,affiliate,65.00,BE
101636,2025-07-21,ios,affiliate,195.00,LU
101637,2025-07-21,ios,affiliate,50.00,LT
101638,2025-07-21,ios,affiliate,155.00,LU
101639,2025-07-22,ios,tiktok,60.00,DE
101640,2025-07-22,ios,tiktok,135.00,HU
101641,2025-07-22,ios,tiktok,55.00,NL
101642,2025-07-22,ios,tiktok,155.00,DE
101643,2025-07-22,ios,tiktok,190.00,GR
101644,2025-07-22,ios,tiktok,75.00,SE
101645,2025-07-22,ios,tiktok,155.00,LU
101646,2025-07-22,ios,tiktok,190.00,DK
101647,2025-07-22,android,google,55.00,GR
101648,2025-07-22,android,google,115.00,IE
101649,2025-07-22,android,google,35.00,HU
101650,2025-07-23,ios,facebook,45.00,BE
101651,2025-07-23,android,instagram,45.00,SI
101652,2025-07-23,android,instagram,170.00,BE
101653,2025-07-23,ios,tiktok,50.00,DE
101654,2025-07-23,ios,tiktok,65.00,PL
101655,2025-07-23,android,facebook,150.00,MT
101656,2025-07-23,android,facebook,200.00,RO
101657,2025-07-23,android,facebook,145.00,ES
101658,2025-07-23,android,facebook,95.00,SK
101659,2025-07-23,android,google,80.00,BG
101660,2025-07-23,android,google,145.00,SE
101661,2025-07-23,android,instagram,200.00,MT
101662,2025-07-23,android,instagram,100.00,FR
101663,2025-07-24,ios,facebook,70.00,CZ
101664,2025-07-24,ios,facebook,125.00,DK
101665,2025-07-24,ios,facebook,125.00,ES
101666,2025-07-24,ios,facebook,190.00,DE
101667,2025-07-24,android,google,75.00,LV
101668,2025-07-24,android,google,30.00,SI
101669,2025-07-24,android,google,90.00,PT
101670,2025-07-24,android,google,45.00,HU
101671,2025-07-24,ios,facebook,105.00,FR
101672,2025-07-24,ios,facebook,105.00,SE
101673,2025-07-24,ios,facebook,30.00,BE
101674,2025-07-24,android,google,130.00,DK
101675,2025-07-24,android,google,135.00,DE
101676,2025-07-24,android,google,155.00,AT
101677,2025-07-24,ios,facebook,170.00,BG
101678,2025-07-24,ios,facebook,85.00,SI
101679,2025-07-26,android,affiliate,165.00,LV
101680,2025-07-26,android,affiliate,110.00,DE
101681,2025-07-26,android,affiliate,105.00,LT
101682,2025-07-26,ios,twitter,180.00,LV
101683,2025-07-26,ios,twitter,65.00,DK
101684,2025-07-26,ios,twitter,110.00,PT
101685,2025-07-26,ios,twitter,120.00,LV
101686,2025-07-26,ios,twitter,75.00,MT
101687,2025-07-26,android,facebook,55.00,NL
101688,2025-07-26,android,facebook,195.00,SI
101689,2025-07-26,android,facebook,40.00,AT
101690,2025-07-26,ios,tiktok,75.00,ES
101691,2025-07-26,ios,tiktok,175.00,LT
101692,2025-07-26,android,facebook,75.00,DE
101693,2025-07-26,android,facebook,55.00,LV
101694,2025-07-26,android,facebook,100.00,FI
101695,2025-07-26,android,facebook,30.00,LT
101696,2025-07-26,android,facebook,115.00,FI
101697,2025-07-26,ios,facebook,190.00,BE
101698,2025-07-26,ios,google,75.00,IT
101699,2025-07-27,android,tiktok,100.00,CZ
101700,2025-07-27,android,tiktok,175.00,LU
101701,2025-07-27,ios,tiktok,115.00,MT
101702,2025-07-28,android,google,190.00,EE
101703,2025-07-28,android,google,135.00,FI
101704,2025-07-28,ios,affiliate,125.00,DE
101705,2025-07-28,ios,instagram,40.00,BG
101706,2025-07-28,ios,instagram,130.00,IT
101707,2025-07-28,android,instagram,55.00,SE
101708,2025-07-28,android,instagram,120.00,LU
101709,2025-07-28,ios,facebook,50.00,NL
101710,2025-07-28,ios,facebook,135.00,AT
101711,2025-07-29,ios,google,100.00,FR
101712,2025-07-29,ios,google,100.00,LT
101713,2025-07-29,ios,google,115.00,CY
101714,2025-07-29,android,facebook,70.00,HR
101715,2025-07-29,android,facebook,75.00,PL
101716,2025-07-29,android,twitter,100.00,DE
101717,2025-07-29,ios,tiktok,115.00,MT
101718,2025-07-29,android,twitter,200.00,ES
101719,2025-07-30,ios,twitter,175.00,ES
101720,2025-07-30,android,google,85.00,IE
101721,2025-07-30,android,google,145.00,AT
101722,2025-07-30,android,facebook,165.00,BE
101723,2025-07-30,android,facebook,170.00,CY
101724,2025-07-30,ios,affiliate,35.00,RO
101725,2025-07-30,ios,affiliate,90.00,CZ
101726,2025-07-30,ios,affiliate,115.00,IE
101727,2025-07-30,android,instagram,85.00,LV
101728,2025-07-30,android,instagram,100.00,IT
101729,2025-07-30,android,instagram,190.00,BG
101730,2025-08-01,ios,twitter,100.00,BE
101731,2025-08-01,ios,twitter,105.00,LU
101732,2025-08-01,ios,twitter,130.00,CZ
101733,2025-08-01,ios,twitter,100.00,DE
101734,2025-08-01,ios,affiliate,170.00,EE
101735,2025-08-01,android,facebook,40.00,HR
101736,2025-08-01,android,facebook,75.00,SI
101737,2025-08-01,ios,tiktok,120.00,IT
101738,2025-08-01,ios,tiktok,115.00,DE
101739,2025-08-01,ios,tiktok,110.00,DE
101740,2025-08-01,ios,tiktok,145.00,FI
101741,2025-08-01,ios,tiktok,120.00,LU
101742,2025-08-01,ios,tiktok,85.00,SE
101743,2025-08-01,ios,affiliate,125.00,ES
101744,2025-08-01,android,twitter,150.00,PT
101745,2025-08-02,ios,facebook,80.00,FI
101746,2025-08-02,ios,facebook,195.00,IT
101747,2025-08-02,ios,facebook,145.00,FR
101748,2025-08-02,ios,facebook,50.00,LV
101749,2025-08-03,android,facebook,190.00,LT
101750,2025-08-04,ios,tiktok,195.00,CZ
101751,2025-08-04,android,affiliate,30.00,EE
101752,2025-08-04,android,affiliate,170.00,HR
101753,2025-08-04,android,affiliate,140.00,HU
101754,2025-08-04,android,affiliate,30.00,IT
101755,2025-08-04,android,facebook,105.00,PT
101756,2025-08-04,android,facebook,70.00,RO
101757,2025-08-04,ios,tiktok,50.00,DK
101758,2025-08-04,ios,tiktok,120.00,GR
101759,2025-08-04,ios,tiktok,115.00,BE
101760,2025-08-04,ios,affiliate,75.00,AT
101761,2025-08-04,ios,affiliate,190.00,HR
101762,2025-08-04,android,instagram,55.00,LV
101763,2025-08-04,android,instagram,40.00,DE
101764,2025-08-05,ios,twitter,130.00,SE
101765,2025-08-05,ios,twitter,170.00,MT
101766,2025-08-05,android,google,35.00,NL
101767,2025-08-05,ios,instagram,45.00,NL
101768,2025-08-05,ios,instagram,190.00,PL
101769,2025-08-05,ios,instagram,35.00,FI
101770,2025-08-05,ios,instagram,50.00,RO
101771,2025-08-05,ios,instagram,30.00,NL
101772,2025-08-05,android,tiktok,30.00,EE
101773,2025-08-05,android,tiktok,120.00,LT
101774,2025-08-05,android,tiktok,90.00,DK
101775,2025-08-06,ios,twitter,60.00,BG
101776,2025-08-06,ios,twitter,100.00,PT
101777,2025-08-06,ios,twitter,185.00,CZ
101778,2025-08-06,ios,twitter,145.00,SI
101779,2025-08-06,ios,affiliate,120.00,HR
101780,2025-08-06,ios,affiliate,170.00,HU
101781,2025-08-06,ios,affiliate,40.00,EE
101782,2025-08-06,ios,affiliate,145.00,SK
101783,2025-08-06,ios,affiliate,130.00,PL
101784,2025-08-06,android,twitter,50.00,SE
101785,2025-08-06,android,twitter,75.00,GR
101786,2025-08-06,android,twitter,195.00,SI
101787,2025-08-06,ios,tiktok,100.00,DE
101788,2025-08-06,ios,google,40.00,PL
101789,2025-08-06,ios,google,35.00,RO
101790,2025-08-06,ios,tiktok,45.00,LV
101791,2025-08-06,ios,tiktok,40.00,BG
101792,2025-08-07,ios,twitter,85.00,FI
101793,2025-08-07,ios,twitter,165.00,LT
101794,2025-08-07,ios,twitter,50.00,HU
101795,2025-08-07,android,tiktok,200.00,NL
101796,2025-08-07,ios,tiktok,110.00,MT
101797,2025-08-07,ios,tiktok,200.00,EE
101798,2025-08-07,ios,tiktok,170.00,HR
101799,2025-08-07,ios,twitter,185.00,SK
101800,2025-08-07,ios,twitter,30.00,PL
101801,2025-08-07,ios,twitter,105.00,HU
101802,2025-08-07,ios,twitter,75.00,PT
101803,2025-08-08,ios,twitter,60.00,AT
101804,2025-08-08,ios,twitter,90.00,EE
101805,2025-08-08,android,affiliate,130.00,HU
101806,2025-08-08,android,affiliate,125.00,SK
101807,2025-08-08,ios,twitter,160.00,HR
101808,2025-08-08,android,twitter,120.00,LT
101809,2025-08-08,android,twitter,180.00,SK
101810,2025-08-09,ios,facebook,55.00,ES
101811,2025-08-09,ios,facebook,135.00,IT
101812,2025-08-09,ios,facebook,140.00,RO
101813,2025-08-09,android,instagram,95.00,IT
101814,2025-08-09,android,instagram,180.00,NL
101815,2025-08-09,ios,affiliate,190.00,FR
101816,2025-08-09,ios,affiliate,105.00,CZ
101817,2025-08-09,ios,facebook,185.00,MT
101818,2025-08-09,ios,facebook,165.00,RO
101819,2025-08-09,android,facebook,125.00,SK
101820,2025-08-09,android,facebook,170.00,MT
101821,2025-08-09,android,facebook,45.00,SI
101822,2025-08-09,android,facebook,30.00,FI
101823,2025-08-10,ios,instagram,55.00,SE
101824,2025-08-10,ios,instagram,85.00,GR
101825,2025-08-10,android,facebook,120.00,GR
101826,2025-08-10,android,facebook,55.00,DE
101827,2025-08-10,ios,tiktok,185.00,PL
101828,2025-08-10,ios,tiktok,115.00,HU
101829,2025-08-11,android,google,145.00,GR
101830,2025-08-11,android,tiktok,60.00,PT
101831,2025-08-11,android,tiktok,95.00,LV
101832,2025-08-11,android,tiktok,125.00,AT
101833,2025-08-12,android,tiktok,70.00,EE
101834,2025-08-12,ios,google,190.00,FI
101835,2025-08-12,ios,google,50.00,HU
101836,2025-08-12,android,google,185.00,GR
101837,2025-08-12,android,google,135.00,PL
101838,2025-08-12,ios,tiktok,110.00,LV
101839,2025-08-12,ios,tiktok,185.00,HU
101840,2025-08-12,ios,tiktok,60.00,LV
101841,2025-08-12,ios,tiktok,55.00,DE
101842,2025-08-12,ios,instagram,90.00,AT
101843,2025-08-12,ios,instagram,150.00,LV
101844,2025-08-12,ios,instagram,40.00,LV
101845,2025-08-12,ios,instagram,160.00,HU
101846,2025-08-12,ios,instagram,120.00,CZ
101847,2025-08-12,android,tiktok,45.00,IT
101848,2025-08-12,android,tiktok,120.00,SI
101849,2025-08-12,android,tiktok,105.00,SK
101850,2025-08-12,android,tiktok,185.00,IT
101851,2025-08-12,android,tiktok,130.00,LV
101852,2025-08-13,ios,google,100.00,GR
101853,2025-08-13,ios,google,80.00,CY
101854,2025-08-13,ios,google,70.00,BE
101855,2025-08-13,ios,google,40.00,NL
101856,2025-08-13,ios,google,30.00,CY
101857,2025-08-14,android,facebook,70.00,DK
101858,2025-08-14,android,facebook,125.00,DK
101859,2025-08-14,ios,twitter,40.00,CZ
101860,2025-08-14,ios,twitter,40.00,SK
101861,2025-08-14,ios,affiliate,85.00,MT
101862,2025-08-14,ios,affiliate,165.00,FI
101863,2025-08-15,ios,affiliate,115.00,MT
101864,2025-08-15,ios,affiliate,140.00,MT
101865,2025-08-15,ios,affiliate,195.00,NL
101866,2025-08-15,ios,google,155.00,SE
101867,2025-08-15,ios,google,160.00,SI
101868,2025-08-15,ios,google,150.00,LV
101869,2025-08-15,ios,google,165.00,MT
101870,2025-08-15,android,tiktok,70.00,SI
101871,2025-08-15,android,tiktok,45.00,SK
101872,2025-08-15,ios,affiliate,105.00,SI
101873,2025-08-15,ios,affiliate,40.00,DE
101874,2025-08-15,ios,affiliate,50.00,RO
101875,2025-08-15,ios,affiliate,65.00,MT
101876,2025-08-16,ios,affiliate,135.00,HU
101877,2025-08-16,ios,affiliate,135.00,PL
101878,2025-08-16,ios,affiliate,155.00,EE
101879,2025-08-16,ios,affiliate,35.00,PT
101880,2025-08-16,ios,google,140.00,CZ
101881,2025-08-16,ios,google,195.00,CY
101882,2025-08-17,ios,affiliate,170.00,FI
101883,2025-08-17,ios,affiliate,100.00,ES
101884,2025-08-17,android,google,35.00,RO
101885,2025-08-17,android,google,145.00,SK
101886,2025-08-17,android,google,30.00,GR
101887,2025-08-17,android,twitter,70.00,MT
101888,2025-08-17,android,twitter,200.00,PL
101889,2025-08-17,ios,affiliate,90.00,CY
101890,2025-08-17,android,instagram,165.00,DK
101891,2025-08-17,android,instagram,35.00,PL
101892,2025-08-17,android,twitter,105.00,IT
101893,2025-08-18,android,tiktok,130.00,FI
101894,2025-08-18,android,tiktok,30.00,IE
101895,2025-08-18,android,affiliate,140.00,HU
101896,2025-08-18,android,affiliate,65.00,EE
101897,2025-08-18,android,twitter,175.00,AT
101898,2025-08-18,android,twitter,140.00,IE
101899,2025-08-18,android,facebook,185.00,PT
101900,2025-08-18,android,facebook,135.00,IT
101901,2025-08-18,android,tiktok,110.00,FI
101902,2025-08-19,android,facebook,195.00,RO
101903,2025-08-19,android,facebook,170.00,LV
101904,2025-08-19,android,facebook,50.00,DE
101905,2025-08-19,android,tiktok,145.00,RO
101906,2025-08-19,android,tiktok,165.00,ES
101907,2025-08-19,android,twitter,195.00,EE
101908,2025-08-19,android,twitter,135.00,FI
101909,2025-08-19,android,twitter,145.00,PL
101910,2025-08-19,android,twitter,50.00,IE
101911,2025-08-19,android,twitter,75.00,MT
101912,2025-08-19,ios,google,115.00,FR
101913,2025-08-19,android,facebook,110.00,ES
101914,2025-08-19,android,facebook,160.00,GR
101915,2025-08-19,android,facebook,75.00,FR
101916,2025-08-20,android,twitter,80.00,IE
101917,2025-08-20,android,twitter,90.00,IE
101918,2025-08-20,android,twitter,55.00,AT
101919,2025-08-20,ios,instagram,100.00,LU
101920,2025-08-20,android,affiliate,120.00,PT
101921,2025-08-20,android,affiliate,180.00,GR
101922,2025-08-20,android,instagram,100.00,EE
101923,2025-08-20,android,instagram,95.00,HU
101924,2025-08-20,ios,affiliate,180.00,FR
101925,2025-08-20,ios,affiliate,190.00,FR
101926,2025-08-20,ios,affiliate,135.00,MT
101927,2025-08-20,ios,affiliate,95.00,LT
101928,2025-08-20,ios,affiliate,55.00,BE
101929,2025-08-21,ios,tiktok,195.00,NL
101930,2025-08-21,ios,tiktok,30.00,SK
101931,2025-08-21,ios,tiktok,200.00,BG
101932,2025-08-21,android,tiktok,100.00,BG
101933,2025-08-21,android,tiktok,135.00,BE
101934,2025-08-21,ios,tiktok,55.00,FI
101935,2025-08-21,ios,tiktok,150.00,CY
101936,2025-08-21,ios,tiktok,185.00,FR
101937,2025-08-21,ios,tiktok,55.00,SK
101938,2025-08-21,ios,tiktok,90.00,BE
101939,2025-08-21,ios,tiktok,70.00,BG
101940,2025-08-21,ios,google,125.00,SE
101941,2025-08-21,ios,google,145.00,SK
101942,2025-08-22,ios,google,100.00,CY
101943,2025-08-22,ios,google,145.00,PT
101944,2025-08-22,android,tiktok,75.00,IE
101945,2025-08-22,ios,google,45.00,RO
101946,2025-08-22,ios,google,190.00,AT
101947,2025-08-22,ios,google,125.00,GR
101948,2025-08-22,ios,google,60.00,GR
101949,2025-08-23,ios,instagram,190.00,SE
101950,2025-08-23,ios,instagram,160.00,CZ
101951,2025-08-23,ios,instagram,40.00,SI
101952,2025-08-23,ios,instagram,40.00,EE
101953,2025-08-23,ios,instagram,60.00,LV
101954,2025-08-23,ios,instagram,60.00,LU
101955,2025-08-23,android,affiliate,55.00,IT
101956,2025-08-23,android,affiliate,185.00,SI
101957,2025-08-24,android,instagram,135.00,FR
101958,2025-08-24,android,instagram,70.00,SK
101959,2025-08-24,android,instagram,105.00,NL
101960,2025-08-24,android,instagram,145.00,LU
101961,2025-08-24,android,affiliate,85.00,MT
101962,2025-08-24,android,affiliate,140.00,EE
101963,2025-08-24,android,affiliate,135.00,LT
101964,2025-08-24,android,affiliate,40.00,LV
101965,2025-08-25,android,affiliate,55.00,CY
101966,2025-08-25,android,instagram,110.00,FI
101967,2025-08-25,android,instagram,50.00,AT
101968,2025-08-25,android,tiktok,155.00,ES
101969,2025-08-25,android,tiktok,175.00,BG
101970,2025-08-25,android,tiktok,150.00,ES
101971,2025-08-26,android,affiliate,40.00,DE
101972,2025-08-26,android,affiliate,90.00,CY
101973,2025-08-26,android,affiliate,115.00,LV
101974,2025-08-27,ios,facebook,55.00,AT
101975,2025-08-27,ios,facebook,130.00,CZ
101976,2025-08-27,ios,facebook,75.00,FI
101977,2025-08-27,android,google,100.00,AT
101978,2025-08-27,android,google,155.00,IT
101979,2025-08-27,android,google,145.00,FI
101980,2025-08-27,ios,tiktok,170.00,EE
101981,2025-08-27,ios,tiktok,45.00,NL
101982,2025-08-27,android,twitter,30.00,HR
101983,2025-08-27,ios,google,195.00,PT
101984,2025-08-27,ios,google,110.00,RO
101985,2025-08-27,ios,google,30.00,SI
101986,2025-08-27,ios,tiktok,105.00,RO
101987,2025-08-27,ios,tiktok,45.00,CY
101988,2025-08-27,ios,tiktok,175.00,HR
101989,2025-08-27,ios,tiktok,30.00,DE
101990,2025-08-27,ios,tiktok,95.00,NL
101991,2025-08-27,android,affiliate,195.00,LV
101992,2025-08-27,android,affiliate,160.00,BE
101993,2025-08-28,ios,affiliate,120.00,HU
101994,2025-08-28,ios,affiliate,110.00,RO
101995,2025-08-28,ios,affiliate,145.00,IT
101996,2025-08-28,android,facebook,105.00,DE
101997,2025-08-28,android,facebook,165.00,SK
101998,2025-08-28,android,facebook,135.00,BG
101999,2025-08-28,ios,tiktok,40.00,RO
102000,2025-08-28,ios,google,105.00,MT
102001,2025-08-28,ios,google,45.00,ES
102002,2025-08-28,ios,google,40.00,FR
102003,2025-08-28,ios,google,185.00,LT
102004,2025-08-29,android,instagram,50.00,SE
102005,2025-08-29,ios,instagram,120.00,HR
102006,2025-08-29,ios,instagram,180.00,SE
102007,2025-08-29,ios,instagram,75.00,BG
102008,2025-08-29,android,google,105.00,BG
102009,2025-08-29,android,google,50.00,NL
102010,2025-08-29,ios,facebook,90.00,FI
102011,2025-08-29,ios,facebook,30.00,GR
102012,2025-08-30,android,twitter,200.00,IT
102013,2025-08-30,android,facebook,140.00,LV
102014,2025-08-30,android,google,80.00,EE
102015,2025-08-30,android,google,60.00,EE
102016,2025-08-31,android,instagram,35.00,MT
102017,2025-08-31,android,instagram,110.00,PT
102018,2025-08-31,android,instagram,175.00,LV
102019,2025-08-31,android,instagram,110.00,BE
102020,2025-08-31,android,instagram,120.00,BG
102021,2025-08-31,android,instagram,185.00,RO
102022,2025-08-31,android,tiktok,130.00,BG
102023,2025-08-31,android,tiktok,170.00,AT
102024,2025-09-01,android,facebook,55.00,PT
102025,2025-09-01,android,instagram,75.00,HR
102026,2025-09-01,android,instagram,200.00,SE
102027,2025-09-01,ios,tiktok,110.00,DK
102028,2025-09-01,ios,tiktok,35.00,FR
102029,2025-09-01,ios,tiktok,50.00,IE
102030,2025-09-01,ios,tiktok,165.00,LT
102031,2025-09-01,ios,tiktok,200.00,FR
102032,2025-09-01,android,google,150.00,SE
102033,2025-09-01,android,google,140.00,LV
102034,2025-09-01,android,google,195.00,CZ
102035,2025-09-01,android,tiktok,75.00,FI
102036,2025-09-02,ios,affiliate,40.00,BE
102037,2025-09-02,ios,affiliate,50.00,BG
102038,2025-09-02,ios,affiliate,70.00,BE
102039,2025-09-02,android,tiktok,75.00,NL
102040,2025-09-02,ios,twitter,110.00,CZ
102041,2025-09-02,ios,twitter,165.00,SE
102042,2025-09-02,ios,twitter,160.00,FI
102043,2025-09-03,android,facebook,115.00,FI
102044,2025-09-03,android,facebook,65.00,CZ
102045,2025-09-03,android,facebook,110.00,BE
102046,2025-09-03,ios,google,145.00,NL
102047,2025-09-03,ios,google,65.00,ES
102048,2025-09-03,android,google,85.00,BG
102049,2025-09-03,android,google,120.00,PT
102050,2025-09-03,android,google,50.00,GR
102051,2025-09-03,android,google,185.00,LV
102052,2025-09-03,ios,twitter,115.00,FI
102053,2025-09-04,android,google,60.00,HR
102054,2025-09-04,android,google,180.00,IE
102055,2025-09-04,ios,google,120.00,SI
102056,2025-09-04,ios,google,70.00,FI
102057,2025-09-04,ios,google,120.00,AT
102058,2025-09-04,ios,google,110.00,NL
102059,2025-09-04,ios,google,100.00,EE
102060,2025-09-04,ios,google,60.00,FI
102061,2025-09-04,android,tiktok,160.00,PL
102062,2025-09-05,ios,facebook,30.00,CZ
102063,2025-09-05,ios,facebook,60.00,LV
102064,2025-09-05,ios,twitter,35.00,DE
102065,2025-09-05,ios,twitter,55.00,LU
102066,2025-09-05,ios,facebook,190.00,CZ
102067,2025-09-05,ios,facebook,200.00,BE
102068,2025-09-05,ios,facebook,130.00,PL
102069,2025-09-05,ios,instagram,130.00,LV
102070,2025-09-05,ios,instagram,170.00,PT
102071,2025-09-05,android,google,120.00,DE
102072,2025-09-05,android,google,185.00,FI
102073,2025-09-05,android,google,30.00,NL
102074,2025-09-06,android,twitter,120.00,CY
102075,2025-09-06,ios,tiktok,45.00,SI
102076,2025-09-06,android,google,195.00,IT
102077,2025-09-06,android,google,40.00,CY
102078,2025-09-06,android,google,85.00,DE
102079,2025-09-06,android,google,95.00,FI
102080,2025-09-06,android,google,110.00,PT
102081,2025-09-06,android,google,155.00,IT
102082,2025-09-06,android,tiktok,95.00,EE
102083,2025-09-06,android,tiktok,145.00,MT
102084,2025-09-06,android,facebook,55.00,ES
102085,2025-09-06,android,facebook,35.00,BG
102086,2025-09-07,ios,affiliate,105.00,GR
102087,2025-09-07,ios,affiliate,55.00,DE
102088,2025-09-07,android,affiliate,120.00,LV
102089,2025-09-07,android,affiliate,150.00,ES
102090,2025-09-07,android,affiliate,30.00,IE
102091,2025-09-07,android,instagram,130.00,NL
102092,2025-09-07,android,instagram,95.00,EE
102093,2025-09-08,android,twitter,190.00,MT
102094,2025-09-08,ios,google,190.00,NL
102095,2025-09-08,ios,google,100.00,BE
102096,2025-09-08,ios,affiliate,90.00,LT
102097,2025-09-08,ios,affiliate,35.00,LU
102098,2025-09-08,ios,affiliate,60.00,LT
102099,2025-09-08,android,tiktok,95.00,AT
102100,2025-09-08,android,tiktok,155.00,RO
102101,2025-09-09,ios,affiliate,45.00,BE
102102,2025-09-09,android,google,140.00,NL
102103,2025-09-09,android,google,70.00,SE
102104,2025-09-09,android,google,120.00,IE
102105,2025-09-09,ios,affiliate,175.00,SE
102106,2025-09-09,ios,affiliate,100.00,LU
102107,2025-09-09,ios,affiliate,175.00,RO
102108,2025-09-09,ios,facebook,45.00,DK
102109,2025-09-09,ios,facebook,40.00,SK
102110,2025-09-10,android,affiliate,130.00,NL
102111,2025-09-10,android,affiliate,105.00,BE
102112,2025-09-10,android,affiliate,155.00,CZ
102113,2025-09-10,android,facebook,50.00,HR
102114,2025-09-10,android,facebook,100.00,BG
102115,2025-09-10,android,affiliate,45.00,PL
102116,2025-09-10,android,affiliate,100.00,LT
102117,2025-09-11,ios,tiktok,170.00,ES
102118,2025-09-11,android,affiliate,125.00,SK
102119,2025-09-11,android,affiliate,110.00,GR
102120,2025-09-11,android,affiliate,45.00,DK
102121,2025-09-12,android,instagram,45.00,IE
102122,2025-09-12,ios,google,50.00,SI
102123,2025-09-12,ios,google,175.00,MT
102124,2025-09-12,android,twitter,165.00,GR
102125,2025-09-13,ios,affiliate,70.00,FI
102126,2025-09-13,ios,affiliate,160.00,IE
102127,2025-09-13,ios,affiliate,120.00,GR
102128,2025-09-13,ios,facebook,100.00,HR
102129,2025-09-13,ios,facebook,115.00,EE
102130,2025-09-13,ios,facebook,170.00,BG
102131,2025-09-13,android,facebook,185.00,FR
102132,2025-09-13,android,facebook,175.00,SI
102133,2025-09-13,android,facebook,60.00,IE
102134,2025-09-13,ios,affiliate,115.00,BG
102135,2025-09-13,ios,affiliate,95.00,IE
102136,2025-09-13,android,facebook,75.00,CY
102137,2025-09-13,android,facebook,85.00,HU
102138,2025-09-14,ios,affiliate,170.00,AT
102139,2025-09-15,ios,instagram,155.00,HR
102140,2025-09-15,ios,instagram,145.00,MT
102141,2025-09-15,android,affiliate,80.00,FR
102142,2025-09-15,android,affiliate,195.00,GR
102143,2025-09-15,android,affiliate,135.00,ES
102144,2025-09-15,android,facebook,55.00,AT
102145,2025-09-15,android,facebook,90.00,SK
102146,2025-09-15,android,facebook,95.00,FR
102147,2025-09-15,ios,affiliate,55.00,BG
102148,2025-09-15,ios,google,80.00,BG
102149,2025-09-16,ios,facebook,170.00,FI
102150,2025-09-16,ios,facebook,165.00,DE
102151,2025-09-16,ios,facebook,110.00,LV
102152,2025-09-16,android,facebook,130.00,HU
102153,2025-09-16,android,facebook,145.00,SI
102154,2025-09-16,ios,twitter,80.00,CY
102155,2025-09-16,ios,twitter,35.00,HR
102156,2025-09-16,ios,twitter,80.00,NL
102157,2025-09-16,ios,twitter,140.00,BE
102158,2025-09-16,ios,twitter,140.00,BE
102159,2025-09-16,android,affiliate,125.00,CY
102160,2025-09-16,android,affiliate,180.00,SK
102161,2025-09-17,ios,google,150.00,CY
102162,2025-09-17,ios,google,160.00,BG
102163,2025-09-17,ios,instagram,175.00,EE
102164,2025-09-17,ios,instagram,130.00,RO
102165,2025-09-17,ios,tiktok,70.00,HU
102166,2025-09-17,ios,twitter,35.00,BE
102167,2025-09-17,android,instagram,60.00,SE
102168,2025-09-18,ios,twitter,180.00,EE
102169,2025-09-18,ios,twitter,95.00,DK
102170,2025-09-18,ios,affiliate,130.00,AT
102171,2025-09-18,ios,affiliate,80.00,CY
102172,2025-09-19,android,affiliate,165.00,LT
102173,2025-09-19,android,affiliate,150.00,FI
102174,2025-09-19,android,affiliate,115.00,PT
102175,2025-09-19,android,instagram,140.00,IT
102176,2025-09-19,android,instagram,155.00,CY
102177,2025-09-19,ios,instagram,50.00,PT
102178,2025-09-19,ios,instagram,150.00,HR
102179,2025-09-19,ios,instagram,125.00,ES
102180,2025-09-19,ios,instagram,80.00,NL
102181,2025-09-19,ios,instagram,145.00,PT
102182,2025-09-20,android,google,90.00,CZ
102183,2025-09-20,ios,facebook,45.00,SI
102184,2025-09-20,android,twitter,40.00,NL
102185,2025-09-21,ios,instagram,40.00,NL
102186,2025-09-21,ios,affiliate,50.00,EE
102187,2025-09-22,ios,tiktok,120.00,SK
102188,2025-09-22,ios,instagram,95.00,LV
102189,2025-09-22,ios,instagram,155.00,AT
102190,2025-09-22,android,affiliate,30.00,NL
102191,2025-09-22,android,affiliate,40.00,RO
102192,2025-09-22,android,instagram,80.00,EE
102193,2025-09-23,android,instagram,130.00,SE
102194,2025-09-23,ios,affiliate,140.00,FI
102195,2025-09-23,ios,affiliate,130.00,ES
102196,2025-09-23,android,google,195.00,LU
102197,2025-09-23,android,google,70.00,LV
102198,2025-09-23,android,google,125.00,RO
102199,2025-09-23,android,google,30.00,LU
102200,2025-09-23,android,google,85.00,AT
102201,2025-09-23,ios,tiktok,180.00,SI
102202,2025-09-25,ios,google,75.00,RO
102203,2025-09-25,ios,google,60.00,PL
102204,2025-09-25,ios,google,30.00,PL
102205,2025-09-25,android,tiktok,180.00,HU
102206,2025-09-25,ios,facebook,115.00,LT
102207,2025-09-25,ios,facebook,60.00,LU
102208,2025-09-25,ios,facebook,115.00,SK
102209,2025-09-25,android,google,185.00,BG
102210,2025-09-26,ios,twitter,55.00,ES
102211,2025-09-26,ios,twitter,170.00,RO
102212,2025-09-26,android,instagram,85.00,LV
102213,2025-09-26,ios,google,130.00,FI
102214,2025-09-26,android,tiktok,180.00,LU
102215,2025-09-27,android,twitter,65.00,FR
102216,2025-09-27,android,twitter,105.00,HR
102217,2025-09-27,android,twitter,170.00,BG
102218,2025-09-27,android,twitter,85.00,SE
102219,2025-09-27,ios,instagram,190.00,SI
102220,2025-09-28,android,google,145.00,NL
102221,2025-09-28,android,google,85.00,NL
102222,2025-09-28,ios,twitter,100.00,LV
102223,2025-09-28,ios,twitter,120.00,EE
102224,2025-09-28,ios,twitter,135.00,HU
102225,2025-09-28,android,twitter,90.00,HU
102226,2025-09-28,android,google,85.00,HU
102227,2025-09-28,android,google,150.00,ES
102228,2025-09-28,ios,instagram,155.00,FR
102229,2025-09-28,ios,instagram,40.00,FR
102230,2025-09-29,ios,tiktok,110.00,CY
102231,2025-09-29,ios,tiktok,120.00,EE
102232,2025-09-29,ios,tiktok,60.00,IT
102233,2025-09-29,ios,tiktok,45.00,PL
102234,2025-09-29,ios,tiktok,80.00,GR
102235,2025-09-29,ios,tiktok,200.00,NL
102236,2025-09-29,ios,tiktok,140.00,CY
102237,2025-09-29,ios,tiktok,160.00,FR
102238,2025-09-29,ios,tiktok,70.00,EE
102239,2025-09-29,ios,instagram,125.00,IT
102240,2025-09-29,android,instagram,50.00,ES
102241,2025-09-29,android,instagram,165.00,CZ
102242,2025-09-29,android,instagram,95.00,DE
102243,2025-09-29,android,instagram,165.00,RO
102244,2025-09-29,android,instagram,110.00,CY
102245,2025-09-29,android,affiliate,90.00,EE
102246,2025-09-29,android,affiliate,75.00,PL
102247,2025-09-29,ios,affiliate,165.00,DK
102248,2025-09-29,ios,affiliate,50.00,LU
102249,2025-09-29,ios,affiliate,160.00,BG
102250,2025-09-29,android,tiktok,100.00,FR
102251,2025-09-29,android,tiktok,45.00,SI
102252,2025-09-30,android,tiktok,95.00,IE
102253,2025-09-30,android,tiktok,50.00,AT
102254,2025-09-30,android,tiktok,110.00,MT
102255,2025-09-30,android,tiktok,80.00,CY
102256,2025-09-30,ios,tiktok,145.00,LT
102257,2025-09-30,ios,twitter,165.00,SK
102258,2025-09-30,ios,twitter,50.00,CZ
102259,2025-09-30,ios,twitter,145.00,SK
102260,2025-10-01,ios,affiliate,65.00,IT
102261,2025-10-01,ios,affiliate,135.00,DK
102262,2025-10-01,android,instagram,155.00,FR
102263,2025-10-01,android,instagram,190.00,RO
102264,2025-10-01,ios,twitter,85.00,BE
102265,2025-10-01,ios,twitter,60.00,FR
102266,2025-10-01,ios,affiliate,130.00,CY
102267,2025-10-01,ios,affiliate,90.00,FI
102268,2025-10-01,ios,twitter,120.00,DE
102269,2025-10-01,android,tiktok,90.00,DE
102270,2025-10-01,android,tiktok,65.00,DK
102271,2025-10-01,android,tiktok,140.00,PT
102272,2025-10-02,ios,instagram,155.00,IT
102273,2025-10-02,ios,instagram,155.00,IE
102274,2025-10-02,ios,instagram,110.00,LV
102275,2025-10-02,ios,instagram,75.00,IE
102276,2025-10-02,ios,instagram,150.00,FR
102277,2025-10-02,android,affiliate,185.00,DE
102278,2025-10-02,ios,instagram,200.00,CZ
102279,2025-10-02,ios,instagram,100.00,RO
102280,2025-10-02,android,affiliate,140.00,SE
102281,2025-10-02,android,affiliate,180.00,GR
102282,2025-10-02,android,affiliate,75.00,GR
102283,2025-10-03,ios,twitter,100.00,AT
102284,2025-10-03,ios,twitter,85.00,FI
102285,2025-10-03,android,instagram,160.00,DK
102286,2025-10-03,android,tiktok,50.00,LU
102287,2025-10-03,ios,facebook,115.00,ES
102288,2025-10-03,ios,facebook,75.00,ES
102289,2025-10-03,android,google,100.00,SK
102290,2025-10-03,android,google,170.00,IT
102291,2025-10-04,android,twitter,135.00,CZ
102292,2025-10-04,android,twitter,45.00,FR
102293,2025-10-04,android,affiliate,110.00,NL
102294,2025-10-04,ios,twitter,180.00,AT
102295,2025-10-04,ios,twitter,135.00,FI
102296,2025-10-04,ios,twitter,170.00,BE
102297,2025-10-04,android,tiktok,55.00,EE
102298,2025-10-04,android,tiktok,110.00,IE
102299,2025-10-04,android,tiktok,115.00,FR
102300,2025-10-04,android,affiliate,55.00,BE
102301,2025-10-04,android,affiliate,30.00,EE
102302,2025-10-04,android,affiliate,115.00,FR
102303,2025-10-04,android,affiliate,180.00,DK
102304,2025-10-04,android,tiktok,150.00,RO
102305,2025-10-04,android,tiktok,190.00,HR
102306,2025-10-05,ios,google,170.00,CY
102307,2025-10-05,ios,google,30.00,MT
102308,2025-10-05,ios,google,195.00,HU
102309,2025-10-05,ios,google,195.00,EE
102310,2025-10-05,ios,google,90.00,HU
102311,2025-10-05,ios,google,30.00,NL
102312,2025-10-06,ios,google,195.00,FI
102313,2025-10-06,ios,instagram,65.00,FR
102314,2025-10-07,ios,affiliate,50.00,CZ
102315,2025-10-07,ios,affiliate,65.00,SE
102316,2025-10-07,ios,facebook,175.00,EE
102317,2025-10-07,ios,facebook,45.00,NL
102318,2025-10-07,ios,facebook,50.00,CZ
102319,2025-10-07,ios,affiliate,95.00,PT
102320,2025-10-07,ios,instagram,50.00,IE
102321,2025-10-07,ios,instagram,200.00,DE
102322,2025-10-07,ios,affiliate,125.00,BG
102323,2025-10-08,ios,google,105.00,FR
102324,2025-10-08,ios,google,140.00,SK
102325,2025-10-08,ios,google,155.00,RO
102326,2025-10-08,android,instagram,155.00,LT
102327,2025-10-08,ios,google,195.00,SE
102328,2025-10-08,ios,google,60.00,SK
102329,2025-10-08,ios,google,195.00,HR
102330,2025-10-08,android,affiliate,145.00,CZ
102331,2025-10-08,android,google,145.00,DK
102332,2025-10-08,android,affiliate,145.00,PT
102333,2025-10-08,ios,affiliate,160.00,GR
102334,2025-10-08,ios,affiliate,65.00,ES
102335,2025-10-08,ios,affiliate,180.00,SE
102336,2025-10-08,android,facebook,60.00,FR
102337,2025-10-08,android,facebook,110.00,BE
102338,2025-10-08,android,facebook,90.00,EE
102339,2025-10-08,android,facebook,170.00,SE
102340,2025-10-09,android,google,95.00,PL
102341,2025-10-09,android,google,30.00,SI
102342,2025-10-09,android,affiliate,85.00,CZ
102343,2025-10-09,android,affiliate,160.00,MT
102344,2025-10-09,android,affiliate,125.00,LU
102345,2025-10-09,android,affiliate,60.00,LU
102346,2025-10-09,android,affiliate,175.00,MT
102347,2025-10-09,android,tiktok,140.00,FI
102348,2025-10-09,android,tiktok,75.00,CZ
102349,2025-10-10,android,affiliate,160.00,HU
102350,2025-10-10,android,affiliate,170.00,DK
102351,2025-10-10,android,affiliate,160.00,AT
102352,2025-10-10,android,google,90.00,IT
102353,2025-10-10,android,google,110.00,RO
102354,2025-10-10,ios,affiliate,50.00,BE
102355,2025-10-10,ios,affiliate,35.00,AT
102356,2025-10-10,ios,affiliate,200.00,LU
102357,2025-10-10,android,facebook,45.00,BG
102358,2025-10-10,android,facebook,40.00,NL
102359,2025-10-10,ios,instagram,115.00,MT
102360,2025-10-10,ios,instagram,180.00,LV
102361,2025-10-10,ios,instagram,165.00,SK
102362,2025-10-10,ios,instagram,155.00,HU
102363,2025-10-11,android,instagram,40.00,IT
102364,2025-10-11,android,instagram,110.00,CY
102365,2025-10-11,android,instagram,190.00,PL
102366,2025-10-11,ios,twitter,130.00,SK
102367,2025-10-11,ios,affiliate,200.00,HR
102368,2025-10-11,ios,affiliate,110.00,HR
102369,2025-10-11,ios,affiliate,100.00,HU
102370,2025-10-11,android,tiktok,195.00,CZ
102371,2025-10-11,android,tiktok,40.00,SK
102372,2025-10-12,ios,google,185.00,ES
102373,2025-10-12,ios,twitter,120.00,NL
102374,2025-10-12,ios,twitter,90.00,AT
102375,2025-10-12,ios,twitter,90.00,GR
102376,2025-10-12,ios,twitter,60.00,BE
102377,2025-10-12,ios,twitter,200.00,EE
102378,2025-10-12,ios,twitter,70.00,IE
102379,2025-10-12,ios,google,125.00,ES
102380,2025-10-12,ios,google,130.00,RO
102381,2025-10-14,android,instagram,165.00,SI
102382,2025-10-14,ios,google,40.00,BE
102383,2025-10-14,ios,google,195.00,IT
102384,2025-10-14,ios,google,40.00,RO
102385,2025-10-14,ios,tiktok,190.00,IE
102386,2025-10-14,ios,affiliate,130.00,CY
102387,2025-10-15,ios,tiktok,190.00,RO
102388,2025-10-15,android,instagram,35.00,DE
102389,2025-10-15,android,instagram,55.00,CZ
102390,2025-10-15,android,instagram,175.00,BE
102391,2025-10-15,android,instagram,70.00,GR
102392,2025-10-15,ios,tiktok,185.00,SI
102393,2025-10-15,ios,tiktok,160.00,EE
102394,2025-10-16,android,affiliate,125.00,PL
102395,2025-10-16,android,affiliate,40.00,HU
102396,2025-10-16,ios,facebook,200.00,CY
102397,2025-10-16,ios,facebook,45.00,SI
102398,2025-10-17,ios,tiktok,30.00,NL
102399,2025-10-17,ios,tiktok,60.00,CY
102400,2025-10-17,ios,affiliate,155.00,GR
102401,2025-10-17,ios,affiliate,150.00,FI
102402,2025-10-17,ios,affiliate,200.00,LT
102403,2025-10-17,ios,affiliate,100.00,RO
102404,2025-10-17,ios,affiliate,30.00,HR
102405,2025-10-17,ios,affiliate,90.00,FR
102406,2025-10-18,ios,instagram,145.00,CZ
102407,2025-10-18,ios,instagram,105.00,FI
102408,2025-10-18,ios,instagram,135.00,LV
102409,2025-10-18,android,facebook,85.00,SK
102410,2025-10-18,android,facebook,30.00,IT
102411,2025-10-18,ios,twitter,180.00,RO
102412,2025-10-18,ios,twitter,45.00,DK
102413,2025-10-19,android,tiktok,175.00,FR
102414,2025-10-19,ios,instagram,125.00,PL
102415,2025-10-20,ios,instagram,150.00,PT
102416,2025-10-20,ios,instagram,75.00,LV
102417,2025-10-20,ios,facebook,185.00,DE
102418,2025-10-20,ios,facebook,180.00,SK
102419,2025-10-20,ios,facebook,35.00,CY
102420,2025-10-20,ios,google,55.00,SI
102421,2025-10-20,ios,google,200.00,IE
102422,2025-10-20,android,tiktok,95.00,DE
102423,2025-10-20,android,tiktok,70.00,DE
102424,2025-10-20,android,tiktok,155.00,LU
102425,2025-10-20,android,google,150.00,RO
102426,2025-10-20,android,google,65.00,EE
102427,2025-10-21,ios,twitter,115.00,SK
102428,2025-10-21,ios,twitter,120.00,LU
102429,2025-10-21,ios,twitter,70.00,DE
102430,2025-10-21,android,affiliate,85.00,LV
102431,2025-10-21,android,affiliate,75.00,DK
102432,2025-10-21,ios,google,40.00,IT
102433,2025-10-21,ios,google,165.00,BE
102434,2025-10-21,ios,twitter,75.00,SK
102435,2025-10-21,ios,twitter,135.00,ES
102436,2025-10-21,ios,twitter,165.00,BG
102437,2025-10-21,ios,tiktok,120.00,HU
102438,2025-10-21,ios,tiktok,130.00,AT
102439,2025-10-21,ios,tiktok,110.00,FR
102440,2025-10-22,android,tiktok,140.00,PT
102441,2025-10-22,android,tiktok,110.00,LT
102442,2025-10-22,android,tiktok,105.00,MT
102443,2025-10-22,ios,affiliate,195.00,FI
102444,2025-10-22,ios,affiliate,145.00,LT
102445,2025-10-22,ios,affiliate,70.00,CZ
102446,2025-10-23,android,tiktok,75.00,HR
102447,2025-10-23,android,tiktok,105.00,RO
102448,2025-10-23,ios,instagram,30.00,DK
102449,2025-10-23,ios,instagram,180.00,BG
102450,2025-10-23,android,facebook,200.00,SK
102451,2025-10-23,android,facebook,175.00,EE
102452,2025-10-23,ios,facebook,105.00,LV
102453,2025-10-23,ios,facebook,200.00,GR
102454,2025-10-23,android,tiktok,195.00,PL
102455,2025-10-24,android,facebook,100.00,ES
102456,2025-10-24,android,facebook,145.00,BG
102457,2025-10-24,android,affiliate,95.00,IT
102458,2025-10-24,ios,affiliate,45.00,FI
102459,2025-10-24,ios,affiliate,65.00,GR
102460,2025-10-24,ios,affiliate,125.00,EE
102461,2025-10-24,ios,affiliate,30.00,CZ
102462,2025-10-24,ios,affiliate,125.00,PL
102463,2025-10-24,android,twitter,70.00,BE
102464,2025-10-24,android,twitter,165.00,AT
102465,2025-10-25,ios,google,70.00,AT
102466,2025-10-25,ios,google,75.00,MT
102467,2025-10-25,ios,google,170.00,HU
102468,2025-10-25,ios,google,70.00,FR
102469,2025-10-25,ios,google,45.00,SI
102470,2025-10-26,ios,tiktok,75.00,AT
102471,2025-10-26,ios,tiktok,100.00,GR
102472,2025-10-26,ios,tiktok,130.00,HU
102473,2025-10-26,ios,affiliate,105.00,IE
102474,2025-10-26,ios,affiliate,170.00,GR
102475,2025-10-26,ios,affiliate,115.00,AT
102476,2025-10-26,android,google,40.00,AT
102477,2025-10-26,android,google,155.00,NL
102478,2025-10-26,android,google,60.00,DE
102479,2025-10-26,android,google,185.00,HU
102480,2025-10-26,android,google,155.00,ES
102481,2025-10-26,ios,instagram,70.00,BG
102482,2025-10-26,ios,instagram,65.00,SK
102483,2025-10-26,ios,twitter,120.00,MT
102484,2025-10-26,ios,twitter,60.00,NL
102485,2025-10-26,ios,tiktok,30.00,CY
102486,2025-10-27,ios,google,135.00,DK
102487,2025-10-27,ios,google,155.00,HR
102488,2025-10-27,ios,google,50.00,SI
102489,2025-10-27,ios,google,155.00,GR
102490,2025-10-27,ios,tiktok,70.00,GR
102491,2025-10-27,ios,tiktok,60.00,BE
102492,2025-10-27,ios,tiktok,80.00,IE
102493,2025-10-27,ios,tiktok,120.00,LV
102494,2025-10-27,ios,tiktok,145.00,AT
102495,2025-10-27,android,google,200.00,IE
102496,2025-10-27,android,google,185.00,SK
102497,2025-10-28,ios,tiktok,145.00,DE
102498,2025-10-28,ios,tiktok,100.00,BE
102499,2025-10-28,android,tiktok,200.00,AT
102500,2025-10-28,android,tiktok,165.00,CZ
102501,2025-10-28,android,twitter,115.00,ES
102502,2025-10-28,android,twitter,135.00,RO
102503,2025-10-28,android,twitter,70.00,RO
102504,2025-10-28,android,twitter,150.00,HU
102505,2025-10-28,android,twitter,125.00,NL
102506,2025-10-28,ios,instagram,165.00,RO
102507,2025-10-28,ios,instagram,100.00,NL
102508,2025-10-28,ios,instagram,120.00,SK
102509,2025-10-29,android,tiktok,200.00,SE
102510,2025-10-29,ios,google,90.00,IE
102511,2025-10-29,ios,google,170.00,AT
102512,2025-10-29,ios,facebook,190.00,PT
102513,2025-10-29,ios,facebook,55.00,HR
102514,2025-10-29,ios,instagram,120.00,LV
102515,2025-10-30,android,twitter,145.00,LU
102516,2025-10-30,android,twitter,95.00,DE
102517,2025-10-30,android,twitter,135.00,NL
102518,2025-10-30,android,twitter,55.00,DE
102519,2025-10-30,android,tiktok,105.00,CZ
102520,2025-10-31,ios,instagram,90.00,CZ
102521,2025-10-31,ios,google,120.00,SI
102522,2025-10-31,ios,google,180.00,BG
102523,2025-10-31,ios,google,90.00,IE
102524,2025-10-31,ios,google,65.00,ES
102525,2025-10-31,ios,tiktok,60.00,DK
102526,2025-10-31,ios,tiktok,175.00,PL
102527,2025-10-31,ios,tiktok,50.00,FR
102528,2025-10-31,android,affiliate,180.00,DK
102529,2025-10-31,android,tiktok,190.00,BG
102530,2025-10-31,android,tiktok,170.00,CZ
102531,2025-10-31,ios,facebook,120.00,IE
102532,2025-10-31,ios,facebook,30.00,EE
102533,2025-10-31,ios,affiliate,165.00,CZ
102534,2025-10-31,ios,affiliate,120.00,SI
102535,2025-11-01,android,facebook,70.00,BE
102536,2025-11-01,ios,tiktok,200.00,ES
102537,2025-11-01,ios,tiktok,30.00,HR
102538,2025-11-01,ios,google,50.00,IT
102539,2025-11-01,ios,google,50.00,AT
102540,2025-11-01,android,instagram,135.00,DK
102541,2025-11-01,android,instagram,175.00,SE
102542,2025-11-01,ios,google,40.00,NL
102543,2025-11-01,ios,google,35.00,HR
102544,2025-11-01,ios,google,200.00,PL
102545,2025-11-01,android,tiktok,195.00,SK
102546,2025-11-01,android,tiktok,135.00,SE
102547,2025-11-02,ios,twitter,45.00,HR
102548,2025-11-02,ios,twitter,170.00,GR
102549,2025-11-02,ios,twitter,130.00,DK
102550,2025-11-02,ios,tiktok,130.00,LT
102551,2025-11-02,ios,tiktok,170.00,LV
102552,2025-11-02,ios,tiktok,110.00,PL
102553,2025-11-02,ios,tiktok,75.00,LU
102554,2025-11-02,ios,facebook,75.00,FI
102555,2025-11-02,ios,facebook,70.00,FR
102556,2025-11-02,android,instagram,70.00,BE
102557,2025-11-02,android,instagram,165.00,FR
102558,2025-11-03,android,tiktok,140.00,NL
102559,2025-11-03,ios,google,85.00,BE
102560,2025-11-03,ios,google,130.00,DE
102561,2025-11-03,ios,google,105.00,HU
102562,2025-11-03,android,twitter,45.00,DK
102563,2025-11-04,ios,instagram,90.00,SE
102564,2025-11-04,ios,instagram,180.00,SI
102565,2025-11-04,ios,instagram,120.00,BG
102566,2025-11-04,ios,instagram,60.00,PT
102567,2025-11-04,android,tiktok,160.00,NL
102568,2025-11-04,android,tiktok,100.00,MT
102569,2025-11-04,android,facebook,45.00,GR
102570,2025-11-04,android,facebook,140.00,MT
102571,2025-11-04,android,affiliate,35.00,DK
102572,2025-11-04,android,affiliate,80.00,IT
102573,2025-11-04,android,affiliate,110.00,CZ
102574,2025-11-05,ios,instagram,100.00,DK
102575,2025-11-05,ios,instagram,170.00,PL
102576,2025-11-05,ios,instagram,105.00,IT
102577,2025-11-05,android,twitter,135.00,BE
102578,2025-11-05,android,twitter,140.00,PT
102579,2025-11-05,android,twitter,160.00,SI
102580,2025-11-05,ios,instagram,40.00,NL
102581,2025-11-05,ios,instagram,190.00,EE
102582,2025-11-05,ios,instagram,120.00,CZ
102583,2025-11-05,ios,instagram,175.00,AT
102584,2025-11-05,android,affiliate,130.00,LU
102585,2025-11-05,android,affiliate,75.00,LV
102586,2025-11-05,android,affiliate,170.00,SE
102587,2025-11-05,android,affiliate,100.00,CY
102588,2025-11-06,ios,google,165.00,NL
102589,2025-11-06,android,instagram,195.00,IE
102590,2025-11-06,ios,twitter,160.00,PL
102591,2025-11-06,ios,twitter,105.00,BG
102592,2025-11-06,ios,twitter,145.00,LV
102593,2025-11-06,android,facebook,200.00,FR
102594,2025-11-06,android,facebook,130.00,HU
102595,2025-11-07,android,affiliate,185.00,AT
102596,2025-11-07,ios,google,170.00,FR
102597,2025-11-07,android,affiliate,145.00,DE
102598,2025-11-07,android,affiliate,185.00,IE
102599,2025-11-07,android,affiliate,60.00,ES
102600,2025-11-07,ios,tiktok,45.00,SI
102601,2025-11-07,ios,tiktok,70.00,BE
102602,2025-11-07,android,facebook,110.00,SK
102603,2025-11-07,android,facebook,100.00,SE
102604,2025-11-08,ios,affiliate,95.00,IE
102605,2025-11-08,ios,affiliate,180.00,BE
102606,2025-11-08,ios,affiliate,190.00,CY
102607,2025-11-08,ios,affiliate,55.00,HU
102608,2025-11-08,ios,instagram,55.00,RO
102609,2025-11-08,android,facebook,150.00,LT
102610,2025-11-08,android,facebook,145.00,FI
102611,2025-11-08,ios,instagram,70.00,RO
102612,2025-11-08,ios,instagram,40.00,LT
102613,2025-11-09,ios,google,185.00,NL
102614,2025-11-09,ios,google,50.00,AT
102615,2025-11-09,ios,twitter,90.00,PL
102616,2025-11-09,ios,twitter,75.00,SI
102617,2025-11-09,ios,google,190.00,BE
102618,2025-11-09,ios,google,110.00,ES
102619,2025-11-09,android,twitter,105.00,SI
102620,2025-11-09,android,twitter,95.00,IT
102621,2025-11-09,android,twitter,175.00,BG
102622,2025-11-09,android,twitter,190.00,SE
102623,2025-11-09,android,twitter,105.00,FI
102624,2025-11-09,android,google,35.00,IT
102625,2025-11-09,android,google,125.00,IT
102626,2025-11-09,android,google,155.00,IT
102627,2025-11-09,android,google,150.00,ES
102628,2025-11-09,ios,facebook,90.00,LV
102629,2025-11-09,ios,facebook,165.00,BE
102630,2025-11-09,android,instagram,175.00,BG
102631,2025-11-09,android,instagram,75.00,NL
102632,2025-11-09,android,instagram,200.00,HR
102633,2025-11-09,android,instagram,120.00,PL
102634,2025-11-10,android,affiliate,100.00,SK
102635,2025-11-10,android,affiliate,60.00,GR
102636,2025-11-10,ios,instagram,45.00,DE
102637,2025-11-10,ios,tiktok,155.00,BE
102638,2025-11-10,ios,tiktok,155.00,NL
102639,2025-11-10,ios,twitter,180.00,BG
102640,2025-11-10,ios,twitter,55.00,SK
102641,2025-11-11,android,instagram,65.00,SE
102642,2025-11-11,ios,facebook,60.00,DK
102643,2025-11-11,ios,facebook,65.00,IT
102644,2025-11-12,ios,facebook,150.00,RO
102645,2025-11-12,ios,facebook,60.00,PL
102646,2025-11-12,android,twitter,35.00,CZ
102647,2025-11-12,android,twitter,115.00,LV
102648,2025-11-12,android,tiktok,60.00,PL
102649,2025-11-12,android,tiktok,115.00,LT
102650,2025-11-12,android,tiktok,50.00,NL
102651,2025-11-13,android,google,35.00,IE
102652,2025-11-13,android,google,95.00,HR
102653,2025-11-13,android,affiliate,170.00,MT
102654,2025-11-13,android,affiliate,180.00,HR
102655,2025-11-13,android,affiliate,60.00,PT
102656,2025-11-13,ios,affiliate,115.00,CY
102657,2025-11-13,ios,affiliate,130.00,CZ
102658,2025-11-13,ios,affiliate,155.00,DE
102659,2025-11-13,ios,affiliate,35.00,PT
102660,2025-11-13,ios,tiktok,195.00,BE
102661,2025-11-13,ios,tiktok,105.00,IE
102662,2025-11-14,ios,twitter,115.00,PL
102663,2025-11-14,ios,twitter,90.00,PT
102664,2025-11-14,android,tiktok,120.00,FI
102665,2025-11-14,android,tiktok,125.00,CZ
102666,2025-11-14,android,tiktok,160.00,BG
102667,2025-11-14,ios,facebook,90.00,FR
102668,2025-11-14,ios,facebook,170.00,IT
102669,2025-11-15,ios,affiliate,85.00,ES
102670,2025-11-15,ios,affiliate,130.00,PL
102671,2025-11-15,ios,affiliate,105.00,IT
102672,2025-11-15,ios,affiliate,95.00,HR
102673,2025-11-15,android,google,35.00,BE
102674,2025-11-15,ios,affiliate,175.00,BG
102675,2025-11-15,ios,affiliate,75.00,CZ
102676,2025-11-15,android,google,155.00,HU
102677,2025-11-16,android,twitter,155.00,HR
102678,2025-11-16,ios,facebook,165.00,CY
102679,2025-11-16,android,tiktok,55.00,CY
102680,2025-11-16,android,tiktok,60.00,PT
102681,2025-11-16,android,tiktok,180.00,IT
102682,2025-11-16,android,tiktok,145.00,CZ
102683,2025-11-16,android,tiktok,85.00,SI
102684,2025-11-16,android,instagram,165.00,LU
102685,2025-11-16,android,instagram,185.00,DK
102686,2025-11-16,android,instagram,180.00,BG
102687,2025-11-16,android,facebook,130.00,LV
102688,2025-11-16,android,facebook,185.00,DK
102689,2025-11-16,ios,affiliate,85.00,SK
102690,2025-11-16,ios,affiliate,100.00,PL
102691,2025-11-16,ios,affiliate,180.00,DK
102692,2025-11-17,ios,affiliate,190.00,ES
102693,2025-11-17,ios,affiliate,30.00,SI
102694,2025-11-17,ios,affiliate,170.00,SK
102695,2025-11-17,ios,affiliate,90.00,LT
102696,2025-11-17,android,tiktok,190.00,DK
102697,2025-11-17,android,tiktok,75.00,PT
102698,2025-11-17,android,tiktok,60.00,MT
102699,2025-11-17,android,tiktok,100.00,SI
102700,2025-11-17,android,tiktok,85.00,SK
102701,2025-11-17,android,tiktok,175.00,ES
102702,2025-11-17,android,tiktok,125.00,GR
102703,2025-11-17,android,tiktok,75.00,SK
102704,2025-11-17,android,tiktok,190.00,EE
102705,2025-11-17,android,tiktok,110.00,AT
102706,2025-11-17,android,twitter,100.00,MT
102707,2025-11-17,android,twitter,30.00,MT
102708,2025-11-18,android,affiliate,185.00,HR
102709,2025-11-18,android,affiliate,85.00,HU
102710,2025-11-18,ios,tiktok,70.00,AT
102711,2025-11-18,ios,tiktok,190.00,PL
102712,2025-11-18,ios,twitter,90.00,IE
102713,2025-11-18,ios,twitter,140.00,SI
102714,2025-11-18,ios,twitter,195.00,PT
102715,2025-11-18,ios,twitter,130.00,CZ
102716,2025-11-18,ios,twitter,155.00,LV
102717,2025-11-18,android,affiliate,190.00,LT
102718,2025-11-19,ios,facebook,60.00,RO
102719,2025-11-19,ios,facebook,200.00,ES
102720,2025-11-19,android,tiktok,100.00,MT
102721,2025-11-19,android,affiliate,115.00,HU
102722,2025-11-20,ios,google,100.00,LU
102723,2025-11-20,ios,google,30.00,NL
102724,2025-11-20,ios,google,180.00,IT
102725,2025-11-20,android,instagram,130.00,LU
102726,2025-11-20,android,instagram,45.00,EE
102727,2025-11-20,android,twitter,125.00,LT
102728,2025-11-20,android,twitter,80.00,DE
102729,2025-11-21,ios,google,80.00,SE
102730,2025-11-21,ios,google,40.00,MT
102731,2025-11-21,ios,google,50.00,BG
102732,2025-11-21,android,instagram,45.00,SE
102733,2025-11-22,ios,twitter,195.00,MT
102734,2025-11-22,android,twitter,150.00,CZ
102735,2025-11-22,android,twitter,90.00,LV
102736,2025-11-22,android,twitter,80.00,GR
102737,2025-11-22,android,twitter,190.00,LT
102738,2025-11-22,android,twitter,65.00,PL
102739,2025-11-22,android,twitter,90.00,SI
102740,2025-11-22,android,twitter,105.00,IT
102741,2025-11-22,ios,tiktok,180.00,DK
102742,2025-11-22,ios,tiktok,120.00,ES
102743,2025-11-22,ios,tiktok,45.00,HR
102744,2025-11-22,ios,tiktok,115.00,CY
102745,2025-11-23,android,tiktok,125.00,SE
102746,2025-11-23,android,tiktok,45.00,MT
102747,2025-11-23,android,instagram,45.00,SE
102748,2025-11-23,android,instagram,145.00,SI
102749,2025-11-23,android,instagram,70.00,FI
102750,2025-11-23,android,instagram,50.00,DE
102751,2025-11-23,ios,twitter,190.00,ES
102752,2025-11-23,ios,twitter,175.00,MT
102753,2025-11-23,android,affiliate,70.00,LV
102754,2025-11-23,android,affiliate,120.00,DE
102755,2025-11-24,android,facebook,130.00,AT
102756,2025-11-24,android,facebook,45.00,PL
102757,2025-11-24,android,facebook,50.00,IE
102758,2025-11-24,android,facebook,160.00,DK
102759,2025-11-24,android,facebook,180.00,MT
102760,2025-11-25,ios,affiliate,95.00,LV
102761,2025-11-25,android,tiktok,95.00,GR
102762,2025-11-25,ios,instagram,160.00,DE
102763,2025-11-25,ios,instagram,125.00,FR
102764,2025-11-25,ios,instagram,185.00,DE
102765,2025-11-26,android,affiliate,110.00,AT
102766,2025-11-26,android,affiliate,30.00,BG
102767,2025-11-26,android,facebook,200.00,BG
102768,2025-11-26,android,facebook,60.00,MT
102769,2025-11-27,ios,affiliate,45.00,IE
102770,2025-11-27,ios,tiktok,115.00,CZ
102771,2025-11-27,ios,tiktok,40.00,HU
102772,2025-11-27,ios,tiktok,155.00,FR
102773,2025-11-27,android,twitter,125.00,NL
102774,2025-11-27,android,facebook,30.00,BE
102775,2025-11-27,ios,instagram,50.00,HU
102776,2025-11-27,ios,instagram,195.00,SK
102777,2025-11-27,ios,instagram,35.00,MT
102778,2025-11-28,ios,tiktok,65.00,IE
102779,2025-11-28,ios,tiktok,70.00,AT
102780,2025-11-28,ios,tiktok,100.00,IE
102781,2025-11-28,ios,google,140.00,PL
102782,2025-11-28,ios,google,195.00,DK
102783,2025-11-28,android,facebook,190.00,BE
102784,2025-11-28,android,facebook,130.00,LT
102785,2025-11-28,android,facebook,95.00,CZ
102786,2025-11-28,android,affiliate,105.00,LV
102787,2025-11-29,ios,facebook,155.00,ES
102788,2025-11-29,ios,facebook,105.00,CY
102789,2025-11-29,ios,facebook,35.00,IE
102790,2025-11-29,ios,twitter,150.00,AT
102791,2025-11-29,ios,twitter,95.00,ES
102792,2025-11-29,android,tiktok,70.00,DE
102793,2025-11-29,android,tiktok,45.00,SI
102794,2025-11-29,android,tiktok,110.00,BE
102795,2025-11-29,android,instagram,70.00,HR
102796,2025-11-29,android,instagram,150.00,SK
102797,2025-11-30,android,tiktok,105.00,HR
102798,2025-11-30,android,tiktok,150.00,AT
102799,2025-11-30,android,tiktok,155.00,PT
102800,2025-11-30,android,tiktok,55.00,PT
102801,2025-11-30,android,tiktok,65.00,BG
102802,2025-11-30,ios,google,90.00,SE
102803,2025-11-30,ios,facebook,135.00,DE
102804,2025-11-30,ios,facebook,45.00,HR
102805,2025-11-30,android,instagram,130.00,BE
102806,2025-11-30,android,instagram,140.00,IE
102807,2025-11-30,android,instagram,45.00,HR
102808,2025-11-30,android,tiktok,90.00,MT
102809,2025-11-30,android,tiktok,50.00,EE
102810,2025-11-30,android,tiktok,50.00,ES
102811,2025-12-01,ios,google,180.00,EE
102812,2025-12-01,ios,google,170.00,HU
102813,2025-12-01,ios,tiktok,120.00,GR
102814,2025-12-01,ios,tiktok,100.00,BE
102815,2025-12-01,ios,tiktok,165.00,SE
102816,2025-12-01,android,affiliate,140.00,LU
102817,2025-12-01,android,affiliate,145.00,DE
102818,2025-12-02,ios,affiliate,135.00,LT
102819,2025-12-02,ios,affiliate,110.00,EE
102820,2025-12-02,ios,affiliate,90.00,AT
102821,2025-12-02,android,affiliate,160.00,FR
102822,2025-12-02,android,affiliate,125.00,FI
102823,2025-12-02,ios,affiliate,200.00,PT
102824,2025-12-02,ios,affiliate,95.00,HU
102825,2025-12-02,ios,affiliate,195.00,AT
102826,2025-12-02,ios,affiliate,55.00,ES
102827,2025-12-02,android,google,160.00,BE
102828,2025-12-02,android,google,140.00,HR
102829,2025-12-02,android,facebook,95.00,CY
102830,2025-12-02,android,facebook,150.00,NL
102831,2025-12-02,android,facebook,180.00,SE
102832,2025-12-03,android,affiliate,40.00,HR
102833,2025-12-03,android,affiliate,115.00,GR
102834,2025-12-03,android,affiliate,125.00,AT
102835,2025-12-03,ios,facebook,55.00,EE
102836,2025-12-03,ios,facebook,60.00,HU
102837,2025-12-03,ios,instagram,185.00,SE
102838,2025-12-03,ios,instagram,110.00,IT
102839,2025-12-03,android,facebook,150.00,PT
102840,2025-12-03,android,facebook,190.00,HU
102841,2025-12-03,android,facebook,120.00,LV
102842,2025-12-03,android,facebook,105.00,BE
102843,2025-12-03,android,facebook,195.00,AT
102844,2025-12-03,ios,facebook,60.00,CZ
102845,2025-12-03,ios,facebook,55.00,DE
102846,2025-12-03,ios,facebook,90.00,FI
102847,2025-12-04,ios,google,160.00,BG
102848,2025-12-04,ios,google,145.00,ES
102849,2025-12-04,android,affiliate,130.00,HU
102850,2025-12-04,android,affiliate,75.00,DK
102851,2025-12-05,ios,twitter,30.00,HR
102852,2025-12-05,ios,twitter,55.00,RO
102853,2025-12-05,android,affiliate,150.00,CY
102854,2025-12-05,android,affiliate,110.00,IE
102855,2025-12-05,ios,google,90.00,HR
102856,2025-12-05,android,twitter,55.00,CY
102857,2025-12-05,android,twitter,110.00,HU
102858,2025-12-05,android,twitter,165.00,DE
102859,2025-12-06,android,facebook,105.00,FI
102860,2025-12-06,android,facebook,120.00,SE
102861,2025-12-06,ios,tiktok,170.00,LT
102862,2025-12-06,ios,tiktok,95.00,IE
102863,2025-12-07,ios,instagram,155.00,BG
102864,2025-12-07,ios,instagram,60.00,BE
102865,2025-12-07,android,tiktok,60.00,HU
102866,2025-12-08,android,twitter,35.00,LU
102867,2025-12-08,android,google,35.00,RO
102868,2025-12-08,android,google,55.00,PT
102869,2025-12-08,android,google,80.00,GR
102870,2025-12-08,ios,instagram,110.00,EE
102871,2025-12-08,ios,instagram,65.00,SE
102872,2025-12-08,android,tiktok,190.00,FR
102873,2025-12-08,android,tiktok,30.00,ES
102874,2025-12-08,android,twitter,30.00,FR
102875,2025-12-08,android,twitter,115.00,BG
102876,2025-12-09,ios,google,155.00,FR
102877,2025-12-09,ios,google,105.00,DK
102878,2025-12-09,ios,affiliate,110.00,IE
102879,2025-12-09,android,facebook,120.00,MT
102880,2025-12-09,android,facebook,150.00,HR
102881,2025-12-09,ios,google,70.00,FI
102882,2025-12-09,ios,google,45.00,DE
102883,2025-12-09,android,tiktok,45.00,DK
102884,2025-12-09,android,tiktok,130.00,PT
102885,2025-12-10,android,facebook,140.00,CZ
102886,2025-12-10,android,facebook,35.00,FR
102887,2025-12-10,ios,instagram,65.00,RO
102888,2025-12-10,ios,instagram,55.00,IT
102889,2025-12-10,ios,instagram,165.00,DE
102890,2025-12-10,android,facebook,145.00,FI
102891,2025-12-10,android,facebook,105.00,AT
102892,2025-12-10,ios,tiktok,90.00,EE
102893,2025-12-10,ios,tiktok,200.00,LT
102894,2025-12-11,android,instagram,130.00,LT
102895,2025-12-11,android,instagram,140.00,GR
102896,2025-12-11,android,instagram,195.00,DK
102897,2025-12-11,android,instagram,80.00,GR
102898,2025-12-11,android,tiktok,70.00,MT
102899,2025-12-11,android,tiktok,40.00,BG
102900,2025-12-11,android,tiktok,105.00,ES
102901,2025-12-12,ios,twitter,155.00,HU
102902,2025-12-12,ios,twitter,135.00,DE
102903,2025-12-12,ios,twitter,180.00,GR
102904,2025-12-12,ios,twitter,85.00,BG
102905,2025-12-12,android,tiktok,30.00,HR
102906,2025-12-12,android,tiktok,105.00,IT
102907,2025-12-12,android,tiktok,120.00,PT
102908,2025-12-12,android,twitter,60.00,CZ
102909,2025-12-12,android,twitter,170.00,AT
102910,2025-12-12,android,twitter,115.00,IE
102911,2025-12-12,android,twitter,170.00,NL
102912,2025-12-12,android,twitter,175.00,LT
102913,2025-12-13,android,facebook,115.00,BE
102914,2025-12-13,android,affiliate,130.00,HU
102915,2025-12-13,android,affiliate,150.00,SI
102916,2025-12-13,ios,tiktok,125.00,RO
102917,2025-12-13,ios,tiktok,190.00,BE
102918,2025-12-14,android,facebook,110.00,RO
102919,2025-12-14,android,facebook,165.00,LT
102920,2025-12-14,ios,facebook,70.00,IE
102921,2025-12-15,ios,google,90.00,SE
102922,2025-12-15,ios,google,90.00,RO
102923,2025-12-15,ios,google,180.00,BE
102924,2025-12-15,android,twitter,70.00,LV
102925,2025-12-15,ios,affiliate,200.00,PT
102926,2025-12-15,ios,affiliate,175.00,LU
102927,2025-12-15,ios,affiliate,175.00,ES
102928,2025-12-15,ios,instagram,170.00,HU
102929,2025-12-15,ios,instagram,55.00,LU
102930,2025-12-15,android,instagram,35.00,SK
102931,2025-12-15,android,instagram,140.00,MT
102932,2025-12-15,android,instagram,160.00,BG
102933,2025-12-16,ios,instagram,195.00,PT
102934,2025-12-16,ios,instagram,55.00,BE
102935,2025-12-16,android,tiktok,125.00,CZ
102936,2025-12-16,android,tiktok,175.00,HR
102937,2025-12-16,ios,tiktok,105.00,SK
102938,2025-12-16,ios,tiktok,175.00,CZ
102939,2025-12-16,ios,tiktok,145.00,NL
102940,2025-12-17,android,tiktok,30.00,CZ
102941,2025-12-17,android,tiktok,75.00,LU
102942,2025-12-17,ios,affiliate,130.00,BE
102943,2025-12-17,android,instagram,150.00,SK
102944,2025-12-17,android,instagram,70.00,PT
102945,2025-12-17,android,twitter,105.00,MT
102946,2025-12-17,android,twitter,55.00,IE
102947,2025-12-17,ios,twitter,35.00,NL
102948,2025-12-17,ios,twitter,75.00,LT
102949,2025-12-17,ios,twitter,85.00,ES
102950,2025-12-17,ios,twitter,185.00,HU
102951,2025-12-17,ios,google,110.00,SI
102952,2025-12-17,ios,google,100.00,CY
102953,2025-12-17,android,facebook,180.00,HU
102954,2025-12-17,android,facebook,100.00,EE
102955,2025-12-17,android,facebook,100.00,CZ
102956,2025-12-18,android,tiktok,90.00,NL
102957,2025-12-18,android,google,180.00,ES
102958,2025-12-18,android,google,170.00,FR
102959,2025-12-18,android,google,180.00,EE
102960,2025-12-18,android,google,110.00,LU
102961,2025-12-18,android,google,165.00,GR
102962,2025-12-18,android,google,140.00,BE
102963,2025-12-19,ios,google,120.00,MT
102964,2025-12-19,android,google,40.00,FI
102965,2025-12-19,android,google,75.00,ES
102966,2025-12-19,android,google,60.00,DE
102967,2025-12-19,android,google,115.00,PT
102968,2025-12-20,android,tiktok,185.00,CZ
102969,2025-12-20,android,tiktok,185.00,SK
102970,2025-12-21,ios,facebook,50.00,ES
102971,2025-12-21,ios,facebook,130.00,SI
102972,2025-12-21,ios,facebook,85.00,SK
102973,2025-12-21,ios,facebook,180.00,FR
102974,2025-12-21,ios,facebook,190.00,PT
102975,2025-12-21,ios,facebook,35.00,LT
102976,2025-12-21,ios,facebook,85.00,SE
102977,2025-12-21,ios,facebook,45.00,DE
102978,2025-12-21,ios,twitter,60.00,SI
102979,2025-12-21,ios,twitter,140.00,AT
102980,2025-12-21,ios,twitter,95.00,BE
102981,2025-12-21,ios,twitter,30.00,IE
102982,2025-12-22,android,google,90.00,LT
102983,2025-12-22,android,google,190.00,CZ
102984,2025-12-22,android,google,80.00,NL
102985,2025-12-22,ios,instagram,135.00,CY
102986,2025-12-22,android,affiliate,170.00,DE
102987,2025-12-23,android,twitter,30.00,DE
102988,2025-12-23,android,twitter,120.00,SK
102989,2025-12-23,android,twitter,90.00,IE
102990,2025-12-23,ios,tiktok,55.00,HU
102991,2025-12-23,ios,tiktok,30.00,AT
102992,2025-12-23,ios,tiktok,35.00,BG
102993,2025-12-23,android,facebook,180.00,FR
102994,2025-12-23,android,facebook,190.00,CZ
102995,2025-12-23,android,facebook,100.00,ES
102996,2025-12-23,ios,tiktok,55.00,RO
102997,2025-12-23,ios,tiktok,150.00,CZ
102998,2025-12-24,android,twitter,110.00,SI
102999,2025-12-24,android,twitter,110.00,FI
103000,2025-12-24,ios,instagram,95.00,FI
103001,2025-12-24,ios,instagram,190.00,CZ
103002,2025-12-24,ios,instagram,55.00,MT
103003,2025-12-24,ios,google,200.00,CY
103004,2025-12-24,ios,google,145.00,PL
103005,2025-12-24,ios,google,90.00,LT
103006,2025-12-25,ios,google,125.00,CY
103007,2025-12-25,ios,google,30.00,LV
103008,2025-12-25,ios,google,110.00,PL
103009,2025-12-25,ios,google,70.00,MT
103010,2025-12-25,android,affiliate,100.00,GR
103011,2025-12-25,android,affiliate,180.00,DK
103012,2025-12-25,android,instagram,150.00,ES
103013,2025-12-25,android,instagram,140.00,DE
103014,2025-12-25,android,facebook,85.00,BG
103015,2025-12-25,android,twitter,50.00,LT
103016,2025-12-25,android,twitter,130.00,BG
103017,2025-12-26,android,facebook,175.00,BE
103018,2025-12-26,android,facebook,75.00,LU
103019,2025-12-26,android,facebook,185.00,BE
103020,2025-12-26,ios,facebook,130.00,LT
103021,2025-12-26,ios,facebook,95.00,LT
103022,2025-12-27,android,affiliate,95.00,SE
103023,2025-12-27,ios,affiliate,50.00,HU
103024,2025-12-27,ios,google,195.00,PT
103025,2025-12-27,ios,google,135.00,LT
103026,2025-12-27,ios,affiliate,200.00,DK
103027,2025-12-27,ios,affiliate,85.00,SI
103028,2025-12-27,android,instagram,75.00,SK
103029,2025-12-27,android,instagram,60.00,IE
103030,2025-12-27,android,instagram,105.00,DK
103031,2025-12-27,android,instagram,50.00,GR
103032,2025-12-28,android,tiktok,40.00,IE
103033,2025-12-28,ios,affiliate,150.00,PT
103034,2025-12-29,android,instagram,95.00,CZ
103035,2025-12-29,android,instagram,145.00,SE
103036,2025-12-30,android,instagram,110.00,SK
103037,2025-12-30,ios,instagram,190.00,BE
103038,2025-12-30,android,google,135.00,SI
103039,2025-12-30,android,google,50.00,LV
103040,2025-12-30,android,google,125.00,IT
103041,2025-12-30,android,google,135.00,HR
103042,2025-12-30,ios,google,150.00,BG
103043,2025-12-30,ios,google,135.00,LU
103044,2025-12-30,android,affiliate,180.00,PL
103045,2025-12-31,android,tiktok,180.00,MT
103046,2025-12-31,android,tiktok,80.00,CY
103047,2025-12-31,android,tiktok,195.00,HU
103048,2025-12-31,ios,facebook,200.00,FI
103049,2025-12-31,ios,facebook,135.00,CY
103050,2025-12-31,ios,facebook,195.00,BG
103051,2025-12-31,android,twitter,170.00,EE
103052,2025-12-31,android,twitter,100.00,IE
103053,2025-12-31,android,tiktok,80.00,FI
103054,2025-12-31,ios,tiktok,65.00,MT
103055,2025-12-31,ios,tiktok,135.00,DK
103056,2025-12-31,ios,tiktok,140.00,GR
103057,2025-12-31,android,twitter,60.00,RO
100206,2025-02-08,ios,facebook,175.00,GR
100207,2025-01-15,android,instagram,105.00,CZ
100208,2025-01-21,ios,affiliate,200.00,PL
100209,2025-01-19,ios,twitter,80.00,PT
100210,2025-01-11,ios,facebook,130.00,FI
100211,2025-02-05,ios,instagram,115.00,AT
100212,2025-01-03,ios,twitter,170.00,FI
100213,2025-01-02,android,instagram,175.00,HR
100214,2025-01-30,android,facebook,160.00,AT
100215,2025-03-01,ios,affiliate,200.00,BG
100216,2025-01-12,android,google,70.00,DK
100217,2025-02-13,ios,google,130.00,SI
100218,2025-01-27,ios,tiktok,110.00,IE
100219,2025-02-11,android,google,85.00,CY
100220,2025-03-01,android,facebook,40.00,MT
100221,2025-02-16,android,twitter,95.00,CY
100222,2025-02-13,android,facebook,165.00,MT
100223,2025-02-26,android,affiliate,60.00,GR
100224,2025-02-20,android,twitter,105.00,SI
100225,2025-01-09,ios,facebook,50.00,AT
100226,2025-01-04,ios,google,180.00,MT
100227,2025-01-14,ios,facebook,185.00,GR
100228,2025-01-09,android,tiktok,55.00,SK
100229,2025-01-02,android,instagram,140.00,MT
100230,2025-02-16,android,instagram,125.00,CY
100231,2025-02-13,android,affiliate,120.00,IT
100232,2025-02-16,ios,twitter,185.00,PL
100233,2025-01-17,ios,twitter,30.00,SI
100234,2025-02-09,ios,instagram,200.00,PT
100235,2025-01-06,android,google,170.00,IE
100236,2025-01-04,ios,affiliate,155.00,CY
100237,2025-01-18,ios,instagram,65.00,SE
100238,2025-02-03,ios,google,115.00,PL
100239,2025-02-05,android,facebook,70.00,AT
100240,2025-02-17,android,instagram,90.00,AT
100241,2025-01-14,android,tiktok,30.00,GR
100242,2025-02-26,android,instagram,190.00,HU
100243,2025-01-21,ios,instagram,195.00,FI
100244,2025-01-18,android,affiliate,110.00,FI
100245,2025-01-24,android,twitter,130.00,DE
100246,2025-03-01,android,instagram,150.00,FI
100247,2025-02-14,android,facebook,80.00,BE
100248,2025-01-15,ios,facebook,155.00,PL
100249,2025-01-25,ios,affiliate,90.00,IE
100250,2025-01-24,ios,tiktok,140.00,CY
100251,2025-01-08,android,twitter,105.00,BG
100252,2025-01-11,ios,affiliate,100.00,EE
100253,2025-01-08,ios,affiliate,175.00,HR
100254,2025-02-02,android,affiliate,110.00,FR
100255,2025-02-11,ios,google,125.00,MT
100256,2025-02-10,ios,tiktok,50.00,AT
100257,2025-01-09,android,twitter,110.00,FI
100258,2025-02-03,ios,twitter,150.00,GR
100259,2025-02-24,android,affiliate,30.00,PT
100260,2025-01-24,ios,instagram,55.00,FR
100261,2025-02-13,ios,twitter,145.00,BG
100262,2025-01-27,ios,twitter,90.00,SE
100263,2025-02-04,android,facebook,130.00,BE
100264,2025-01-14,android,google,110.00,CZ
100265,2025-01-05,ios,instagram,140.00,LU
100266,2025-01-14,ios,facebook,110.00,AT
100267,2025-01-09,android,facebook,110.00,HR
100268,2025-01-26,ios,instagram,105.00,ES
100269,2025-01-13,android,twitter,120.00,LT
100270,2025-02-01,android,twitter,70.00,PL
100271,2025-02-21,android,instagram,160.00,CZ
100272,2025-01-04,ios,affiliate,105.00,BG
100273,2025-01-23,android,affiliate,160.00,RO
100274,2025-01-15,android,tiktok,185.00,BG
100275,2025-02-05,android,facebook,80.00,IE
100276,2025-01-07,ios,facebook,135.00,ES
100277,2025-01-22,ios,twitter,30.00,LT
100278,2025-02-11,ios,twitter,125.00,DE
100279,2025-02-26,ios,facebook,45.00,EE
100280,2025-01-28,ios,instagram,80.00,CZ
100281,2025-02-13,ios,google,40.00,SE
100282,2025-01-11,ios,google,100.00,PT
100283,2025-02-24,android,instagram,165.00,LU
100284,2025-02-08,ios,affiliate,85.00,NL
100285,2025-01-01,android,instagram,65.00,LU
100286,2025-02-26,android,tiktok,55.00,IE
100287,2025-02-10,ios,facebook,150.00,CZ
100288,2025-01-06,android,google,105.00,LU
100289,2025-01-09,android,tiktok,160.00,NL
100290,2025-02-02,ios,affiliate,65.00,SK
100291,2025-02-13,ios,facebook,45.00,SK
100292,2025-02-28,android,facebook,185.00,IE
100293,2025-02-01,ios,instagram,190.00,GR
100294,2025-02-21,android,instagram,180.00,LU
100295,2025-02-18,ios,google,85.00,HU
100296,2025-01-12,ios,facebook,110.00,FR
100297,2025-01-02,ios,facebook,50.00,MT
100298,2025-02-06,ios,facebook,165.00,LT
100299,2025-01-17,ios,instagram,110.00,IT
100300,2025-01-02,android,tiktok,70.00,AT
100301,2025-02-23,android,facebook,80.00,EE
100302,2025-02-01,android,facebook,45.00,HU
100303,2025-01-19,android,tiktok,60.00,BE
100304,2025-02-22,android,affiliate,175.00,SK
100305,2025-02-01,android,instagram,165.00,PT
100306,2025-02-24,android,instagram,75.00,HU
100307,2025-01-11,ios,affiliate,30.00,BE
100308,2025-01-17,ios,facebook,35.00,GR
100309,2025-01-24,android,twitter,175.00,EE
100310,2025-02-03,ios,facebook,40.00,CY
100311,2025-01-11,ios,instagram,185.00,SI
100312,2025-01-16,ios,affiliate,175.00,IT
100313,2025-03-01,android,facebook,40.00,LV
100314,2025-01-16,ios,twitter,35.00,HU
100315,2025-01-20,ios,twitter,40.00,DE
100316,2025-02-05,android,affiliate,145.00,EE
100317,2025-01-03,android,google,190.00,HR
100318,2025-01-20,android,instagram,70.00,SI
100319,2025-02-21,android,instagram,100.00,SE
100320,2025-02-09,android,tiktok,85.00,CY
100321,2025-01-18,ios,facebook,80.00,IT
100322,2025-01-11,ios,facebook,190.00,SE
100323,2025-01-25,ios,twitter,70.00,SK
100324,2025-01-31,ios,google,40.00,HR
100325,2025-02-04,ios,google,155.00,BE
100326,2025-01-16,ios,tiktok,90.00,BE
100327,2025-02-26,android,twitter,50.00,GR
100328,2025-02-18,ios,affiliate,60.00,BG
100329,2025-02-17,android,affiliate,90.00,EE
100330,2025-01-05,ios,google,160.00,BE
100331,2025-02-28,ios,affiliate,190.00,HR
100332,2025-02-10,ios,google,145.00,LV
100333,2025-02-17,ios,affiliate,85.00,FI
100334,2025-01-20,ios,affiliate,150.00,PL
100335,2025-02-25,android,twitter,135.00,SE
100336,2025-02-21,android,facebook,150.00,SE
100337,2025-01-08,android,google,160.00,FR
100338,2025-02-09,ios,google,140.00,LT
100339,2025-02-04,ios,affiliate,190.00,RO
100340,2025-01-25,ios,affiliate,170.00,CY
100341,2025-01-29,android,twitter,50.00,HR
100342,2025-02-15,ios,facebook,85.00,BE
100343,2025-02-23,ios,twitter,160.00,PT
100344,2025-02-10,android,twitter,120.00,LU
100345,2025-01-04,ios,tiktok,120.00,LU
100346,2025-01-21,ios,google,60.00,SE
100347,2025-02-25,ios,google,150.00,BG
100348,2025-01-07,ios,affiliate,110.00,SK
100349,2025-02-02,android,twitter,200.00,PL
100350,2025-02-28,ios,instagram,80.00,BG
100351,2025-02-24,ios,tiktok,55.00,DK
100352,2025-01-30,ios,affiliate,95.00,SI
100353,2025-02-14,android,affiliate,85.00,NL
100354,2025-01-08,ios,google,185.00,HU
100355,2025-02-03,ios,tiktok,110.00,SK
100356,2025-02-02,android,instagram,60.00,RO
100357,2025-02-02,android,google,145.00,IE
100358,2025-02-17,ios,instagram,180.00,PT
100359,2025-02-04,ios,tiktok,180.00,RO
100360,2025-01-17,android,facebook,185.00,CZ
100361,2025-01-30,android,google,85.00,HR
100362,2025-02-22,android,affiliate,70.00,LU
100363,2025-03-01,android,facebook,110.00,PT
100364,2025-01-24,android,instagram,120.00,PT
100365,2025-02-15,android,facebook,120.00,NL
100366,2025-02-04,android,google,70.00,NL
100367,2025-02-21,android,tiktok,55.00,PT
100368,2025-01-21,ios,tiktok,170.00,RO
100369,2025-02-02,ios,google,120.00,HU
100370,2025-01-18,android,facebook,180.00,PL
100371,2025-01-31,ios,google,30.00,HR
100372,2025-01-03,ios,affiliate,100.00,EE
100373,2025-01-24,android,affiliate,110.00,BG
100374,2025-02-16,android,twitter,155.00,RO
100375,2025-01-02,android,google,180.00,FR
100376,2025-02-11,android,twitter,80.00,AT
100377,2025-01-17,ios,tiktok,165.00,GR
100378,2025-01-09,android,affiliate,110.00,LV
100379,2025-02-17,ios,twitter,195.00,RO
100380,2025-02-11,android,tiktok,45.00,EE
100381,2025-02-04,ios,google,145.00,HU
100382,2025-01-24,ios,tiktok,200.00,SE
100383,2025-02-27,android,tiktok,80.00,NL
100384,2025-02-05,android,affiliate,200.00,IE
100385,2025-01-01,android,affiliate,40.00,IT
100386,2025-02-15,ios,google,70.00,HR
100387,2025-01-12,android,facebook,165.00,ES
100388,2025-01-15,ios,affiliate,165.00,IT
100389,2025-01-02,ios,instagram,155.00,MT
100390,2025-01-22,ios,facebook,130.00,DE
100391,2025-02-27,android,twitter,160.00,AT
100392,2025-01-22,ios,tiktok,60.00,HU
100393,2025-01-22,ios,affiliate,175.00,CZ
100394,2025-02-11,android,tiktok,30.00,GR
100395,2025-02-23,ios,instagram,170.00,SK
100396,2025-02-06,ios,facebook,60.00,CY
100397,2025-02-22,android,instagram,165.00,GR
100398,2025-02-13,android,facebook,165.00,IE
100399,2025-01-04,ios,facebook,75.00,BE
100400,2025-02-01,ios,tiktok,40.00,CZ
100401,2025-02-16,android,tiktok,75.00,SK
100402,2025-02-09,android,twitter,185.00,LU
100403,2025-01-13,ios,affiliate,130.00,HR
100404,2025-02-11,android,google,65.00,DE
100405,2025-01-17,ios,affiliate,85.00,LV
100406,2025-01-19,android,affiliate,105.00,EE
100407,2025-02-24,android,tiktok,100.00,DE
100408,2025-01-26,android,instagram,45.00,SI
100409,2025-01-23,android,google,195.00,RO
100410,2025-01-12,ios,instagram,85.00,DK
100411,2025-02-27,ios,tiktok,165.00,MT
100412,2025-02-16,ios,affiliate,185.00,GR
100413,2025-02-23,ios,tiktok,110.00,FI
100414,2025-02-09,android,twitter,135.00,LU
100415,2025-01-01,android,facebook,115.00,AT
100416,2025-02-08,android,tiktok,200.00,LV
100417,2025-01-05,ios,twitter,195.00,DK
100418,2025-02-24,android,facebook,65.00,IT
100419,2025-01-26,android,tiktok,85.00,SI
100420,2025-02-06,android,twitter,70.00,FI
100421,2025-01-29,ios,tiktok,155.00,DK
100422,2025-01-05,android,tiktok,40.00,LV
100423,2025-01-30,ios,tiktok,65.00,CZ
100424,2025-02-21,android,affiliate,140.00,LU
100425,2025-01-16,android,instagram,45.00,IE
100426,2025-02-17,ios,tiktok,160.00,LV
100427,2025-02-05,ios,facebook,100.00,SK
100428,2025-01-30,android,instagram,90.00,PT
100429,2025-02-27,ios,facebook,190.00,PT
100430,2025-01-05,android,google,155.00,EE
100431,2025-02-21,android,google,80.00,IE
100432,2025-02-27,android,google,55.00,SE
100433,2025-02-01,android,google,170.00,PL
100434,2025-01-05,ios,tiktok,175.00,LU
100435,2025-01-16,ios,google,120.00,FR
100436,2025-02-24,ios,affiliate,55.00,MT
100437,2025-01-28,ios,instagram,140.00,BE
100438,2025-01-27,ios,twitter,180.00,DE
100439,2025-01-12,ios,instagram,150.00,DE
100440,2025-03-01,ios,twitter,165.00,LT
100441,2025-02-20,android,affiliate,170.00,FI
100442,2025-01-12,android,instagram,55.00,SK
100443,2025-02-02,ios,instagram,155.00,HR
100444,2025-02-12,ios,twitter,175.00,BG
100445,2025-01-13,android,twitter,60.00,BE
100446,2025-02-15,android,tiktok,140.00,LU
100447,2025-02-20,ios,facebook,110.00,LV
100448,2025-01-23,ios,facebook,85.00,LU
100449,2025-01-08,android,affiliate,45.00,GR
100450,2025-01-10,ios,twitter,85.00,ES
100451,2025-02-03,ios,google,180.00,ES
100452,2025-01-07,android,affiliate,90.00,NL
100453,2025-02-22,ios,twitter,60.00,CY
100454,2025-01-11,android,facebook,35.00,CZ
100455,2025-02-05,android,facebook,80.00,IE
100456,2025-02-26,android,affiliate,125.00,CZ
100457,2025-02-06,android,affiliate,155.00,HU
100458,2025-02-04,android,instagram,60.00,MT
100459,2025-02-17,android,twitter,135.00,FI
100460,2025-02-18,android,tiktok,165.00,EE
100461,2025-01-24,android,google,55.00,CY
100462,2025-02-01,ios,google,145.00,IE
100463,2025-02-18,ios,tiktok,75.00,SE
100464,2025-01-23,android,google,90.00,DE
100465,2025-02-10,android,google,45.00,DE
100466,2025-02-18,android,instagram,70.00,IE
100467,2025-02-17,android,google,190.00,RO
100468,2025-01-13,android,twitter,155.00,CZ
100469,2025-02-18,ios,facebook,155.00,SK
100470,2025-02-10,android,tiktok,145.00,HU
100471,2025-01-09,ios,affiliate,120.00,NL
100472,2025-01-14,android,tiktok,195.00,BE
100473,2025-02-21,ios,facebook,200.00,IE
100474,2025-02-16,ios,tiktok,145.00,AT
100475,2025-01-05,ios,google,200.00,DK
100476,2025-01-25,android,tiktok,130.00,MT
100477,2025-01-21,android,tiktok,115.00,SE
100478,2025-01-23,android,google,165.00,CZ
100479,2025-02-08,android,google,170.00,EE
100480,2025-02-11,android,instagram,70.00,DK
100481,2025-01-14,ios,google,175.00,EE
100482,2025-01-05,ios,instagram,180.00,GR
100483,2025-01-29,android,google,125.00,IT
100484,2025-01-18,android,facebook,120.00,CY
100485,2025-01-09,ios,google,65.00,PL
100486,2025-02-13,android,instagram,110.00,ES
100487,2025-02-07,ios,affiliate,200.00,NL
100488,2025-01-13,ios,google,65.00,PL
100489,2025-01-09,ios,twitter,65.00,BE
100490,2025-02-27,ios,affiliate,140.00,LU
100491,2025-01-29,android,facebook,175.00,RO
100492,2025-01-19,android,tiktok,125.00,LV
100493,2025-02-14,android,google,105.00,AT
100494,2025-02-21,ios,google,90.00,DE
100495,2025-01-07,ios,facebook,195.00,NL
100496,2025-01-04,android,facebook,185.00,RO
100497,2025-03-01,ios,instagram,70.00,DK
100498,2025-02-13,android,facebook,150.00,LU
100499,2025-01-27,ios,twitter,190.00,ES
100500,2025-01-19,android,twitter,45.00,DE
100501,2025-01-03,ios,twitter,80.00,BG
100502,2025-02-19,android,tiktok,130.00,AT
100503,2025-02-27,android,google,175.00,LU
100504,2025-01-08,ios,twitter,85.00,LU
100505,2025-02-10,ios,instagram,90.00,FR
100506,2025-01-03,ios,google,115.00,LV
100507,2025-02-26,ios,instagram,190.00,LU
100508,2025-02-18,ios,twitter,150.00,FR
100509,2025-02-02,ios,facebook,100.00,AT
100510,2025-01-06,android,affiliate,195.00,BE
100511,2025-02-14,android,google,90.00,BG
100512,2025-02-16,ios,google,105.00,EE
100513,2025-02-23,android,affiliate,185.00,BG
100514,2025-03-01,ios,affiliate,95.00,DK
100515,2025-02-04,android,affiliate,175.00,SI
100516,2025-02-26,ios,tiktok,40.00,LV
100517,2025-02-10,ios,affiliate,170.00,PT
100518,2025-01-15,android,instagram,140.00,NL
100519,2025-02-22,ios,instagram,50.00,SI
100520,2025-01-03,android,twitter,40.00,EE
100521,2025-02-26,android,tiktok,60.00,SK
100522,2025-01-10,android,affiliate,170.00,HU
100523,2025-01-08,android,google,80.00,FR
100524,2025-01-24,android,tiktok,100.00,FR
100525,2025-01-08,ios,tiktok,105.00,BG
100526,2025-02-05,android,twitter,30.00,NL
100527,2025-02-27,ios,facebook,65.00,DE
100528,2025-01-28,ios,affiliate,55.00,SK
100529,2025-02-10,android,twitter,85.00,AT
100530,2025-01-27,ios,tiktok,120.00,SI
100531,2025-01-17,android,google,170.00,BE
100532,2025-02-22,android,affiliate,135.00,RO
100533,2025-01-28,android,facebook,200.00,SE
100534,2025-01-13,android,tiktok,35.00,HR
100535,2025-01-06,android,affiliate,135.00,MT
100536,2025-01-05,ios,google,40.00,FI
100537,2025-01-02,android,google,135.00,FI
100538,2025-01-30,android,twitter,55.00,AT
100539,2025-02-14,android,facebook,140.00,EE
100540,2025-02-25,android,google,65.00,FR
100541,2025-01-01,android,twitter,105.00,AT
100542,2025-02-16,ios,affiliate,165.00,SE
100543,2025-01-21,android,tiktok,95.00,CZ
100544,2025-01-25,ios,twitter,155.00,MT
100545,2025-01-27,android,affiliate,110.00,DE
100546,2025-02-02,ios,instagram,175.00,MT
100547,2025-02-04,ios,google,145.00,DE
100548,2025-01-21,android,facebook,175.00,FI
100549,2025-01-06,ios,affiliate,70.00,RO
100550,2025-01-05,android,twitter,140.00,AT
100551,2025-02-07,android,facebook,85.00,LT
100552,2025-01-23,ios,tiktok,110.00,BE
100553,2025-02-06,ios,tiktok,100.00,MT
100554,2025-01-19,android,twitter,155.00,LT
100555,2025-01-14,android,tiktok,115.00,PL
100556,2025-01-01,android,tiktok,90.00,HU
100557,2025-01-13,android,twitter,110.00,PT
100558,2025-01-01,android,instagram,175.00,PT
100559,2025-02-01,ios,facebook,135.00,ES
100560,2025-01-31,android,google,110.00,LT
100561,2025-01-26,android,facebook,200.00,HU
100562,2025-02-23,android,twitter,40.00,HR
100563,2025-02-28,android,instagram,105.00,SE
100564,2025-01-01,android,google,115.00,HU
100565,2025-01-05,android,tiktok,150.00,FI
100566,2025-02-28,ios,affiliate,115.00,BE
100567,2025-02-17,android,instagram,185.00,HU
100568,2025-01-23,android,facebook,145.00,SE
100569,2025-01-21,android,affiliate,65.00,CZ
100570,2025-01-11,android,tiktok,200.00,MT
100571,2025-02-07,ios,tiktok,195.00,PL
100572,2025-02-03,ios,twitter,90.00,PL
100573,2025-02-03,android,facebook,135.00,GR
100574,2025-01-15,ios,twitter,65.00,FI
100575,2025-02-03,ios,affiliate,125.00,ES
100576,2025-02-07,android,affiliate,150.00,DE
100577,2025-01-15,ios,tiktok,150.00,RO
100578,2025-02-24,android,google,140.00,MT
100579,2025-01-17,android,affiliate,45.00,EE
100580,2025-01-04,android,affiliate,185.00,FR
100581,2025-01-17,android,google,195.00,ES
100582,2025-03-01,android,twitter,40.00,HU
100583,2025-01-05,ios,instagram,75.00,ES
100584,2025-02-22,android,instagram,115.00,FR
100585,2025-02-12,ios,tiktok,135.00,SK
100586,2025-01-11,ios,tiktok,200.00,GR
100587,2025-02-26,android,facebook,120.00,NL
100588,2025-01-16,android,facebook,130.00,LV
100589,2025-02-23,android,google,180.00,AT
100590,2025-01-04,ios,instagram,165.00,MT
100591,2025-02-25,android,twitter,35.00,FI
100592,2025-02-01,ios,instagram,30.00,AT
100593,2025-01-29,ios,twitter,175.00,PL
100594,2025-02-27,ios,tiktok,155.00,EE
100595,2025-01-21,ios,instagram,135.00,SI
100596,2025-01-28,android,tiktok,165.00,LU
100597,2025-01-22,ios,tiktok,165.00,GR
100598,2025-01-01,ios,facebook,110.00,ES
100599,2025-01-12,android,twitter,80.00,IE
100600,2025-02-03,android,affiliate,160.00,RO
100601,2025-01-26,android,google,120.00,IT
100602,2025-01-09,android,tiktok,155.00,FI
100603,2025-02-16,ios,tiktok,110.00,IT
100604,2025-02-16,android,twitter,130.00,CY
100605,2025-02-12,android,facebook,185.00,BE
100606,2025-01-17,android,google,105.00,BG
100607,2025-01-01,ios,twitter,150.00,NL
100608,2025-02-04,android,google,180.00,FR
100609,2025-01-15,ios,twitter,100.00,LT
100610,2025-02-25,android,instagram,50.00,EE
100611,2025-01-26,ios,twitter,165.00,NL
100612,2025-01-14,ios,affiliate,155.00,LU
100613,2025-02-14,ios,google,85.00,LT
100614,2025-02-28,android,facebook,50.00,BE
100615,2025-01-07,android,affiliate,45.00,DE
100616,2025-01-23,ios,google,200.00,SE
100617,2025-02-16,android,instagram,175.00,NL
100618,2025-01-18,ios,twitter,75.00,PT
100619,2025-02-04,android,instagram,65.00,NL
100620,2025-01-25,android,google,125.00,DK
100621,2025-01-28,android,facebook,110.00,AT
100622,2025-02-26,ios,instagram,125.00,PT
100623,2025-01-22,ios,affiliate,35.00,MT
100624,2025-02-13,android,twitter,200.00,SE
100625,2025-01-13,ios,tiktok,95.00,RO
100626,2025-01-04,android,twitter,145.00,MT
100627,2025-02-10,android,google,65.00,IT
100628,2025-02-16,android,twitter,110.00,SI
100629,2025-01-22,android,facebook,180.00,SE
100630,2025-01-08,ios,tiktok,130.00,AT
100631,2025-02-13,android,twitter,125.00,GR
100632,2025-02-10,ios,affiliate,115.00,IT
100633,2025-02-21,android,affiliate,60.00,AT
100634,2025-02-03,android,facebook,190.00,SE
100635,2025-02-28,ios,facebook,45.00,AT
100636,2025-02-06,android,facebook,155.00,SK
100637,2025-02-22,ios,twitter,190.00,CZ
100638,2025-01-06,android,tiktok,30.00,MT
100639,2025-02-17,android,twitter,30.00,CY
100640,2025-01-11,ios,tiktok,190.00,BE
100641,2025-01-30,ios,tiktok,35.00,CY
100642,2025-02-24,android,google,75.00,PL
100643,2025-01-03,android,instagram,65.00,BE
100644,2025-02-09,android,instagram,125.00,ES
100645,2025-01-24,ios,affiliate,50.00,PL
100646,2025-01-02,android,facebook,140.00,AT
100647,2025-01-11,android,instagram,80.00,DK
100648,2025-01-06,android,facebook,190.00,EE
100649,2025-01-30,ios,affiliate,35.00,CY
100650,2025-02-20,ios,facebook,35.00,EE
100651,2025-01-02,android,instagram,135.00,IE
100652,2025-01-08,ios,facebook,115.00,HR
100653,2025-02-14,ios,twitter,100.00,PL
100654,2025-01-06,ios,google,185.00,IT
100655,2025-01-04,ios,twitter,185.00,LT
100656,2025-02-02,android,instagram,185.00,SI
100657,2025-01-12,android,instagram,30.00,FI
100658,2025-01-26,ios,instagram,135.00,LT
100659,2025-02-07,android,instagram,35.00,IT
100660,2025-01-11,android,facebook,40.00,LU
100661,2025-01-13,android,facebook,95.00,FI
100662,2025-02-02,android,twitter,160.00,PT
100663,2025-02-25,ios,tiktok,100.00,FI
100664,2025-01-23,android,twitter,185.00,AT
100665,2025-01-02,ios,tiktok,170.00,LV
100666,2025-01-02,ios,twitter,200.00,CZ
100667,2025-02-06,android,tiktok,135.00,SE
100668,2025-01-09,ios,facebook,155.00,FI
100669,2025-01-24,android,tiktok,195.00,SE
100670,2025-02-04,ios,tiktok,85.00,PL
100671,2025-02-18,android,facebook,125.00,PT
100672,2025-03-01,android,twitter,75.00,BE
100673,2025-01-14,ios,instagram,165.00,AT
100674,2025-01-11,android,tiktok,120.00,HU
100675,2025-01-12,android,tiktok,150.00,GR
100676,2025-01-01,android,facebook,165.00,LT
100677,2025-01-22,ios,affiliate,180.00,FI
100678,2025-01-29,ios,tiktok,135.00,IT
100679,2025-02-10,ios,tiktok,140.00,HR
100680,2025-03-01,android,tiktok,55.00,FR
100681,2025-01-21,ios,google,140.00,PL
100682,2025-01-19,android,affiliate,140.00,HR
100683,2025-01-26,android,instagram,195.00,GR
100684,2025-01-25,android,facebook,180.00,IT
100685,2025-01-25,ios,facebook,85.00,HR
100686,2025-01-08,ios,affiliate,65.00,FI
100687,2025-01-14,android,instagram,80.00,RO
100688,2025-02-07,ios,twitter,105.00,HU
100689,2025-01-15,android,affiliate,100.00,DE
100690,2025-01-17,android,google,185.00,ES
100691,2025-02-24,android,affiliate,85.00,BE
100692,2025-02-22,android,twitter,60.00,DK
100693,2025-02-20,android,facebook,50.00,HR
100694,2025-01-06,ios,instagram,200.00,LU
100695,2025-01-07,android,instagram,150.00,GR
100696,2025-02-11,android,twitter,155.00,SK
100697,2025-01-15,ios,google,160.00,HR
100698,2025-02-02,ios,tiktok,65.00,CZ
100699,2025-02-08,ios,twitter,130.00,GR
100700,2025-01-29,android,facebook,55.00,IE
100701,2025-02-02,android,affiliate,190.00,SI
100702,2025-01-27,android,google,55.00,DE
100703,2025-01-04,ios,instagram,180.00,IT
100704,2025-01-10,android,facebook,160.00,ES
100705,2025-01-10,ios,facebook,55.00,PL
100706,2025-02-07,ios,tiktok,55.00,NL
100707,2025-02-16,android,google,200.00,EE
100708,2025-01-24,android,google,195.00,PT
100709,2025-01-15,android,twitter,135.00,RO
100710,2025-01-05,ios,facebook,195.00,DK
100711,2025-01-04,ios,twitter,110.00,MT
100712,2025-01-02,ios,google,200.00,LV
100713,2025-02-20,android,tiktok,160.00,MT
100714,2025-02-05,android,tiktok,100.00,ES
100715,2025-01-27,ios,twitter,120.00,GR
100716,2025-01-11,android,tiktok,110.00,AT
100717,2025-02-09,android,affiliate,90.00,SI
100718,2025-01-08,android,twitter,60.00,SK
100719,2025-01-26,android,facebook,55.00,AT
100720,2025-01-12,android,twitter,75.00,LU
100721,2025-02-09,ios,instagram,45.00,SE
100722,2025-01-25,ios,instagram,150.00,GR
100723,2025-02-09,android,google,70.00,NL
100724,2025-01-12,ios,facebook,120.00,CZ
100725,2025-02-17,android,instagram,55.00,ES
100726,2025-02-25,android,twitter,45.00,NL
100727,2025-02-11,ios,twitter,170.00,CY
100728,2025-01-31,android,facebook,80.00,BE
100729,2025-02-23,ios,tiktok,100.00,BG
100730,2025-01-14,android,facebook,45.00,IE
100731,2025-01-22,android,twitter,135.00,FI
100732,2025-01-01,android,google,100.00,AT
100733,2025-01-21,android,facebook,200.00,MT
100734,2025-02-05,ios,twitter,135.00,FR
100735,2025-02-26,android,facebook,30.00,PT
100736,2025-02-23,ios,instagram,175.00,FR
100737,2025-02-09,android,twitter,135.00,LU
100738,2025-02-16,android,google,110.00,SI
100739,2025-01-09,android,instagram,190.00,LV
100740,2025-02-26,ios,facebook,170.00,RO
100741,2025-02-10,ios,twitter,180.00,EE
100742,2025-02-21,ios,google,95.00,CZ
100743,2025-01-11,ios,instagram,50.00,PL
100744,2025-01-07,ios,google,135.00,BG
100745,2025-02-03,ios,twitter,90.00,GR
100746,2025-02-12,ios,instagram,65.00,DK
100747,2025-02-28,android,tiktok,30.00,BG
100748,2025-01-24,android,affiliate,75.00,HU
100749,2025-02-21,android,affiliate,35.00,LV
100750,2025-01-24,ios,tiktok,175.00,PL
100751,2025-01-29,android,tiktok,145.00,SI
100752,2025-01-22,android,google,55.00,BE
100753,2025-02-19,ios,google,65.00,GR
100754,2025-01-07,ios,google,150.00,NL
100755,2025-02-10,android,facebook,160.00,LU
100756,2025-02-23,android,google,50.00,ES
100757,2025-02-09,ios,twitter,165.00,IE
100758,2025-01-01,android,tiktok,170.00,SK
100759,2025-01-30,ios,tiktok,80.00,HR
100760,2025-02-28,ios,google,175.00,LT
100761,2025-02-01,android,twitter,110.00,RO
100762,2025-02-18,ios,tiktok,45.00,SI
100763,2025-01-30,android,affiliate,130.00,SI
100764,2025-01-19,ios,facebook,170.00,CY
100765,2025-01-14,android,tiktok,45.00,DE
100766,2025-02-19,ios,google,75.00,SK
100767,2025-01-28,android,tiktok,135.00,NL
100768,2025-01-30,android,affiliate,175.00,LU
100769,2025-01-04,ios,affiliate,140.00,AT
100770,2025-01-29,android,facebook,145.00,SI
100771,2025-01-03,ios,twitter,95.00,SE
100772,2025-01-10,android,google,110.00,BE
100773,2025-02-03,ios,google,185.00,DK
100774,2025-01-23,ios,google,155.00,CZ
100775,2025-02-01,android,instagram,160.00,LV
100776,2025-01-29,ios,google,55.00,BE
100777,2025-02-26,android,affiliate,170.00,EE
100778,2025-01-24,android,instagram,75.00,HU
100779,2025-01-08,ios,affiliate,200.00,ES
100780,2025-02-16,android,twitter,45.00,EE
100781,2025-02-20,ios,google,170.00,LU
100782,2025-02-16,ios,instagram,195.00,BE
100783,2025-02-04,android,instagram,130.00,LU
100784,2025-01-14,ios,instagram,120.00,CZ
100785,2025-02-15,android,facebook,155.00,HR
100786,2025-01-04,ios,affiliate,170.00,BE
100787,2025-02-23,ios,twitter,170.00,ES
100788,2025-01-31,ios,instagram,150.00,FR
100789,2025-01-18,ios,affiliate,45.00,MT
100790,2025-01-07,ios,tiktok,50.00,BE
100791,2025-01-21,ios,tiktok,145.00,IT
100792,2025-01-19,android,affiliate,185.00,MT
100793,2025-03-01,android,instagram,140.00,IE
100794,2025-01-01,ios,google,100.00,FR
100795,2025-01-20,android,instagram,115.00,BG
100796,2025-01-02,android,tiktok,70.00,CY
100797,2025-02-24,android,tiktok,200.00,PL
100798,2025-01-05,android,instagram,135.00,FI
100799,2025-01-30,ios,twitter,100.00,LT
100800,2025-02-22,android,facebook,90.00,HR
100801,2025-02-21,android,google,150.00,EE
100802,2025-02-13,ios,affiliate,155.00,MT
100803,2025-01-10,ios,google,140.00,IE
100804,2025-02-28,ios,google,60.00,IT
100805,2025-02-01,ios,tiktok,70.00,DE
100806,2025-02-20,ios,tiktok,80.00,AT
100807,2025-01-09,ios,tiktok,85.00,FR
100808,2025-02-14,android,twitter,115.00,LT
100809,2025-01-09,ios,tiktok,140.00,DK
100810,2025-02-12,android,instagram,30.00,FI
100811,2025-01-26,android,facebook,165.00,BE
100812,2025-02-14,android,instagram,45.00,SE
100813,2025-02-06,ios,google,65.00,SI
100814,2025-01-18,android,affiliate,95.00,FI
100815,2025-02-11,ios,affiliate,170.00,FR
100816,2025-02-07,android,twitter,195.00,LU
100817,2025-02-06,ios,facebook,140.00,IT
100818,2025-02-27,ios,instagram,85.00,ES
100819,2025-02-22,android,facebook,125.00,EE
100820,2025-01-21,android,instagram,105.00,SE
100821,2025-01-31,ios,facebook,105.00,DK
100822,2025-02-09,android,affiliate,170.00,SI
100823,2025-02-14,android,facebook,135.00,AT
100824,2025-01-07,android,twitter,45.00,AT
100825,2025-01-17,ios,affiliate,115.00,HR
100826,2025-01-28,ios,affiliate,45.00,LV
100827,2025-02-15,android,tiktok,75.00,FI
100828,2025-03-01,android,instagram,175.00,SK
100829,2025-01-01,android,instagram,95.00,NL
100830,2025-02-05,ios,twitter,145.00,LT
100831,2025-01-29,ios,twitter,200.00,LU
100832,2025-02-09,ios,tiktok,60.00,GR
100833,2025-02-05,ios,affiliate,190.00,SE
100834,2025-02-08,android,google,110.00,DE
100835,2025-02-23,ios,google,140.00,SI
100836,2025-02-16,ios,google,40.00,DE
100837,2025-01-22,ios,twitter,85.00,BG
100838,2025-02-02,android,instagram,140.00,DK
100839,2025-02-16,android,twitter,170.00,BE
100840,2025-02-04,ios,affiliate,30.00,FR
100841,2025-01-17,android,affiliate,125.00,DE
100842,2025-02-14,ios,facebook,110.00,AT
100843,2025-01-09,android,facebook,105.00,PT
100844,2025-02-22,ios,facebook,140.00,PL
100845,2025-02-09,ios,facebook,55.00,GR
100846,2025-01-25,android,twitter,200.00,AT
100847,2025-02-09,android,google,75.00,BG
100848,2025-02-08,ios,google,70.00,LU
100849,2025-02-19,ios,affiliate,140.00,FR
100850,2025-02-13,android,facebook,45.00,FR
100851,2025-02-07,android,tiktok,195.00,PL
100852,2025-01-19,android,tiktok,185.00,DE
100853,2025-02-28,ios,tiktok,95.00,LT
100854,2025-01-17,android,google,110.00,HU
100855,2025-02-24,android,facebook,85.00,DE
100856,2025-01-12,android,facebook,45.00,DE
100857,2025-01-24,ios,twitter,150.00,SI
100858,2025-01-31,android,facebook,100.00,DE
100859,2025-01-23,android,affiliate,180.00,CY
100860,2025-01-16,android,tiktok,35.00,LU
100861,2025-01-25,android,instagram,75.00,FI
100862,2025-01-12,android,google,180.00,EE
100863,2025-01-26,ios,affiliate,120.00,SE
100864,2025-01-26,android,google,95.00,HR
100865,2025-01-10,ios,facebook,160.00,CZ
100866,2025-01-17,android,google,60.00,FI
100867,2025-01-21,ios,facebook,180.00,CY
100868,2025-01-07,android,facebook,60.00,BG
100869,2025-02-22,ios,instagram,125.00,CZ
100870,2025-02-20,android,google,115.00,CY
100871,2025-02-19,ios,twitter,160.00,GR
100872,2025-01-29,android,google,155.00,EE
100873,2025-01-30,android,facebook,145.00,HR
100874,2025-02-04,ios,twitter,135.00,EE
100875,2025-02-11,android,google,35.00,SI
100876,2025-01-14,android,instagram,115.00,LU
100877,2025-02-04,ios,affiliate,115.00,FI
100878,2025-02-14,android,twitter,130.00,PL
100879,2025-02-06,ios,google,165.00,RO
100880,2025-01-26,android,affiliate,105.00,MT
100881,2025-02-13,ios,twitter,175.00,HR
100882,2025-02-25,android,instagram,60.00,PT
100883,2025-01-29,ios,facebook,155.00,HR
100884,2025-01-13,ios,affiliate,60.00,HU
100885,2025-01-16,ios,affiliate,150.00,PL
100886,2025-02-13,android,affiliate,80.00,FI
100887,2025-02-24,android,google,50.00,ES
100888,2025-02-03,ios,google,175.00,LV
100889,2025-02-24,ios,facebook,75.00,LU
100890,2025-01-18,ios,instagram,125.00,NL
100891,2025-02-04,android,facebook,175.00,ES
100892,2025-02-15,android,tiktok,160.00,GR
100893,2025-02-18,ios,twitter,160.00,PT
100894,2025-02-22,ios,google,60.00,FR
100895,2025-01-16,android,twitter,65.00,RO
100896,2025-02-16,android,twitter,105.00,LU
100897,2025-01-30,ios,google,175.00,BG
100898,2025-02-08,ios,tiktok,60.00,FR
100899,2025-01-01,android,instagram,75.00,DE
100900,2025-01-03,ios,instagram,170.00,FI
100901,2025-02-25,ios,facebook,110.00,GR
100902,2025-01-04,ios,google,30.00,AT
100903,2025-02-06,ios,google,30.00,FI
100904,2025-01-01,ios,google,130.00,DE
100905,2025-01-15,android,facebook,50.00,BE
100906,2025-02-18,ios,affiliate,70.00,BE
100907,2025-01-04,android,instagram,50.00,SE
100908,2025-02-27,android,twitter,60.00,IT
100909,2025-02-06,ios,twitter,160.00,ES
100910,2025-01-06,ios,twitter,65.00,DE
100911,2025-02-15,ios,instagram,140.00,SI
100912,2025-01-13,android,twitter,95.00,RO
100913,2025-01-07,ios,facebook,195.00,SE
100914,2025-02-28,android,affiliate,140.00,AT
100915,2025-01-29,android,twitter,85.00,BE
100916,2025-02-22,ios,tiktok,110.00,HU
100917,2025-02-15,android,affiliate,180.00,IT
100918,2025-02-03,android,instagram,155.00,RO
100919,2025-02-10,android,google,90.00,MT
100920,2025-01-03,ios,affiliate,30.00,DK
100921,2025-01-05,ios,tiktok,85.00,PT
100922,2025-02-16,android,tiktok,90.00,LU
100923,2025-01-09,android,twitter,170.00,RO
100924,2025-02-27,android,affiliate,35.00,BG
100925,2025-02-28,android,tiktok,175.00,SK
100926,2025-02-19,android,twitter,140.00,BE
100927,2025-01-17,ios,google,110.00,ES
100928,2025-02-01,android,facebook,190.00,IE
100929,2025-01-13,android,instagram,80.00,SK
100930,2025-02-16,ios,facebook,155.00,PL
100931,2025-01-04,android,twitter,100.00,IE
100932,2025-02-03,ios,instagram,50.00,LU
100933,2025-02-25,android,twitter,90.00,IE
100934,2025-01-28,android,instagram,60.00,FI
100935,2025-01-03,ios,tiktok,155.00,CY
100936,2025-01-12,android,tiktok,65.00,CY
100937,2025-01-15,android,facebook,150.00,LV
100938,2025-01-05,android,twitter,175.00,SK
100939,2025-02-03,ios,instagram,155.00,RO
100940,2025-01-15,android,facebook,140.00,SE
100941,2025-02-28,android,tiktok,75.00,IE
100942,2025-01-26,android,google,155.00,LT
100943,2025-02-06,ios,facebook,195.00,IE
100944,2025-01-13,ios,google,75.00,LT
100945,2025-01-13,android,tiktok,140.00,HU
100946,2025-02-09,ios,tiktok,115.00,LU
100947,2025-01-29,ios,google,90.00,SK
100948,2025-01-03,android,facebook,135.00,SE
100949,2025-02-03,android,twitter,135.00,FR
100950,2025-01-13,ios,instagram,165.00,SI
100951,2025-01-06,android,google,120.00,CY
100952,2025-01-16,android,twitter,165.00,HU
100953,2025-02-02,ios,instagram,185.00,EE
100954,2025-02-17,android,twitter,130.00,PL
100955,2025-02-12,ios,facebook,120.00,MT
100956,2025-02-22,android,tiktok,145.00,BE
100957,2025-01-27,android,instagram,150.00,FI
100958,2025-01-07,ios,google,175.00,AT
100959,2025-02-14,android,instagram,175.00,IE
100960,2025-02-20,android,twitter,55.00,DE
100961,2025-02-11,android,affiliate,50.00,SK
100962,2025-02-12,android,tiktok,85.00,SI
100963,2025-02-08,ios,google,35.00,SK
100964,2025-02-05,ios,tiktok,195.00,SI
100965,2025-01-13,android,affiliate,170.00,ES
100966,2025-02-08,ios,twitter,140.00,LV
100967,2025-01-13,android,affiliate,130.00,SK
100968,2025-02-18,ios,affiliate,130.00,SK
100969,2025-02-09,android,instagram,200.00,IE
100970,2025-03-01,android,instagram,195.00,DK
100971,2025-02-14,ios,facebook,45.00,DE
100972,2025-01-06,ios,instagram,40.00,IT
100973,2025-01-07,android,google,90.00,LU
100974,2025-02-01,ios,tiktok,110.00,IT
100975,2025-01-28,ios,tiktok,130.00,LU
100976,2025-01-30,android,affiliate,145.00,ES
100977,2025-01-22,ios,affiliate,190.00,SE
100978,2025-02-01,ios,twitter,75.00,GR
100979,2025-01-04,android,twitter,50.00,FI
100980,2025-01-17,android,instagram,50.00,CY
100981,2025-01-17,android,twitter,150.00,LT
100982,2025-01-01,android,twitter,45.00,IE
100983,2025-02-25,ios,instagram,140.00,DE
100984,2025-02-19,android,instagram,160.00,CZ
100985,2025-02-16,android,affiliate,55.00,ES
100986,2025-02-05,android,google,60.00,NL
100987,2025-02-21,android,twitter,195.00,BG
100988,2025-01-07,android,google,75.00,CY
100989,2025-02-02,android,tiktok,35.00,SI
100990,2025-01-15,android,instagram,190.00,MT
100991,2025-01-11,ios,google,165.00,SK
100992,2025-01-26,ios,google,100.00,EE
100993,2025-02-03,android,affiliate,195.00,SI
100994,2025-01-17,ios,instagram,195.00,IT
100995,2025-02-10,android,twitter,170.00,IE
100996,2025-02-24,android,instagram,170.00,IE
100997,2025-01-11,ios,instagram,185.00,BE
100998,2025-01-02,ios,affiliate,110.00,FR
100999,2025-01-20,ios,facebook,90.00,NL
101000,2025-01-27,android,affiliate,65.00,FR
101001,2025-02-13,ios,affiliate,130.00,HR
101002,2025-01-29,ios,facebook,130.00,HU
101003,2025-01-16,ios,tiktok,70.00,PT
101004,2025-01-20,android,tiktok,35.00,BE
101005,2025-02-26,ios,google,30.00,IE
101006,2025-02-28,android,affiliate,95.00,BE
101007,2025-03-01,ios,affiliate,55.00,CZ
101008,2025-02-03,ios,twitter,125.00,GR
101009,2025-02-18,ios,instagram,75.00,CY
101010,2025-01-12,ios,facebook,65.00,CZ
101011,2025-02-13,android,tiktok,130.00,RO
101012,2025-01-08,android,facebook,100.00,FR
101013,2025-01-25,android,twitter,60.00,HR
101014,2025-02-22,ios,google,180.00,SI
101015,2025-01-27,android,affiliate,185.00,SK
101016,2025-02-21,android,instagram,75.00,HR
101017,2025-01-29,android,google,155.00,AT
101018,2025-02-22,ios,google,180.00,CY
101019,2025-02-27,android,affiliate,145.00,DE
101020,2025-02-15,ios,facebook,120.00,SK
101021,2025-01-30,android,google,165.00,GR
101022,2025-01-17,ios,instagram,155.00,PT
101023,2025-01-20,android,tiktok,190.00,SE
101024,2025-02-07,android,facebook,35.00,PT
101025,2025-03-01,ios,instagram,190.00,SI
101026,2025-02-23,android,google,200.00,CY
101027,2025-01-02,ios,google,55.00,HR
101028,2025-01-11,ios,tiktok,85.00,CY
101029,2025-01-17,android,google,60.00,SK
101030,2025-01-18,ios,google,130.00,DK
101031,2025-01-18,android,affiliate,120.00,RO
101032,2025-01-31,ios,affiliate,135.00,SE
101033,2025-01-11,android,google,130.00,BG
101034,2025-02-02,android,affiliate,200.00,IT
101035,2025-02-10,android,affiliate,70.00,MT
101036,2025-01-22,android,google,30.00,RO
101037,2025-02-10,ios,instagram,135.00,PT
101038,2025-02-26,android,instagram,80.00,LV
101039,2025-01-15,android,tiktok,100.00,FI
101040,2025-01-22,android,twitter,170.00,SI
101041,2025-02-02,ios,instagram,90.00,NL
101042,2025-02-01,ios,twitter,95.00,PL
101043,2025-02-02,android,facebook,70.00,SK
101044,2025-02-02,ios,facebook,60.00,SK
101045,2025-01-30,ios,twitter,150.00,HR
101046,2025-02-21,ios,instagram,75.00,BE
101047,2025-02-08,android,facebook,105.00,BG
101048,2025-02-08,ios,affiliate,160.00,PL
101049,2025-02-27,android,facebook,90.00,BE
101050,2025-02-03,android,facebook,55.00,PL
101051,2025-02-13,ios,twitter,130.00,HR
101052,2025-01-11,android,twitter,160.00,DE
101053,2025-02-28,android,affiliate,35.00,SE
101054,2025-01-06,android,affiliate,45.00,GR
101055,2025-01-31,android,google,105.00,RO
101056,2025-02-19,ios,affiliate,55.00,ES
101057,2025-01-08,ios,facebook,30.00,PL
101058,2025-01-20,android,affiliate,185.00,NL
101059,2025-02-28,ios,facebook,125.00,PL
101060,2025-01-11,ios,google,145.00,PT
101061,2025-01-04,ios,instagram,115.00,LU
101062,2025-01-22,android,google,35.00,LV
101063,2025-01-03,android,tiktok,115.00,IT
101064,2025-03-01,ios,affiliate,140.00,MT
101065,2025-01-11,ios,affiliate,90.00,DK
101066,2025-01-12,ios,instagram,135.00,FI
101067,2025-01-13,android,twitter,70.00,SK
101068,2025-02-20,ios,facebook,165.00,BG
101069,2025-02-24,ios,google,30.00,GR
101070,2025-02-14,android,twitter,90.00,BG
101071,2025-02-24,ios,instagram,150.00,ES
101072,2025-02-01,android,instagram,190.00,CY
101073,2025-01-18,ios,affiliate,155.00,DK
101074,2025-01-19,ios,facebook,135.00,DE
101075,2025-02-01,android,twitter,150.00,IT
101076,2025-02-28,ios,instagram,45.00,SE
101077,2025-01-10,ios,facebook,35.00,PT
101078,2025-01-29,ios,tiktok,30.00,SI
101079,2025-01-15,ios,instagram,130.00,CZ
101080,2025-01-12,ios,tiktok,130.00,PL
101081,2025-01-21,ios,twitter,185.00,PL
101082,2025-01-24,ios,instagram,85.00,IE
101083,2025-01-04,android,instagram,155.00,SE
101084,2025-01-20,android,twitter,120.00,IE
101085,2025-02-19,android,instagram,60.00,LV
101086,2025-02-01,ios,affiliate,145.00,BG
101087,2025-02-27,ios,tiktok,180.00,BE
101088,2025-02-05,android,facebook,75.00,SK
101089,2025-02-03,ios,affiliate,95.00,GR
101090,2025-02-08,android,twitter,145.00,FR
101091,2025-02-20,ios,google,45.00,IE
101092,2025-01-12,android,twitter,120.00,LU
101093,2025-01-18,android,tiktok,95.00,LV
101094,2025-01-15,android,tiktok,185.00,PT
101095,2025-01-26,android,instagram,145.00,EE
101096,2025-02-17,android,affiliate,135.00,NL
101097,2025-02-11,android,facebook,145.00,SI
101098,2025-01-14,android,tiktok,100.00,CY
101099,2025-02-06,ios,tiktok,85.00,SE
101100,2025-02-14,android,instagram,115.00,LV
101101,2025-02-23,ios,tiktok,155.00,BE
101102,2025-02-16,ios,twitter,175.00,DE
101103,2025-02-08,ios,facebook,180.00,MT
101104,2025-01-02,android,affiliate,175.00,BE
101105,2025-01-17,ios,facebook,50.00,NL
101106,2025-02-26,ios,tiktok,160.00,AT
101107,2025-02-04,android,google,45.00,FR
101108,2025-01-01,ios,instagram,175.00,FR
101109,2025-02-25,ios,affiliate,35.00,DK
101110,2025-01-23,android,instagram,55.00,LV
101111,2025-01-11,ios,tiktok,70.00,SE
101112,2025-02-23,android,google,200.00,IE
101113,2025-01-10,android,twitter,65.00,LV
101114,2025-01-12,android,google,170.00,GR
101115,2025-01-01,android,twitter,130.00,GR
101116,2025-01-08,android,facebook,175.00,DE
101117,2025-01-01,android,google,90.00,BG
101118,2025-02-23,android,google,155.00,ES
101119,2025-02-26,ios,twitter,185.00,BE
101120,2025-02-16,ios,facebook,120.00,BE
101121,2025-02-06,android,google,40.00,DE
101122,2025-02-25,ios,google,195.00,RO
101123,2025-01-28,android,twitter,30.00,HU
101124,2025-01-06,ios,tiktok,45.00,SI
101125,2025-01-20,android,google,70.00,LV
101126,2025-01-02,android,affiliate,35.00,NL
101127,2025-02-06,android,tiktok,195.00,LT
101128,2025-01-29,android,instagram,70.00,BE
101129,2025-02-04,android,instagram,155.00,CY
101130,2025-02-22,ios,twitter,80.00,HU
101131,2025-02-02,ios,affiliate,180.00,LU
101132,2025-01-14,ios,tiktok,165.00,PT
101133,2025-01-20,ios,facebook,150.00,DK
101134,2025-01-24,ios,facebook,65.00,IT
101135,2025-02-03,android,google,85.00,ES
101136,2025-01-29,android,affiliate,40.00,LV
101137,2025-01-31,ios,facebook,105.00,NL
101138,2025-02-12,android,facebook,85.00,IE
101139,2025-02-13,android,twitter,45.00,LU
101140,2025-01-23,ios,twitter,55.00,GR
101141,2025-02-14,android,instagram,160.00,FR
101142,2025-02-19,ios,twitter,75.00,SE
101143,2025-02-24,ios,instagram,95.00,PL
101144,2025-01-21,android,google,75.00,SK
101145,2025-01-08,android,facebook,175.00,BE
101146,2025-02-07,android,tiktok,185.00,FR
101147,2025-01-22,ios,affiliate,85.00,AT
101148,2025-01-01,android,affiliate,75.00,LT
101149,2025-01-26,ios,affiliate,50.00,DK
101150,2025-01-30,ios,facebook,65.00,LT
101151,2025-01-17,android,tiktok,140.00,BG
101152,2025-02-16,android,facebook,165.00,NL
101153,2025-01-12,ios,affiliate,45.00,CZ
101154,2025-01-25,ios,tiktok,30.00,NL
101155,2025-02-02,android,twitter,165.00,CZ
101156,2025-01-31,ios,instagram,95.00,BE
101157,2025-02-22,android,google,125.00,IT
101158,2025-02-10,ios,affiliate,115.00,HU
101159,2025-01-28,ios,instagram,150.00,HU
101160,2025-01-06,ios,instagram,35.00,LV
101161,2025-02-02,ios,affiliate,200.00,MT
101162,2025-02-17,android,facebook,175.00,NL
101163,2025-02-22,ios,twitter,30.00,RO
101164,2025-02-10,android,affiliate,40.00,BG
101165,2025-02-03,android,tiktok,180.00,DE
101166,2025-02-15,ios,affiliate,95.00,LU
101167,2025-01-19,ios,twitter,75.00,FI
101168,2025-01-18,android,facebook,75.00,LV
101169,2025-01-23,android,instagram,165.00,GR
101170,2025-01-11,ios,google,70.00,BE
101171,2025-02-23,android,google,175.00,NL
101172,2025-01-21,android,tiktok,110.00,FR
101173,2025-01-12,ios,google,155.00,AT
101174,2025-01-15,android,tiktok,140.00,IT
101175,2025-03-01,android,facebook,30.00,DK
101176,2025-02-02,android,instagram,85.00,HU
101177,2025-02-18,ios,facebook,115.00,LT
101178,2025-02-07,ios,tiktok,125.00,SE
101179,2025-02-04,ios,affiliate,120.00,ES
101180,2025-01-14,android,google,110.00,LT
101181,2025-02-15,ios,facebook,95.00,SK
101182,2025-01-21,android,google,85.00,BE
101183,2025-02-17,android,facebook,45.00,SI
101184,2025-01-28,ios,instagram,85.00,LV
101185,2025-01-26,android,twitter,115.00,FI
101186,2025-01-05,android,facebook,115.00,CY
101187,2025-02-06,ios,google,95.00,SE
101188,2025-02-05,ios,twitter,165.00,BE
101189,2025-02-17,android,tiktok,85.00,LT
101190,2025-02-15,android,tiktok,170.00,AT
101191,2025-02-28,ios,affiliate,100.00,NL
101192,2025-01-21,ios,twitter,195.00,HR
101193,2025-02-24,ios,affiliate,135.00,LV
101194,2025-02-22,ios,instagram,95.00,PT
101195,2025-01-25,android,google,130.00,FI
101196,2025-02-20,ios,facebook,65.00,CY
101197,2025-01-21,android,google,90.00,IT
101198,2025-01-19,android,tiktok,70.00,SE
101199,2025-01-04,ios,google,90.00,HR
101200,2025-02-21,ios,affiliate,165.00,HU
101201,2025-01-29,android,twitter,155.00,HU
101202,2025-02-04,ios,tiktok,185.00,CY
101203,2025-02-11,ios,google,95.00,LV
101204,2025-01-18,android,google,105.00,AT
101205,2025-01-13,android,google,135.00,SK
101206,2025-01-25,android,tiktok,35.00,IT
101207,2025-01-07,ios,google,95.00,PL
101208,2025-01-10,ios,tiktok,85.00,RO
101209,2025-01-31,ios,tiktok,190.00,RO
101210,2025-02-25,android,affiliate,110.00,DE
101211,2025-02-11,android,twitter,60.00,MT
101212,2025-01-20,ios,google,35.00,EE
101213,2025-01-07,android,tiktok,125.00,NL
101214,2025-02-13,ios,twitter,45.00,IE
101215,2025-02-11,ios,affiliate,165.00,FR
101216,2025-01-13,ios,affiliate,125.00,DE
101217,2025-02-23,ios,tiktok,170.00,EE
101218,2025-01-28,android,affiliate,145.00,MT
101219,2025-01-09,android,affiliate,140.00,NL
101220,2025-01-24,ios,affiliate,200.00,IE
101221,2025-02-11,ios,google,180.00,AT
101222,2025-01-16,ios,affiliate,175.00,SK
101223,2025-01-27,android,facebook,75.00,AT
101224,2025-02-19,android,twitter,55.00,BE
101225,2025-02-05,android,twitter,155.00,LV
101226,2025-01-10,android,affiliate,55.00,DK
101227,2025-01-19,ios,facebook,190.00,LU
101228,2025-02-02,ios,affiliate,115.00,PT
101229,2025-01-05,android,instagram,150.00,NL
101230,2025-02-04,ios,twitter,100.00,ES
101231,2025-02-02,android,google,100.00,DK
101232,2025-01-17,android,facebook,130.00,HR
101233,2025-02-06,ios,google,30.00,HR
101234,2025-01-28,ios,tiktok,125.00,LV
101235,2025-01-11,android,tiktok,75.00,PL
101236,2025-01-14,ios,google,195.00,CY
101237,2025-02-26,android,facebook,40.00,RO
101238,2025-01-02,android,facebook,105.00,SE
101239,2025-01-07,ios,google,50.00,GR
101240,2025-01-03,android,tiktok,150.00,ES
101241,2025-02-08,ios,twitter,50.00,IE
101242,2025-01-11,android,tiktok,130.00,FR
101243,2025-03-01,android,affiliate,145.00,PL
101244,2025-01-04,android,google,100.00,PT
101245,2025-02-11,android,facebook,200.00,BG
101246,2025-02-14,ios,facebook,75.00,BE
101247,2025-02-09,ios,affiliate,135.00,DE
101248,2025-02-05,ios,affiliate,35.00,IT
101249,2025-01-08,ios,twitter,180.00,BG
101250,2025-01-06,android,twitter,165.00,IE
101251,2025-01-04,android,instagram,195.00,SK
101252,2025-03-01,android,affiliate,190.00,SK
101253,2025-01-05,ios,affiliate,160.00,NL
101254,2025-02-01,android,tiktok,145.00,BE
101255,2025-02-07,ios,tiktok,100.00,PL
101256,2025-01-03,android,tiktok,60.00,RO
101257,2025-02-27,ios,instagram,135.00,IE
101258,2025-01-06,ios,twitter,180.00,HR
101259,2025-02-13,ios,google,95.00,AT
101260,2025-01-17,ios,tiktok,135.00,PT
101261,2025-01-23,android,affiliate,115.00,FI
101262,2025-01-08,android,twitter,70.00,SK
101263,2025-02-27,android,twitter,130.00,DK
101264,2025-01-13,android,google,100.00,FR
101265,2025-02-16,ios,affiliate,75.00,SE
101266,2025-01-16,android,twitter,155.00,HU
101267,2025-01-30,ios,affiliate,90.00,IE
101268,2025-01-16,android,facebook,95.00,EE
101269,2025-01-16,android,facebook,185.00,FR
101270,2025-01-20,android,affiliate,35.00,LT
101271,2025-01-30,android,tiktok,55.00,EE
101272,2025-01-28,ios,twitter,110.00,FI
101273,2025-02-23,android,instagram,160.00,FR
101274,2025-02-09,ios,twitter,120.00,IE
101275,2025-01-01,android,google,85.00,DK
101276,2025-01-21,ios,google,65.00,NL
101277,2025-01-22,android,twitter,140.00,SE
101278,2025-02-08,android,facebook,100.00,CY
101279,2025-02-22,ios,instagram,75.00,FR
101280,2025-02-07,android,twitter,175.00,BG
101281,2025-01-14,android,tiktok,150.00,PT
101282,2025-01-23,android,tiktok,190.00,PT
101283,2025-01-02,android,tiktok,100.00,RO
101284,2025-01-02,ios,twitter,55.00,DE
101285,2025-01-09,ios,google,35.00,RO
101286,2025-01-03,android,instagram,175.00,CZ
101287,2025-01-23,android,instagram,185.00,GR
101288,2025-01-18,android,twitter,80.00,BE
101289,2025-02-04,android,twitter,55.00,SK
101290,2025-01-15,ios,twitter,90.00,AT
101291,2025-02-06,android,twitter,140.00,SI
101292,2025-01-12,android,twitter,60.00,FR
101293,2025-02-11,ios,affiliate,40.00,SK
101294,2025-02-14,ios,tiktok,55.00,LT
101295,2025-01-24,ios,google,140.00,RO
101296,2025-01-14,android,google,75.00,DK
101297,2025-01-16,ios,tiktok,60.00,IT
101298,2025-01-14,ios,instagram,55.00,CY
101299,2025-01-21,android,affiliate,190.00,CY
101300,2025-01-27,android,instagram,180.00,AT
101301,2025-01-18,ios,instagram,80.00,IE
101302,2025-01-18,ios,facebook,160.00,FI
101303,2025-01-25,android,twitter,85.00,LT
101304,2025-02-23,ios,google,120.00,PT
101305,2025-01-31,android,google,140.00,PL
101306,2025-02-15,android,twitter,135.00,HR
101307,2025-02-15,ios,instagram,200.00,SE
101308,2025-01-03,android,facebook,140.00,HU
101309,2025-01-06,ios,affiliate,195.00,IE
101310,2025-02-22,ios,instagram,95.00,LV
101311,2025-01-21,android,instagram,115.00,FR
101312,2025-01-25,android,tiktok,35.00,LT
101313,2025-02-14,android,affiliate,145.00,FR
101314,2025-02-01,android,tiktok,155.00,DE
101315,2025-01-28,ios,tiktok,180.00,FI
101316,2025-01-14,android,affiliate,115.00,RO
101317,2025-01-29,android,tiktok,160.00,RO
101318,2025-01-06,ios,affiliate,155.00,AT
101319,2025-02-12,android,affiliate,115.00,BE
101320,2025-03-01,android,facebook,35.00,PL
101321,2025-01-31,android,instagram,150.00,ES
101322,2025-01-19,ios,tiktok,145.00,CY
101323,2025-01-25,android,google,145.00,CZ
101324,2025-01-11,ios,twitter,75.00,HU
101325,2025-01-31,android,affiliate,125.00,RO
101326,2025-01-09,ios,facebook,55.00,LV
101327,2025-01-09,android,facebook,110.00,EE
101328,2025-01-09,ios,tiktok,35.00,SE
101329,2025-02-15,ios,tiktok,165.00,CZ
101330,2025-01-16,ios,affiliate,155.00,RO
101331,2025-02-02,ios,google,35.00,PT
101332,2025-02-08,android,google,70.00,IT
101333,2025-02-06,android,affiliate,135.00,IT
101334,2025-02-21,ios,facebook,160.00,LU
101335,2025-02-05,android,affiliate,155.00,MT
101336,2025-02-08,ios,tiktok,125.00,SE
101337,2025-02-06,ios,affiliate,185.00,RO
101338,2025-02-04,ios,instagram,190.00,PL
101339,2025-01-28,ios,instagram,200.00,FI
101340,2025-01-07,ios,twitter,95.00,NL
101341,2025-01-22,android,facebook,55.00,FI
101342,2025-02-24,android,facebook,200.00,GR
101343,2025-01-27,ios,tiktok,165.00,BG
101344,2025-02-07,ios,tiktok,115.00,ES
101345,2025-01-10,ios,facebook,45.00,NL
101346,2025-02-25,android,google,145.00,NL
101347,2025-01-01,android,instagram,110.00,CY
101348,2025-01-26,ios,facebook,150.00,NL
101349,2025-01-21,ios,twitter,155.00,EE
101350,2025-02-06,ios,tiktok,105.00,BG
101351,2025-02-05,ios,affiliate,50.00,HR
101352,2025-02-18,ios,tiktok,55.00,LT
101353,2025-01-21,android,instagram,30.00,PT
101354,2025-02-24,ios,instagram,75.00,SI
101355,2025-01-04,ios,twitter,155.00,IE
101356,2025-02-17,android,google,90.00,LV
101357,2025-02-09,android,instagram,80.00,CY
101358,2025-01-29,android,affiliate,125.00,SE
101359,2025-02-07,ios,twitter,195.00,DE
101360,2025-02-11,android,affiliate,85.00,ES
101361,2025-02-10,android,instagram,200.00,LU
101362,2025-02-25,ios,affiliate,190.00,GR
101363,2025-01-01,android,affiliate,45.00,BE
101364,2025-02-17,ios,tiktok,170.00,LU
101365,2025-01-10,ios,instagram,40.00,PL
101366,2025-03-01,ios,twitter,75.00,LV
101367,2025-01-28,android,google,185.00,MT
101368,2025-02-03,android,twitter,180.00,ES
101369,2025-01-22,android,twitter,170.00,NL
101370,2025-01-15,ios,tiktok,150.00,IT
101371,2025-01-23,ios,facebook,65.00,CY
101372,2025-01-19,ios,facebook,120.00,IT
101373,2025-02-13,ios,facebook,120.00,MT
101374,2025-02-06,android,twitter,175.00,LU
101375,2025-01-08,android,tiktok,100.00,PT
101376,2025-02-12,android,facebook,190.00,IE
101377,2025-02-20,ios,google,165.00,DE
101378,2025-01-24,android,facebook,125.00,AT
101379,2025-01-20,ios,instagram,85.00,DE
101380,2025-02-27,android,tiktok,135.00,RO
101381,2025-02-05,ios,google,100.00,LU
101382,2025-01-15,android,affiliate,135.00,LU
101383,2025-02-20,ios,instagram,60.00,LV
101384,2025-02-12,android,facebook,145.00,SI
101385,2025-01-05,ios,google,130.00,PT
101386,2025-02-01,ios,facebook,120.00,IT
101387,2025-01-10,ios,affiliate,110.00,RO
101388,2025-02-01,ios,tiktok,110.00,NL
101389,2025-01-17,android,instagram,80.00,EE
101390,2025-02-09,ios,affiliate,30.00,FR
101391,2025-01-02,android,affiliate,30.00,LT
101392,2025-01-03,ios,google,165.00,RO
101393,2025-01-04,android,google,115.00,CZ
101394,2025-02-10,ios,google,65.00,CY
101395,2025-02-24,ios,tiktok,155.00,FI
101396,2025-02-19,android,facebook,125.00,GR
101397,2025-02-05,ios,google,195.00,HU
101398,2025-02-09,android,facebook,135.00,MT
101399,2025-01-13,ios,instagram,135.00,RO
101400,2025-01-31,ios,facebook,160.00,SK
101401,2025-02-01,ios,facebook,100.00,CZ
101402,2025-01-11,android,tiktok,170.00,FI
101403,2025-01-17,ios,facebook,140.00,BG
101404,2025-02-24,android,instagram,165.00,DK
101405,2025-02-09,ios,tiktok,65.00,EE
101406,2025-03-01,android,google,115.00,LV
101407,2025-02-19,ios,twitter,120.00,DE
101408,2025-01-30,ios,twitter,70.00,HU
101409,2025-02-13,ios,instagram,30.00,MT
101410,2025-02-15,ios,tiktok,40.00,IE
101411,2025-01-21,android,google,135.00,FI
101412,2025-02-01,android,google,120.00,MT
101413,2025-02-08,android,facebook,70.00,LU
101414,2025-02-10,ios,google,140.00,RO
101415,2025-01-21,android,affiliate,110.00,ES
101416,2025-01-21,ios,tiktok,60.00,EE
101417,2025-02-15,android,instagram,45.00,FI
101418,2025-01-07,ios,instagram,95.00,CY
101419,2025-02-01,android,facebook,165.00,BE
101420,2025-01-22,android,affiliate,105.00,LU
101421,2025-01-25,ios,google,195.00,FR
101422,2025-01-29,android,affiliate,180.00,FI
101423,2025-01-02,android,facebook,190.00,EE
101424,2025-01-15,ios,tiktok,95.00,FI
101425,2025-02-19,ios,instagram,165.00,LT
101426,2025-02-20,android,facebook,200.00,SK
101427,2025-02-13,ios,twitter,180.00,BE
101428,2025-02-12,android,tiktok,150.00,ES
101429,2025-02-02,ios,twitter,200.00,EE
101430,2025-02-23,ios,affiliate,145.00,FI
101431,2025-01-29,android,facebook,135.00,PL
101432,2025-02-13,ios,tiktok,170.00,DK
101433,2025-02-06,ios,instagram,30.00,HU
101434,2025-02-11,android,google,185.00,LV
101435,2025-01-08,android,affiliate,185.00,NL
101436,2025-01-05,android,google,55.00,SK
101437,2025-01-04,android,instagram,35.00,PT
101438,2025-02-01,ios,instagram,190.00,PL
101439,2025-02-03,ios,instagram,145.00,BG
101440,2025-01-10,ios,tiktok,190.00,LT
101441,2025-02-15,android,tiktok,180.00,AT
101442,2025-01-27,android,instagram,160.00,EE
101443,2025-02-17,android,tiktok,135.00,EE
101444,2025-02-21,ios,facebook,155.00,NL
101445,2025-02-11,android,affiliate,45.00,DE
101446,2025-02-23,ios,instagram,70.00,CY
101447,2025-01-14,android,instagram,30.00,CY
101448,2025-02-03,ios,google,120.00,BE
101449,2025-01-20,ios,affiliate,80.00,LV
101450,2025-02-20,android,instagram,130.00,SI
101451,2025-01-06,android,tiktok,75.00,LT
101452,2025-02-06,ios,facebook,155.00,GR
101453,2025-02-16,ios,instagram,85.00,LT
101454,2025-01-20,ios,facebook,135.00,IE
101455,2025-02-23,ios,instagram,185.00,FR
101456,2025-02-06,android,google,50.00,LU
101457,2025-02-23,ios,twitter,125.00,BE
101458,2025-01-21,android,facebook,120.00,RO
101459,2025-02-15,ios,instagram,40.00,LV
101460,2025-02-26,android,instagram,65.00,GR
101461,2025-01-17,android,facebook,170.00,LT
101462,2025-01-04,android,facebook,100.00,FI
101463,2025-01-03,android,affiliate,175.00,FI
101464,2025-01-16,android,facebook,170.00,AT
101465,2025-02-21,android,instagram,65.00,HR
101466,2025-01-24,ios,instagram,70.00,PL
101467,2025-01-18,android,tiktok,55.00,LT
101468,2025-03-01,ios,twitter,110.00,PT
101469,2025-02-18,ios,affiliate,150.00,FI
101470,2025-01-19,android,tiktok,45.00,EE
101471,2025-02-14,android,facebook,105.00,BE
101472,2025-02-27,android,tiktok,200.00,BE
101473,2025-01-31,android,instagram,120.00,NL
101474,2025-01-19,ios,affiliate,80.00,CZ
101475,2025-02-05,ios,tiktok,75.00,CZ
101476,2025-02-18,android,tiktok,70.00,CZ
101477,2025-01-18,android,google,200.00,EE
101478,2025-02-18,android,tiktok,45.00,DK
101479,2025-02-28,ios,facebook,110.00,CZ
101480,2025-02-26,ios,facebook,140.00,LU
101481,2025-02-14,android,facebook,180.00,SI
101482,2025-01-06,android,twitter,135.00,IE
101483,2025-02-17,ios,instagram,115.00,BG
101484,2025-01-15,ios,affiliate,65.00,ES
101485,2025-01-14,android,twitter,65.00,FI
101486,2025-02-08,ios,instagram,140.00,RO
101487,2025-01-16,android,google,175.00,CZ
101488,2025-02-21,ios,instagram,35.00,SK
101489,2025-02-19,android,affiliate,70.00,DE
101490,2025-02-12,android,twitter,110.00,SE
101491,2025-02-23,android,twitter,50.00,MT
101492,2025-01-17,ios,twitter,30.00,DE
101493,2025-02-20,android,twitter,45.00,DE
101494,2025-02-11,ios,tiktok,140.00,NL
101495,2025-01-26,ios,facebook,160.00,EE
101496,2025-01-29,ios,facebook,135.00,IE
101497,2025-01-20,android,facebook,190.00,IT
101498,2025-01-10,ios,instagram,65.00,SE
101499,2025-02-05,ios,google,90.00,SE
101500,2025-01-04,ios,instagram,135.00,LT
101501,2025-02-08,ios,facebook,80.00,FI
101502,2025-01-01,android,facebook,175.00,SK
101503,2025-02-05,android,twitter,85.00,FI
101504,2025-02-23,android,google,185.00,HU
101505,2025-02-13,ios,instagram,45.00,IE
101506,2025-01-31,android,affiliate,160.00,SI
101507,2025-01-25,android,instagram,200.00,LU
101508,2025-01-30,android,instagram,200.00,SK
101509,2025-02-11,ios,tiktok,35.00,LU
101510,2025-01-28,android,instagram,160.00,IE
101511,2025-02-24,ios,affiliate,120.00,BE
101512,2025-02-25,android,twitter,135.00,FR
101513,2025-01-16,ios,twitter,170.00,CZ
101514,2025-02-11,ios,affiliate,105.00,SI
101515,2025-01-06,ios,tiktok,55.00,GR
101516,2025-02-14,android,affiliate,70.00,CY
101517,2025-02-12,ios,google,165.00,DE
101518,2025-02-27,ios,affiliate,90.00,HR
101519,2025-01-21,android,tiktok,110.00,MT
101520,2025-02-02,android,instagram,60.00,ES
101521,2025-01-06,ios,google,170.00,LT
101522,2025-01-18,ios,affiliate,40.00,RO
101523,2025-01-11,ios,tiktok,190.00,BG
101524,2025-01-15,android,instagram,180.00,FI
101525,2025-01-21,android,tiktok,90.00,EE
101526,2025-02-13,android,facebook,80.00,RO
101527,2025-01-14,android,twitter,30.00,NL
101528,2025-02-27,ios,instagram,105.00,SI
101529,2025-01-05,ios,facebook,175.00,GR
101530,2025-01-26,ios,google,200.00,PL
101531,2025-02-18,ios,facebook,130.00,HR
101532,2025-01-25,ios,tiktok,140.00,HR
101533,2025-01-12,ios,twitter,170.00,LU
101534,2025-02-10,android,twitter,55.00,PL
101535,2025-02-22,android,affiliate,40.00,CZ
101536,2025-02-11,android,affiliate,30.00,HU
101537,2025-01-22,android,instagram,105.00,AT
101538,2025-01-17,ios,google,110.00,FI
101539,2025-02-03,ios,tiktok,105.00,CZ
101540,2025-02-12,android,affiliate,40.00,GR
101541,2025-01-22,android,instagram,185.00,CY
101542,2025-02-03,ios,tiktok,195.00,NL
101543,2025-01-06,android,instagram,150.00,HR
101544,2025-01-10,android,facebook,45.00,BG
101545,2025-01-02,ios,google,180.00,DE
101546,2025-02-26,android,instagram,40.00,EE
101547,2025-02-03,ios,instagram,135.00,FI
101548,2025-02-20,android,facebook,60.00,CZ
101549,2025-01-22,ios,google,100.00,SI
101550,2025-02-16,android,tiktok,85.00,NL
101551,2025-03-01,android,facebook,135.00,IT
101552,2025-02-04,android,instagram,65.00,EE
101553,2025-02-18,android,google,180.00,LT
101554,2025-01-07,android,facebook,85.00,FI
101555,2025-01-26,android,tiktok,130.00,LV
101556,2025-02-15,ios,google,45.00,IE
101557,2025-01-15,ios,instagram,115.00,PL
101558,2025-01-21,ios,facebook,125.00,LV
101559,2025-02-21,android,twitter,70.00,FR
101560,2025-01-27,ios,twitter,65.00,IT
101561,2025-02-09,android,twitter,200.00,MT
101562,2025-01-26,android,twitter,75.00,DK
101563,2025-01-02,android,google,165.00,LU
101564,2025-01-03,android,affiliate,80.00,SI
101565,2025-02-02,ios,facebook,65.00,SI
101566,2025-02-04,android,instagram,95.00,HU
101567,2025-02-21,ios,instagram,200.00,LV
101568,2025-02-28,ios,tiktok,185.00,FI
101569,2025-01-19,android,instagram,125.00,ES
101570,2025-01-11,ios,twitter,160.00,FI
101571,2025-01-10,android,affiliate,190.00,RO
101572,2025-03-01,ios,facebook,100.00,LT
101573,2025-02-05,android,twitter,190.00,BE
101574,2025-01-08,android,twitter,35.00,HR
101575,2025-02-16,ios,affiliate,90.00,PT
101576,2025-02-15,android,facebook,170.00,RO
101577,2025-02-11,ios,instagram,100.00,NL
101578,2025-01-06,ios,facebook,145.00,DK
101579,2025-01-07,ios,google,165.00,IT
101580,2025-02-14,android,tiktok,195.00,SI
101581,2025-02-19,android,affiliate,145.00,GR
101582,2025-02-07,android,facebook,200.00,IT
101583,2025-01-01,android,tiktok,165.00,AT
101584,2025-01-08,android,facebook,185.00,LT
101585,2025-03-01,android,affiliate,40.00,CZ
101586,2025-02-06,ios,affiliate,170.00,IE
101587,2025-01-06,android,google,145.00,NL
101588,2025-01-19,android,google,55.00,SI
101589,2025-01-12,android,tiktok,105.00,MT
101590,2025-02-24,ios,instagram,125.00,AT
101591,2025-02-14,android,affiliate,75.00,BG
101592,2025-01-21,android,google,105.00,BG
101593,2025-02-03,android,twitter,160.00,DK
101594,2025-02-07,ios,instagram,115.00,GR
101595,2025-02-28,ios,tiktok,120.00,FI
101596,2025-01-27,android,twitter,175.00,PL
101597,2025-01-03,ios,twitter,120.00,AT
101598,2025-01-25,ios,facebook,50.00,PT
101599,2025-01-26,android,instagram,150.00,NL
101600,2025-01-05,ios,instagram,90.00,LV
101601,2025-01-28,ios,facebook,170.00,RO
101602,2025-02-21,ios,tiktok,75.00,LT
101603,2025-01-06,android,affiliate,155.00,MT
101604,2025-02-13,android,google,105.00,EE
101605,2025-01-02,android,twitter,55.00,RO
101606,2025-02-13,ios,affiliate,150.00,DE
101607,2025-01-24,ios,google,185.00,HR
101608,2025-01-03,android,instagram,125.00,SE
101609,2025-01-30,android,google,85.00,LT
101610,2025-01-21,android,affiliate,170.00,FI
101611,2025-01-26,ios,google,35.00,AT
101612,2025-01-21,android,facebook,185.00,GR
101613,2025-02-03,ios,instagram,150.00,MT
101614,2025-02-16,ios,affiliate,55.00,DK
101615,2025-01-11,android,affiliate,190.00,LU
101616,2025-02-17,ios,affiliate,75.00,PT
101617,2025-01-17,android,instagram,120.00,EE
101618,2025-01-11,ios,twitter,45.00,IT
101619,2025-01-27,ios,instagram,185.00,PT
101620,2025-01-20,android,affiliate,120.00,LV
101621,2025-02-03,android,tiktok,175.00,DK
101622,2025-02-09,android,tiktok,60.00,EE
101623,2025-02-16,ios,tiktok,115.00,CY
101624,2025-01-09,android,twitter,65.00,FI
101625,2025-01-01,ios,twitter,185.00,LU
101626,2025-01-23,android,twitter,50.00,PL
101627,2025-01-03,android,google,75.00,ES
101628,2025-01-25,ios,tiktok,40.00,IE
101629,2025-01-15,android,google,85.00,BG
101630,2025-02-04,android,google,180.00,IE
101631,2025-02-22,android,instagram,45.00,CY
101632,2025-01-14,ios,facebook,80.00,LT
101633,2025-01-17,android,affiliate,180.00,LV
101634,2025-02-04,ios,affiliate,100.00,SK
101635,2025-01-15,android,google,195.00,CY
101636,2025-02-02,android,tiktok,80.00,SK
101637,2025-01-27,ios,twitter,75.00,CZ
101638,2025-01-27,ios,google,165.00,EE
101639,2025-02-15,ios,affiliate,80.00,ES
101640,2025-02-05,android,affiliate,55.00,SE
101641,2025-02-04,android,instagram,95.00,EE
101642,2025-01-14,ios,google,170.00,LU
101643,2025-02-18,android,instagram,125.00,PL
101644,2025-01-24,android,affiliate,195.00,HU
101645,2025-02-07,ios,affiliate,130.00,MT
101646,2025-02-17,ios,instagram,95.00,ES
101647,2025-02-15,ios,affiliate,130.00,GR
101648,2025-02-11,android,google,110.00,DE
101649,2025-01-28,android,twitter,175.00,HU
101650,2025-01-07,android,facebook,75.00,SE
101651,2025-01-09,ios,affiliate,195.00,SK
101652,2025-02-24,ios,tiktok,30.00,EE
101653,2025-01-19,ios,affiliate,90.00,LU
101654,2025-01-14,android,tiktok,70.00,HU
101655,2025-02-22,ios,instagram,105.00,AT
101656,2025-02-09,android,tiktok,65.00,LU
101657,2025-01-09,android,instagram,30.00,HU
101658,2025-02-25,ios,facebook,100.00,BE
101659,2025-01-14,android,affiliate,170.00,LV
101660,2025-02-04,android,affiliate,105.00,FI
101661,2025-01-14,ios,tiktok,85.00,HU
101662,2025-01-04,ios,instagram,90.00,LT
101663,2025-01-28,ios,tiktok,100.00,CZ
101664,2025-02-10,ios,instagram,40.00,LU
101665,2025-01-22,android,affiliate,105.00,BE
101666,2025-02-24,android,tiktok,180.00,CY
101667,2025-02-18,android,facebook,95.00,BG
101668,2025-01-12,ios,affiliate,45.00,AT
101669,2025-02-15,ios,google,145.00,BG
101670,2025-01-21,ios,facebook,165.00,AT
101671,2025-01-20,ios,affiliate,180.00,BE
101672,2025-02-13,ios,instagram,180.00,HU
101673,2025-01-09,android,google,145.00,EE
101674,2025-01-04,ios,tiktok,150.00,AT
101675,2025-02-03,android,instagram,170.00,DK
101676,2025-01-01,ios,google,45.00,CZ
101677,2025-01-23,android,affiliate,100.00,MT
101678,2025-01-12,android,tiktok,185.00,MT
101679,2025-02-15,ios,google,60.00,BG
101680,2025-02-10,android,instagram,105.00,RO
101681,2025-02-21,android,facebook,195.00,MT
101682,2025-02-09,ios,affiliate,145.00,FI
101683,2025-02-07,ios,affiliate,125.00,HR
101684,2025-01-29,ios,facebook,60.00,BE
101685,2025-02-24,ios,tiktok,175.00,NL
101686,2025-01-28,android,twitter,145.00,AT
101687,2025-01-12,ios,twitter,145.00,BE
101688,2025-01-22,ios,affiliate,100.00,LT
101689,2025-01-24,ios,facebook,60.00,BE
101690,2025-02-24,ios,tiktok,35.00,LU
101691,2025-01-08,android,facebook,175.00,SE
101692,2025-01-06,android,tiktok,155.00,SE
101693,2025-01-18,ios,instagram,85.00,BG
101694,2025-01-12,ios,google,165.00,LV
101695,2025-01-27,ios,affiliate,170.00,SE
101696,2025-03-01,android,twitter,40.00,LU
101697,2025-02-26,ios,tiktok,135.00,BE
101698,2025-02-18,ios,twitter,160.00,LU
101699,2025-01-14,ios,google,170.00,EE
101700,2025-02-14,ios,tiktok,105.00,LT
101701,2025-02-18,ios,google,50.00,EE
101702,2025-02-07,ios,google,40.00,PL
101703,2025-02-18,android,google,70.00,ES
101704,2025-02-12,ios,twitter,40.00,DK
101705,2025-02-02,ios,affiliate,100.00,LT
101706,2025-01-21,android,instagram,35.00,AT
101707,2025-02-11,ios,affiliate,105.00,ES
101708,2025-02-10,ios,twitter,170.00,BE
101709,2025-02-06,android,instagram,40.00,SE
101710,2025-01-17,ios,affiliate,95.00,MT
101711,2025-02-20,ios,google,110.00,PT
101712,2025-02-24,ios,tiktok,110.00,GR
101713,2025-01-13,android,tiktok,155.00,CZ
101714,2025-02-15,ios,instagram,55.00,RO
101715,2025-01-13,android,google,185.00,MT
101716,2025-02-14,android,tiktok,195.00,LV
101717,2025-02-13,ios,facebook,50.00,DK
101718,2025-01-08,ios,facebook,55.00,DE
101719,2025-02-22,ios,google,190.00,SE
101720,2025-02-17,android,twitter,155.00,PT
101721,2025-01-26,ios,google,170.00,NL
101722,2025-02-27,android,instagram,120.00,IE
101723,2025-01-25,android,tiktok,175.00,EE
101724,2025-01-23,android,tiktok,150.00,FR
101725,2025-02-16,android,tiktok,105.00,BG
101726,2025-02-16,ios,facebook,155.00,BG
101727,2025-01-18,ios,instagram,200.00,IT
101728,2025-01-30,android,twitter,105.00,AT
101729,2025-02-05,android,instagram,85.00,DK
101730,2025-01-19,android,google,130.00,GR
101731,2025-02-09,ios,affiliate,95.00,EE
101732,2025-02-02,ios,tiktok,95.00,PT
101733,2025-02-20,ios,tiktok,110.00,PL
101734,2025-02-08,ios,facebook,140.00,HR
101735,2025-01-29,android,facebook,130.00,DE
101736,2025-01-02,ios,affiliate,190.00,SI
101737,2025-01-13,ios,tiktok,200.00,NL
101738,2025-01-18,ios,tiktok,65.00,IE
101739,2025-01-09,android,instagram,60.00,CY
101740,2025-01-28,ios,facebook,45.00,DK
101741,2025-01-06,ios,twitter,155.00,DK
101742,2025-01-02,android,instagram,130.00,HU
101743,2025-01-03,android,google,125.00,SK
101744,2025-02-09,android,google,45.00,FR
101745,2025-02-10,ios,twitter,80.00,SE
101746,2025-02-04,android,tiktok,45.00,IT
101747,2025-02-24,ios,facebook,40.00,FR
101748,2025-01-26,android,twitter,150.00,HR
101749,2025-02-18,ios,tiktok,160.00,PT
101750,2025-01-25,android,facebook,45.00,LU
101751,2025-02-26,ios,facebook,115.00,ES
101752,2025-01-21,android,facebook,200.00,LU
101753,2025-01-18,ios,facebook,165.00,AT
101754,2025-02-14,android,twitter,80.00,SE
101755,2025-02-22,ios,affiliate,95.00,AT
101756,2025-01-30,android,google,55.00,IT
101757,2025-02-03,ios,instagram,115.00,LT
101758,2025-01-03,android,twitter,150.00,RO
101759,2025-01-15,android,affiliate,45.00,LU
101760,2025-01-23,android,affiliate,55.00,ES
101761,2025-02-17,ios,facebook,195.00,LU
101762,2025-02-28,ios,facebook,185.00,MT
101763,2025-02-05,android,affiliate,100.00,FR
101764,2025-01-24,android,twitter,90.00,HU
101765,2025-02-25,android,affiliate,120.00,ES
101766,2025-01-07,ios,instagram,55.00,DK
101767,2025-02-25,ios,affiliate,65.00,MT
101768,2025-02-16,android,facebook,150.00,HU
101769,2025-01-29,ios,instagram,60.00,BG
101770,2025-01-18,android,instagram,190.00,FR
101771,2025-02-12,ios,affiliate,55.00,HR
101772,2025-01-27,ios,tiktok,140.00,RO
101773,2025-02-18,ios,tiktok,70.00,RO
101774,2025-01-05,ios,tiktok,115.00,EE
101775,2025-02-17,ios,twitter,165.00,BG
101776,2025-01-12,android,twitter,75.00,PT
101777,2025-01-31,ios,affiliate,40.00,BE
101778,2025-02-14,ios,affiliate,75.00,DE
101779,2025-01-30,ios,facebook,40.00,LU
101780,2025-02-28,android,twitter,85.00,DE
101781,2025-02-14,android,twitter,65.00,PL
101782,2025-01-27,ios,google,110.00,PL
101783,2025-02-12,android,google,170.00,LU
101784,2025-02-11,ios,instagram,50.00,FI
101785,2025-01-06,android,affiliate,185.00,CZ
101786,2025-01-15,android,affiliate,120.00,PT
101787,2025-02-11,ios,instagram,95.00,CY
101788,2025-02-06,android,affiliate,55.00,LU
101789,2025-02-06,ios,affiliate,145.00,SI
101790,2025-01-06,ios,twitter,125.00,NL
101791,2025-03-01,android,affiliate,35.00,BE
101792,2025-01-29,android,twitter,85.00,LV
101793,2025-02-16,android,affiliate,95.00,CZ
101794,2025-01-17,android,tiktok,160.00,DK
101795,2025-02-17,ios,twitter,90.00,RO
101796,2025-01-05,ios,tiktok,135.00,AT
101797,2025-02-18,ios,affiliate,100.00,IT
101798,2025-02-14,ios,google,55.00,SK
101799,2025-02-28,ios,google,60.00,NL
101800,2025-01-03,android,instagram,190.00,DE
101801,2025-02-01,ios,affiliate,150.00,PL
101802,2025-02-27,android,instagram,30.00,GR
101803,2025-02-15,ios,google,125.00,EE
101804,2025-01-21,android,facebook,40.00,SE
101805,2025-02-08,ios,affiliate,45.00,PL
101806,2025-01-01,android,instagram,105.00,AT
101807,2025-01-24,android,affiliate,45.00,RO
101808,2025-01-13,ios,tiktok,180.00,LU
101809,2025-01-11,android,affiliate,150.00,DK
101810,2025-01-17,ios,facebook,90.00,BG
101811,2025-01-18,android,instagram,175.00,GR
101812,2025-02-26,android,instagram,160.00,CZ
101813,2025-01-19,android,twitter,45.00,LT
101814,2025-01-21,ios,affiliate,100.00,PT
101815,2025-01-05,android,tiktok,105.00,LT
101816,2025-02-05,ios,instagram,155.00,IE
101817,2025-01-27,ios,tiktok,115.00,HR
101818,2025-01-11,android,google,185.00,PT
101819,2025-02-16,android,instagram,175.00,PT
101820,2025-01-21,android,facebook,135.00,IE
101821,2025-02-08,android,affiliate,105.00,LU
101822,2025-01-17,ios,instagram,180.00,BG
101823,2025-02-10,ios,affiliate,160.00,SE
101824,2025-01-12,android,tiktok,150.00,RO
101825,2025-02-20,android,facebook,55.00,MT
101826,2025-02-17,android,twitter,170.00,SE
101827,2025-02-21,ios,twitter,195.00,GR
101828,2025-02-24,ios,tiktok,145.00,CY
101829,2025-02-07,android,facebook,200.00,HR
101830,2025-01-24,ios,instagram,105.00,AT
101831,2025-01-27,android,google,110.00,NL
101832,2025-02-26,android,instagram,55.00,LT
101833,2025-01-17,android,twitter,195.00,FR
101834,2025-01-14,ios,facebook,80.00,RO
101835,2025-01-28,android,tiktok,55.00,RO
101836,2025-02-16,ios,facebook,150.00,DE
101837,2025-02-14,android,tiktok,80.00,DK
101838,2025-01-09,ios,tiktok,160.00,CZ
101839,2025-02-14,android,facebook,145.00,RO
101840,2025-02-18,android,twitter,70.00,BE
101841,2025-01-08,android,tiktok,100.00,EE
101842,2025-02-07,android,affiliate,65.00,LT
101843,2025-01-05,android,twitter,130.00,GR
101844,2025-02-15,ios,instagram,135.00,GR
101845,2025-02-24,ios,affiliate,190.00,DE
101846,2025-02-01,ios,affiliate,130.00,DE
101847,2025-01-22,ios,affiliate,200.00,BG
101848,2025-02-23,ios,instagram,160.00,HR
101849,2025-01-21,android,affiliate,70.00,EE
101850,2025-01-02,ios,affiliate,160.00,IT
101851,2025-02-04,ios,facebook,155.00,IE
101852,2025-02-26,android,facebook,185.00,SK
101853,2025-02-04,ios,facebook,160.00,IT
101854,2025-01-08,android,twitter,100.00,LU
101855,2025-02-09,ios,google,35.00,RO
101856,2025-01-07,android,tiktok,105.00,DK
101857,2025-02-05,android,tiktok,180.00,RO
101858,2025-01-01,ios,tiktok,105.00,SI
101859,2025-01-13,ios,twitter,155.00,DK
101860,2025-01-05,ios,affiliate,75.00,BG
101861,2025-01-09,ios,affiliate,135.00,NL
101862,2025-02-05,android,twitter,165.00,FR
101863,2025-02-09,android,affiliate,40.00,RO
101864,2025-02-03,ios,google,155.00,EE
101865,2025-01-04,android,tiktok,30.00,EE
101866,2025-02-07,ios,tiktok,200.00,DK
101867,2025-01-08,ios,instagram,140.00,MT
101868,2025-03-01,android,twitter,75.00,BE
101869,2025-02-01,ios,google,175.00,HU
101870,2025-01-19,android,facebook,110.00,BG
101871,2025-01-16,ios,facebook,140.00,SK
101872,2025-01-17,ios,twitter,60.00,LU
101873,2025-02-11,android,twitter,150.00,SE
101874,2025-02-07,ios,google,40.00,DK
101875,2025-01-02,android,instagram,85.00,AT
101876,2025-02-25,ios,instagram,65.00,IE
101877,2025-03-01,ios,twitter,190.00,LT
101878,2025-01-03,android,instagram,55.00,PT
101879,2025-01-14,ios,affiliate,145.00,RO
101880,2025-02-24,ios,twitter,105.00,LT
101881,2025-01-29,ios,google,115.00,AT
101882,2025-02-08,ios,google,110.00,SI
101883,2025-02-10,ios,affiliate,50.00,LU
101884,2025-01-13,android,google,35.00,MT
101885,2025-02-22,ios,affiliate,100.00,CZ
101886,2025-01-25,ios,facebook,65.00,RO
101887,2025-01-17,ios,instagram,95.00,CY
101888,2025-02-01,android,tiktok,75.00,BG
101889,2025-01-10,android,affiliate,30.00,LU
101890,2025-02-23,ios,twitter,55.00,FI
101891,2025-02-01,android,google,165.00,LT
101892,2025-02-19,ios,facebook,90.00,BG
101893,2025-02-21,ios,instagram,45.00,NL
101894,2025-01-15,android,google,200.00,FI
101895,2025-01-04,android,instagram,125.00,GR
101896,2025-01-23,android,tiktok,180.00,CZ
101897,2025-01-12,android,google,200.00,HR
101898,2025-01-14,android,tiktok,200.00,PT
101899,2025-02-25,ios,instagram,145.00,FR
101900,2025-01-11,ios,google,85.00,EE
101901,2025-02-18,ios,twitter,45.00,DE
101902,2025-01-31,android,affiliate,100.00,FI
101903,2025-01-29,ios,affiliate,60.00,HR
101904,2025-02-01,ios,twitter,40.00,MT
101905,2025-01-17,ios,twitter,200.00,LU
101906,2025-02-19,android,twitter,55.00,BG
101907,2025-01-06,ios,twitter,195.00,IT
101908,2025-02-26,android,affiliate,150.00,RO
101909,2025-01-28,ios,google,45.00,BG
101910,2025-01-01,ios,twitter,175.00,PL
101911,2025-01-09,android,instagram,190.00,EE
101912,2025-02-13,ios,tiktok,135.00,SI
101913,2025-01-18,ios,affiliate,105.00,EE
101914,2025-01-13,ios,twitter,30.00,PT
101915,2025-01-06,android,instagram,150.00,FR
101916,2025-01-12,ios,affiliate,175.00,SE
101917,2025-01-17,android,google,175.00,BG
101918,2025-01-26,ios,tiktok,150.00,LT
101919,2025-03-01,ios,google,80.00,SE
101920,2025-02-25,ios,facebook,135.00,MT
101921,2025-02-16,ios,twitter,180.00,AT
101922,2025-01-21,android,tiktok,75.00,CY
101923,2025-02-06,android,facebook,150.00,FR
101924,2025-02-13,android,facebook,90.00,SK
101925,2025-01-04,android,affiliate,200.00,AT
101926,2025-01-30,ios,tiktok,35.00,FI
101927,2025-01-20,android,google,175.00,BG
101928,2025-01-12,ios,twitter,40.00,RO
101929,2025-01-17,android,instagram,100.00,FI
101930,2025-02-17,android,google,175.00,SE
101931,2025-02-10,android,tiktok,105.00,GR
101932,2025-02-17,android,twitter,90.00,SK
101933,2025-01-14,ios,tiktok,155.00,CY
101934,2025-02-10,ios,facebook,100.00,IT
101935,2025-02-10,android,instagram,185.00,DK
101936,2025-02-06,ios,instagram,85.00,LT
101937,2025-01-31,ios,affiliate,185.00,AT
101938,2025-01-09,android,google,105.00,FR
101939,2025-01-11,ios,tiktok,30.00,IE
101940,2025-01-22,android,tiktok,125.00,LT
101941,2025-02-14,ios,affiliate,135.00,FR
101942,2025-02-14,android,facebook,75.00,SK
101943,2025-01-24,ios,instagram,55.00,SK
101944,2025-02-05,ios,instagram,50.00,GR
101945,2025-01-28,ios,twitter,195.00,EE
101946,2025-02-13,ios,instagram,185.00,EE
101947,2025-02-09,ios,twitter,65.00,AT
101948,2025-01-01,ios,affiliate,100.00,CY
101949,2025-03-01,android,facebook,195.00,BE
101950,2025-01-13,android,twitter,200.00,CY
101951,2025-02-23,android,instagram,120.00,AT
101952,2025-02-22,android,twitter,70.00,EE
101953,2025-02-22,ios,twitter,130.00,LU
101954,2025-01-13,android,instagram,190.00,LU
101955,2025-01-24,android,tiktok,150.00,DE
101956,2025-01-17,ios,instagram,195.00,SK
101957,2025-01-10,android,instagram,30.00,GR
101958,2025-01-03,ios,instagram,125.00,BE
101959,2025-01-17,android,instagram,60.00,GR
101960,2025-02-21,ios,instagram,155.00,NL
101961,2025-02-12,ios,twitter,50.00,BE
101962,2025-02-27,ios,facebook,130.00,SK
101963,2025-02-07,ios,twitter,140.00,BG
101964,2025-02-24,ios,affiliate,125.00,LU
101965,2025-02-16,android,twitter,135.00,IE
101966,2025-01-28,android,facebook,175.00,IE
101967,2025-01-27,android,instagram,75.00,BG
101968,2025-02-11,android,tiktok,200.00,PL
101969,2025-01-30,ios,tiktok,95.00,BG
101970,2025-02-06,android,tiktok,155.00,EE
101971,2025-02-01,ios,facebook,85.00,FR
101972,2025-01-25,android,google,60.00,SK
101973,2025-02-27,ios,affiliate,105.00,CZ
101974,2025-02-26,ios,twitter,110.00,DK
101975,2025-01-16,ios,twitter,200.00,SE
101976,2025-02-22,android,affiliate,125.00,IE
101977,2025-01-07,android,tiktok,90.00,IT
101978,2025-02-20,ios,instagram,75.00,AT
101979,2025-01-11,android,google,140.00,SE
101980,2025-01-23,android,twitter,200.00,SI
101981,2025-01-08,android,affiliate,75.00,PL
101982,2025-02-28,ios,tiktok,145.00,CY
101983,2025-01-03,android,instagram,30.00,PT
101984,2025-01-29,android,google,35.00,LU
101985,2025-01-28,android,affiliate,180.00,HR
101986,2025-03-01,ios,affiliate,65.00,DK
101987,2025-01-26,ios,tiktok,65.00,HU
101988,2025-02-09,ios,facebook,135.00,HR
101989,2025-01-05,android,google,175.00,FI
101990,2025-01-20,ios,instagram,115.00,DE
101991,2025-01-15,ios,facebook,100.00,NL
101992,2025-01-22,ios,tiktok,190.00,LT
101993,2025-02-28,android,facebook,70.00,IT
101994,2025-01-07,android,instagram,35.00,LV
101995,2025-01-26,ios,twitter,70.00,RO
101996,2025-02-28,android,tiktok,145.00,HR
101997,2025-01-11,android,affiliate,80.00,CZ
101998,2025-01-08,ios,instagram,100.00,FR
101999,2025-02-16,android,tiktok,125.00,NL
102000,2025-01-11,ios,affiliate,165.00,HU
102001,2025-02-18,android,instagram,105.00,GR
102002,2025-02-07,ios,twitter,185.00,BE
102003,2025-03-01,ios,google,105.00,FR
102004,2025-01-31,ios,instagram,35.00,SK
102005,2025-02-19,android,tiktok,60.00,FI
102006,2025-02-19,android,tiktok,170.00,HR
102007,2025-02-21,ios,twitter,130.00,IT
102008,2025-02-25,ios,facebook,70.00,RO
102009,2025-02-19,android,affiliate,125.00,DK
102010,2025-02-03,android,google,75.00,PL
102011,2025-02-27,android,instagram,50.00,IT
102012,2025-01-05,ios,tiktok,175.00,LU
102013,2025-01-22,ios,google,100.00,LU
102014,2025-01-14,android,twitter,130.00,AT
102015,2025-01-13,ios,twitter,135.00,FI
102016,2025-01-03,android,facebook,30.00,IE
102017,2025-01-29,android,twitter,115.00,DE
102018,2025-02-14,android,affiliate,110.00,PT
102019,2025-02-02,android,twitter,140.00,BG
102020,2025-01-11,ios,google,195.00,SK
102021,2025-01-11,android,affiliate,40.00,IT
102022,2025-02-13,ios,tiktok,60.00,HR
102023,2025-01-16,android,facebook,100.00,SI
102024,2025-03-01,ios,affiliate,125.00,FR
102025,2025-02-28,ios,google,95.00,FR
102026,2025-02-26,android,twitter,75.00,ES
102027,2025-02-06,ios,affiliate,195.00,NL
102028,2025-01-19,android,instagram,45.00,LU
102029,2025-02-07,ios,tiktok,110.00,IT
102030,2025-01-26,android,facebook,60.00,SE
102031,2025-02-13,ios,tiktok,165.00,CZ
102032,2025-02-28,android,instagram,50.00,FR
102033,2025-01-17,android,instagram,190.00,LV
102034,2025-02-22,ios,tiktok,135.00,EE
102035,2025-02-03,ios,instagram,105.00,LT
102036,2025-01-13,ios,google,140.00,HU
102037,2025-01-30,ios,instagram,65.00,DE
102038,2025-02-16,ios,twitter,50.00,BG
102039,2025-02-12,ios,facebook,85.00,GR
102040,2025-02-28,ios,affiliate,120.00,IE
102041,2025-02-19,android,twitter,125.00,RO
102042,2025-01-22,ios,tiktok,135.00,EE
102043,2025-02-06,android,tiktok,120.00,BE
102044,2025-02-06,android,tiktok,150.00,AT
102045,2025-01-28,android,tiktok,165.00,SI
102046,2025-02-12,ios,facebook,35.00,LV
102047,2025-02-11,android,tiktok,95.00,DE
102048,2025-01-02,ios,twitter,140.00,LV
102049,2025-02-17,android,affiliate,90.00,CY
102050,2025-02-06,ios,tiktok,75.00,SI
102051,2025-01-29,android,google,55.00,PT
102052,2025-01-13,ios,facebook,175.00,HR
102053,2025-02-05,ios,tiktok,90.00,IE
102054,2025-02-25,ios,google,105.00,CY
102055,2025-02-03,android,instagram,200.00,AT
102056,2025-02-01,android,instagram,150.00,ES
102057,2025-01-07,android,twitter,75.00,CZ
102058,2025-01-20,android,instagram,100.00,LV
102059,2025-01-30,android,instagram,145.00,LV
102060,2025-02-18,android,google,105.00,FR
102061,2025-01-26,android,tiktok,145.00,AT
102062,2025-01-18,ios,twitter,170.00,SI
102063,2025-01-29,ios,facebook,55.00,CY
102064,2025-01-27,android,instagram,140.00,LT
102065,2025-01-01,android,tiktok,125.00,AT
102066,2025-02-27,ios,affiliate,190.00,FI
102067,2025-01-20,android,facebook,65.00,LV
102068,2025-01-10,android,tiktok,50.00,BG
102069,2025-02-10,android,tiktok,195.00,IE
102070,2025-02-27,android,twitter,175.00,GR
102071,2025-01-22,ios,tiktok,125.00,MT
102072,2025-02-14,ios,facebook,50.00,PT
102073,2025-01-04,android,tiktok,190.00,NL
102074,2025-01-11,ios,tiktok,120.00,FI
102075,2025-01-21,android,google,200.00,HU
102076,2025-01-26,android,twitter,35.00,SE
102077,2025-02-14,android,google,105.00,RO
102078,2025-02-16,android,facebook,70.00,SE
102079,2025-01-26,ios,twitter,30.00,BE
102080,2025-01-21,ios,google,90.00,LU
102081,2025-01-23,android,affiliate,135.00,SE
102082,2025-01-15,android,affiliate,40.00,MT
102083,2025-02-14,ios,tiktok,40.00,PT
102084,2025-02-10,android,tiktok,35.00,MT
102085,2025-02-17,ios,instagram,50.00,LU
102086,2025-01-28,android,tiktok,40.00,CY
102087,2025-01-27,android,facebook,140.00,MT
102088,2025-01-15,ios,google,65.00,HU
102089,2025-01-01,android,google,90.00,PL
102090,2025-01-24,android,affiliate,125.00,HR
102091,2025-02-05,android,google,80.00,LT
102092,2025-01-24,android,affiliate,180.00,SE
102093,2025-01-04,android,tiktok,125.00,HR
102094,2025-02-26,ios,facebook,60.00,CZ
102095,2025-02-22,ios,affiliate,125.00,FR
102096,2025-01-23,ios,instagram,160.00,HR
102097,2025-01-31,android,facebook,85.00,SK
102098,2025-02-10,ios,tiktok,120.00,HR
102099,2025-02-26,ios,facebook,135.00,IT
102100,2025-01-06,android,twitter,185.00,MT
102101,2025-01-10,ios,facebook,140.00,GR
102102,2025-02-08,ios,facebook,180.00,HU
102103,2025-01-20,android,google,180.00,DE
102104,2025-02-20,ios,affiliate,195.00,PL
102105,2025-01-04,android,affiliate,185.00,DE
102106,2025-02-07,ios,twitter,170.00,BG
102107,2025-02-05,ios,facebook,185.00,SI
102108,2025-01-05,android,google,40.00,LV
102109,2025-02-27,android,twitter,80.00,IE
102110,2025-02-06,android,instagram,185.00,RO
102111,2025-01-27,ios,twitter,115.00,IE
102112,2025-02-26,android,affiliate,85.00,HR
102113,2025-02-28,android,twitter,65.00,DK
102114,2025-02-05,android,google,110.00,IE
102115,2025-02-25,ios,facebook,65.00,LV
102116,2025-02-23,android,google,50.00,CZ
102117,2025-02-18,android,instagram,45.00,BG
102118,2025-02-24,ios,facebook,140.00,AT
102119,2025-01-10,ios,google,45.00,PL
102120,2025-02-03,android,twitter,125.00,PL
102121,2025-01-09,android,tiktok,40.00,ES
102122,2025-02-01,ios,tiktok,40.00,IE
102123,2025-02-26,android,twitter,155.00,CZ
102124,2025-02-17,ios,twitter,70.00,DE
102125,2025-01-25,ios,tiktok,185.00,SE
102126,2025-02-06,android,tiktok,35.00,PT
102127,2025-01-01,ios,affiliate,75.00,HU
102128,2025-02-20,android,tiktok,145.00,CZ
102129,2025-02-10,android,facebook,35.00,FR
102130,2025-01-02,ios,twitter,180.00,FI
102131,2025-02-01,android,google,55.00,MT
102132,2025-01-06,android,tiktok,135.00,SE
102133,2025-01-23,ios,instagram,30.00,IT
102134,2025-02-26,android,facebook,50.00,LT
102135,2025-02-28,android,twitter,95.00,FR
102136,2025-01-09,android,affiliate,45.00,MT
102137,2025-01-06,android,instagram,80.00,NL
102138,2025-02-22,ios,instagram,75.00,SK
102139,2025-02-18,ios,instagram,40.00,PT
102140,2025-02-16,android,google,120.00,PL
102141,2025-01-01,android,affiliate,130.00,IT
102142,2025-01-26,ios,facebook,35.00,IE
102143,2025-02-01,ios,tiktok,45.00,PL
102144,2025-01-04,android,tiktok,125.00,EE
102145,2025-01-19,android,google,130.00,LV
102146,2025-02-04,ios,google,155.00,EE
102147,2025-02-27,ios,facebook,155.00,SE
102148,2025-02-03,android,facebook,90.00,NL
102149,2025-01-04,android,instagram,85.00,IT
102150,2025-01-29,android,tiktok,90.00,SK
102151,2025-02-26,ios,facebook,130.00,LU
102152,2025-02-09,ios,tiktok,195.00,SE
102153,2025-01-01,android,instagram,180.00,CZ
102154,2025-01-16,ios,instagram,35.00,SI
102155,2025-01-13,ios,twitter,70.00,SE
102156,2025-02-04,ios,tiktok,45.00,LV
102157,2025-01-16,android,google,110.00,CZ
102158,2025-01-10,ios,affiliate,40.00,ES
102159,2025-01-31,ios,google,85.00,FI
102160,2025-01-23,android,instagram,120.00,ES
102161,2025-01-22,ios,affiliate,55.00,CZ
102162,2025-02-06,ios,instagram,180.00,IE
102163,2025-01-14,android,google,170.00,BG
102164,2025-01-03,ios,google,80.00,CZ
102165,2025-02-24,ios,tiktok,130.00,PT
102166,2025-01-18,ios,facebook,175.00,FR
102167,2025-01-08,android,affiliate,105.00,HU
102168,2025-02-18,ios,google,30.00,ES
102169,2025-02-22,ios,instagram,45.00,LV
102170,2025-01-27,android,facebook,75.00,MT
102171,2025-01-06,android,affiliate,30.00,SK
102172,2025-02-26,ios,google,45.00,HU
102173,2025-01-05,ios,affiliate,100.00,CY
102174,2025-02-28,ios,instagram,85.00,PL
102175,2025-02-19,ios,google,115.00,CY
102176,2025-01-19,android,tiktok,55.00,MT
102177,2025-02-28,ios,facebook,105.00,IT
102178,2025-02-16,android,google,90.00,RO
102179,2025-02-02,ios,google,200.00,HU
102180,2025-02-23,android,affiliate,65.00,DK
102181,2025-01-23,android,twitter,125.00,EE
102182,2025-01-19,android,instagram,75.00,FI
102183,2025-01-29,ios,twitter,150.00,FR
102184,2025-01-29,android,affiliate,150.00,PL
102185,2025-01-10,android,twitter,170.00,FR
102186,2025-01-08,ios,facebook,50.00,LV
102187,2025-01-29,ios,tiktok,175.00,CZ
102188,2025-01-02,android,twitter,45.00,ES
102189,2025-01-05,android,facebook,120.00,EE
102190,2025-02-10,android,affiliate,60.00,ES
102191,2025-01-26,ios,twitter,105.00,BG
102192,2025-02-18,ios,google,165.00,PL
102193,2025-01-12,ios,affiliate,175.00,DE
102194,2025-01-03,android,instagram,135.00,MT
102195,2025-01-25,android,twitter,55.00,DK
102196,2025-01-02,android,google,190.00,LU
102197,2025-01-10,android,facebook,170.00,BG
102198,2025-01-26,ios,facebook,180.00,IE
102199,2025-02-08,ios,instagram,100.00,BE
102200,2025-02-16,ios,facebook,190.00,BG
102201,2025-01-27,ios,facebook,190.00,GR
102202,2025-01-20,android,affiliate,135.00,IT
102203,2025-01-20,android,facebook,165.00,PL
102204,2025-01-02,ios,twitter,175.00,ES
102205,2025-02-03,ios,facebook,160.00,MT
102206,2025-01-06,android,facebook,95.00,PT
102207,2025-01-10,ios,google,70.00,NL
102208,2025-02-01,android,google,180.00,PT
102209,2025-02-10,ios,twitter,70.00,EE
102210,2025-02-28,ios,affiliate,40.00,LT
102211,2025-01-29,android,facebook,170.00,LV
102212,2025-01-19,ios,facebook,165.00,PL
102213,2025-01-10,ios,twitter,115.00,SK
102214,2025-02-28,ios,instagram,175.00,PT
102215,2025-02-17,ios,twitter,90.00,HR
102216,2025-02-25,ios,twitter,155.00,HR
102217,2025-02-03,android,affiliate,100.00,IE
102218,2025-02-14,android,affiliate,90.00,HR
102219,2025-02-18,android,facebook,75.00,EE
102220,2025-01-07,ios,twitter,145.00,RO
102221,2025-02-05,android,affiliate,45.00,SK
102222,2025-01-10,android,google,50.00,CZ
102223,2025-02-14,android,google,190.00,SE
102224,2025-02-01,android,affiliate,185.00,CY
102225,2025-02-17,ios,twitter,90.00,DK
102226,2025-01-10,ios,tiktok,120.00,BG
102227,2025-02-23,android,google,145.00,HU
102228,2025-02-21,android,tiktok,30.00,SE
102229,2025-01-25,ios,google,190.00,MT
102230,2025-01-15,ios,twitter,55.00,RO
102231,2025-02-28,android,facebook,170.00,HU
102232,2025-01-26,ios,instagram,160.00,HR
102233,2025-01-28,ios,affiliate,50.00,MT
102234,2025-02-26,android,twitter,150.00,PL
102235,2025-02-19,ios,facebook,155.00,IT
102236,2025-02-09,android,google,30.00,HU
102237,2025-02-22,ios,google,160.00,RO
102238,2025-02-01,ios,instagram,95.00,BE
102239,2025-02-02,android,facebook,110.00,RO
102240,2025-01-05,android,twitter,170.00,ES
102241,2025-02-03,ios,affiliate,105.00,ES
102242,2025-02-19,android,instagram,30.00,IE
102243,2025-02-27,ios,twitter,30.00,PL
102244,2025-01-16,android,facebook,150.00,DK
102245,2025-02-17,android,facebook,160.00,IE
102246,2025-01-18,ios,google,120.00,FR
102247,2025-01-19,android,tiktok,45.00,CY
102248,2025-01-13,ios,affiliate,130.00,DK
102249,2025-01-03,ios,affiliate,120.00,BG
102250,2025-01-01,android,facebook,115.00,ES
102251,2025-01-27,ios,google,180.00,IT
102252,2025-02-20,ios,google,175.00,CY
102253,2025-01-17,ios,instagram,50.00,LT
102254,2025-01-06,android,tiktok,35.00,IT
102255,2025-02-08,ios,instagram,75.00,CY
102256,2025-01-28,android,tiktok,65.00,PL
102257,2025-02-06,ios,google,130.00,HU
102258,2025-02-25,android,twitter,120.00,FI
102259,2025-01-02,ios,twitter,90.00,AT
102260,2025-02-12,android,facebook,125.00,DK
102261,2025-02-07,android,affiliate,140.00,AT
102262,2025-02-05,ios,tiktok,150.00,PT
102263,2025-02-12,ios,tiktok,165.00,HR
102264,2025-01-28,ios,twitter,190.00,CY
102265,2025-01-22,ios,instagram,160.00,PL
102266,2025-02-27,android,tiktok,180.00,IT
102267,2025-01-04,ios,facebook,165.00,RO
102268,2025-01-07,android,tiktok,200.00,HR
102269,2025-02-23,android,instagram,175.00,SI
102270,2025-01-28,android,twitter,35.00,ES
102271,2025-02-24,ios,google,170.00,FR
102272,2025-02-07,android,twitter,145.00,FI
102273,2025-01-01,android,twitter,80.00,RO
102274,2025-01-21,android,facebook,45.00,SE
102275,2025-01-05,ios,instagram,200.00,FI
102276,2025-01-28,android,instagram,60.00,FR
102277,2025-01-07,ios,facebook,145.00,BE
102278,2025-02-16,ios,instagram,175.00,IE
102279,2025-02-04,ios,google,120.00,SK
102280,2025-01-01,android,affiliate,105.00,SK
102281,2025-03-01,ios,google,155.00,HU
102282,2025-02-11,android,facebook,140.00,SE
102283,2025-01-21,ios,affiliate,185.00,DE
102284,2025-02-27,ios,instagram,100.00,IE
102285,2025-01-25,android,twitter,50.00,BG
102286,2025-02-15,ios,affiliate,145.00,HU
102287,2025-02-01,ios,tiktok,75.00,LU
102288,2025-02-15,ios,google,60.00,IE
102289,2025-02-11,ios,google,175.00,PT
102290,2025-01-16,android,facebook,150.00,HU
102291,2025-01-21,ios,facebook,125.00,BG
102292,2025-01-06,android,affiliate,80.00,MT
102293,2025-02-04,android,facebook,75.00,LU
102294,2025-02-10,android,affiliate,120.00,PT
102295,2025-02-11,ios,tiktok,135.00,LV
102296,2025-01-12,ios,google,140.00,CY
102297,2025-01-03,ios,instagram,195.00,PL
102298,2025-01-22,android,twitter,30.00,PT
102299,2025-02-16,ios,facebook,150.00,SE
102300,2025-01-13,android,google,125.00,SE
102301,2025-02-21,android,affiliate,150.00,IT
102302,2025-01-23,ios,google,155.00,CZ
102303,2025-02-24,android,google,140.00,LU
102304,2025-01-02,android,instagram,165.00,GR
102305,2025-02-13,android,facebook,160.00,BE
102306,2025-01-22,android,tiktok,155.00,LU
102307,2025-01-30,ios,twitter,165.00,PL
102308,2025-02-12,ios,instagram,95.00,PT
102309,2025-02-20,android,affiliate,145.00,DK
102310,2025-01-10,ios,affiliate,115.00,GR
102311,2025-02-20,ios,tiktok,40.00,SK
102312,2025-01-09,ios,tiktok,95.00,GR
102313,2025-01-11,android,tiktok,160.00,DE
102314,2025-02-24,ios,instagram,155.00,MT
102315,2025-01-19,ios,twitter,50.00,LT
102316,2025-01-28,ios,instagram,95.00,CZ
102317,2025-02-12,ios,tiktok,185.00,AT
102318,2025-02-16,ios,affiliate,135.00,DK
102319,2025-02-02,ios,google,90.00,SI
102320,2025-01-10,ios,instagram,165.00,HR
102321,2025-02-11,ios,affiliate,35.00,NL
102322,2025-02-19,android,tiktok,45.00,LU
102323,2025-01-13,android,tiktok,45.00,FI
102324,2025-02-03,android,instagram,55.00,FR
102325,2025-02-16,ios,facebook,55.00,PL
102326,2025-02-18,ios,facebook,60.00,EE
102327,2025-01-29,android,twitter,140.00,ES
102328,2025-01-24,ios,twitter,90.00,HR
102329,2025-01-07,ios,affiliate,155.00,EE
102330,2025-01-26,android,facebook,100.00,DK
102331,2025-01-07,android,instagram,180.00,FR
102332,2025-02-08,android,affiliate,120.00,FR
102333,2025-02-18,android,instagram,40.00,FR
102334,2025-02-12,android,tiktok,170.00,ES
102335,2025-01-03,ios,instagram,90.00,EE
102336,2025-02-22,ios,tiktok,170.00,SK
102337,2025-01-26,ios,google,155.00,HU
102338,2025-01-25,ios,affiliate,175.00,NL
102339,2025-01-09,ios,instagram,85.00,BG
102340,2025-01-01,ios,tiktok,175.00,IT
102341,2025-01-22,android,affiliate,145.00,ES
102342,2025-02-20,android,instagram,190.00,IE
102343,2025-02-23,android,facebook,40.00,MT
102344,2025-01-14,android,affiliate,60.00,FI
102345,2025-01-19,android,twitter,90.00,DK
102346,2025-02-14,ios,twitter,145.00,CY
102347,2025-01-11,android,tiktok,120.00,SI
102348,2025-01-30,ios,instagram,105.00,ES
102349,2025-01-18,android,affiliate,135.00,LU
102350,2025-02-17,android,twitter,160.00,IT
102351,2025-01-08,ios,instagram,65.00,EE
102352,2025-01-12,android,tiktok,45.00,CZ
102353,2025-02-09,android,tiktok,200.00,IE
102354,2025-01-28,android,google,150.00,SE
102355,2025-02-18,ios,affiliate,125.00,CZ
102356,2025-01-02,ios,tiktok,180.00,EE
102357,2025-02-23,android,facebook,70.00,DE
102358,2025-01-29,ios,instagram,55.00,FR
102359,2025-01-29,ios,tiktok,100.00,LU
102360,2025-01-03,android,tiktok,125.00,FI
102361,2025-02-09,ios,tiktok,170.00,DE
102362,2025-01-04,ios,tiktok,195.00,RO
102363,2025-02-21,android,google,65.00,CY
102364,2025-01-31,ios,affiliate,80.00,IE
102365,2025-01-27,ios,facebook,185.00,DK
102366,2025-01-02,android,affiliate,100.00,LU
102367,2025-02-18,ios,twitter,75.00,MT
102368,2025-01-31,android,affiliate,125.00,SE
102369,2025-02-25,ios,tiktok,115.00,MT
102370,2025-01-25,android,facebook,175.00,BE
102371,2025-01-09,ios,google,170.00,SI
102372,2025-02-06,ios,instagram,110.00,MT
102373,2025-02-08,ios,affiliate,175.00,SI
102374,2025-02-21,android,google,195.00,SK
102375,2025-02-06,android,google,180.00,IT
102376,2025-02-13,ios,facebook,30.00,HR
102377,2025-01-07,ios,facebook,60.00,ES
102378,2025-01-28,android,facebook,130.00,PL
102379,2025-02-27,android,tiktok,100.00,PT
102380,2025-01-23,ios,twitter,30.00,LV
102381,2025-01-21,ios,instagram,45.00,LV
102382,2025-02-05,android,tiktok,55.00,BE
102383,2025-02-22,android,facebook,115.00,SK
102384,2025-02-11,ios,instagram,80.00,PL
102385,2025-01-13,android,twitter,170.00,EE
102386,2025-01-16,ios,facebook,165.00,GR
102387,2025-02-28,ios,facebook,195.00,DK
102388,2025-02-14,android,facebook,195.00,MT
102389,2025-01-30,ios,affiliate,190.00,HU
102390,2025-01-10,android,google,170.00,NL
102391,2025-01-15,ios,facebook,40.00,DK
102392,2025-01-26,ios,instagram,150.00,SI
102393,2025-01-12,android,twitter,140.00,SE
102394,2025-01-23,ios,tiktok,100.00,DK
102395,2025-02-01,android,facebook,65.00,GR
102396,2025-02-07,android,google,35.00,IE
102397,2025-01-03,android,facebook,165.00,HU
102398,2025-01-30,android,twitter,70.00,LU
102399,2025-01-30,android,tiktok,100.00,ES
102400,2025-01-28,ios,affiliate,180.00,CZ
102401,2025-02-15,android,twitter,105.00,LT
102402,2025-02-05,ios,affiliate,80.00,FR
102403,2025-01-10,ios,facebook,115.00,HR
102404,2025-01-15,ios,tiktok,120.00,CY
102405,2025-02-01,android,tiktok,135.00,LU
102406,2025-01-06,android,google,160.00,HU
102407,2025-02-27,android,instagram,105.00,DE
102408,2025-01-12,android,twitter,140.00,IT
102409,2025-01-08,android,tiktok,50.00,HU
102410,2025-01-22,ios,twitter,90.00,NL
102411,2025-01-21,android,instagram,140.00,LV
102412,2025-01-15,ios,facebook,75.00,PT
102413,2025-02-25,ios,affiliate,100.00,LU
102414,2025-02-17,android,tiktok,190.00,LU
102415,2025-02-25,android,google,185.00,NL
102416,2025-02-25,ios,facebook,170.00,SK
102417,2025-01-29,ios,affiliate,45.00,PL
102418,2025-01-13,android,facebook,125.00,HR
102419,2025-01-02,android,twitter,120.00,RO
102420,2025-02-02,android,facebook,200.00,IT
102421,2025-02-07,android,google,70.00,LT
102422,2025-01-20,ios,instagram,110.00,IT
102423,2025-01-31,android,google,180.00,LU
102424,2025-01-10,android,tiktok,90.00,PT
102425,2025-01-27,ios,affiliate,195.00,FR
102426,2025-01-15,android,instagram,35.00,NL
102427,2025-01-13,android,twitter,105.00,BG
102428,2025-02-21,android,tiktok,170.00,CY
102429,2025-01-21,ios,twitter,145.00,LV
102430,2025-01-11,android,twitter,165.00,NL
102431,2025-03-01,ios,instagram,160.00,FR
102432,2025-02-04,android,google,40.00,EE
102433,2025-01-31,ios,google,195.00,SK
102434,2025-02-19,ios,google,105.00,DE
102435,2025-02-05,ios,twitter,135.00,EE
102436,2025-01-15,android,instagram,195.00,FI
102437,2025-02-27,ios,google,175.00,IT
102438,2025-01-16,android,affiliate,40.00,HR
102439,2025-01-10,android,tiktok,55.00,CZ
102440,2025-01-04,android,instagram,145.00,CY
102441,2025-01-19,android,google,185.00,LU
102442,2025-01-10,android,instagram,55.00,HR
102443,2025-01-25,android,facebook,45.00,MT
102444,2025-01-19,ios,facebook,140.00,PT
102445,2025-01-11,ios,tiktok,135.00,DK
102446,2025-02-24,ios,instagram,155.00,GR
102447,2025-02-28,android,affiliate,120.00,BG
102448,2025-01-21,android,google,155.00,AT
102449,2025-01-04,ios,twitter,145.00,PL
102450,2025-02-11,ios,instagram,170.00,SI
102451,2025-01-25,ios,tiktok,175.00,ES
102452,2025-02-01,ios,facebook,195.00,GR
102453,2025-01-18,ios,affiliate,35.00,LV
102454,2025-02-23,ios,google,150.00,SI
102455,2025-01-23,ios,facebook,60.00,GR
102456,2025-02-13,android,facebook,175.00,MT
102457,2025-02-10,android,affiliate,85.00,ES
102458,2025-01-25,android,instagram,130.00,EE
102459,2025-01-10,android,google,55.00,IT
102460,2025-01-01,android,tiktok,70.00,PL
102461,2025-01-04,ios,google,160.00,PL
102462,2025-02-09,ios,google,130.00,SI
102463,2025-01-22,ios,twitter,150.00,LT
102464,2025-01-17,ios,instagram,100.00,HR
102465,2025-01-14,android,twitter,150.00,PT
102466,2025-02-19,android,instagram,55.00,PL
102467,2025-02-24,android,twitter,145.00,CZ
102468,2025-01-15,ios,facebook,195.00,MT
102469,2025-02-23,android,twitter,105.00,FI
102470,2025-02-07,ios,instagram,155.00,BE
102471,2025-02-25,android,affiliate,145.00,GR
102472,2025-01-13,ios,tiktok,70.00,RO
102473,2025-02-06,ios,tiktok,150.00,SK
102474,2025-01-02,ios,affiliate,150.00,DK
102475,2025-01-26,android,twitter,150.00,FI
102476,2025-02-13,android,google,75.00,GR
102477,2025-01-22,ios,affiliate,175.00,LV
102478,2025-01-29,ios,tiktok,35.00,IE
102479,2025-01-30,ios,facebook,105.00,HR
102480,2025-01-20,android,facebook,95.00,SK
102481,2025-01-16,android,affiliate,45.00,FR
102482,2025-02-12,android,tiktok,40.00,DK
102483,2025-02-14,ios,instagram,50.00,DE
102484,2025-02-25,android,google,195.00,IT
102485,2025-02-22,ios,affiliate,175.00,NL
102486,2025-01-09,android,google,190.00,GR
102487,2025-01-20,android,facebook,125.00,MT
102488,2025-01-17,android,facebook,180.00,FR
102489,2025-02-24,android,tiktok,45.00,IT
102490,2025-01-15,android,google,70.00,ES
102491,2025-01-30,ios,twitter,80.00,CZ
102492,2025-03-01,android,affiliate,45.00,CZ
102493,2025-02-24,ios,google,140.00,LV
102494,2025-01-17,ios,google,45.00,NL
102495,2025-01-30,android,tiktok,145.00,LU
102496,2025-02-15,android,instagram,185.00,IE
102497,2025-02-19,ios,twitter,200.00,IT
102498,2025-02-27,android,tiktok,60.00,RO
102499,2025-01-20,android,instagram,165.00,LT
102500,2025-01-24,android,tiktok,170.00,DE
102501,2025-02-21,android,twitter,190.00,LT
102502,2025-01-20,ios,instagram,70.00,LV
102503,2025-02-26,ios,affiliate,70.00,SI
102504,2025-02-09,android,facebook,175.00,SE
102505,2025-01-23,android,google,75.00,HU
102506,2025-02-15,ios,tiktok,80.00,PL
102507,2025-01-29,android,tiktok,50.00,DK
102508,2025-03-01,ios,affiliate,45.00,BE
102509,2025-01-28,android,google,120.00,LU
102510,2025-01-13,ios,facebook,55.00,FR
102511,2025-02-06,ios,twitter,110.00,LT
102512,2025-01-04,ios,instagram,105.00,FR
102513,2025-02-07,ios,tiktok,65.00,BG
102514,2025-02-25,android,tiktok,185.00,SI
102515,2025-01-02,android,instagram,190.00,SE
102516,2025-01-11,android,google,65.00,SE
102517,2025-02-01,android,tiktok,120.00,MT
102518,2025-02-07,android,facebook,85.00,SK
102519,2025-02-15,ios,twitter,50.00,NL
102520,2025-02-13,android,instagram,120.00,FI
102521,2025-01-23,ios,google,110.00,FR
102522,2025-02-24,ios,facebook,45.00,GR
102523,2025-02-11,android,facebook,105.00,LU
102524,2025-02-11,ios,instagram,95.00,FI
102525,2025-02-03,android,affiliate,175.00,LV
102526,2025-01-13,android,tiktok,100.00,IE
102527,2025-01-18,android,twitter,50.00,MT
102528,2025-02-09,ios,tiktok,85.00,DK
102529,2025-02-11,ios,twitter,140.00,FI
102530,2025-02-24,android,tiktok,120.00,SI
102531,2025-01-17,android,affiliate,130.00,CZ
102532,2025-02-09,ios,facebook,200.00,DE
102533,2025-01-27,ios,instagram,115.00,ES
102534,2025-01-13,android,affiliate,185.00,AT
102535,2025-01-12,ios,facebook,70.00,PT
102536,2025-01-19,android,tiktok,115.00,DE
102537,2025-02-26,android,twitter,45.00,BE
102538,2025-01-18,android,twitter,115.00,PL
102539,2025-02-08,android,tiktok,80.00,PL
102540,2025-01-25,ios,instagram,180.00,IT
102541,2025-02-09,ios,twitter,45.00,SE
102542,2025-01-17,ios,affiliate,35.00,DK
102543,2025-01-06,android,tiktok,75.00,CY
102544,2025-02-26,android,facebook,190.00,SK
102545,2025-01-14,android,affiliate,190.00,GR
102546,2025-01-04,ios,twitter,95.00,NL
102547,2025-01-08,ios,instagram,175.00,LV
102548,2025-02-01,android,tiktok,70.00,EE
102549,2025-02-07,ios,twitter,100.00,LU
102550,2025-02-22,ios,instagram,170.00,FI
102551,2025-01-28,ios,affiliate,60.00,IE
102552,2025-02-23,android,twitter,110.00,LT
102553,2025-01-22,android,twitter,195.00,NL
102554,2025-02-07,ios,tiktok,155.00,RO
102555,2025-01-08,android,twitter,120.00,LT
102556,2025-01-06,android,tiktok,150.00,LV
102557,2025-02-04,android,google,75.00,LV
102558,2025-02-28,ios,affiliate,115.00,SE
102559,2025-02-28,android,affiliate,155.00,FR
102560,2025-01-05,android,facebook,125.00,LU
102561,2025-01-25,android,twitter,155.00,EE
102562,2025-01-31,ios,affiliate,50.00,IT
102563,2025-02-27,ios,google,200.00,PT
102564,2025-01-22,ios,instagram,85.00,EE
102565,2025-02-14,ios,google,90.00,RO
102566,2025-02-19,ios,twitter,180.00,SI
102567,2025-02-21,android,google,190.00,BE
102568,2025-02-23,ios,twitter,185.00,HR
102569,2025-01-01,ios,affiliate,50.00,CY
102570,2025-01-17,android,instagram,145.00,LV
102571,2025-01-08,ios,tiktok,190.00,CY
102572,2025-02-14,ios,google,115.00,IE
102573,2025-01-08,ios,twitter,135.00,SI
102574,2025-01-26,ios,tiktok,150.00,CY
102575,2025-01-13,android,tiktok,130.00,IT
102576,2025-02-18,android,affiliate,150.00,PL
102577,2025-01-16,ios,instagram,90.00,IE
102578,2025-02-23,android,facebook,40.00,MT
102579,2025-01-17,android,facebook,160.00,IE
102580,2025-01-13,ios,tiktok,70.00,DK
102581,2025-01-29,android,google,180.00,FI
102582,2025-01-18,ios,tiktok,110.00,LV
102583,2025-01-21,android,tiktok,45.00,LU
102584,2025-02-17,ios,twitter,110.00,SK
102585,2025-02-09,ios,google,195.00,ES
102586,2025-01-15,android,tiktok,55.00,SE
102587,2025-01-10,android,twitter,50.00,IT
102588,2025-02-22,ios,facebook,120.00,PL
102589,2025-02-21,android,tiktok,105.00,SI
102590,2025-02-26,android,google,115.00,DK
102591,2025-02-23,android,facebook,160.00,CY
102592,2025-02-13,android,tiktok,35.00,CZ
102593,2025-02-03,ios,affiliate,195.00,BE
102594,2025-02-01,ios,twitter,170.00,CZ
102595,2025-02-02,ios,google,130.00,BG
102596,2025-02-26,ios,affiliate,175.00,CY
102597,2025-01-08,ios,facebook,30.00,HR
102598,2025-01-12,ios,twitter,160.00,FI
102599,2025-02-09,android,google,80.00,LU
102600,2025-02-20,android,google,75.00,PT
102601,2025-02-12,ios,facebook,75.00,EE
102602,2025-02-02,ios,facebook,55.00,ES
102603,2025-01-29,ios,twitter,55.00,EE
102604,2025-02-09,ios,affiliate,165.00,MT
102605,2025-01-06,ios,twitter,180.00,HR
102606,2025-02-07,android,affiliate,150.00,LV
102607,2025-02-20,ios,facebook,190.00,EE
102608,2025-02-10,ios,google,35.00,EE
102609,2025-02-20,android,affiliate,50.00,BG
102610,2025-02-18,android,google,175.00,AT
102611,2025-01-02,android,affiliate,35.00,BG
102612,2025-01-19,android,google,175.00,BE
102613,2025-02-28,ios,google,125.00,LU
102614,2025-01-19,ios,tiktok,200.00,LT
102615,2025-01-28,android,facebook,115.00,LT
102616,2025-02-24,android,instagram,45.00,PL
102617,2025-02-21,ios,tiktok,155.00,EE
102618,2025-01-26,android,instagram,170.00,IE
102619,2025-02-05,android,facebook,160.00,DK
102620,2025-02-21,android,instagram,55.00,GR
102621,2025-01-17,ios,tiktok,90.00,ES
102622,2025-02-24,android,facebook,125.00,PL
102623,2025-01-19,ios,facebook,180.00,FR
102624,2025-02-04,android,tiktok,155.00,EE
102625,2025-02-25,android,instagram,200.00,CY
102626,2025-01-01,ios,facebook,105.00,EE
102627,2025-02-17,android,google,30.00,BE
102628,2025-01-12,android,tiktok,85.00,PL
102629,2025-01-16,ios,twitter,55.00,RO
102630,2025-02-07,android,tiktok,55.00,PT
102631,2025-01-09,android,affiliate,130.00,NL
102632,2025-02-25,ios,twitter,40.00,SK
102633,2025-01-24,ios,tiktok,130.00,SE
102634,2025-02-14,android,facebook,90.00,LT
102635,2025-02-03,android,google,150.00,DK
102636,2025-01-24,android,tiktok,80.00,RO
102637,2025-02-11,ios,google,170.00,EE
102638,2025-01-20,android,facebook,185.00,SK
102639,2025-01-10,android,google,75.00,IE
102640,2025-01-24,ios,instagram,145.00,FR
102641,2025-02-27,ios,tiktok,180.00,SE
102642,2025-02-18,ios,google,100.00,BG
102643,2025-01-12,android,facebook,75.00,LU
102644,2025-02-13,android,tiktok,40.00,GR
102645,2025-02-03,android,affiliate,145.00,LV
102646,2025-02-19,ios,facebook,155.00,FR
102647,2025-01-23,ios,affiliate,105.00,HR
102648,2025-02-17,ios,tiktok,150.00,FR
102649,2025-01-01,ios,twitter,110.00,CY
102650,2025-01-02,android,tiktok,30.00,LT
102651,2025-02-27,android,facebook,145.00,SE
102652,2025-01-20,android,facebook,150.00,PL
102653,2025-01-22,ios,tiktok,45.00,HR
102654,2025-02-02,ios,affiliate,125.00,ES
102655,2025-01-15,android,affiliate,190.00,NL
102656,2025-02-15,ios,affiliate,190.00,HU
102657,2025-02-15,ios,facebook,70.00,DK
102658,2025-01-24,ios,tiktok,95.00,DK
102659,2025-01-05,ios,tiktok,150.00,FR
102660,2025-02-12,ios,instagram,120.00,ES
102661,2025-02-16,ios,facebook,135.00,SK
102662,2025-01-27,ios,google,180.00,SE
102663,2025-01-28,ios,tiktok,125.00,FR
102664,2025-02-09,ios,twitter,50.00,LV
102665,2025-01-03,ios,facebook,120.00,FR
102666,2025-01-10,ios,facebook,100.00,SE
102667,2025-02-18,ios,tiktok,40.00,IT
102668,2025-01-11,android,google,105.00,MT
102669,2025-01-05,ios,google,180.00,SE
102670,2025-02-22,ios,facebook,115.00,NL
102671,2025-02-25,ios,google,65.00,AT
102672,2025-02-07,ios,google,185.00,SE
102673,2025-01-09,android,instagram,80.00,EE
102674,2025-01-02,android,twitter,160.00,NL
102675,2025-03-01,android,instagram,200.00,LV
102676,2025-01-11,ios,instagram,120.00,CZ
102677,2025-01-12,android,instagram,150.00,AT
102678,2025-01-13,android,facebook,140.00,RO
102679,2025-02-23,ios,instagram,90.00,MT
102680,2025-01-30,android,tiktok,145.00,BG
102681,2025-01-31,android,affiliate,155.00,ES
102682,2025-02-25,ios,instagram,120.00,SK
102683,2025-02-24,android,twitter,120.00,GR
102684,2025-01-25,android,instagram,60.00,MT
102685,2025-02-24,ios,twitter,120.00,RO
102686,2025-02-06,android,twitter,80.00,HU
102687,2025-01-01,android,google,75.00,SE
102688,2025-02-11,ios,twitter,145.00,SI
102689,2025-01-21,ios,facebook,175.00,LT
102690,2025-01-22,ios,twitter,60.00,SK
102691,2025-02-14,ios,tiktok,175.00,DK
102692,2025-02-16,ios,google,115.00,FI
102693,2025-02-23,ios,facebook,115.00,CY
102694,2025-01-17,ios,affiliate,175.00,CY
102695,2025-02-17,android,instagram,80.00,ES
102696,2025-01-06,ios,facebook,195.00,LT
102697,2025-01-14,android,google,100.00,LU
102698,2025-01-15,android,google,165.00,AT
102699,2025-01-27,android,facebook,65.00,HU
102700,2025-01-31,ios,twitter,175.00,BE
102701,2025-02-04,ios,facebook,190.00,AT
102702,2025-01-05,ios,facebook,80.00,ES
102703,2025-02-18,android,twitter,65.00,NL
102704,2025-02-03,android,tiktok,190.00,PT
102705,2025-01-05,android,instagram,190.00,EE
102706,2025-01-06,ios,google,190.00,LT
102707,2025-02-19,ios,instagram,165.00,NL
102708,2025-01-17,android,instagram,165.00,FI
102709,2025-01-14,ios,facebook,40.00,CY
102710,2025-02-13,android,facebook,140.00,IT
102711,2025-01-19,ios,instagram,130.00,RO
102712,2025-02-16,android,instagram,185.00,SI
102713,2025-01-17,android,instagram,35.00,LT
102714,2025-01-20,ios,affiliate,125.00,EE
102715,2025-02-01,android,instagram,185.00,EE
102716,2025-02-13,ios,facebook,85.00,FI
102717,2025-01-17,ios,google,35.00,SK
102718,2025-02-19,ios,tiktok,200.00,IE
102719,2025-02-01,android,instagram,55.00,HR
102720,2025-01-06,android,instagram,90.00,PT
102721,2025-01-14,ios,affiliate,145.00,EE
102722,2025-01-15,ios,twitter,110.00,BG
102723,2025-01-04,ios,facebook,125.00,FI
102724,2025-01-16,android,instagram,45.00,CZ
102725,2025-01-04,android,tiktok,180.00,DK
102726,2025-01-28,ios,affiliate,175.00,FR
102727,2025-01-02,ios,instagram,90.00,RO
102728,2025-02-23,android,twitter,110.00,LU
102729,2025-01-15,ios,twitter,65.00,EE
102730,2025-01-09,android,facebook,75.00,LU
102731,2025-01-02,android,affiliate,40.00,IT
102732,2025-02-25,ios,tiktok,45.00,DE
102733,2025-02-08,android,tiktok,75.00,SK
102734,2025-02-26,ios,tiktok,75.00,HU
102735,2025-01-30,ios,facebook,65.00,CZ
102736,2025-01-18,ios,affiliate,150.00,NL
102737,2025-02-22,android,instagram,160.00,HU
102738,2025-03-01,android,google,60.00,DE
102739,2025-02-14,ios,facebook,165.00,BE
102740,2025-01-30,android,instagram,55.00,IE
102741,2025-02-27,android,twitter,130.00,SE
102742,2025-02-13,ios,tiktok,55.00,PT
102743,2025-01-23,ios,affiliate,165.00,PT
102744,2025-02-11,ios,google,105.00,GR
102745,2025-02-09,android,affiliate,175.00,PL
102746,2025-01-09,ios,affiliate,135.00,NL
102747,2025-01-20,android,affiliate,80.00,SI
102748,2025-02-25,ios,google,200.00,IE
102749,2025-01-03,android,affiliate,180.00,SE
102750,2025-02-12,ios,affiliate,165.00,LV
102751,2025-01-04,android,affiliate,95.00,DK
102752,2025-01-17,android,facebook,90.00,IT
102753,2025-01-05,android,google,50.00,ES
102754,2025-02-25,ios,google,60.00,RO
102755,2025-01-22,ios,affiliate,120.00,BG
102756,2025-01-22,ios,twitter,160.00,PT
102757,2025-01-11,ios,instagram,75.00,PL
102758,2025-02-11,ios,twitter,30.00,CY
102759,2025-03-01,android,affiliate,160.00,ES
102760,2025-01-14,ios,affiliate,150.00,IE
102761,2025-02-18,ios,google,130.00,ES
102762,2025-01-09,android,twitter,85.00,AT
102763,2025-01-19,android,google,185.00,HU
102764,2025-01-05,ios,google,115.00,LT
102765,2025-01-23,android,tiktok,195.00,EE
102766,2025-01-28,ios,tiktok,75.00,IT
102767,2025-02-25,android,tiktok,100.00,IT
102768,2025-01-25,android,affiliate,135.00,BE
102769,2025-02-11,ios,instagram,130.00,MT
102770,2025-02-27,ios,facebook,70.00,FI
102771,2025-02-10,ios,google,45.00,IE
102772,2025-02-04,ios,instagram,130.00,ES
102773,2025-02-03,ios,affiliate,90.00,SE
102774,2025-01-11,android,instagram,50.00,PL
102775,2025-01-21,ios,google,45.00,IE
102776,2025-01-07,ios,tiktok,130.00,MT
102777,2025-01-02,android,tiktok,125.00,BE
102778,2025-02-11,ios,google,55.00,DE
102779,2025-02-28,ios,facebook,55.00,DK
102780,2025-02-18,ios,twitter,105.00,LU
102781,2025-02-04,android,tiktok,120.00,MT
102782,2025-01-26,android,affiliate,165.00,SE
102783,2025-02-26,android,tiktok,85.00,GR
102784,2025-02-16,android,tiktok,65.00,MT
102785,2025-02-11,ios,google,105.00,IE
102786,2025-01-13,android,instagram,190.00,HR
102787,2025-02-23,android,google,120.00,EE
102788,2025-02-28,ios,instagram,160.00,IT
102789,2025-01-15,android,tiktok,185.00,DE
102790,2025-01-07,ios,affiliate,195.00,SK
102791,2025-02-24,android,instagram,150.00,ES
102792,2025-02-09,ios,instagram,195.00,AT
102793,2025-01-13,ios,facebook,50.00,BG
102794,2025-01-17,ios,tiktok,120.00,DE
102795,2025-01-17,android,instagram,90.00,BE
102796,2025-01-21,ios,affiliate,75.00,SE
102797,2025-01-26,android,instagram,85.00,EE
102798,2025-01-28,android,twitter,45.00,DK
102799,2025-02-16,android,facebook,80.00,GR
102800,2025-01-30,android,tiktok,175.00,NL
102801,2025-01-14,ios,tiktok,200.00,LU
102802,2025-02-14,ios,facebook,160.00,RO
102803,2025-02-06,android,affiliate,140.00,CY
102804,2025-01-15,android,tiktok,190.00,LU
102805,2025-02-15,ios,twitter,180.00,FI
102806,2025-01-13,android,google,175.00,GR
102807,2025-02-06,ios,affiliate,195.00,MT
102808,2025-02-21,ios,instagram,40.00,PL
102809,2025-01-25,ios,google,40.00,LU
102810,2025-02-05,android,twitter,45.00,PT
102811,2025-02-01,ios,tiktok,110.00,CY
102812,2025-01-05,ios,google,115.00,SI
102813,2025-01-30,ios,twitter,100.00,HU
102814,2025-01-23,ios,google,35.00,LV
102815,2025-02-12,ios,facebook,30.00,BE
102816,2025-01-29,android,affiliate,175.00,DE
102817,2025-02-21,ios,twitter,30.00,GR
102818,2025-02-05,ios,tiktok,150.00,LT
102819,2025-02-20,ios,affiliate,115.00,LU
102820,2025-01-06,android,instagram,85.00,SI
102821,2025-01-15,android,google,145.00,AT
102822,2025-01-09,android,facebook,175.00,CZ
102823,2025-02-19,android,google,75.00,GR
102824,2025-01-20,android,twitter,70.00,ES
102825,2025-01-11,ios,affiliate,180.00,LV
102826,2025-02-27,android,tiktok,75.00,AT
102827,2025-02-13,ios,affiliate,30.00,MT
102828,2025-02-11,android,instagram,190.00,FR
102829,2025-01-31,ios,instagram,165.00,LV
102830,2025-01-19,android,tiktok,160.00,FI
102831,2025-01-31,android,facebook,50.00,IT
102832,2025-02-26,android,facebook,150.00,NL
102833,2025-01-31,android,affiliate,90.00,MT
102834,2025-02-22,android,instagram,90.00,SI
102835,2025-02-28,android,affiliate,100.00,LV
102836,2025-01-02,ios,instagram,70.00,CZ
102837,2025-01-24,android,google,100.00,SE
102838,2025-01-16,android,facebook,115.00,ES
102839,2025-02-08,android,twitter,170.00,CZ
102840,2025-02-12,android,twitter,110.00,HR
102841,2025-01-11,android,instagram,75.00,BG
102842,2025-01-04,ios,instagram,125.00,NL
102843,2025-02-16,android,affiliate,65.00,MT
102844,2025-01-31,android,facebook,200.00,HU
102845,2025-01-11,android,tiktok,150.00,SI
102846,2025-01-01,android,affiliate,55.00,HU
102847,2025-02-22,ios,facebook,140.00,DK
102848,2025-01-02,android,tiktok,40.00,SE
102849,2025-01-04,android,twitter,85.00,ES
102850,2025-01-26,android,google,180.00,HR
102851,2025-02-19,android,affiliate,150.00,SI
102852,2025-02-14,ios,google,90.00,DK
102853,2025-01-03,ios,google,165.00,HR
102854,2025-02-18,ios,instagram,30.00,FI
102855,2025-02-18,android,affiliate,90.00,LT
102856,2025-03-01,android,instagram,150.00,HR
102857,2025-01-20,android,google,40.00,LU
102858,2025-01-25,android,facebook,165.00,FI
102859,2025-01-10,android,twitter,85.00,PT
102860,2025-02-09,ios,twitter,180.00,LU
102861,2025-02-25,ios,facebook,180.00,MT
102862,2025-02-11,ios,twitter,35.00,BG
102863,2025-02-23,android,affiliate,65.00,HR
102864,2025-01-22,android,google,80.00,AT
102865,2025-02-19,android,facebook,60.00,PT
102866,2025-02-10,android,instagram,100.00,SE
102867,2025-02-01,ios,twitter,140.00,GR
102868,2025-01-02,android,tiktok,145.00,ES
102869,2025-01-09,android,instagram,130.00,FI
102870,2025-01-09,ios,instagram,145.00,BG
102871,2025-02-26,ios,instagram,85.00,SE
102872,2025-01-20,ios,tiktok,40.00,MT
102873,2025-01-02,ios,facebook,40.00,FR
102874,2025-03-01,ios,facebook,65.00,MT
102875,2025-02-23,android,google,105.00,RO
102876,2025-01-31,android,instagram,145.00,CZ
102877,2025-01-02,android,twitter,135.00,IE
102878,2025-01-12,android,instagram,155.00,DK
102879,2025-01-20,android,facebook,65.00,LT
102880,2025-01-24,ios,instagram,115.00,BE
102881,2025-02-15,ios,affiliate,125.00,SK
102882,2025-01-18,android,instagram,75.00,LU
102883,2025-02-03,ios,facebook,75.00,EE
102884,2025-01-12,ios,facebook,55.00,SK
102885,2025-01-06,android,tiktok,125.00,GR
102886,2025-02-05,ios,facebook,115.00,ES
102887,2025-01-16,ios,tiktok,195.00,SI
102888,2025-02-25,android,facebook,150.00,BG
102889,2025-02-02,android,affiliate,75.00,AT
102890,2025-01-20,ios,facebook,105.00,IT
102891,2025-01-03,ios,twitter,110.00,PL
102892,2025-02-14,ios,affiliate,100.00,MT
102893,2025-02-28,ios,facebook,130.00,ES
102894,2025-01-21,android,twitter,55.00,NL
102895,2025-01-14,android,instagram,200.00,RO
102896,2025-01-14,ios,twitter,100.00,IT
102897,2025-01-16,ios,facebook,155.00,RO
102898,2025-01-23,ios,twitter,125.00,RO
102899,2025-01-07,ios,google,115.00,IE
102900,2025-01-15,ios,affiliate,65.00,CY
102901,2025-02-10,ios,twitter,80.00,SK
102902,2025-02-13,android,google,55.00,DK
102903,2025-02-14,ios,tiktok,155.00,LV
102904,2025-01-23,ios,instagram,150.00,LU
102905,2025-02-28,android,tiktok,95.00,AT
102906,2025-02-12,ios,twitter,105.00,GR
102907,2025-01-31,android,facebook,90.00,LV
102908,2025-01-28,android,facebook,45.00,LV
102909,2025-02-23,ios,twitter,165.00,DE
102910,2025-02-01,android,google,100.00,EE
102911,2025-02-28,android,twitter,130.00,CY
102912,2025-01-05,ios,facebook,110.00,DE
102913,2025-01-06,android,facebook,65.00,CY
102914,2025-01-31,android,tiktok,145.00,GR
102915,2025-02-14,android,affiliate,185.00,IT
102916,2025-01-27,android,instagram,130.00,MT
102917,2025-02-24,android,google,70.00,PT
102918,2025-02-13,ios,facebook,55.00,NL
102919,2025-01-11,android,affiliate,155.00,CZ
102920,2025-02-23,ios,facebook,140.00,IE
102921,2025-01-29,android,affiliate,110.00,DE
102922,2025-01-16,android,tiktok,55.00,DK
102923,2025-02-15,ios,facebook,155.00,RO
102924,2025-02-27,android,tiktok,145.00,AT
102925,2025-01-01,ios,affiliate,185.00,EE
102926,2025-01-29,ios,google,190.00,NL
102927,2025-01-08,android,instagram,195.00,SI
102928,2025-02-20,android,facebook,160.00,FI
102929,2025-03-01,android,affiliate,165.00,SE
102930,2025-01-27,android,affiliate,55.00,SE
102931,2025-01-20,android,affiliate,185.00,LT
102932,2025-01-09,android,tiktok,45.00,MT
102933,2025-02-20,android,tiktok,155.00,DE
102934,2025-02-07,android,instagram,55.00,EE
102935,2025-02-12,android,facebook,115.00,LU
102936,2025-03-01,android,tiktok,35.00,BE
102937,2025-01-28,ios,affiliate,150.00,AT
102938,2025-02-22,ios,facebook,55.00,ES
102939,2025-02-12,ios,facebook,150.00,SI
102940,2025-02-21,ios,instagram,180.00,LU
102941,2025-01-26,android,instagram,195.00,FR
102942,2025-01-26,ios,facebook,200.00,GR
102943,2025-01-13,android,tiktok,115.00,LT
102944,2025-01-20,android,affiliate,90.00,HU
102945,2025-02-17,android,twitter,50.00,HU
102946,2025-01-12,android,twitter,110.00,FI
102947,2025-02-24,ios,facebook,160.00,DK
102948,2025-01-26,ios,tiktok,70.00,MT
102949,2025-01-11,android,tiktok,75.00,FR
102950,2025-02-12,android,facebook,160.00,EE
102951,2025-01-06,ios,twitter,145.00,ES
102952,2025-02-07,android,affiliate,125.00,GR
102953,2025-01-28,android,tiktok,145.00,HR
102954,2025-02-09,android,affiliate,50.00,GR
102955,2025-02-21,android,facebook,200.00,MT
102956,2025-02-25,android,affiliate,55.00,FI
102957,2025-02-08,android,tiktok,115.00,HU
102958,2025-01-25,ios,twitter,195.00,PL
102959,2025-02-07,android,google,30.00,GR
102960,2025-02-12,android,twitter,85.00,HR
102961,2025-02-06,android,google,160.00,IE
102962,2025-01-24,ios,facebook,45.00,CZ
102963,2025-01-13,ios,instagram,140.00,DK
102964,2025-02-23,android,google,45.00,NL
102965,2025-02-21,ios,affiliate,165.00,BE
102966,2025-01-11,android,facebook,100.00,BG
102967,2025-01-07,android,google,50.00,HR
102968,2025-01-11,android,facebook,50.00,BG
102969,2025-02-10,ios,instagram,125.00,GR
102970,2025-01-23,android,twitter,100.00,EE
102971,2025-02-12,ios,google,100.00,DE
102972,2025-01-26,android,instagram,85.00,HU
102973,2025-01-29,android,facebook,175.00,FI
102974,2025-02-05,android,twitter,160.00,SK
102975,2025-02-04,android,google,50.00,SK
102976,2025-01-17,android,twitter,60.00,AT
102977,2025-02-15,android,tiktok,135.00,SE
102978,2025-01-29,android,google,130.00,LU
102979,2025-02-15,ios,tiktok,165.00,FI
102980,2025-02-20,ios,google,65.00,AT
102981,2025-02-28,android,instagram,190.00,SE
102982,2025-02-23,android,google,125.00,IT
102983,2025-02-07,ios,tiktok,45.00,RO
102984,2025-01-25,ios,twitter,145.00,DK
102985,2025-01-22,android,google,160.00,HR
102986,2025-02-18,android,twitter,200.00,LU
102987,2025-01-10,ios,twitter,120.00,NL
102988,2025-02-17,ios,affiliate,85.00,PT
102989,2025-02-07,ios,twitter,200.00,NL
102990,2025-02-02,android,facebook,55.00,LV
102991,2025-02-22,android,tiktok,30.00,SE
102992,2025-01-04,android,facebook,40.00,CZ
102993,2025-02-12,android,twitter,30.00,SK
102994,2025-01-04,android,tiktok,185.00,DK
102995,2025-01-30,android,instagram,140.00,ES
102996,2025-02-04,android,google,65.00,RO
102997,2025-01-24,android,affiliate,150.00,AT
102998,2025-02-19,ios,facebook,35.00,ES
102999,2025-02-12,ios,twitter,95.00,BG
103000,2025-01-14,ios,affiliate,200.00,FI
103001,2025-01-28,android,google,120.00,FI
103002,2025-01-16,android,twitter,170.00,CY
103003,2025-02-28,ios,twitter,140.00,SI
103004,2025-01-04,android,tiktok,30.00,PT
103005,2025-02-08,ios,instagram,105.00,SK
103006,2025-01-26,android,tiktok,65.00,EE
103007,2025-02-10,android,facebook,155.00,LU
103008,2025-01-30,ios,tiktok,85.00,AT
103009,2025-01-02,android,affiliate,30.00,LV
103010,2025-01-30,android,affiliate,150.00,SI
103011,2025-01-26,ios,tiktok,45.00,PL
103012,2025-01-07,ios,instagram,160.00,ES
103013,2025-02-27,ios,instagram,180.00,RO
103014,2025-01-26,android,tiktok,185.00,IT
103015,2025-01-06,android,tiktok,200.00,HU
103016,2025-01-24,ios,instagram,40.00,FI
103017,2025-02-06,android,instagram,75.00,BG
103018,2025-02-06,android,google,165.00,LU
103019,2025-02-11,ios,affiliate,45.00,CZ
103020,2025-02-06,android,facebook,115.00,RO
103021,2025-01-30,ios,google,30.00,CY
103022,2025-01-09,android,facebook,130.00,DK
103023,2025-01-12,android,affiliate,135.00,GR
103024,2025-02-02,ios,tiktok,170.00,FI
103025,2025-02-22,ios,instagram,110.00,NL
103026,2025-02-21,ios,twitter,200.00,SI
103027,2025-02-13,android,tiktok,150.00,DE
103028,2025-01-03,ios,twitter,155.00,DK
103029,2025-01-18,android,google,175.00,CZ
103030,2025-02-06,android,affiliate,60.00,DE
103031,2025-02-13,ios,tiktok,130.00,LV
103032,2025-02-27,ios,facebook,140.00,DK
103033,2025-02-28,ios,google,95.00,EE
103034,2025-02-18,android,google,140.00,GR
103035,2025-01-24,ios,tiktok,165.00,GR
103036,2025-02-13,android,affiliate,200.00,PT
103037,2025-02-11,android,twitter,75.00,AT
103038,2025-02-26,android,affiliate,195.00,AT
103039,2025-02-28,android,instagram,130.00,IT
103040,2025-01-14,android,affiliate,130.00,RO
103041,2025-02-01,android,facebook,75.00,CZ
103042,2025-02-24,ios,affiliate,130.00,BG
103043,2025-02-27,ios,affiliate,170.00,LU
103044,2025-02-01,ios,google,110.00,LV
103045,2025-01-05,android,google,75.00,DE
103046,2025-02-01,android,affiliate,75.00,GR
103047,2025-02-28,ios,tiktok,100.00,IE
103048,2025-01-15,ios,tiktok,40.00,IT
103049,2025-02-28,android,facebook,200.00,RO
103050,2025-01-19,ios,google,150.00,SI
103051,2025-01-29,ios,tiktok,40.00,ES
103052,2025-01-06,android,affiliate,195.00,CY
103053,2025-02-07,ios,google,190.00,AT
103054,2025-01-19,android,tiktok,100.00,PL
103055,2025-01-08,android,google,80.00,CY
103056,2025-01-20,android,facebook,100.00,ES
103057,2025-02-20,ios,affiliate,95.00,NL
103058,2025-02-14,ios,google,65.00,DE
103059,2025-01-16,android,tiktok,50.00,FR
103060,2025-02-17,ios,facebook,90.00,DE
103061,2025-01-14,ios,affiliate,190.00,DE
103062,2025-02-26,ios,facebook,60.00,FR
103063,2025-01-07,ios,affiliate,70.00,LT
103064,2025-02-10,android,twitter,105.00,DK
103065,2025-02-18,ios,instagram,95.00,RO
103066,2025-01-01,ios,twitter,135.00,SI
103067,2025-01-16,android,google,190.00,DE
103068,2025-02-25,android,affiliate,180.00,CZ
103069,2025-02-19,android,instagram,55.00,DE
103070,2025-01-17,android,google,170.00,BE
103071,2025-02-15,ios,tiktok,60.00,DK
103072,2025-02-10,ios,tiktok,115.00,HU
103073,2025-01-23,ios,facebook,200.00,IE
103074,2025-02-16,ios,facebook,195.00,SK
103075,2025-01-25,ios,google,175.00,DE
103076,2025-01-13,ios,facebook,115.00,CZ
103077,2025-01-28,android,twitter,180.00,GR
103078,2025-03-01,ios,facebook,105.00,GR
103079,2025-01-28,ios,twitter,85.00,SI
103080,2025-01-27,ios,affiliate,90.00,GR
103081,2025-01-09,android,tiktok,55.00,BG
103082,2025-01-20,android,facebook,155.00,LT
103083,2025-01-04,ios,instagram,60.00,AT
103084,2025-02-03,android,google,80.00,AT
103085,2025-01-26,android,tiktok,125.00,MT
103086,2025-01-16,android,instagram,65.00,MT
103087,2025-02-08,ios,google,140.00,FR
103088,2025-01-13,ios,tiktok,60.00,PT
103089,2025-01-20,android,instagram,115.00,SI
103090,2025-02-16,android,google,160.00,LU
103091,2025-01-10,android,instagram,45.00,FI
103092,2025-02-19,android,facebook,140.00,PT
103093,2025-01-12,android,instagram,75.00,EE
103094,2025-02-19,android,affiliate,185.00,FI
103095,2025-02-24,android,affiliate,195.00,SE
103096,2025-02-04,android,facebook,105.00,HU
103097,2025-01-26,ios,facebook,35.00,DE
103098,2025-02-23,ios,tiktok,155.00,LV
103099,2025-01-24,ios,facebook,110.00,SE
103100,2025-02-20,android,google,105.00,RO
103101,2025-01-22,android,instagram,60.00,LV
103102,2025-02-23,ios,twitter,70.00,LU
103103,2025-01-12,android,instagram,155.00,AT
103104,2025-01-28,android,google,175.00,FI
103105,2025-02-02,ios,facebook,130.00,LT
103106,2025-02-28,android,instagram,65.00,IE
103107,2025-02-18,ios,google,80.00,FR
103108,2025-02-04,ios,tiktok,65.00,IE
103109,2025-02-04,android,affiliate,155.00,LV
103110,2025-02-07,android,google,200.00,IE
103111,2025-01-23,android,twitter,125.00,IT
103112,2025-01-22,android,instagram,155.00,EE
103113,2025-02-17,android,instagram,100.00,DE
103114,2025-02-14,android,facebook,135.00,AT
103115,2025-02-13,ios,facebook,40.00,AT
103116,2025-01-22,ios,facebook,60.00,IT
103117,2025-02-09,android,instagram,70.00,DK
103118,2025-02-10,android,tiktok,115.00,DK
103119,2025-01-23,android,facebook,40.00,IE
103120,2025-01-23,android,affiliate,135.00,PL
103121,2025-01-23,android,tiktok,70.00,AT
103122,2025-01-13,ios,affiliate,45.00,DE
103123,2025-01-23,ios,google,155.00,SK
103124,2025-01-21,ios,google,150.00,AT
103125,2025-01-23,ios,affiliate,105.00,EE
103126,2025-02-13,android,twitter,70.00,BG
103127,2025-02-20,ios,twitter,125.00,IE
103128,2025-02-20,ios,tiktok,35.00,DE
103129,2025-02-19,ios,tiktok,175.00,CY
103130,2025-01-27,ios,google,75.00,RO
103131,2025-01-09,android,affiliate,60.00,SE
103132,2025-02-26,ios,tiktok,100.00,SI
103133,2025-01-26,ios,google,165.00,LT
103134,2025-02-14,ios,facebook,30.00,HU
103135,2025-01-23,android,tiktok,145.00,GR
103136,2025-02-23,android,twitter,110.00,BG
103137,2025-01-17,ios,google,160.00,FI
103138,2025-01-02,android,google,145.00,LV
103139,2025-02-19,ios,instagram,175.00,FR
103140,2025-01-11,android,google,30.00,IE
103141,2025-02-07,ios,affiliate,145.00,SI
103142,2025-01-11,android,facebook,190.00,SE
103143,2025-02-09,android,instagram,200.00,PL
103144,2025-02-22,android,facebook,175.00,HU
103145,2025-01-24,ios,instagram,170.00,CZ
103146,2025-02-18,android,google,55.00,RO
103147,2025-01-24,ios,facebook,115.00,BG
103148,2025-01-01,android,tiktok,40.00,LV
103149,2025-02-14,android,affiliate,45.00,CZ
103150,2025-02-12,ios,google,120.00,GR
103151,2025-01-16,ios,google,105.00,DE
103152,2025-01-19,ios,tiktok,50.00,LT
103153,2025-01-25,android,tiktok,120.00,IT
103154,2025-02-20,android,facebook,90.00,SI
103155,2025-02-11,android,google,190.00,NL
103156,2025-02-03,ios,tiktok,65.00,AT
103157,2025-02-09,android,facebook,45.00,BE
103158,2025-02-03,android,tiktok,50.00,HU
103159,2025-02-14,ios,affiliate,110.00,DK
103160,2025-02-27,ios,tiktok,65.00,CY
103161,2025-02-10,ios,google,145.00,HU
103162,2025-02-08,android,facebook,100.00,BG
103163,2025-01-10,android,google,50.00,MT
103164,2025-02-21,ios,affiliate,90.00,CZ
103165,2025-01-24,ios,twitter,55.00,SI
103166,2025-01-09,android,twitter,40.00,AT
103167,2025-01-04,ios,facebook,170.00,DK
103168,2025-01-09,ios,twitter,70.00,SI
103169,2025-01-26,android,facebook,65.00,HU
103170,2025-01-16,android,google,55.00,DK
103171,2025-02-26,ios,twitter,110.00,AT
103172,2025-02-24,ios,affiliate,90.00,CZ
103173,2025-01-15,android,instagram,110.00,PL
103174,2025-01-02,ios,tiktok,170.00,FR
103175,2025-01-04,ios,tiktok,65.00,PL
103176,2025-01-10,android,google,100.00,GR
103177,2025-02-10,android,affiliate,195.00,HU
103178,2025-02-17,android,google,135.00,ES
103179,2025-01-09,ios,instagram,125.00,SI
103180,2025-01-11,ios,affiliate,120.00,NL
103181,2025-02-11,android,affiliate,140.00,FR
103182,2025-02-25,android,twitter,60.00,MT
103183,2025-02-06,ios,tiktok,65.00,CZ
103184,2025-02-25,ios,instagram,100.00,LV
103185,2025-01-07,android,tiktok,90.00,FI
103186,2025-02-25,android,affiliate,170.00,IE
103187,2025-02-08,android,google,200.00,PT
103188,2025-02-08,android,affiliate,115.00,LT
103189,2025-01-29,android,google,60.00,PL
103190,2025-02-20,ios,instagram,105.00,EE
103191,2025-01-31,ios,facebook,80.00,HU
103192,2025-02-19,ios,affiliate,115.00,LV
103193,2025-02-24,ios,instagram,175.00,GR
103194,2025-01-02,ios,affiliate,125.00,LU
103195,2025-02-27,android,affiliate,70.00,ES
103196,2025-02-11,ios,facebook,40.00,SI
103197,2025-01-03,android,instagram,40.00,DK
103198,2025-01-18,android,facebook,140.00,FR
103199,2025-01-20,ios,instagram,100.00,PT
103200,2025-01-19,android,tiktok,115.00,LU
103201,2025-03-01,ios,tiktok,120.00,IT
103202,2025-02-16,ios,instagram,100.00,LV
103203,2025-01-24,android,facebook,100.00,MT
103204,2025-01-15,ios,facebook,35.00,AT
103205,2025-02-24,android,tiktok,40.00,AT
103206,2025-01-14,android,facebook,160.00,MT
103207,2025-02-07,android,tiktok,45.00,LT
103208,2025-01-30,android,instagram,110.00,GR
103209,2025-01-25,ios,twitter,150.00,BG
103210,2025-02-23,android,twitter,135.00,FR
103211,2025-01-08,ios,google,65.00,ES
103212,2025-01-16,android,tiktok,100.00,IE
103213,2025-02-11,android,twitter,125.00,BG
103214,2025-02-14,android,tiktok,110.00,IT
103215,2025-01-27,android,facebook,170.00,NL
103216,2025-02-05,android,affiliate,160.00,LU
103217,2025-01-24,android,google,200.00,CZ
103218,2025-01-06,ios,twitter,160.00,ES
103219,2025-01-25,android,twitter,185.00,LT
103220,2025-02-15,android,instagram,35.00,DE
103221,2025-01-26,android,tiktok,65.00,BG
103222,2025-02-03,android,tiktok,115.00,SK
103223,2025-01-11,ios,twitter,160.00,CZ
103224,2025-01-14,android,affiliate,130.00,CZ
103225,2025-02-17,ios,affiliate,35.00,MT
103226,2025-02-25,ios,instagram,105.00,PT
103227,2025-02-28,ios,twitter,30.00,PT
103228,2025-01-20,ios,tiktok,195.00,CZ
103229,2025-01-22,android,instagram,140.00,CZ
103230,2025-01-09,ios,facebook,165.00,PL
103231,2025-01-29,android,google,135.00,FR
103232,2025-02-25,ios,instagram,100.00,LT
103233,2025-02-04,ios,facebook,120.00,IE
103234,2025-02-23,android,facebook,75.00,EE
103235,2025-01-07,ios,facebook,100.00,DK
103236,2025-01-27,ios,tiktok,190.00,ES
103237,2025-01-07,android,google,190.00,IE
103238,2025-02-10,ios,twitter,35.00,SI
103239,2025-02-11,ios,affiliate,195.00,SI
103240,2025-02-19,ios,affiliate,40.00,PT
103241,2025-02-06,android,tiktok,155.00,BG
103242,2025-01-17,ios,facebook,30.00,HU
103243,2025-01-05,ios,twitter,35.00,DK
103244,2025-01-03,ios,instagram,150.00,RO
103245,2025-02-04,ios,instagram,150.00,SK
103246,2025-02-17,ios,affiliate,175.00,LU
103247,2025-01-31,android,twitter,35.00,CY
103248,2025-03-01,ios,instagram,165.00,GR
103249,2025-01-23,android,google,80.00,BE
103250,2025-02-23,ios,facebook,125.00,FR
103251,2025-01-15,android,tiktok,130.00,AT
103252,2025-01-27,ios,instagram,65.00,NL
103253,2025-02-05,android,google,170.00,BE
103254,2025-01-15,ios,facebook,115.00,HU
103255,2025-02-16,android,affiliate,160.00,RO
103256,2025-02-03,android,google,35.00,IT
103257,2025-02-01,ios,instagram,40.00,FR
103258,2025-01-30,android,instagram,45.00,CY
103259,2025-01-13,android,tiktok,60.00,HR
103260,2025-01-15,android,twitter,195.00,NL
103261,2025-02-26,android,facebook,120.00,PT
103262,2025-01-18,ios,facebook,175.00,SE
103263,2025-01-29,ios,facebook,65.00,SI
103264,2025-01-25,android,tiktok,190.00,HU
103265,2025-01-08,ios,tiktok,130.00,AT
103266,2025-01-02,android,facebook,145.00,IE
103267,2025-01-14,ios,twitter,70.00,LT
103268,2025-01-30,android,tiktok,135.00,HU
103269,2025-01-21,android,affiliate,185.00,HU
103270,2025-01-22,android,google,170.00,IE
103271,2025-01-16,android,twitter,145.00,IT
103272,2025-02-18,ios,affiliate,30.00,FR
103273,2025-01-16,android,affiliate,150.00,NL
103274,2025-01-02,android,affiliate,50.00,HU
103275,2025-02-08,android,instagram,95.00,ES
103276,2025-01-06,ios,facebook,60.00,RO
103277,2025-01-25,android,tiktok,100.00,RO
103278,2025-01-20,ios,twitter,45.00,AT
103279,2025-02-20,android,instagram,45.00,PL
103280,2025-02-09,android,twitter,60.00,CZ
103281,2025-02-11,ios,facebook,90.00,BG
103282,2025-01-09,android,instagram,185.00,AT
103283,2025-01-22,android,affiliate,110.00,RO
103284,2025-01-22,ios,affiliate,55.00,ES
103285,2025-01-29,android,google,170.00,IE
103286,2025-02-15,android,facebook,110.00,BG
103287,2025-01-07,ios,tiktok,170.00,AT
103288,2025-02-02,ios,tiktok,75.00,MT
103289,2025-01-04,ios,affiliate,35.00,IT
103290,2025-01-18,ios,google,80.00,DK
103291,2025-02-28,android,affiliate,50.00,IE
103292,2025-01-28,ios,affiliate,95.00,HU
103293,2025-02-24,ios,facebook,105.00,BE
103294,2025-01-06,ios,google,125.00,MT
103295,2025-02-03,ios,instagram,110.00,HR
103296,2025-02-11,android,tiktok,155.00,FR
103297,2025-02-18,ios,facebook,85.00,LU
103298,2025-01-18,ios,tiktok,60.00,HR
103299,2025-02-18,android,facebook,70.00,ES
103300,2025-02-08,android,twitter,135.00,FI
103301,2025-01-17,android,google,60.00,LT
103302,2025-01-23,android,affiliate,200.00,LT
103303,2025-01-30,android,affiliate,75.00,NL
103304,2025-02-27,android,instagram,40.00,EE
103305,2025-01-07,ios,tiktok,125.00,NL
103306,2025-02-11,android,instagram,80.00,CY
103307,2025-01-06,ios,affiliate,115.00,LU
103308,2025-01-01,android,tiktok,165.00,LU
103309,2025-02-18,ios,twitter,60.00,RO
103310,2025-02-12,ios,twitter,80.00,IT
103311,2025-01-26,ios,facebook,110.00,CY
103312,2025-02-28,android,facebook,55.00,BE
103313,2025-02-11,ios,facebook,60.00,EE
103314,2025-02-20,android,google,95.00,ES
103315,2025-01-20,android,tiktok,105.00,FI
103316,2025-02-07,ios,instagram,30.00,CY
103317,2025-02-23,android,facebook,40.00,EE
103318,2025-01-24,android,instagram,75.00,LT
103319,2025-01-07,android,facebook,145.00,RO
103320,2025-02-26,android,facebook,155.00,DK
103321,2025-02-04,android,tiktok,155.00,PL
103322,2025-01-29,android,twitter,55.00,FR
103323,2025-01-20,android,tiktok,55.00,IE
103324,2025-02-20,ios,instagram,75.00,SI
103325,2025-02-03,android,tiktok,155.00,GR
103326,2025-01-30,android,instagram,200.00,SE
103327,2025-02-24,android,facebook,95.00,IT
103328,2025-02-07,android,tiktok,105.00,FI
103329,2025-01-25,android,google,150.00,LU
103330,2025-02-25,ios,affiliate,150.00,BG
103331,2025-02-25,android,affiliate,120.00,PT
103332,2025-02-26,ios,affiliate,120.00,PL
103333,2025-02-04,android,twitter,115.00,FI
103334,2025-01-01,ios,affiliate,110.00,ES
103335,2025-01-29,ios,instagram,150.00,FR
103336,2025-01-01,ios,twitter,80.00,RO
103337,2025-01-27,ios,tiktok,165.00,FI
103338,2025-01-16,ios,facebook,140.00,SK
103339,2025-02-23,ios,facebook,50.00,IT
103340,2025-01-16,ios,instagram,170.00,ES
103341,2025-02-05,android,facebook,70.00,LU
103342,2025-02-12,android,tiktok,65.00,MT
103343,2025-02-28,ios,tiktok,75.00,IE
103344,2025-02-13,android,tiktok,125.00,LV
103345,2025-02-13,android,facebook,185.00,BE
103346,2025-02-15,android,tiktok,85.00,CZ
103347,2025-01-14,ios,facebook,165.00,DK
103348,2025-01-07,ios,google,85.00,NL
103349,2025-01-02,ios,google,35.00,IT
103350,2025-01-17,ios,instagram,200.00,BG
103351,2025-01-06,android,affiliate,50.00,FR
103352,2025-02-10,ios,twitter,100.00,EE
103353,2025-02-23,ios,facebook,60.00,PL
103354,2025-02-27,ios,google,200.00,LT
103355,2025-01-18,ios,google,60.00,BG
103356,2025-02-02,android,google,180.00,GR
103357,2025-01-26,android,facebook,95.00,SI
103358,2025-01-15,ios,instagram,50.00,CZ
103359,2025-01-26,ios,tiktok,65.00,HR
103360,2025-02-05,android,facebook,100.00,PT
103361,2025-01-27,ios,google,40.00,PL
103362,2025-01-02,android,facebook,70.00,BE
103363,2025-02-02,ios,tiktok,200.00,LT
103364,2025-02-07,ios,facebook,170.00,RO
103365,2025-01-14,ios,instagram,140.00,SI
103366,2025-02-04,ios,google,150.00,GR
103367,2025-01-23,android,tiktok,145.00,DE
103368,2025-02-02,ios,instagram,125.00,MT
103369,2025-01-23,ios,instagram,125.00,RO
103370,2025-02-27,android,twitter,195.00,MT
103371,2025-01-18,ios,facebook,85.00,AT
103372,2025-02-10,android,twitter,140.00,BG
103373,2025-01-14,ios,facebook,160.00,GR
103374,2025-01-06,android,google,145.00,LV
103375,2025-01-07,android,affiliate,185.00,CY
103376,2025-01-30,android,affiliate,160.00,GR
103377,2025-03-01,android,facebook,30.00,DE
103378,2025-01-10,ios,google,180.00,PL
103379,2025-02-16,android,affiliate,145.00,LU
103380,2025-01-12,ios,affiliate,180.00,IE
103381,2025-02-10,android,tiktok,85.00,CY
103382,2025-01-27,android,affiliate,120.00,FI
103383,2025-02-15,android,affiliate,70.00,SE
103384,2025-02-27,android,instagram,130.00,MT
103385,2025-02-05,android,google,165.00,IT
103386,2025-01-13,android,twitter,100.00,DE
103387,2025-01-23,ios,affiliate,145.00,FR
103388,2025-01-26,ios,twitter,100.00,NL
103389,2025-01-10,ios,facebook,45.00,MT
103390,2025-02-17,ios,tiktok,85.00,FI
103391,2025-02-07,android,tiktok,185.00,SI
103392,2025-01-24,ios,affiliate,75.00,NL
103393,2025-02-25,ios,twitter,165.00,DK
103394,2025-01-24,android,affiliate,75.00,FR
103395,2025-01-02,android,tiktok,195.00,LT
103396,2025-03-01,android,tiktok,110.00,FR
103397,2025-01-09,ios,facebook,65.00,DK
103398,2025-01-17,android,instagram,65.00,SI
103399,2025-02-17,ios,instagram,50.00,SK
103400,2025-02-27,ios,google,125.00,DE
103401,2025-01-21,android,instagram,100.00,BE
103402,2025-01-29,android,affiliate,40.00,PT
103403,2025-02-14,ios,tiktok,110.00,IT
103404,2025-02-11,ios,google,140.00,CZ
103405,2025-02-06,ios,facebook,55.00,FR
103406,2025-01-17,android,facebook,95.00,DK
103407,2025-02-18,android,instagram,170.00,LU
103408,2025-01-04,ios,affiliate,110.00,HU
103409,2025-01-20,ios,facebook,40.00,BG
103410,2025-02-16,ios,affiliate,50.00,IT
103411,2025-01-09,ios,google,155.00,SK
103412,2025-01-27,ios,twitter,90.00,CZ
103413,2025-02-06,android,instagram,110.00,LU
103414,2025-01-26,ios,affiliate,95.00,IE
103415,2025-01-25,android,affiliate,135.00,PL
103416,2025-02-15,android,facebook,170.00,RO
103417,2025-01-18,ios,google,55.00,PT
103418,2025-01-03,android,google,165.00,PL
103419,2025-02-11,android,tiktok,145.00,DE
103420,2025-02-13,ios,affiliate,50.00,SI
103421,2025-02-18,ios,google,165.00,BE
103422,2025-01-03,android,google,110.00,SE
103423,2025-02-24,android,instagram,85.00,BG
103424,2025-01-08,ios,twitter,35.00,LV
103425,2025-02-22,ios,affiliate,155.00,GR
103426,2025-02-15,android,facebook,45.00,BE
103427,2025-01-16,ios,instagram,155.00,LU
103428,2025-02-23,android,facebook,45.00,GR
103429,2025-02-18,ios,facebook,120.00,SK
103430,2025-02-23,android,facebook,165.00,SI
103431,2025-02-27,android,google,125.00,PL
103432,2025-02-08,ios,tiktok,150.00,AT
103433,2025-01-16,android,facebook,150.00,LU
103434,2025-01-07,android,twitter,65.00,IE
103435,2025-02-12,ios,facebook,115.00,MT
103436,2025-01-14,android,facebook,55.00,SK
103437,2025-01-26,android,twitter,115.00,PT
103438,2025-01-20,ios,facebook,30.00,AT
103439,2025-02-21,android,google,110.00,LV
103440,2025-01-26,ios,instagram,180.00,HR
103441,2025-01-14,android,facebook,85.00,BE
103442,2025-02-18,android,facebook,195.00,MT
103443,2025-02-13,ios,twitter,160.00,GR
103444,2025-01-14,android,tiktok,190.00,MT
103445,2025-02-03,ios,twitter,55.00,SE
103446,2025-01-21,android,instagram,175.00,LV
103447,2025-02-05,ios,tiktok,50.00,CZ
103448,2025-02-11,android,tiktok,45.00,EE
103449,2025-01-15,ios,google,155.00,FI
103450,2025-01-17,ios,tiktok,155.00,LV
103451,2025-03-01,android,twitter,105.00,LV
103452,2025-01-20,ios,facebook,105.00,GR
103453,2025-01-03,ios,twitter,60.00,FR
103454,2025-02-09,ios,twitter,175.00,HU
103455,2025-02-05,android,google,80.00,BG
103456,2025-01-19,android,affiliate,110.00,MT
103457,2025-02-15,android,instagram,100.00,HR
103458,2025-02-05,ios,facebook,105.00,GR
103459,2025-01-12,ios,google,150.00,IT
103460,2025-02-23,android,twitter,90.00,SE
103461,2025-02-20,android,google,190.00,SI
103462,2025-02-01,ios,instagram,110.00,SE
103463,2025-01-06,android,twitter,180.00,FI
103464,2025-02-22,android,google,145.00,CY
103465,2025-02-17,ios,facebook,40.00,PT
103466,2025-01-05,ios,tiktok,185.00,RO
103467,2025-01-03,ios,instagram,115.00,HU
103468,2025-01-23,ios,facebook,40.00,IT
103469,2025-01-09,ios,affiliate,105.00,CZ
103470,2025-01-29,android,twitter,110.00,GR
103471,2025-01-26,android,twitter,180.00,BG
103472,2025-01-21,android,twitter,55.00,MT
103473,2025-02-07,android,google,35.00,FR
103474,2025-01-24,ios,tiktok,130.00,BG
103475,2025-02-24,ios,tiktok,200.00,IT
103476,2025-01-14,ios,affiliate,90.00,BE
103477,2025-02-07,ios,tiktok,120.00,BE
103478,2025-02-15,ios,instagram,50.00,DE
103479,2025-01-10,android,affiliate,155.00,ES
103480,2025-01-17,ios,tiktok,85.00,SI
103481,2025-01-31,ios,google,80.00,SI
103482,2025-01-12,ios,google,45.00,FI
103483,2025-02-11,ios,instagram,180.00,ES
103484,2025-02-11,android,instagram,125.00,LV
103485,2025-02-26,android,facebook,185.00,DE
103486,2025-01-05,ios,instagram,160.00,CZ
103487,2025-01-12,ios,instagram,200.00,CY
103488,2025-02-03,ios,google,130.00,AT
103489,2025-02-20,ios,instagram,45.00,PL
103490,2025-02-26,ios,instagram,130.00,MT
103491,2025-01-09,android,facebook,120.00,LV
103492,2025-02-27,ios,tiktok,90.00,ES
103493,2025-02-22,ios,google,80.00,LU
103494,2025-01-21,android,tiktok,60.00,BG
103495,2025-01-08,android,google,90.00,LT
103496,2025-02-11,ios,twitter,190.00,HR
103497,2025-01-14,android,affiliate,70.00,HR
103498,2025-02-19,ios,instagram,170.00,BG
103499,2025-01-21,ios,instagram,115.00,SI
103500,2025-01-30,android,affiliate,100.00,ES
103501,2025-01-24,android,twitter,75.00,SI
103502,2025-01-09,ios,facebook,80.00,AT
103503,2025-02-07,ios,twitter,180.00,IE
103504,2025-02-13,ios,google,45.00,CY
103505,2025-01-10,ios,affiliate,140.00,SI
103506,2025-02-27,android,instagram,155.00,BG
103507,2025-02-20,android,instagram,90.00,NL
103508,2025-01-24,ios,tiktok,175.00,GR
103509,2025-02-25,ios,instagram,175.00,CY
103510,2025-02-25,android,affiliate,75.00,HR
103511,2025-02-26,android,tiktok,130.00,DK
103512,2025-01-24,android,instagram,65.00,FI
103513,2025-01-18,android,twitter,195.00,FR
103514,2025-02-26,android,affiliate,200.00,IT
103515,2025-01-12,android,google,120.00,SI
103516,2025-01-27,android,affiliate,60.00,SE
103517,2025-02-26,ios,instagram,100.00,BE
103518,2025-02-01,ios,tiktok,30.00,EE
103519,2025-01-25,android,instagram,155.00,HR
103520,2025-02-03,android,tiktok,90.00,AT
103521,2025-02-09,ios,google,75.00,CY
103522,2025-01-29,ios,instagram,90.00,PL
103523,2025-01-07,ios,google,130.00,DK
103524,2025-01-21,android,instagram,140.00,BG
103525,2025-02-16,ios,tiktok,150.00,SE
103526,2025-02-03,android,tiktok,90.00,EE
103527,2025-02-20,android,tiktok,190.00,FR
103528,2025-02-23,android,tiktok,115.00,DE
103529,2025-01-24,android,tiktok,190.00,ES
103530,2025-01-30,ios,tiktok,40.00,HR
103531,2025-01-10,android,affiliate,100.00,PT
103532,2025-02-18,android,facebook,35.00,SK
103533,2025-02-27,ios,google,45.00,IT
103534,2025-02-02,ios,facebook,130.00,PT
103535,2025-02-09,android,facebook,70.00,BE
103536,2025-02-11,ios,google,190.00,GR
103537,2025-02-06,android,google,95.00,SK
103538,2025-02-27,android,instagram,195.00,PL
103539,2025-02-23,ios,affiliate,40.00,NL
103540,2025-01-12,android,facebook,200.00,HU
103541,2025-02-22,android,google,65.00,MT
103542,2025-01-18,android,tiktok,135.00,HU
103543,2025-01-05,ios,tiktok,110.00,SE
103544,2025-02-23,ios,tiktok,30.00,EE
103545,2025-01-29,ios,affiliate,70.00,PT
103546,2025-02-09,ios,tiktok,60.00,LV
103547,2025-02-27,android,affiliate,170.00,EE
103548,2025-01-02,android,google,125.00,IT
103549,2025-01-28,ios,google,140.00,HR
103550,2025-02-06,android,affiliate,195.00,HU
103551,2025-01-02,ios,tiktok,185.00,CZ
103552,2025-01-07,ios,google,180.00,MT
103553,2025-01-24,ios,google,95.00,DK
103554,2025-01-23,ios,tiktok,135.00,HU
103555,2025-03-01,android,google,135.00,EE
103556,2025-01-15,android,tiktok,55.00,PL
103557,2025-01-05,android,affiliate,100.00,LV
103558,2025-02-21,android,google,190.00,LU
103559,2025-02-22,ios,twitter,135.00,ES
103560,2025-01-15,ios,instagram,65.00,EE
103561,2025-01-07,android,twitter,80.00,LV
103562,2025-02-01,android,tiktok,170.00,AT
103563,2025-01-15,android,facebook,100.00,ES
103564,2025-01-21,android,instagram,45.00,BE
103565,2025-01-04,ios,google,110.00,DK
103566,2025-01-26,android,affiliate,190.00,LU
103567,2025-01-23,ios,instagram,115.00,HR
103568,2025-02-17,ios,facebook,135.00,EE
103569,2025-02-18,android,facebook,45.00,CZ
103570,2025-02-09,ios,facebook,55.00,SI
103571,2025-02-28,android,instagram,120.00,LT
103572,2025-01-04,android,affiliate,190.00,PT
103573,2025-01-31,ios,tiktok,185.00,CZ
103574,2025-01-25,android,twitter,65.00,DK
103575,2025-01-26,ios,google,85.00,SK
103576,2025-02-17,android,instagram,190.00,LU
103577,2025-01-09,ios,twitter,110.00,CZ
103578,2025-02-23,android,affiliate,160.00,CY
103579,2025-01-28,android,instagram,85.00,EE
103580,2025-01-05,ios,google,145.00,IT
103581,2025-02-03,android,instagram,115.00,EE
103582,2025-02-11,android,twitter,130.00,HR
103583,2025-02-27,android,google,50.00,HU
103584,2025-02-11,ios,instagram,130.00,AT
103585,2025-02-22,ios,tiktok,160.00,FR
103586,2025-02-25,ios,twitter,200.00,SE
103587,2025-02-06,android,tiktok,185.00,SE
103588,2025-01-10,ios,affiliate,130.00,FR
103589,2025-01-15,android,affiliate,55.00,RO
103590,2025-01-05,android,affiliate,120.00,IT
103591,2025-02-23,android,tiktok,80.00,LU
103592,2025-01-12,ios,tiktok,35.00,ES
103593,2025-01-31,ios,twitter,70.00,CY
103594,2025-02-09,android,tiktok,160.00,EE
103595,2025-01-23,ios,affiliate,105.00,CZ
103596,2025-02-05,ios,tiktok,50.00,LU
103597,2025-01-09,ios,instagram,65.00,LU
103598,2025-01-18,android,affiliate,160.00,BE
103599,2025-02-26,android,affiliate,105.00,HU
103600,2025-02-10,ios,tiktok,65.00,HR
103601,2025-01-29,ios,google,95.00,EE
103602,2025-02-14,ios,twitter,95.00,MT
103603,2025-01-28,android,tiktok,85.00,CY
103604,2025-01-12,ios,google,170.00,PT
103605,2025-02-03,ios,tiktok,115.00,PT
103606,2025-02-08,ios,affiliate,185.00,BE
103607,2025-01-17,android,tiktok,85.00,MT
103608,2025-01-27,android,instagram,110.00,HU
103609,2025-02-15,ios,facebook,95.00,FI
103610,2025-02-08,ios,affiliate,195.00,MT
103611,2025-02-07,android,affiliate,110.00,DK
103612,2025-01-04,android,tiktok,170.00,SI
103613,2025-01-09,ios,facebook,185.00,LV
103614,2025-01-23,ios,affiliate,170.00,ES
103615,2025-01-24,ios,tiktok,135.00,BE
103616,2025-01-31,android,instagram,170.00,NL
103617,2025-02-16,ios,twitter,165.00,FR
103618,2025-02-20,ios,google,150.00,IT
103619,2025-02-24,android,instagram,70.00,IE
103620,2025-03-01,ios,affiliate,200.00,EE
103621,2025-02-26,ios,tiktok,135.00,DK
103622,2025-01-15,ios,instagram,190.00,ES
103623,2025-01-16,ios,affiliate,175.00,EE
103624,2025-02-13,ios,tiktok,115.00,LV
103625,2025-01-03,ios,affiliate,95.00,IT
103626,2025-01-22,ios,tiktok,95.00,PT
103627,2025-02-19,android,tiktok,190.00,GR
103628,2025-02-18,ios,facebook,165.00,FR
103629,2025-01-21,android,instagram,95.00,LT
103630,2025-01-31,android,instagram,170.00,BG
103631,2025-02-27,ios,facebook,110.00,SK
103632,2025-02-22,ios,facebook,125.00,LV
103633,2025-01-23,ios,affiliate,175.00,ES
103634,2025-02-06,ios,instagram,190.00,IE
103635,2025-01-17,ios,affiliate,150.00,IT
103636,2025-01-13,ios,tiktok,115.00,PT
103637,2025-02-14,ios,google,145.00,GR
103638,2025-02-05,ios,twitter,50.00,PT
103639,2025-02-21,android,tiktok,160.00,CY
103640,2025-02-13,ios,instagram,80.00,CY
103641,2025-02-13,android,google,55.00,LV
103642,2025-02-28,ios,tiktok,70.00,IT
103643,2025-01-05,android,facebook,120.00,BE
103644,2025-02-01,ios,tiktok,80.00,ES
103645,2025-01-13,ios,affiliate,195.00,ES
103646,2025-02-27,android,affiliate,90.00,SE
103647,2025-02-07,android,facebook,35.00,HR
103648,2025-02-20,ios,tiktok,130.00,ES
103649,2025-01-01,android,facebook,110.00,LU
103650,2025-02-08,ios,google,190.00,CY
103651,2025-01-30,android,affiliate,140.00,SI
103652,2025-01-09,android,affiliate,115.00,CZ
103653,2025-02-27,ios,google,45.00,EE
103654,2025-01-31,android,affiliate,180.00,CY
103655,2025-02-09,ios,google,55.00,ES
103656,2025-01-19,android,tiktok,175.00,RO
103657,2025-02-02,ios,twitter,190.00,EE
103658,2025-02-25,ios,instagram,35.00,IT
103659,2025-01-29,ios,google,190.00,SI
103660,2025-02-05,android,instagram,175.00,HU
103661,2025-01-10,ios,facebook,150.00,LT
103662,2025-02-26,android,tiktok,180.00,PT
103663,2025-02-27,ios,instagram,140.00,BG
103664,2025-01-28,ios,affiliate,45.00,MT
103665,2025-02-25,ios,affiliate,155.00,LU
103666,2025-02-21,android,affiliate,125.00,SI
103667,2025-02-23,ios,google,200.00,AT
103668,2025-01-05,ios,twitter,120.00,HR
103669,2025-01-18,android,affiliate,190.00,SK
103670,2025-02-26,android,facebook,120.00,CZ
103671,2025-02-02,android,google,115.00,PL
103672,2025-01-03,ios,twitter,50.00,FI
103673,2025-02-04,ios,affiliate,95.00,HU
103674,2025-01-03,ios,twitter,160.00,LT
103675,2025-02-14,android,instagram,145.00,FI
103676,2025-02-24,ios,facebook,120.00,CY
103677,2025-02-13,ios,instagram,70.00,BE
103678,2025-01-21,ios,instagram,100.00,EE
103679,2025-02-17,ios,instagram,80.00,NL
103680,2025-02-20,ios,instagram,140.00,LV
103681,2025-02-18,ios,tiktok,200.00,IT
103682,2025-01-17,android,google,30.00,ES
103683,2025-01-19,ios,instagram,180.00,SK
103684,2025-01-07,ios,twitter,125.00,GR
103685,2025-02-11,android,google,140.00,AT
103686,2025-01-20,android,affiliate,175.00,SK
103687,2025-01-27,android,tiktok,160.00,SE
103688,2025-02-05,android,tiktok,165.00,LV
103689,2025-01-05,ios,tiktok,200.00,DE
103690,2025-02-22,android,twitter,125.00,BG
103691,2025-01-07,android,instagram,90.00,NL
103692,2025-02-05,android,facebook,50.00,NL
103693,2025-01-04,android,tiktok,180.00,ES
103694,2025-01-05,android,twitter,185.00,IT
103695,2025-01-04,ios,twitter,130.00,PT
103696,2025-01-09,ios,google,60.00,SE
103697,2025-01-24,android,google,155.00,DK
103698,2025-01-18,android,tiktok,55.00,ES
103699,2025-01-19,android,facebook,140.00,GR
103700,2025-01-17,ios,affiliate,65.00,SK
103701,2025-01-11,ios,instagram,165.00,LU
103702,2025-01-17,ios,facebook,85.00,FR
103703,2025-02-01,android,tiktok,160.00,SK
103704,2025-01-15,android,tiktok,190.00,EE
103705,2025-03-01,android,tiktok,130.00,BG
103706,2025-01-22,android,affiliate,180.00,DK
103707,2025-02-14,ios,tiktok,90.00,FR
103708,2025-01-01,ios,tiktok,65.00,FI
103709,2025-02-14,ios,instagram,150.00,FR
103710,2025-02-16,android,google,200.00,EE
103711,2025-02-01,android,twitter,175.00,BE
103712,2025-03-01,android,affiliate,155.00,IE
103713,2025-02-17,android,affiliate,160.00,RO
103714,2025-01-27,android,tiktok,75.00,IT
103715,2025-02-28,ios,instagram,110.00,DK
103716,2025-01-29,ios,google,40.00,HU
103717,2025-01-08,ios,affiliate,35.00,IE
103718,2025-02-03,ios,google,100.00,CZ
103719,2025-01-18,android,affiliate,145.00,GR
103720,2025-02-28,android,instagram,65.00,PT
103721,2025-02-28,ios,facebook,50.00,RO
103722,2025-01-08,ios,affiliate,180.00,NL
103723,2025-02-04,android,tiktok,105.00,SI
103724,2025-01-14,ios,twitter,40.00,LV
103725,2025-01-04,android,instagram,140.00,SK
103726,2025-01-25,android,google,70.00,RO
103727,2025-01-02,android,twitter,175.00,AT
103728,2025-01-22,android,twitter,100.00,CY
103729,2025-02-17,android,affiliate,30.00,EE
103730,2025-02-07,ios,affiliate,115.00,MT
103731,2025-01-15,android,instagram,60.00,HR
103732,2025-01-01,ios,affiliate,70.00,LV
103733,2025-01-31,android,facebook,40.00,FR
103734,2025-01-05,android,facebook,85.00,LT
103735,2025-02-11,ios,affiliate,160.00,DK
103736,2025-01-12,android,affiliate,115.00,HU
103737,2025-01-02,android,instagram,160.00,ES
103738,2025-01-30,android,instagram,50.00,CY
103739,2025-01-17,ios,instagram,45.00,PT
103740,2025-02-10,ios,twitter,175.00,SK
103741,2025-03-01,android,twitter,90.00,HU
103742,2025-02-08,ios,instagram,50.00,PL
103743,2025-01-06,ios,affiliate,195.00,SK
103744,2025-02-14,ios,google,65.00,GR
103745,2025-02-03,android,affiliate,140.00,PT
103746,2025-01-14,ios,affiliate,190.00,LT
103747,2025-02-06,ios,google,35.00,FR
103748,2025-01-03,android,facebook,45.00,CY
103749,2025-01-22,ios,google,140.00,ES
103750,2025-01-03,ios,tiktok,145.00,CZ
103751,2025-01-29,ios,facebook,60.00,GR
103752,2025-01-07,android,facebook,120.00,PT
103753,2025-01-02,ios,facebook,30.00,HU
103754,2025-02-08,ios,tiktok,40.00,LV
103755,2025-02-21,android,tiktok,145.00,BG
103756,2025-01-05,android,twitter,65.00,LV
103757,2025-01-09,android,google,155.00,BE
103758,2025-01-19,android,google,55.00,EE
103759,2025-02-07,ios,google,105.00,PL
103760,2025-02-28,android,tiktok,80.00,RO
103761,2025-01-04,ios,google,150.00,GR
103762,2025-02-09,ios,facebook,80.00,SK
103763,2025-02-04,android,affiliate,135.00,BE
103764,2025-02-13,ios,facebook,70.00,DE
103765,2025-01-13,ios,twitter,145.00,HR
103766,2025-01-14,ios,google,165.00,EE
103767,2025-01-06,android,twitter,200.00,LT
103768,2025-02-09,ios,facebook,45.00,IE
103769,2025-01-17,android,facebook,85.00,AT
103770,2025-02-26,android,facebook,75.00,BE
103771,2025-01-02,android,affiliate,80.00,CZ
103772,2025-02-12,ios,twitter,115.00,IE
103773,2025-01-22,android,affiliate,135.00,PT
103774,2025-02-24,ios,google,155.00,AT
103775,2025-03-01,android,affiliate,135.00,FR
103776,2025-01-24,ios,affiliate,160.00,IT
103777,2025-02-08,android,twitter,80.00,CZ
103778,2025-02-10,ios,twitter,70.00,SK
103779,2025-02-14,ios,instagram,140.00,NL
103780,2025-02-25,ios,google,135.00,MT
103781,2025-02-26,android,instagram,155.00,LU
103782,2025-01-16,ios,tiktok,190.00,HU
103783,2025-02-04,ios,instagram,75.00,BE
103784,2025-01-05,ios,affiliate,130.00,NL
103785,2025-01-07,ios,facebook,140.00,CY
103786,2025-01-10,ios,instagram,140.00,CZ
103787,2025-02-03,android,google,150.00,EE
103788,2025-01-31,android,affiliate,60.00,FI
103789,2025-01-07,ios,affiliate,35.00,EE
103790,2025-01-06,android,facebook,125.00,SK
103791,2025-02-01,android,instagram,160.00,PT
103792,2025-02-03,ios,affiliate,50.00,DE
103793,2025-01-25,android,affiliate,70.00,DE
103794,2025-02-08,android,affiliate,105.00,DK
103795,2025-01-11,android,instagram,200.00,EE
103796,2025-01-23,android,facebook,170.00,CY
103797,2025-01-06,ios,facebook,55.00,HU
103798,2025-01-22,android,affiliate,45.00,LT
103799,2025-01-15,ios,affiliate,120.00,MT
103800,2025-01-29,android,instagram,115.00,ES
103801,2025-02-18,android,twitter,85.00,BG
103802,2025-01-22,ios,google,135.00,SE
103803,2025-01-05,ios,tiktok,105.00,BG
103804,2025-02-07,android,google,180.00,HR
103805,2025-02-06,ios,twitter,130.00,EE
103806,2025-01-31,ios,facebook,85.00,CY
103807,2025-01-15,ios,twitter,80.00,ES
103808,2025-02-17,android,instagram,90.00,PT
103809,2025-01-23,android,instagram,200.00,LU
103810,2025-02-23,android,instagram,200.00,DK
103811,2025-02-03,android,instagram,125.00,FR
103812,2025-01-30,ios,twitter,135.00,HR
103813,2025-01-16,android,twitter,165.00,LV
103814,2025-02-24,ios,google,150.00,DK
103815,2025-02-08,android,affiliate,40.00,DE
103816,2025-01-24,ios,tiktok,170.00,CZ
103817,2025-01-30,android,facebook,90.00,DE
103818,2025-01-27,android,instagram,200.00,CY
103819,2025-01-07,ios,affiliate,135.00,SE
103820,2025-02-22,ios,affiliate,165.00,CZ
103821,2025-01-05,ios,instagram,90.00,GR
103822,2025-02-03,android,google,50.00,LT
103823,2025-02-01,ios,facebook,115.00,RO
103824,2025-01-31,android,google,80.00,GR
103825,2025-01-29,android,google,100.00,LU
103826,2025-02-27,android,tiktok,155.00,IT
103827,2025-01-04,android,google,80.00,DE
103828,2025-02-25,ios,affiliate,140.00,DK
103829,2025-02-21,android,facebook,55.00,DK
103830,2025-02-07,android,twitter,190.00,LV
103831,2025-01-27,ios,affiliate,150.00,CZ
103832,2025-02-08,android,affiliate,55.00,SE
103833,2025-02-15,ios,tiktok,140.00,CZ
103834,2025-02-05,android,google,175.00,DK
103835,2025-01-18,ios,instagram,110.00,AT
103836,2025-02-04,ios,affiliate,115.00,PL
103837,2025-01-28,ios,google,185.00,IT
103838,2025-01-25,ios,affiliate,75.00,SK
103839,2025-01-20,ios,tiktok,75.00,LT
103840,2025-02-20,ios,facebook,175.00,FR
103841,2025-02-13,android,tiktok,120.00,FI
103842,2025-01-10,ios,facebook,40.00,CZ
103843,2025-01-02,android,twitter,65.00,NL
103844,2025-02-07,ios,affiliate,90.00,ES
103845,2025-01-10,android,instagram,130.00,PL
103846,2025-02-05,ios,instagram,185.00,HU
103847,2025-02-18,android,google,125.00,NL
103848,2025-02-17,ios,affiliate,135.00,FI
103849,2025-01-10,android,affiliate,135.00,SK
103850,2025-01-26,ios,tiktok,50.00,BG
103851,2025-02-14,android,google,130.00,HU
103852,2025-02-13,android,google,100.00,PT
103853,2025-01-05,ios,facebook,35.00,MT
103854,2025-02-28,ios,tiktok,125.00,ES
103855,2025-01-16,ios,facebook,200.00,PL
103856,2025-02-21,android,google,125.00,CZ
103857,2025-01-13,ios,twitter,80.00,BE
103858,2025-02-24,android,tiktok,115.00,HR
103859,2025-01-02,android,google,110.00,LT
103860,2025-02-07,ios,facebook,35.00,BG
103861,2025-02-28,ios,affiliate,120.00,SI
103862,2025-01-25,ios,tiktok,125.00,DE
103863,2025-01-08,ios,tiktok,195.00,GR
103864,2025-01-07,android,facebook,155.00,LT
103865,2025-01-21,ios,instagram,180.00,LV
103866,2025-02-23,ios,instagram,125.00,LU
103867,2025-02-25,ios,facebook,95.00,HR
103868,2025-02-27,android,google,75.00,BG
103869,2025-02-19,ios,instagram,115.00,CY
103870,2025-02-17,ios,affiliate,55.00,AT
103871,2025-01-30,ios,twitter,190.00,GR
103872,2025-01-29,ios,facebook,40.00,AT
103873,2025-02-05,android,google,95.00,NL
103874,2025-02-23,ios,tiktok,125.00,IE
103875,2025-01-07,ios,instagram,105.00,FI
103876,2025-02-09,ios,twitter,45.00,BE
103877,2025-02-07,android,affiliate,155.00,LT
103878,2025-02-07,android,instagram,75.00,DK
103879,2025-02-22,android,affiliate,135.00,CZ
103880,2025-01-09,android,twitter,175.00,PT
103881,2025-01-27,ios,affiliate,110.00,FI
103882,2025-01-26,ios,instagram,155.00,RO
103883,2025-02-18,ios,instagram,130.00,DE
103884,2025-01-28,ios,instagram,135.00,FI
103885,2025-01-29,ios,twitter,65.00,SE
103886,2025-01-07,android,instagram,30.00,BG
103887,2025-02-10,android,facebook,185.00,DE
103888,2025-02-15,android,google,160.00,HU
103889,2025-01-09,ios,tiktok,150.00,PT
103890,2025-01-01,ios,google,160.00,SK
103891,2025-02-11,android,affiliate,175.00,NL
103892,2025-02-23,ios,facebook,130.00,FR
103893,2025-01-06,android,affiliate,30.00,DK
103894,2025-01-06,ios,affiliate,95.00,SE
103895,2025-02-27,ios,tiktok,190.00,RO
103896,2025-01-23,ios,google,160.00,ES
103897,2025-01-22,android,tiktok,195.00,LU
103898,2025-02-08,ios,facebook,155.00,IT
103899,2025-01-20,ios,twitter,85.00,PT
103900,2025-01-17,android,facebook,55.00,BE
103901,2025-02-22,ios,google,175.00,DE
103902,2025-01-30,android,instagram,110.00,HR
103903,2025-01-03,ios,google,130.00,HR
103904,2025-01-11,ios,tiktok,40.00,DE
103905,2025-02-13,android,facebook,70.00,SK
103906,2025-01-13,ios,instagram,160.00,BE
103907,2025-01-10,android,twitter,190.00,IT
103908,2025-01-28,android,facebook,160.00,BE
103909,2025-02-09,android,affiliate,95.00,IE
103910,2025-01-17,android,twitter,55.00,IT
103911,2025-01-15,ios,facebook,80.00,LV
103912,2025-02-26,android,tiktok,155.00,IE
103913,2025-01-01,android,affiliate,185.00,SK
103914,2025-02-20,android,tiktok,70.00,BG
103915,2025-01-05,ios,google,90.00,IT
103916,2025-01-10,ios,affiliate,35.00,EE
103917,2025-02-03,ios,tiktok,170.00,PT
103918,2025-02-11,android,facebook,190.00,BG
103919,2025-01-07,android,affiliate,185.00,EE
103920,2025-01-03,ios,affiliate,150.00,FR
103921,2025-02-18,android,affiliate,140.00,PT
103922,2025-02-06,ios,tiktok,115.00,SE
103923,2025-01-02,android,twitter,145.00,NL
103924,2025-01-07,android,tiktok,35.00,EE
103925,2025-01-20,ios,google,60.00,PT
103926,2025-02-05,ios,google,185.00,SI
103927,2025-01-13,android,facebook,180.00,ES
103928,2025-02-25,ios,facebook,145.00,PT
103929,2025-01-30,ios,facebook,120.00,DK
103930,2025-02-26,ios,facebook,170.00,MT
103931,2025-01-16,android,twitter,125.00,IE
103932,2025-01-01,ios,tiktok,75.00,LV
103933,2025-02-20,ios,tiktok,95.00,RO
103934,2025-02-12,ios,tiktok,95.00,HU
103935,2025-02-06,ios,affiliate,75.00,EE
103936,2025-02-05,android,affiliate,175.00,PL
103937,2025-02-21,android,instagram,155.00,MT
103938,2025-02-19,ios,twitter,150.00,BE
103939,2025-01-18,ios,affiliate,195.00,LV
103940,2025-01-21,ios,instagram,30.00,GR
103941,2025-02-13,android,instagram,70.00,RO
103942,2025-02-08,android,facebook,105.00,BG
103943,2025-01-26,android,tiktok,70.00,DK
103944,2025-01-16,android,facebook,195.00,HR
103945,2025-02-20,ios,twitter,170.00,FR
103946,2025-01-14,ios,google,130.00,SI
103947,2025-01-02,android,google,165.00,AT
103948,2025-02-15,ios,facebook,140.00,LU
103949,2025-02-02,android,instagram,100.00,SI
103950,2025-02-08,ios,tiktok,45.00,GR
103951,2025-02-20,android,facebook,165.00,MT
103952,2025-02-20,ios,twitter,100.00,NL
103953,2025-02-28,android,google,60.00,BE
103954,2025-01-16,ios,facebook,65.00,IT
103955,2025-01-29,ios,tiktok,200.00,BG
103956,2025-02-24,ios,facebook,135.00,CY
103957,2025-01-05,android,instagram,95.00,CY
103958,2025-02-11,ios,tiktok,150.00,CY
103959,2025-02-12,android,facebook,85.00,IT
103960,2025-02-14,android,instagram,45.00,GR
103961,2025-02-18,android,google,75.00,DE
103962,2025-02-05,android,tiktok,115.00,SE
103963,2025-02-26,android,facebook,195.00,DK
103964,2025-02-19,android,instagram,50.00,PT
103965,2025-01-15,android,affiliate,60.00,LU
103966,2025-02-11,ios,google,50.00,PT
103967,2025-01-29,ios,facebook,55.00,EE
103968,2025-02-19,android,facebook,150.00,MT
103969,2025-02-13,android,tiktok,60.00,IT
103970,2025-01-11,android,facebook,170.00,HU
103971,2025-02-20,ios,tiktok,90.00,PT
103972,2025-02-11,android,facebook,150.00,GR
103973,2025-02-14,android,twitter,160.00,ES
103974,2025-02-27,ios,google,160.00,NL
103975,2025-02-27,android,twitter,120.00,GR
103976,2025-02-26,android,instagram,50.00,HR
103977,2025-01-04,ios,facebook,155.00,AT
103978,2025-02-02,ios,google,155.00,NL
103979,2025-02-06,ios,affiliate,100.00,HU
103980,2025-02-03,ios,affiliate,175.00,RO
103981,2025-02-23,android,tiktok,170.00,SI
103982,2025-02-14,ios,tiktok,190.00,LT
103983,2025-02-01,android,google,165.00,BG
103984,2025-01-03,ios,tiktok,115.00,NL
103985,2025-01-12,ios,affiliate,140.00,IT
103986,2025-01-26,ios,instagram,160.00,NL
103987,2025-01-30,ios,google,145.00,HR
103988,2025-01-02,ios,affiliate,105.00,BG
103989,2025-02-15,android,instagram,85.00,CZ
103990,2025-02-20,ios,affiliate,175.00,SK
103991,2025-02-13,ios,instagram,190.00,BE
103992,2025-01-23,ios,instagram,50.00,PL
103993,2025-02-23,ios,tiktok,110.00,SK
103994,2025-01-31,android,instagram,130.00,LT
103995,2025-01-02,android,facebook,145.00,PT
103996,2025-01-13,ios,facebook,50.00,HU
103997,2025-02-27,android,tiktok,170.00,SK
103998,2025-01-10,android,affiliate,45.00,EE
103999,2025-02-12,ios,instagram,145.00,BG
104000,2025-02-03,android,tiktok,180.00,IT
104001,2025-01-07,android,affiliate,45.00,BE
104002,2025-02-23,android,facebook,180.00,IE
104003,2025-01-13,android,google,150.00,BG
104004,2025-02-26,android,instagram,85.00,RO
104005,2025-02-22,ios,instagram,140.00,PL
104006,2025-03-01,ios,facebook,190.00,LT
104007,2025-02-11,android,instagram,135.00,ES
104008,2025-02-05,android,google,55.00,SI
104009,2025-02-08,ios,tiktok,105.00,IE
104010,2025-01-18,android,tiktok,160.00,PL
104011,2025-02-09,android,google,65.00,MT
104012,2025-02-13,ios,affiliate,100.00,GR
104013,2025-02-28,ios,google,60.00,DE
104014,2025-02-12,android,affiliate,180.00,GR
104015,2025-03-01,android,instagram,50.00,PL
104016,2025-02-03,android,instagram,150.00,GR
104017,2025-01-09,android,facebook,160.00,SE
104018,2025-02-09,ios,affiliate,90.00,SK
104019,2025-01-05,ios,facebook,190.00,IT
104020,2025-01-08,ios,instagram,45.00,CZ
104021,2025-01-27,android,facebook,100.00,IT
104022,2025-01-26,android,google,85.00,IT
104023,2025-01-19,android,instagram,110.00,EE
104024,2025-02-11,ios,facebook,75.00,LV
104025,2025-03-01,ios,tiktok,195.00,DE
104026,2025-01-19,android,twitter,200.00,EE
104027,2025-02-02,android,tiktok,195.00,DE
104028,2025-01-23,ios,tiktok,75.00,FR
104029,2025-02-01,android,tiktok,140.00,SK
104030,2025-01-05,ios,instagram,170.00,IT
104031,2025-02-22,android,affiliate,115.00,MT
104032,2025-01-26,android,facebook,75.00,HU
104033,2025-01-15,ios,affiliate,95.00,IE
104034,2025-02-02,android,tiktok,45.00,RO
104035,2025-02-02,ios,instagram,175.00,MT
104036,2025-02-19,android,twitter,185.00,FI
104037,2025-01-26,android,tiktok,130.00,FI
104038,2025-02-08,android,instagram,150.00,BE
104039,2025-02-17,ios,instagram,135.00,RO
104040,2025-02-07,ios,twitter,75.00,EE
104041,2025-01-06,ios,twitter,50.00,ES
104042,2025-02-07,android,google,40.00,CZ
104043,2025-01-18,android,affiliate,130.00,HU
104044,2025-01-08,ios,instagram,60.00,PL
104045,2025-01-17,ios,twitter,100.00,RO
104046,2025-01-29,android,facebook,85.00,SE
104047,2025-01-14,ios,google,175.00,LV
104048,2025-01-06,android,facebook,35.00,AT
104049,2025-01-12,ios,instagram,85.00,FI
104050,2025-01-22,ios,facebook,185.00,DE
104051,2025-02-17,android,affiliate,140.00,DE
104052,2025-02-19,android,google,155.00,NL
104053,2025-01-21,android,affiliate,185.00,DK
104054,2025-02-22,android,twitter,50.00,ES
104055,2025-01-09,android,facebook,110.00,DK
104056,2025-01-02,ios,google,80.00,DK
104057,2025-02-03,android,instagram,70.00,SK
104058,2025-02-03,ios,twitter,65.00,SI
104059,2025-01-03,ios,affiliate,110.00,RO
104060,2025-02-25,android,affiliate,80.00,FI
104061,2025-02-24,ios,tiktok,55.00,FR
104062,2025-02-18,android,google,120.00,BE
104063,2025-01-18,android,instagram,85.00,FR
104064,2025-02-21,ios,affiliate,115.00,GR
104065,2025-01-03,android,google,65.00,PT
104066,2025-01-30,android,facebook,160.00,GR
104067,2025-01-01,ios,tiktok,125.00,FI
104068,2025-01-29,ios,instagram,200.00,LU
104069,2025-01-13,android,affiliate,80.00,LV
104070,2025-02-06,android,facebook,155.00,GR
104071,2025-02-17,ios,instagram,160.00,DE
104072,2025-01-22,android,affiliate,55.00,EE
104073,2025-02-24,ios,facebook,125.00,HU
104074,2025-01-29,ios,tiktok,185.00,HR
104075,2025-02-23,android,affiliate,150.00,LT
104076,2025-01-31,ios,affiliate,75.00,SE
104077,2025-02-12,ios,affiliate,110.00,GR
104078,2025-02-18,ios,twitter,130.00,EE
104079,2025-02-20,android,tiktok,175.00,BE
104080,2025-01-23,ios,facebook,175.00,SI
104081,2025-01-31,ios,instagram,45.00,AT
104082,2025-01-26,ios,google,120.00,BE
104083,2025-02-27,ios,facebook,115.00,DK
104084,2025-01-25,ios,twitter,65.00,LU
104085,2025-02-22,android,affiliate,160.00,BE
104086,2025-01-26,ios,instagram,50.00,FR
104087,2025-02-07,android,instagram,140.00,DE
104088,2025-02-26,android,tiktok,125.00,FR
104089,2025-01-27,ios,facebook,200.00,BE
104090,2025-01-06,android,affiliate,195.00,IE
104091,2025-02-13,ios,facebook,120.00,IE
104092,2025-02-14,ios,facebook,170.00,DE
104093,2025-02-28,android,facebook,135.00,HU
104094,2025-02-21,android,instagram,130.00,PL
104095,2025-02-08,ios,facebook,45.00,LT
104096,2025-02-25,android,tiktok,50.00,LU
104097,2025-01-23,android,affiliate,185.00,IE
104098,2025-01-09,ios,affiliate,135.00,CY
104099,2025-01-05,ios,tiktok,130.00,CZ
104100,2025-02-18,ios,instagram,40.00,IT
104101,2025-01-31,android,google,145.00,PL
104102,2025-01-30,android,facebook,155.00,FI
104103,2025-02-20,ios,facebook,55.00,IE
104104,2025-01-31,ios,instagram,45.00,SE
104105,2025-02-26,android,twitter,130.00,PT
104106,2025-02-10,android,instagram,45.00,HU
104107,2025-01-02,android,twitter,200.00,DK
104108,2025-01-21,android,google,100.00,DK
104109,2025-02-21,android,tiktok,105.00,GR
104110,2025-01-29,android,google,45.00,ES
104111,2025-02-07,ios,facebook,60.00,ES
104112,2025-01-25,ios,google,40.00,EE
104113,2025-02-01,android,tiktok,155.00,SE
104114,2025-02-10,android,facebook,120.00,IE
104115,2025-02-02,android,affiliate,175.00,HU
104116,2025-01-05,ios,facebook,115.00,LU
104117,2025-01-12,ios,instagram,50.00,IE
104118,2025-02-26,android,google,125.00,LV
104119,2025-01-12,android,tiktok,160.00,AT
104120,2025-02-03,android,twitter,75.00,ES
104121,2025-01-13,android,instagram,120.00,DK
104122,2025-02-23,ios,tiktok,190.00,BG
104123,2025-02-22,android,twitter,175.00,AT
104124,2025-01-05,android,twitter,175.00,SE
104125,2025-02-23,ios,tiktok,40.00,SK
104126,2025-01-24,android,twitter,165.00,BE
104127,2025-03-01,ios,affiliate,105.00,RO
104128,2025-02-21,ios,google,75.00,EE
104129,2025-02-14,ios,facebook,45.00,EE
104130,2025-01-25,android,instagram,35.00,HU
104131,2025-02-01,ios,google,165.00,PL
104132,2025-02-17,ios,google,45.00,IE
104133,2025-01-09,ios,twitter,85.00,MT
104134,2025-01-23,ios,instagram,30.00,AT
104135,2025-01-13,ios,facebook,185.00,DK
104136,2025-02-01,ios,facebook,175.00,NL
104137,2025-02-05,ios,tiktok,200.00,FI
104138,2025-01-05,ios,affiliate,40.00,BG
104139,2025-02-10,android,facebook,185.00,IE
104140,2025-01-18,ios,affiliate,135.00,CZ
104141,2025-01-07,ios,tiktok,100.00,IT
104142,2025-01-05,ios,facebook,40.00,FI
104143,2025-01-16,android,instagram,160.00,LV
104144,2025-01-26,ios,facebook,65.00,SE
104145,2025-01-23,android,instagram,65.00,HU
104146,2025-01-15,ios,tiktok,50.00,AT
104147,2025-01-25,ios,affiliate,55.00,SE
104148,2025-01-23,android,tiktok,110.00,RO
104149,2025-01-17,android,tiktok,30.00,IT
104150,2025-01-29,ios,google,100.00,PT
104151,2025-01-19,ios,facebook,195.00,PT
104152,2025-02-25,ios,twitter,125.00,SK
104153,2025-01-23,ios,twitter,160.00,FI
104154,2025-02-02,ios,tiktok,30.00,FR
104155,2025-01-18,android,affiliate,105.00,MT
104156,2025-02-01,android,twitter,130.00,LU
104157,2025-01-17,android,affiliate,110.00,NL
104158,2025-01-06,android,instagram,185.00,NL
104159,2025-02-06,ios,twitter,95.00,BG
104160,2025-01-25,ios,affiliate,105.00,FI
104161,2025-01-10,android,twitter,75.00,GR
104162,2025-01-11,ios,tiktok,55.00,BE
104163,2025-01-26,ios,affiliate,140.00,FR
104164,2025-01-30,android,google,75.00,ES
104165,2025-01-16,android,tiktok,75.00,EE
104166,2025-02-04,ios,google,50.00,CY
104167,2025-02-09,android,instagram,55.00,IT
104168,2025-02-04,ios,facebook,75.00,LU
104169,2025-02-19,android,twitter,100.00,BG
104170,2025-02-17,android,facebook,30.00,DE
104171,2025-02-10,android,instagram,40.00,CZ
104172,2025-01-27,ios,facebook,45.00,PT
104173,2025-01-02,ios,google,160.00,LV
104174,2025-02-22,ios,affiliate,60.00,IT
104175,2025-01-03,ios,google,190.00,NL
104176,2025-02-08,ios,twitter,200.00,DE
104177,2025-01-01,android,facebook,105.00,CZ
104178,2025-02-14,android,facebook,50.00,MT
104179,2025-01-15,ios,google,140.00,BE
104180,2025-02-26,android,tiktok,160.00,FR
104181,2025-02-23,ios,google,30.00,CZ
104182,2025-02-27,android,affiliate,130.00,CY
104183,2025-02-28,ios,affiliate,175.00,ES
104184,2025-02-11,ios,google,55.00,CZ
104185,2025-01-14,ios,twitter,100.00,CZ
104186,2025-02-27,ios,facebook,140.00,RO
104187,2025-02-14,android,tiktok,165.00,LT
104188,2025-01-27,ios,google,115.00,SI
104189,2025-02-01,ios,affiliate,45.00,BG
104190,2025-02-15,ios,affiliate,155.00,GR
104191,2025-01-26,ios,instagram,60.00,RO
104192,2025-02-04,ios,affiliate,110.00,LT
104193,2025-01-20,android,tiktok,95.00,ES
104194,2025-01-22,ios,google,65.00,FI
104195,2025-02-22,android,twitter,200.00,CZ
104196,2025-02-12,ios,affiliate,65.00,PT
104197,2025-01-31,android,instagram,195.00,MT
104198,2025-02-08,ios,instagram,185.00,PT
104199,2025-01-23,android,facebook,155.00,FI
104200,2025-01-15,ios,instagram,120.00,EE
104201,2025-02-06,android,twitter,155.00,GR
104202,2025-01-29,ios,tiktok,110.00,ES
104203,2025-01-26,android,google,100.00,AT
104204,2025-01-20,android,instagram,80.00,BG
104205,2025-01-04,android,twitter,175.00,LT
104206,2025-02-07,android,facebook,140.00,CZ
104207,2025-01-26,ios,affiliate,160.00,SE
104208,2025-01-28,android,google,140.00,MT
104209,2025-02-28,android,tiktok,30.00,HR
104210,2025-01-11,ios,facebook,60.00,IE
104211,2025-02-24,android,facebook,200.00,GR
104212,2025-01-14,android,tiktok,200.00,PL
104213,2025-02-04,ios,tiktok,105.00,MT
104214,2025-01-11,android,google,130.00,SE
104215,2025-01-12,android,twitter,100.00,CZ
104216,2025-02-08,android,affiliate,155.00,CZ
104217,2025-01-28,ios,affiliate,90.00,CZ
104218,2025-01-25,ios,affiliate,85.00,HR
104219,2025-02-12,ios,instagram,60.00,SK
104220,2025-02-17,android,tiktok,105.00,FI
104221,2025-03-01,android,facebook,80.00,HU
104222,2025-02-01,android,tiktok,60.00,FR
104223,2025-01-13,ios,google,150.00,GR
104224,2025-01-28,android,affiliate,165.00,FR
104225,2025-01-09,android,facebook,190.00,EE
104226,2025-02-04,ios,affiliate,80.00,LV
104227,2025-02-27,android,tiktok,200.00,MT
104228,2025-01-08,android,google,55.00,ES
104229,2025-01-17,android,google,115.00,FI
104230,2025-02-03,android,instagram,120.00,FR
104231,2025-01-14,android,facebook,190.00,NL
104232,2025-02-05,android,facebook,105.00,LT
104233,2025-01-02,ios,tiktok,100.00,GR
104234,2025-01-23,ios,google,195.00,IT
104235,2025-02-01,ios,twitter,160.00,RO
104236,2025-01-28,android,facebook,90.00,NL
104237,2025-01-30,android,tiktok,145.00,SE
104238,2025-02-15,ios,facebook,95.00,BE
104239,2025-01-24,ios,affiliate,55.00,RO
104240,2025-01-18,android,google,80.00,LV
104241,2025-02-25,ios,facebook,80.00,ES
104242,2025-02-03,ios,google,170.00,BE
104243,2025-01-15,ios,google,125.00,NL
104244,2025-02-23,android,tiktok,60.00,PT
104245,2025-01-18,ios,affiliate,175.00,LU
104246,2025-02-26,ios,facebook,60.00,SE
104247,2025-02-09,android,google,145.00,EE
104248,2025-01-23,android,instagram,95.00,DE
104249,2025-01-11,android,tiktok,60.00,AT
104250,2025-02-04,android,twitter,150.00,PL
104251,2025-02-11,ios,affiliate,110.00,ES
104252,2025-01-18,android,affiliate,65.00,SK
104253,2025-01-28,android,facebook,70.00,MT
104254,2025-02-11,ios,facebook,150.00,BE
104255,2025-02-22,ios,google,145.00,DE
104256,2025-01-27,android,facebook,50.00,PT
104257,2025-02-02,android,instagram,35.00,CY
104258,2025-01-30,android,facebook,75.00,RO
104259,2025-02-16,android,google,75.00,RO
104260,2025-02-06,ios,tiktok,145.00,FR
104261,2025-02-09,ios,affiliate,55.00,CZ
104262,2025-02-08,ios,facebook,55.00,CZ
104263,2025-01-14,ios,tiktok,85.00,NL
104264,2025-02-07,ios,twitter,50.00,CZ
104265,2025-01-18,ios,google,115.00,BE
104266,2025-01-25,ios,affiliate,50.00,FR
104267,2025-01-28,ios,google,150.00,HR
104268,2025-02-13,android,facebook,160.00,DK
104269,2025-02-11,android,twitter,195.00,PT
104270,2025-01-19,ios,affiliate,150.00,SE
104271,2025-01-11,android,tiktok,145.00,EE
104272,2025-01-23,android,google,140.00,MT
104273,2025-01-07,android,twitter,170.00,CY
104274,2025-02-11,android,facebook,80.00,CZ
104275,2025-01-09,android,tiktok,150.00,CY
104276,2025-01-18,ios,twitter,125.00,LV
104277,2025-02-14,ios,twitter,90.00,MT
104278,2025-02-21,android,google,180.00,ES
104279,2025-01-25,android,affiliate,190.00,IT
104280,2025-02-24,ios,facebook,95.00,NL
104281,2025-01-27,ios,facebook,70.00,LU
104282,2025-01-04,ios,twitter,105.00,MT
104283,2025-01-28,ios,tiktok,180.00,DE
104284,2025-02-16,ios,affiliate,100.00,LU
104285,2025-02-17,ios,affiliate,80.00,RO
104286,2025-01-30,android,instagram,170.00,IT
104287,2025-02-06,android,twitter,120.00,EE
104288,2025-01-11,ios,instagram,55.00,SI
104289,2025-01-12,ios,google,200.00,PL
104290,2025-02-12,android,tiktok,195.00,IT
104291,2025-02-13,android,facebook,115.00,DK
104292,2025-01-30,ios,twitter,80.00,BE
104293,2025-02-16,android,affiliate,35.00,MT
104294,2025-02-02,android,tiktok,130.00,GR
104295,2025-02-13,ios,facebook,70.00,SK
104296,2025-02-06,ios,facebook,145.00,NL
104297,2025-02-02,ios,google,95.00,DK
104298,2025-02-13,android,google,180.00,HU
104299,2025-02-14,android,instagram,100.00,ES
104300,2025-01-27,android,instagram,45.00,SK
104301,2025-02-21,android,facebook,120.00,NL
104302,2025-02-09,android,instagram,195.00,CZ
104303,2025-01-17,android,affiliate,30.00,SK
104304,2025-02-26,android,google,180.00,AT
104305,2025-01-09,ios,tiktok,155.00,HU
104306,2025-02-04,ios,affiliate,40.00,BE
104307,2025-01-15,ios,twitter,90.00,FR
104308,2025-01-20,android,affiliate,90.00,PT
104309,2025-01-03,ios,google,170.00,CY
104310,2025-02-24,ios,facebook,140.00,DE
104311,2025-02-03,android,facebook,45.00,SI
104312,2025-01-11,ios,facebook,40.00,DE
104313,2025-02-08,ios,twitter,145.00,PT
104314,2025-02-18,ios,affiliate,165.00,NL
104315,2025-01-08,ios,tiktok,70.00,PT
104316,2025-01-27,android,instagram,75.00,IE
104317,2025-02-03,ios,google,80.00,ES
104318,2025-02-13,ios,affiliate,70.00,MT
104319,2025-02-02,android,google,60.00,LV
104320,2025-02-21,ios,google,130.00,PT
104321,2025-01-29,ios,affiliate,175.00,SE
104322,2025-03-01,ios,facebook,130.00,ES
104323,2025-01-13,ios,facebook,40.00,PT
104324,2025-01-21,android,google,170.00,PL
104325,2025-01-06,ios,facebook,50.00,FR
104326,2025-02-26,android,instagram,45.00,LV
104327,2025-01-20,ios,tiktok,45.00,DK
104328,2025-02-15,ios,tiktok,120.00,IT
104329,2025-01-09,android,affiliate,75.00,FI
104330,2025-01-03,ios,affiliate,175.00,HU
104331,2025-01-10,android,google,65.00,BE
104332,2025-02-18,android,instagram,100.00,IT
104333,2025-02-23,android,facebook,150.00,SE
104334,2025-02-22,ios,facebook,140.00,ES
104335,2025-02-08,android,tiktok,100.00,MT
104336,2025-01-01,ios,instagram,160.00,RO
104337,2025-01-04,android,facebook,165.00,ES
104338,2025-01-12,ios,twitter,75.00,IT
104339,2025-01-13,ios,instagram,170.00,FR
104340,2025-02-07,ios,instagram,55.00,EE
104341,2025-01-04,android,instagram,145.00,CZ
104342,2025-01-07,ios,affiliate,70.00,NL
104343,2025-01-11,ios,google,90.00,BG
104344,2025-02-27,android,instagram,60.00,IT
104345,2025-02-28,android,affiliate,170.00,FR
104346,2025-01-07,android,tiktok,30.00,IT
104347,2025-02-24,android,tiktok,90.00,AT
104348,2025-02-17,android,instagram,35.00,DE
104349,2025-01-09,ios,instagram,90.00,BG
104350,2025-02-14,android,tiktok,170.00,ES
104351,2025-02-24,android,instagram,85.00,AT
104352,2025-01-24,ios,affiliate,95.00,SI
104353,2025-01-02,android,tiktok,120.00,CY
104354,2025-01-29,android,google,100.00,FI
104355,2025-03-01,ios,twitter,40.00,CY
104356,2025-01-31,android,instagram,100.00,FR
104357,2025-02-02,android,google,115.00,CZ
104358,2025-01-12,ios,tiktok,180.00,AT
104359,2025-01-23,ios,twitter,75.00,SI
104360,2025-02-17,android,google,125.00,PT
104361,2025-01-25,android,tiktok,125.00,NL
104362,2025-01-21,ios,instagram,75.00,IT
104363,2025-02-06,android,tiktok,175.00,SE
104364,2025-02-12,ios,google,80.00,SE
104365,2025-01-13,ios,instagram,75.00,FR
104366,2025-01-25,android,google,135.00,AT
104367,2025-02-16,android,facebook,150.00,LT
104368,2025-02-07,android,affiliate,55.00,FR
104369,2025-02-14,android,instagram,90.00,BG
104370,2025-02-24,android,instagram,125.00,IT
104371,2025-01-08,ios,tiktok,195.00,DK
104372,2025-01-27,ios,twitter,65.00,PL
104373,2025-01-17,ios,twitter,115.00,ES
104374,2025-02-17,ios,twitter,85.00,LT
104375,2025-01-27,android,affiliate,190.00,SK
104376,2025-01-23,android,google,75.00,FR
104377,2025-02-18,android,instagram,185.00,EE
104378,2025-01-29,ios,tiktok,110.00,MT
104379,2025-01-16,ios,google,145.00,LT
104380,2025-01-19,ios,facebook,125.00,LT
104381,2025-01-08,ios,twitter,135.00,PT
104382,2025-02-22,android,instagram,30.00,SE
104383,2025-02-05,ios,google,190.00,ES
104384,2025-02-13,ios,tiktok,115.00,PL
104385,2025-02-24,ios,tiktok,180.00,SI
104386,2025-01-09,ios,google,145.00,NL
104387,2025-02-17,ios,facebook,105.00,DK
104388,2025-01-25,ios,tiktok,85.00,AT
104389,2025-01-15,android,google,170.00,SI
104390,2025-02-27,android,tiktok,70.00,DK
104391,2025-02-21,android,tiktok,30.00,DE
104392,2025-02-07,ios,tiktok,180.00,IT
104393,2025-02-26,android,tiktok,155.00,SI
104394,2025-01-18,ios,google,175.00,NL
104395,2025-01-25,ios,facebook,95.00,SI
104396,2025-01-26,ios,facebook,180.00,GR
104397,2025-01-31,ios,google,90.00,SI
104398,2025-02-25,android,instagram,135.00,SK
104399,2025-02-22,ios,instagram,200.00,HR
104400,2025-02-28,android,twitter,155.00,LV
104401,2025-01-23,ios,google,145.00,LU
104402,2025-02-28,ios,facebook,40.00,SE
104403,2025-02-23,android,facebook,115.00,LU
104404,2025-01-08,android,affiliate,60.00,BE
104405,2025-02-20,android,google,115.00,BG
104406,2025-02-06,ios,instagram,55.00,GR
104407,2025-01-11,android,facebook,100.00,SI
104408,2025-02-02,android,instagram,90.00,DE
104409,2025-02-23,android,affiliate,170.00,IT
104410,2025-02-19,ios,twitter,125.00,ES
104411,2025-02-18,ios,twitter,60.00,GR
104412,2025-01-23,android,google,155.00,HU
104413,2025-01-07,android,instagram,135.00,GR
104414,2025-01-03,android,google,130.00,CY
104415,2025-01-20,ios,google,155.00,BE
104416,2025-02-13,ios,affiliate,100.00,MT
104417,2025-01-30,ios,affiliate,70.00,CY
104418,2025-01-10,ios,tiktok,170.00,SE
104419,2025-01-18,ios,facebook,120.00,PT
104420,2025-01-27,ios,tiktok,145.00,CY
104421,2025-02-28,android,instagram,35.00,LU
104422,2025-01-23,ios,google,135.00,NL
104423,2025-01-11,android,google,150.00,GR
104424,2025-02-28,android,affiliate,120.00,CY
104425,2025-02-16,ios,instagram,75.00,IE
104426,2025-02-06,android,tiktok,35.00,CY
104427,2025-02-09,ios,tiktok,80.00,EE
104428,2025-01-21,ios,google,85.00,CZ
104429,2025-01-03,ios,affiliate,190.00,GR
104430,2025-02-20,ios,instagram,50.00,SI
104431,2025-02-16,ios,affiliate,110.00,AT
104432,2025-01-08,ios,facebook,135.00,CY
104433,2025-02-21,ios,google,125.00,SI
104434,2025-02-08,android,affiliate,180.00,PL
104435,2025-02-18,android,google,135.00,LT
104436,2025-01-10,ios,twitter,45.00,CY
104437,2025-02-24,android,tiktok,95.00,LU
104438,2025-02-05,ios,tiktok,95.00,BE
104439,2025-02-21,android,twitter,190.00,IT
104440,2025-01-25,ios,tiktok,50.00,BG
104441,2025-02-11,android,facebook,110.00,LV
104442,2025-01-30,android,affiliate,65.00,SK
104443,2025-01-07,ios,google,140.00,NL
104444,2025-01-11,android,instagram,190.00,AT
104445,2025-02-04,android,twitter,115.00,FR
104446,2025-02-05,android,twitter,105.00,IE
104447,2025-01-13,ios,affiliate,85.00,IT
104448,2025-02-11,ios,facebook,90.00,EE
104449,2025-01-24,ios,facebook,40.00,LU
104450,2025-01-12,android,instagram,180.00,IT
104451,2025-01-11,ios,google,170.00,LU
104452,2025-01-13,android,tiktok,105.00,BE
104453,2025-02-08,ios,instagram,110.00,RO
104454,2025-01-11,android,tiktok,65.00,LU
104455,2025-01-04,ios,instagram,105.00,AT
104456,2025-01-02,android,affiliate,165.00,EE
104457,2025-02-08,android,affiliate,200.00,PL
104458,2025-01-17,ios,instagram,135.00,BG
104459,2025-03-01,android,affiliate,145.00,RO
104460,2025-02-07,ios,instagram,75.00,PL
104461,2025-02-06,ios,instagram,45.00,MT
104462,2025-01-11,android,tiktok,75.00,SI
104463,2025-01-26,ios,affiliate,115.00,LV
104464,2025-02-08,android,google,185.00,PL
104465,2025-02-12,ios,google,50.00,CZ
104466,2025-02-08,ios,affiliate,105.00,SE
104467,2025-01-04,ios,twitter,160.00,NL
104468,2025-02-18,android,twitter,130.00,ES
104469,2025-01-28,android,instagram,125.00,BE
104470,2025-01-09,ios,facebook,70.00,BG
104471,2025-01-01,ios,twitter,190.00,AT
104472,2025-01-18,android,instagram,190.00,NL
104473,2025-01-11,ios,instagram,190.00,MT
104474,2025-01-13,ios,facebook,100.00,PL
104475,2025-01-01,android,tiktok,165.00,EE
104476,2025-01-18,android,twitter,180.00,FR
104477,2025-01-31,android,google,185.00,MT
104478,2025-02-24,android,facebook,170.00,NL
104479,2025-02-05,android,google,90.00,BE
104480,2025-02-22,android,twitter,115.00,DE
104481,2025-01-25,android,facebook,195.00,IE
104482,2025-01-22,ios,instagram,60.00,FI
104483,2025-02-05,ios,affiliate,170.00,SK
104484,2025-01-21,android,tiktok,195.00,DE
104485,2025-02-06,ios,twitter,190.00,DE
104486,2025-01-26,android,google,105.00,DK
104487,2025-01-20,ios,instagram,145.00,PL
104488,2025-02-25,ios,google,75.00,FI
104489,2025-01-21,android,twitter,105.00,FR
104490,2025-02-15,android,affiliate,70.00,LU
104491,2025-01-20,android,tiktok,145.00,DK
104492,2025-01-08,android,google,45.00,PT
104493,2025-01-25,ios,facebook,55.00,DE
104494,2025-01-02,android,twitter,65.00,RO
104495,2025-03-01,android,tiktok,165.00,PL
104496,2025-01-22,android,google,165.00,LV
104497,2025-01-27,ios,tiktok,200.00,LV
104498,2025-01-05,ios,tiktok,100.00,IE
104499,2025-01-27,ios,twitter,165.00,LU
104500,2025-01-14,ios,google,70.00,ES
104501,2025-02-16,android,facebook,95.00,FR
104502,2025-02-18,android,facebook,150.00,BE
104503,2025-02-17,ios,instagram,185.00,SK
104504,2025-01-12,ios,facebook,95.00,HU
104505,2025-01-29,android,facebook,70.00,SE
104506,2025-02-09,android,affiliate,40.00,LU
104507,2025-02-26,ios,facebook,70.00,PT
104508,2025-01-11,ios,google,105.00,RO
104509,2025-02-03,ios,facebook,160.00,SK
104510,2025-02-12,android,instagram,135.00,NL
104511,2025-02-05,ios,tiktok,185.00,GR
104512,2025-02-12,ios,google,130.00,CY
104513,2025-01-27,ios,tiktok,165.00,BE
104514,2025-02-14,ios,affiliate,75.00,SI
104515,2025-01-01,android,tiktok,75.00,CZ
104516,2025-01-22,ios,google,80.00,EE
104517,2025-01-25,android,instagram,65.00,BG
104518,2025-01-26,android,affiliate,90.00,CZ
104519,2025-01-24,ios,affiliate,75.00,FR
104520,2025-01-06,ios,google,160.00,CY
104521,2025-02-11,android,twitter,175.00,BE
104522,2025-02-15,android,google,145.00,BE
104523,2025-01-12,android,twitter,120.00,DK
104524,2025-01-12,android,twitter,120.00,SE
104525,2025-02-08,android,tiktok,110.00,PL
104526,2025-02-05,ios,twitter,130.00,MT
104527,2025-02-02,android,twitter,55.00,HR
104528,2025-02-10,android,tiktok,105.00,ES
104529,2025-01-24,android,tiktok,100.00,SI
104530,2025-01-31,android,tiktok,165.00,RO
104531,2025-02-10,ios,tiktok,80.00,IE
104532,2025-01-02,ios,twitter,90.00,FR
104533,2025-01-03,ios,twitter,180.00,MT
104534,2025-01-06,android,instagram,60.00,ES
104535,2025-01-11,android,facebook,145.00,MT
104536,2025-02-21,android,instagram,35.00,LT
104537,2025-02-07,ios,tiktok,80.00,FR
104538,2025-02-19,android,facebook,75.00,MT
104539,2025-01-15,ios,google,75.00,MT
104540,2025-02-21,ios,google,70.00,MT
104541,2025-01-02,ios,google,100.00,HR
104542,2025-02-03,android,affiliate,50.00,BG
104543,2025-01-07,ios,facebook,50.00,CZ
104544,2025-02-11,ios,affiliate,135.00,LT
104545,2025-01-01,ios,twitter,60.00,ES
104546,2025-01-01,android,instagram,50.00,RO
104547,2025-01-21,ios,google,170.00,AT
104548,2025-01-23,android,affiliate,65.00,EE
104549,2025-01-04,android,twitter,200.00,DK
104550,2025-01-22,ios,facebook,75.00,FR
104551,2025-01-01,ios,instagram,175.00,FR
104552,2025-02-02,ios,twitter,175.00,DK
104553,2025-02-05,ios,instagram,200.00,CY
104554,2025-01-24,android,facebook,170.00,DK
104555,2025-02-24,android,tiktok,90.00,RO
104556,2025-01-24,ios,google,130.00,HU
104557,2025-02-23,android,instagram,170.00,FI
104558,2025-01-16,ios,twitter,75.00,BE
104559,2025-01-01,android,affiliate,65.00,FI
104560,2025-02-20,ios,tiktok,160.00,LU
104561,2025-01-29,ios,instagram,35.00,BE
104562,2025-02-27,ios,instagram,35.00,SE
104563,2025-02-11,ios,tiktok,75.00,SE
104564,2025-02-12,android,google,180.00,EE
104565,2025-01-10,ios,twitter,105.00,CZ
104566,2025-01-14,android,affiliate,105.00,BG
104567,2025-02-11,android,tiktok,140.00,RO
104568,2025-02-01,ios,tiktok,105.00,DK
104569,2025-01-26,android,instagram,180.00,PL
104570,2025-02-25,android,tiktok,105.00,MT
104571,2025-02-11,android,facebook,195.00,ES
104572,2025-01-30,android,facebook,150.00,BE
104573,2025-01-07,android,facebook,65.00,DE
104574,2025-01-09,ios,tiktok,190.00,HR
104575,2025-02-15,android,google,80.00,PL
104576,2025-01-09,ios,google,200.00,ES
104577,2025-01-19,ios,google,75.00,LT
104578,2025-02-09,android,twitter,110.00,LV
104579,2025-01-09,ios,affiliate,100.00,BE
104580,2025-01-22,android,affiliate,60.00,AT
104581,2025-02-11,android,tiktok,120.00,IT
104582,2025-01-09,ios,google,165.00,LV
104583,2025-02-17,android,tiktok,30.00,EE
104584,2025-01-07,android,tiktok,75.00,HU
104585,2025-01-16,ios,twitter,120.00,PT
104586,2025-02-06,android,instagram,90.00,HU
104587,2025-02-23,android,twitter,125.00,HR
104588,2025-01-17,android,twitter,140.00,SE
104589,2025-01-22,android,facebook,200.00,LU
104590,2025-02-02,ios,affiliate,120.00,EE
104591,2025-02-16,ios,facebook,100.00,GR
104592,2025-01-18,ios,tiktok,140.00,ES
104593,2025-01-10,android,google,155.00,GR
104594,2025-01-04,ios,affiliate,185.00,ES
104595,2025-01-13,ios,facebook,165.00,FR
104596,2025-01-18,android,tiktok,140.00,HU
104597,2025-01-24,ios,twitter,50.00,SE
104598,2025-02-02,ios,facebook,110.00,EE
104599,2025-01-09,ios,tiktok,110.00,PT
104600,2025-02-26,android,twitter,75.00,BE
104601,2025-01-10,ios,instagram,45.00,SI
104602,2025-01-21,ios,affiliate,55.00,BE
104603,2025-02-16,android,instagram,140.00,GR
104604,2025-02-26,ios,instagram,75.00,SK
104605,2025-02-27,android,tiktok,40.00,FI
104606,2025-02-10,android,instagram,195.00,PL
104607,2025-02-25,ios,tiktok,30.00,IT
104608,2025-01-25,ios,facebook,140.00,RO
104609,2025-01-06,ios,affiliate,130.00,RO
104610,2025-01-09,ios,instagram,125.00,SI
104611,2025-02-18,ios,facebook,130.00,ES
104612,2025-03-01,android,twitter,145.00,PL
104613,2025-01-31,ios,google,60.00,DK
104614,2025-01-29,android,instagram,195.00,ES
104615,2025-02-05,ios,twitter,105.00,ES
104616,2025-01-15,android,twitter,35.00,BG
104617,2025-02-05,android,twitter,125.00,LT
104618,2025-01-28,ios,facebook,105.00,FI
104619,2025-01-16,android,affiliate,85.00,NL
104620,2025-01-16,ios,twitter,180.00,BE
104621,2025-02-07,ios,twitter,105.00,PT
104622,2025-01-29,ios,facebook,50.00,HU
104623,2025-01-10,ios,facebook,115.00,EE
104624,2025-01-18,android,facebook,85.00,CY
104625,2025-01-21,android,google,115.00,LT
104626,2025-01-04,android,facebook,195.00,AT
104627,2025-01-20,android,facebook,75.00,SK
104628,2025-02-10,ios,twitter,150.00,SK
104629,2025-02-15,android,tiktok,195.00,FI
104630,2025-02-03,ios,twitter,40.00,RO
104631,2025-01-10,ios,twitter,30.00,HU
104632,2025-01-01,android,affiliate,170.00,FR
104633,2025-01-05,ios,google,55.00,SI
104634,2025-02-18,android,instagram,180.00,SK
104635,2025-01-23,ios,instagram,125.00,CY
104636,2025-02-12,android,affiliate,30.00,EE
104637,2025-02-03,ios,tiktok,95.00,LU
104638,2025-01-11,ios,google,200.00,CZ
104639,2025-02-01,android,twitter,110.00,FI
104640,2025-02-28,ios,twitter,175.00,DK
104641,2025-01-17,ios,google,75.00,LV
104642,2025-01-10,ios,facebook,60.00,LU
104643,2025-01-13,android,twitter,105.00,IT
104644,2025-01-05,android,tiktok,165.00,DK
104645,2025-01-31,android,instagram,155.00,LT
104646,2025-01-20,ios,facebook,175.00,DE
104647,2025-01-02,ios,twitter,145.00,RO
104648,2025-01-04,android,affiliate,65.00,SI
104649,2025-02-27,ios,twitter,70.00,MT
104650,2025-01-09,ios,tiktok,135.00,RO
104651,2025-01-12,android,affiliate,100.00,FR
104652,2025-02-12,android,affiliate,185.00,HU
104653,2025-01-22,ios,facebook,125.00,LV
104654,2025-01-02,ios,twitter,30.00,EE
104655,2025-02-01,android,instagram,185.00,ES
104656,2025-01-12,android,facebook,55.00,HU
104657,2025-01-08,ios,facebook,200.00,GR
104658,2025-01-13,ios,instagram,175.00,PL
104659,2025-02-13,ios,facebook,145.00,HU
104660,2025-02-15,ios,facebook,50.00,SI
104661,2025-01-19,ios,instagram,95.00,EE
104662,2025-02-28,ios,google,65.00,IE
104663,2025-02-12,android,google,80.00,SE
104664,2025-01-21,ios,google,170.00,IT
104665,2025-02-19,android,tiktok,30.00,GR
104666,2025-01-26,ios,affiliate,45.00,CY
104667,2025-02-15,ios,google,160.00,CZ
104668,2025-02-11,ios,tiktok,75.00,DE
104669,2025-01-06,android,instagram,65.00,RO
104670,2025-01-26,android,google,75.00,CZ
104671,2025-02-08,android,affiliate,75.00,DK
104672,2025-02-20,android,google,145.00,BE
104673,2025-01-29,ios,facebook,125.00,BG
104674,2025-01-30,android,affiliate,135.00,LV
104675,2025-01-11,android,google,75.00,MT
104676,2025-01-26,ios,instagram,40.00,AT
104677,2025-01-25,ios,google,55.00,GR
104678,2025-01-26,ios,facebook,55.00,BG
104679,2025-02-05,ios,facebook,90.00,BE
104680,2025-01-13,android,affiliate,135.00,MT
104681,2025-01-02,android,facebook,190.00,RO
104682,2025-01-28,android,facebook,65.00,CZ
104683,2025-02-10,android,twitter,60.00,LV
104684,2025-01-21,android,facebook,130.00,SE
104685,2025-02-03,android,twitter,160.00,IE
104686,2025-02-10,android,facebook,195.00,GR
104687,2025-02-07,android,tiktok,140.00,PL
104688,2025-02-09,ios,instagram,90.00,SK
104689,2025-02-06,ios,affiliate,190.00,DK
104690,2025-02-10,ios,affiliate,105.00,ES
104691,2025-01-04,ios,twitter,75.00,HU
104692,2025-01-10,android,facebook,195.00,LT
104693,2025-01-14,android,google,100.00,HU
104694,2025-02-14,ios,facebook,30.00,AT
104695,2025-02-04,android,tiktok,35.00,DE
104696,2025-02-10,ios,facebook,80.00,IT
104697,2025-01-18,android,affiliate,160.00,ES
104698,2025-01-14,android,twitter,170.00,IT
104699,2025-02-23,android,twitter,75.00,IE
104700,2025-02-09,android,instagram,160.00,ES
104701,2025-01-18,android,affiliate,160.00,PT
104702,2025-01-19,ios,facebook,95.00,GR
104703,2025-01-08,android,facebook,105.00,IE
104704,2025-01-03,android,google,85.00,IE
104705,2025-01-22,android,facebook,110.00,GR
104706,2025-01-17,android,google,70.00,IE
104707,2025-01-09,android,affiliate,65.00,DE
104708,2025-01-21,ios,facebook,125.00,PT
104709,2025-02-01,android,google,140.00,HR
104710,2025-02-04,android,tiktok,55.00,LV
104711,2025-02-15,android,facebook,180.00,EE
104712,2025-01-08,ios,google,45.00,SE
104713,2025-02-13,ios,tiktok,110.00,SI
104714,2025-02-16,ios,google,155.00,DK
104715,2025-02-17,android,facebook,190.00,SE
104716,2025-01-21,ios,google,75.00,DE
104717,2025-03-01,android,google,55.00,IT
104718,2025-01-13,ios,instagram,135.00,SK
104719,2025-01-04,ios,instagram,105.00,CZ
104720,2025-01-13,ios,instagram,85.00,IT
104721,2025-01-26,ios,instagram,50.00,FR
104722,2025-01-13,android,twitter,120.00,PT
104723,2025-02-27,ios,twitter,80.00,AT
104724,2025-01-19,ios,facebook,80.00,EE
104725,2025-01-13,android,google,105.00,AT
104726,2025-02-22,android,twitter,165.00,DK
104727,2025-01-22,ios,twitter,60.00,AT
104728,2025-01-09,android,facebook,185.00,NL
104729,2025-02-17,android,facebook,170.00,FR
104730,2025-02-01,ios,instagram,200.00,AT
104731,2025-01-24,android,twitter,100.00,SE
104732,2025-01-13,android,facebook,160.00,LV
104733,2025-02-16,android,google,200.00,BE
104734,2025-01-02,ios,google,100.00,SE
104735,2025-02-12,android,google,100.00,RO
104736,2025-01-03,android,tiktok,80.00,EE
104737,2025-01-20,ios,instagram,160.00,SK
104738,2025-01-16,ios,google,65.00,PT
104739,2025-02-18,ios,facebook,60.00,SK
104740,2025-02-12,ios,google,40.00,BG
104741,2025-02-23,android,instagram,155.00,LU
104742,2025-02-28,ios,affiliate,35.00,ES
104743,2025-01-18,ios,tiktok,200.00,BE
104744,2025-01-23,ios,facebook,150.00,SE
104745,2025-02-02,android,twitter,130.00,HU
104746,2025-01-15,ios,twitter,130.00,HU
104747,2025-02-21,ios,twitter,70.00,DE
104748,2025-02-07,android,google,40.00,NL
104749,2025-02-26,ios,twitter,85.00,EE
104750,2025-01-11,ios,google,180.00,SK
104751,2025-01-25,android,instagram,185.00,IT
104752,2025-01-24,android,affiliate,200.00,DK
104753,2025-01-02,ios,tiktok,85.00,PT
104754,2025-02-02,android,google,125.00,LU
104755,2025-02-15,android,twitter,65.00,HR
104756,2025-02-26,ios,google,180.00,HR
104757,2025-02-24,android,twitter,175.00,SI
104758,2025-01-08,android,tiktok,100.00,LV
104759,2025-02-17,ios,twitter,175.00,SK
104760,2025-01-15,android,affiliate,75.00,SK
104761,2025-01-03,ios,twitter,145.00,MT
104762,2025-01-14,android,google,115.00,CZ
104763,2025-02-16,ios,facebook,140.00,FI
104764,2025-01-03,android,twitter,145.00,BE
104765,2025-02-08,android,affiliate,125.00,BG
104766,2025-01-27,ios,instagram,90.00,DE
104767,2025-01-11,ios,instagram,135.00,PT
104768,2025-01-07,android,google,170.00,DE
104769,2025-02-25,android,affiliate,50.00,SK
104770,2025-02-04,ios,facebook,80.00,SI
104771,2025-02-24,android,facebook,70.00,EE
104772,2025-01-20,ios,facebook,190.00,DK
104773,2025-01-09,android,tiktok,195.00,BE
104774,2025-02-08,ios,tiktok,75.00,CZ
104775,2025-01-23,ios,affiliate,185.00,DE
104776,2025-01-21,ios,google,95.00,PT
104777,2025-01-13,android,twitter,160.00,RO
104778,2025-02-20,ios,affiliate,60.00,FR
104779,2025-01-17,ios,affiliate,40.00,IE
104780,2025-01-01,android,tiktok,130.00,NL
104781,2025-02-20,android,affiliate,75.00,NL
104782,2025-02-09,android,google,75.00,PT
104783,2025-01-15,android,affiliate,55.00,HR
104784,2025-02-15,ios,affiliate,110.00,HR
104785,2025-01-24,ios,instagram,165.00,EE
104786,2025-02-10,android,affiliate,155.00,LU
104787,2025-01-20,android,tiktok,195.00,LT
104788,2025-02-14,android,instagram,150.00,IT
104789,2025-01-12,android,facebook,105.00,GR
104790,2025-01-30,android,tiktok,170.00,FR
104791,2025-02-06,ios,twitter,85.00,HR
104792,2025-01-25,android,google,190.00,NL
104793,2025-01-25,android,google,165.00,EE
104794,2025-01-09,ios,instagram,75.00,IT
104795,2025-01-25,ios,tiktok,75.00,CZ
104796,2025-02-01,android,twitter,155.00,AT
104797,2025-01-01,android,facebook,30.00,SK
104798,2025-02-28,android,instagram,170.00,NL
104799,2025-01-05,android,google,55.00,LT
104800,2025-01-19,android,instagram,180.00,ES
104801,2025-02-23,android,google,140.00,EE
104802,2025-01-16,ios,instagram,50.00,DE
104803,2025-01-14,android,instagram,175.00,CY
104804,2025-01-26,ios,twitter,115.00,GR
104805,2025-01-16,ios,facebook,105.00,CY
104806,2025-02-16,ios,twitter,70.00,AT
104807,2025-01-14,ios,facebook,110.00,IE
104808,2025-02-16,ios,google,180.00,PL
104809,2025-01-19,android,twitter,60.00,CZ
104810,2025-01-02,android,twitter,30.00,MT
104811,2025-02-04,android,google,110.00,NL
104812,2025-01-08,ios,tiktok,160.00,IT
104813,2025-01-04,android,google,185.00,LU
104814,2025-02-22,ios,google,175.00,FR
104815,2025-01-01,ios,google,160.00,HU
104816,2025-02-01,ios,affiliate,30.00,RO
104817,2025-01-26,ios,affiliate,135.00,IE
104818,2025-01-23,android,instagram,55.00,PT
104819,2025-02-21,android,google,120.00,PL
104820,2025-03-01,ios,affiliate,190.00,DK
104821,2025-01-19,android,facebook,100.00,BG
104822,2025-01-24,ios,affiliate,195.00,PL
104823,2025-01-22,android,instagram,140.00,EE
104824,2025-02-10,ios,affiliate,40.00,EE
104825,2025-01-09,ios,instagram,155.00,AT
104826,2025-01-28,android,instagram,135.00,SI
104827,2025-01-31,ios,google,160.00,LU
104828,2025-02-06,ios,tiktok,45.00,LU
104829,2025-01-18,ios,affiliate,55.00,RO
104830,2025-02-08,android,instagram,160.00,PT
104831,2025-02-09,ios,twitter,145.00,BE
104832,2025-01-14,ios,facebook,35.00,DE
104833,2025-01-10,ios,tiktok,115.00,IE
104834,2025-01-15,ios,affiliate,125.00,SE
104835,2025-02-27,ios,tiktok,160.00,PT
104836,2025-01-10,android,twitter,130.00,CZ
104837,2025-02-08,ios,affiliate,195.00,DE
104838,2025-02-06,android,twitter,100.00,LV
104839,2025-02-19,ios,google,150.00,SI
104840,2025-01-21,ios,google,150.00,FR
104841,2025-02-25,android,tiktok,45.00,SE
104842,2025-02-16,android,twitter,85.00,GR
104843,2025-02-11,android,google,35.00,BG
104844,2025-01-23,ios,facebook,190.00,PT
104845,2025-02-09,android,tiktok,95.00,MT
104846,2025-01-24,android,instagram,50.00,FI
104847,2025-01-26,android,facebook,115.00,CY
104848,2025-01-16,android,google,50.00,LT
104849,2025-02-26,ios,google,165.00,LT
104850,2025-02-12,android,affiliate,145.00,HR
104851,2025-02-19,android,tiktok,180.00,IE
104852,2025-01-06,android,affiliate,60.00,PL
104853,2025-01-23,ios,google,105.00,HU
104854,2025-02-11,ios,tiktok,170.00,RO
104855,2025-02-14,android,google,40.00,HR
104856,2025-01-07,android,tiktok,185.00,SK
104857,2025-02-27,android,tiktok,105.00,RO
104858,2025-02-02,android,facebook,170.00,IT
104859,2025-01-31,android,affiliate,30.00,AT
104860,2025-02-01,android,affiliate,200.00,BE
104861,2025-01-15,ios,google,170.00,MT
104862,2025-01-06,android,instagram,170.00,BG
104863,2025-01-21,ios,twitter,130.00,PL
104864,2025-02-21,ios,twitter,175.00,MT
104865,2025-01-28,android,instagram,190.00,FI
104866,2025-02-23,ios,affiliate,115.00,BG
104867,2025-01-15,android,facebook,190.00,DK
104868,2025-02-12,android,google,120.00,CY
104869,2025-01-06,ios,affiliate,45.00,PT
104870,2025-02-06,ios,google,95.00,SI
104871,2025-02-07,ios,instagram,130.00,LV
104872,2025-01-28,android,affiliate,140.00,SE
104873,2025-02-20,android,instagram,65.00,LU
104874,2025-02-28,android,tiktok,160.00,LV
104875,2025-02-28,ios,facebook,110.00,SI
104876,2025-01-28,ios,twitter,90.00,PL
104877,2025-01-13,android,tiktok,50.00,LU
104878,2025-02-20,ios,google,105.00,AT
104879,2025-01-27,ios,instagram,35.00,IT
104880,2025-01-24,ios,facebook,35.00,SE
104881,2025-01-28,ios,tiktok,50.00,ES
104882,2025-01-18,android,instagram,100.00,IE
104883,2025-02-11,android,facebook,30.00,SI
104884,2025-01-04,ios,twitter,195.00,IE
104885,2025-02-28,android,facebook,190.00,LV
104886,2025-01-10,ios,facebook,155.00,ES
104887,2025-01-03,android,instagram,195.00,FI
104888,2025-02-26,android,google,45.00,BG
104889,2025-01-06,ios,google,50.00,MT
104890,2025-02-04,android,instagram,40.00,AT
104891,2025-01-18,android,affiliate,50.00,IE
104892,2025-02-17,android,tiktok,80.00,FR
104893,2025-02-24,android,facebook,135.00,BG
104894,2025-02-06,android,twitter,135.00,GR
104895,2025-01-08,android,google,125.00,LU
104896,2025-01-19,ios,tiktok,95.00,EE
104897,2025-01-26,android,affiliate,105.00,LU
104898,2025-02-07,android,twitter,135.00,FI
104899,2025-02-10,ios,tiktok,150.00,SE
104900,2025-01-05,ios,tiktok,180.00,SI
104901,2025-01-07,ios,tiktok,175.00,NL
104902,2025-02-21,android,twitter,100.00,DK
104903,2025-01-24,android,google,195.00,LU
104904,2025-01-23,ios,facebook,65.00,DK
104905,2025-02-09,ios,instagram,125.00,LV
104906,2025-02-10,ios,facebook,85.00,GR
104907,2025-01-11,android,twitter,75.00,ES
104908,2025-01-17,android,twitter,165.00,SI
104909,2025-01-27,ios,facebook,140.00,RO
104910,2025-01-15,android,google,95.00,HU
104911,2025-01-11,android,affiliate,65.00,SK
104912,2025-01-26,ios,facebook,90.00,FR
104913,2025-01-24,android,facebook,145.00,AT
104914,2025-02-11,ios,twitter,200.00,HR
104915,2025-02-15,android,twitter,80.00,NL
104916,2025-02-12,android,affiliate,80.00,HU
104917,2025-01-29,android,tiktok,170.00,HU
104918,2025-01-10,android,twitter,30.00,BE
104919,2025-01-31,ios,facebook,200.00,SK
104920,2025-02-26,ios,tiktok,125.00,HR
104921,2025-02-24,ios,instagram,185.00,GR
104922,2025-01-25,ios,instagram,135.00,NL
104923,2025-01-24,android,facebook,70.00,PT
104924,2025-02-17,android,tiktok,85.00,HU
104925,2025-02-19,android,instagram,90.00,ES
104926,2025-02-06,android,tiktok,105.00,BG
104927,2025-01-27,android,facebook,45.00,NL
104928,2025-01-15,android,affiliate,200.00,LU
104929,2025-02-25,android,twitter,70.00,LU
104930,2025-02-26,android,twitter,160.00,HU
104931,2025-02-19,ios,instagram,90.00,HU
104932,2025-01-11,ios,twitter,45.00,BE
104933,2025-01-17,android,twitter,75.00,EE
104934,2025-02-16,android,tiktok,45.00,LU
104935,2025-01-21,ios,google,175.00,BG
104936,2025-01-11,ios,instagram,135.00,FR
104937,2025-01-01,android,facebook,100.00,CZ
104938,2025-01-13,android,instagram,160.00,BG
104939,2025-01-31,android,facebook,160.00,LV
104940,2025-02-16,android,affiliate,80.00,LV
104941,2025-02-21,ios,affiliate,200.00,PT
104942,2025-02-16,android,google,140.00,LT
104943,2025-02-27,ios,twitter,200.00,HU
104944,2025-02-03,ios,facebook,190.00,CY
104945,2025-02-11,ios,google,65.00,NL
104946,2025-02-19,ios,instagram,160.00,NL
104947,2025-01-21,android,tiktok,45.00,FI
104948,2025-01-01,android,google,155.00,RO
104949,2025-02-02,android,google,80.00,PL
104950,2025-01-26,ios,facebook,165.00,RO
104951,2025-01-28,ios,facebook,110.00,CZ
104952,2025-02-10,ios,google,75.00,HU
104953,2025-02-18,android,twitter,35.00,CY
104954,2025-02-18,ios,twitter,195.00,FR
104955,2025-01-01,android,google,160.00,BG
104956,2025-01-24,android,affiliate,150.00,SK
104957,2025-01-25,android,instagram,70.00,GR
104958,2025-01-01,ios,instagram,45.00,EE
104959,2025-02-11,ios,twitter,135.00,SI
104960,2025-01-19,ios,instagram,80.00,NL
104961,2025-01-29,ios,google,195.00,CY
104962,2025-01-09,ios,instagram,65.00,PT
104963,2025-03-01,android,tiktok,165.00,DE
104964,2025-01-17,android,google,170.00,RO
104965,2025-03-01,ios,instagram,110.00,EE
104966,2025-01-03,android,tiktok,90.00,BE
104967,2025-02-19,android,affiliate,200.00,RO
104968,2025-02-19,android,google,165.00,SE
104969,2025-02-11,android,twitter,145.00,HU
104970,2025-01-16,ios,instagram,170.00,BE
104971,2025-01-20,android,affiliate,105.00,IT
104972,2025-02-23,android,twitter,110.00,ES
104973,2025-02-03,android,affiliate,70.00,FI
104974,2025-01-24,android,affiliate,195.00,RO
104975,2025-01-12,android,affiliate,100.00,PT
104976,2025-01-25,ios,facebook,35.00,CY
104977,2025-01-15,android,affiliate,55.00,ES
104978,2025-01-27,android,instagram,90.00,PT
104979,2025-02-27,ios,tiktok,115.00,LU
104980,2025-01-12,ios,affiliate,110.00,DK
104981,2025-02-01,ios,tiktok,200.00,ES
104982,2025-02-28,ios,facebook,45.00,LT
104983,2025-02-22,android,google,190.00,FR
104984,2025-01-21,android,google,155.00,LV
104985,2025-01-07,ios,twitter,105.00,SI
104986,2025-02-21,ios,affiliate,140.00,PT
104987,2025-01-31,android,tiktok,140.00,CY
104988,2025-01-20,android,google,175.00,RO
104989,2025-02-23,ios,twitter,145.00,AT
104990,2025-01-17,ios,affiliate,60.00,NL
104991,2025-01-30,android,tiktok,110.00,GR
104992,2025-02-07,android,affiliate,140.00,BG
104993,2025-02-12,ios,facebook,125.00,DK
104994,2025-01-27,ios,twitter,105.00,CZ
104995,2025-02-18,ios,affiliate,100.00,PT
104996,2025-01-16,ios,instagram,35.00,LU
104997,2025-01-26,android,facebook,175.00,DE
104998,2025-01-19,android,affiliate,135.00,HU
104999,2025-02-14,ios,google,115.00,AT
105000,2025-02-24,android,instagram,165.00,AT
105001,2025-02-25,ios,google,85.00,LT
105002,2025-02-13,android,affiliate,70.00,FR
105003,2025-02-06,android,twitter,110.00,LT
105004,2025-02-09,android,tiktok,160.00,FI
105005,2025-01-09,ios,facebook,90.00,LT
105006,2025-01-16,ios,affiliate,110.00,MT
105007,2025-01-02,ios,instagram,40.00,NL
105008,2025-01-08,ios,google,180.00,NL
105009,2025-02-11,ios,affiliate,145.00,CZ
105010,2025-01-17,android,instagram,125.00,BG
105011,2025-01-03,ios,google,135.00,ES
105012,2025-01-13,android,facebook,190.00,SI
105013,2025-01-09,android,twitter,70.00,IT
105014,2025-02-23,ios,twitter,55.00,IT
105015,2025-01-18,ios,facebook,50.00,CY
105016,2025-01-02,ios,affiliate,70.00,BG
105017,2025-01-11,ios,google,40.00,DK
105018,2025-01-14,ios,instagram,40.00,CZ
105019,2025-02-02,ios,instagram,70.00,AT
105020,2025-01-07,android,tiktok,65.00,LV
105021,2025-02-17,ios,google,45.00,PT
105022,2025-02-16,ios,affiliate,75.00,IE
105023,2025-02-22,ios,google,125.00,DK
105024,2025-01-19,android,affiliate,110.00,PL
105025,2025-01-26,ios,google,135.00,BG
105026,2025-02-18,android,tiktok,30.00,SE
105027,2025-01-17,ios,google,115.00,LV
105028,2025-01-23,ios,google,150.00,BG
105029,2025-01-05,android,google,145.00,IT
105030,2025-02-28,android,google,90.00,DK
105031,2025-02-27,android,google,200.00,HU
105032,2025-02-26,android,affiliate,90.00,RO
105033,2025-01-26,ios,facebook,55.00,SI
105034,2025-02-14,android,instagram,140.00,MT
105035,2025-01-21,ios,affiliate,120.00,SK
105036,2025-02-21,android,affiliate,65.00,LT
105037,2025-02-21,android,instagram,40.00,PT
105038,2025-02-18,android,facebook,75.00,RO
105039,2025-01-10,ios,google,130.00,HR
105040,2025-01-15,android,google,45.00,SK
105041,2025-02-27,ios,twitter,175.00,MT
105042,2025-02-21,ios,tiktok,80.00,IE
105043,2025-01-04,android,twitter,155.00,BE
105044,2025-02-13,android,twitter,85.00,EE
105045,2025-02-16,ios,google,165.00,IE
105046,2025-01-23,ios,affiliate,40.00,GR
105047,2025-02-04,ios,instagram,200.00,CY
105048,2025-02-27,android,google,150.00,BG
105049,2025-02-13,ios,instagram,40.00,IE
105050,2025-01-03,android,instagram,130.00,GR
105051,2025-01-29,ios,facebook,195.00,GR
105052,2025-02-05,android,twitter,75.00,HR
105053,2025-02-27,android,affiliate,75.00,BE
105054,2025-02-18,android,instagram,160.00,DK
105055,2025-01-27,android,twitter,180.00,NL
105056,2025-02-17,android,affiliate,55.00,SE
105057,2025-01-21,android,facebook,160.00,CZ
105058,2025-01-04,ios,tiktok,170.00,PT
105059,2025-02-12,android,twitter,135.00,FI
105060,2025-01-26,ios,instagram,125.00,BE
105061,2025-02-04,ios,google,135.00,IT
105062,2025-01-11,ios,twitter,150.00,ES
105063,2025-02-16,ios,instagram,135.00,LT
105064,2025-01-03,android,facebook,175.00,RO
105065,2025-02-23,android,instagram,180.00,SE
105066,2025-02-18,android,tiktok,155.00,RO
105067,2025-02-18,ios,tiktok,150.00,NL
105068,2025-01-14,ios,instagram,65.00,HR
105069,2025-02-02,android,google,110.00,LV
105070,2025-02-18,ios,instagram,35.00,GR
105071,2025-02-20,android,facebook,85.00,SI
105072,2025-02-02,ios,instagram,175.00,HR
105073,2025-01-05,android,facebook,100.00,HU
105074,2025-01-16,ios,google,30.00,SE
105075,2025-02-17,android,twitter,35.00,HU
105076,2025-01-13,android,affiliate,140.00,PL
105077,2025-01-24,android,affiliate,130.00,DK
105078,2025-01-31,android,affiliate,120.00,FR
105079,2025-02-28,ios,tiktok,55.00,HU
105080,2025-02-03,android,instagram,130.00,LU
105081,2025-01-19,android,google,165.00,ES
105082,2025-02-01,android,twitter,185.00,GR
105083,2025-02-03,ios,google,145.00,PT
105084,2025-01-05,ios,instagram,105.00,AT
105085,2025-03-01,ios,instagram,125.00,HR
105086,2025-01-22,android,google,150.00,HU
105087,2025-01-23,ios,twitter,120.00,LT
105088,2025-01-18,android,facebook,50.00,DE
105089,2025-02-22,ios,instagram,70.00,LT
105090,2025-01-05,ios,facebook,100.00,PT
105091,2025-01-08,android,tiktok,65.00,CZ
105092,2025-01-04,android,tiktok,60.00,BG
105093,2025-02-02,ios,tiktok,195.00,SE
105094,2025-02-07,android,google,110.00,DK
105095,2025-01-26,android,facebook,175.00,GR
105096,2025-02-08,android,instagram,70.00,AT
105097,2025-01-26,android,affiliate,75.00,DK
105098,2025-01-08,ios,tiktok,175.00,HU
105099,2025-01-21,ios,google,180.00,SK
105100,2025-02-25,ios,affiliate,150.00,FR
105101,2025-01-23,ios,instagram,65.00,CZ
105102,2025-01-31,ios,twitter,65.00,IE
105103,2025-01-12,android,affiliate,145.00,PT
105104,2025-01-09,ios,tiktok,175.00,SI
105105,2025-02-20,android,tiktok,120.00,AT
105106,2025-02-11,ios,google,45.00,SK
105107,2025-01-24,android,affiliate,95.00,GR
105108,2025-01-03,ios,twitter,190.00,SK
105109,2025-02-19,android,twitter,30.00,GR
105110,2025-01-13,android,affiliate,200.00,RO
105111,2025-02-17,android,facebook,115.00,NL
105112,2025-01-19,ios,tiktok,75.00,PL
105113,2025-01-22,android,affiliate,50.00,IE
105114,2025-02-01,ios,facebook,140.00,FI
105115,2025-01-21,android,instagram,195.00,MT
105116,2025-01-20,android,tiktok,75.00,FR
105117,2025-02-06,android,google,155.00,LT
105118,2025-01-25,ios,tiktok,195.00,CY
105119,2025-01-19,android,facebook,190.00,DE
105120,2025-02-11,android,google,200.00,GR
105121,2025-01-29,android,affiliate,50.00,LU
105122,2025-03-01,ios,twitter,170.00,ES
105123,2025-01-04,ios,google,165.00,DE
105124,2025-01-03,android,facebook,85.00,EE
105125,2025-01-18,android,google,145.00,IT
105126,2025-02-05,ios,twitter,90.00,BE
105127,2025-01-17,android,affiliate,200.00,PT
105128,2025-02-14,android,instagram,115.00,BG
105129,2025-01-27,ios,twitter,175.00,GR
105130,2025-01-22,ios,affiliate,135.00,HR
105131,2025-02-01,android,tiktok,70.00,LV
105132,2025-02-04,android,tiktok,120.00,IE
105133,2025-01-07,ios,affiliate,130.00,PT
105134,2025-02-24,android,facebook,45.00,PL
105135,2025-01-11,android,google,50.00,AT
105136,2025-02-01,ios,twitter,175.00,RO
105137,2025-03-01,ios,tiktok,180.00,SI
105138,2025-01-19,ios,google,170.00,IE
105139,2025-02-25,android,tiktok,105.00,FI
105140,2025-01-10,ios,instagram,130.00,FR
105141,2025-01-04,android,affiliate,30.00,DE
105142,2025-02-12,ios,tiktok,200.00,BE
105143,2025-02-21,ios,twitter,45.00,RO
105144,2025-01-19,android,twitter,75.00,FI
105145,2025-01-09,ios,affiliate,75.00,DE
105146,2025-01-27,ios,google,85.00,FI
105147,2025-02-26,android,instagram,175.00,SI
105148,2025-01-16,android,google,40.00,FR
105149,2025-02-28,ios,google,170.00,DE
105150,2025-01-12,ios,twitter,120.00,RO
105151,2025-02-24,ios,affiliate,50.00,LT
105152,2025-01-16,android,facebook,75.00,SE
105153,2025-01-18,ios,facebook,80.00,MT
105154,2025-02-23,android,affiliate,80.00,PL
105155,2025-01-03,android,google,35.00,GR
105156,2025-02-27,android,facebook,120.00,ES
105157,2025-02-09,ios,facebook,200.00,BG
105158,2025-02-19,android,instagram,90.00,AT
105159,2025-02-02,android,affiliate,90.00,SI
105160,2025-02-26,android,twitter,75.00,IT
105161,2025-01-16,android,twitter,110.00,PL
105162,2025-02-10,android,twitter,55.00,FR
105163,2025-02-12,android,google,50.00,HU
105164,2025-02-17,android,tiktok,50.00,LT
105165,2025-02-07,android,affiliate,95.00,LU
105166,2025-01-16,ios,twitter,135.00,LU
105167,2025-01-16,ios,affiliate,35.00,MT
105168,2025-02-06,android,tiktok,70.00,NL
105169,2025-01-25,ios,affiliate,190.00,ES
105170,2025-02-25,android,facebook,95.00,RO
105171,2025-02-10,android,google,200.00,FI
105172,2025-02-02,android,tiktok,60.00,SE
105173,2025-02-19,android,facebook,30.00,LV
105174,2025-01-09,ios,twitter,155.00,IE
105175,2025-02-19,android,tiktok,70.00,GR
105176,2025-01-27,ios,google,70.00,HU
105177,2025-01-17,android,instagram,130.00,CY
105178,2025-02-15,ios,tiktok,85.00,CZ
105179,2025-01-14,ios,facebook,135.00,GR
105180,2025-02-08,ios,instagram,130.00,RO
105181,2025-02-14,android,instagram,75.00,LV
105182,2025-01-27,android,twitter,85.00,FR
105183,2025-01-25,android,instagram,140.00,MT
105184,2025-02-10,android,google,40.00,DK
105185,2025-02-06,android,affiliate,30.00,DE
105186,2025-01-17,android,twitter,155.00,DK
105187,2025-02-05,android,instagram,70.00,BE
105188,2025-02-21,android,tiktok,185.00,ES
105189,2025-02-25,android,instagram,40.00,LV
105190,2025-02-28,android,google,130.00,CY
105191,2025-01-13,android,tiktok,90.00,FI
105192,2025-01-01,ios,affiliate,135.00,BE
105193,2025-01-04,android,twitter,105.00,SI
105194,2025-01-31,android,tiktok,40.00,DK
105195,2025-02-28,ios,affiliate,180.00,BE
105196,2025-01-23,ios,instagram,85.00,NL
105197,2025-01-05,ios,twitter,95.00,SE
105198,2025-01-30,android,facebook,185.00,HU
105199,2025-01-25,ios,instagram,90.00,PT
105200,2025-01-21,android,affiliate,40.00,IT
105201,2025-01-16,android,facebook,140.00,CY
105202,2025-01-13,android,twitter,40.00,LU
105203,2025-02-14,ios,instagram,120.00,DK
105204,2025-01-08,android,affiliate,90.00,AT
105205,2025-02-25,ios,tiktok,110.00,FR