date_day,affiliate_name,affiliate_id,campaign_name,country,spend_usd,conversions
2025-01-01,PixelPartners,AFF007,summer_promo_2025,US,880.01,10
2025-01-01,AdVantage Hub,AFF005,product_launch_v2,CA,185.05,2
2025-01-01,ConvertFlow,AFF006,black_friday_2025,GB,839.95,6
2025-01-02,BrandBoost Network,AFF010,black_friday_2025,FR,701.63,9
2025-01-02,FunnelForge,AFF009,product_launch_v2,PL,812.36,5
2025-01-02,AdVantage Hub,AFF005,product_launch_v2,US,462.71,5
2025-01-02,ConvertFlow,AFF006,influencer_collab,US,640.1,1
2025-01-02,NorthStar Affiliates,AFF004,new_year_push,BR,347.18,3
2025-01-02,ClickBridge Partners,AFF003,new_year_push,DE,235.37,1
2025-01-03,AdVantage Hub,AFF005,q1_retention,NL,336.14,4
2025-01-03,TechReach Media,AFF001,black_friday_2025,CA,397.73,5
2025-01-03,ClickBridge Partners,AFF003,new_year_push,NL,194.6,1
2025-01-03,BrandBoost Network,AFF010,black_friday_2025,US,725.28,3
2025-01-03,NorthStar Affiliates,AFF004,black_friday_2025,NL,720.2,8
2025-01-04,TechReach Media,AFF001,product_launch_v2,DE,707.3,5
2025-01-04,AdVantage Hub,AFF005,loyalty_reactivation,DE,538.55,5
2025-01-04,GrowthNest,AFF002,black_friday_2025,US,438.11,2
2025-01-04,ClickBridge Partners,AFF003,new_year_push,GB,779.79,3
2025-01-04,NorthStar Affiliates,AFF004,summer_promo_2025,US,310.73,1
2025-01-05,GrowthNest,AFF002,referral_spring,US,153.84,1
2025-01-05,AdVantage Hub,AFF005,q1_retention,NL,458.74,5
2025-01-05,FunnelForge,AFF009,q1_retention,DE,204.9,1
2025-01-05,ClickBridge Partners,AFF003,product_launch_v2,GB,392.44,2
2025-01-05,NorthStar Affiliates,AFF004,referral_spring,FR,376.69,5
2025-01-05,TechReach Media,AFF001,summer_promo_2025,US,868.76,5
2025-01-05,LeadLaunch,AFF008,new_year_push,NL,298.01,3
2025-01-06,PixelPartners,AFF007,influencer_collab,US,330.88,4
2025-01-06,LeadLaunch,AFF008,loyalty_reactivation,US,782.42,1
2025-01-06,ConvertFlow,AFF006,black_friday_2025,NL,434.32,2
2025-01-06,BrandBoost Network,AFF010,product_launch_v2,FR,612.87,6
2025-01-06,AdVantage Hub,AFF005,summer_promo_2025,GB,114.12,1
2025-01-06,GrowthNest,AFF002,q1_retention,GB,198.51,1
2025-01-06,NorthStar Affiliates,AFF004,product_launch_v2,FR,219.89,1
2025-01-07,PixelPartners,AFF007,referral_spring,BR,475.49,1
2025-01-07,ConvertFlow,AFF006,influencer_collab,US,479.06,5
2025-01-07,AdVantage Hub,AFF005,product_launch_v2,BR,548.82,4
2025-01-07,LeadLaunch,AFF008,loyalty_reactivation,US,351.89,2
2025-01-08,LeadLaunch,AFF008,loyalty_reactivation,DE,169.03,1
2025-01-08,TechReach Media,AFF001,q1_retention,NL,310.61,1
2025-01-08,NorthStar Affiliates,AFF004,product_launch_v2,NL,710.29,4
2025-01-08,ClickBridge Partners,AFF003,summer_promo_2025,SE,268.78,1
2025-01-08,ConvertFlow,AFF006,summer_promo_2025,DE,384.16,2
2025-01-09,LeadLaunch,AFF008,new_year_push,US,116.83,1
2025-01-09,AdVantage Hub,AFF005,referral_spring,PL,811.18,6
2025-01-09,GrowthNest,AFF002,summer_promo_2025,SE,812.63,9
2025-01-09,FunnelForge,AFF009,summer_promo_2025,GB,713.05,6
2025-01-09,PixelPartners,AFF007,referral_spring,GB,157.46,1
2025-01-09,ClickBridge Partners,AFF003,product_launch_v2,CA,295.22,1
2025-01-09,ConvertFlow,AFF006,new_year_push,US,180.66,1
2025-01-10,AdVantage Hub,AFF005,black_friday_2025,PL,490.61,4
2025-01-10,GrowthNest,AFF002,q1_retention,US,268.32,1
2025-01-10,ClickBridge Partners,AFF003,q1_retention,NL,179.9,1
2025-01-10,TechReach Media,AFF001,referral_spring,NL,556.52,5
2025-01-10,ConvertFlow,AFF006,influencer_collab,CA,666.63,2
2025-01-10,NorthStar Affiliates,AFF004,summer_promo_2025,US,181.48,2
2025-01-10,LeadLaunch,AFF008,loyalty_reactivation,GB,326.78,4
2025-01-11,PixelPartners,AFF007,loyalty_reactivation,BR,100.38,1
2025-01-11,AdVantage Hub,AFF005,referral_spring,DE,599.86,7
2025-01-11,NorthStar Affiliates,AFF004,summer_promo_2025,US,423.67,1
2025-01-12,GrowthNest,AFF002,summer_promo_2025,AU,733.39,6
2025-01-12,ClickBridge Partners,AFF003,q1_retention,DE,576.93,8
2025-01-12,TechReach Media,AFF001,black_friday_2025,FR,418.31,1
2025-01-12,ConvertFlow,AFF006,referral_spring,GB,614.58,9
2025-01-12,LeadLaunch,AFF008,black_friday_2025,DE,283.23,1
2025-01-12,AdVantage Hub,AFF005,q1_retention,CA,749.59,11
2025-01-12,PixelPartners,AFF007,summer_promo_2025,US,567.44,3
2025-01-13,NorthStar Affiliates,AFF004,q1_retention,BR,215.74,1
2025-01-13,LeadLaunch,AFF008,referral_spring,US,174.7,1
2025-01-13,GrowthNest,AFF002,loyalty_reactivation,US,223.21,1
2025-01-14,TechReach Media,AFF001,black_friday_2025,US,228.83,2
2025-01-14,BrandBoost Network,AFF010,new_year_push,US,548.41,2
2025-01-14,PixelPartners,AFF007,new_year_push,US,386.36,3
2025-01-14,NorthStar Affiliates,AFF004,new_year_push,US,763.44,6
2025-01-14,ConvertFlow,AFF006,summer_promo_2025,BR,161.27,1
2025-01-14,ClickBridge Partners,AFF003,summer_promo_2025,AU,820.18,3
2025-01-14,LeadLaunch,AFF008,new_year_push,CA,719.17,7
2025-01-15,NorthStar Affiliates,AFF004,influencer_collab,GB,604.44,3
2025-01-15,BrandBoost Network,AFF010,referral_spring,US,471.86,1
2025-01-15,LeadLaunch,AFF008,influencer_collab,US,381.36,3
2025-01-15,GrowthNest,AFF002,referral_spring,GB,391.16,1
2025-01-15,ConvertFlow,AFF006,product_launch_v2,US,858.06,9
2025-01-15,AdVantage Hub,AFF005,new_year_push,DE,349.26,2
2025-01-16,ConvertFlow,AFF006,product_launch_v2,US,682.61,1
2025-01-16,FunnelForge,AFF009,q1_retention,NL,785.79,12
2025-01-16,PixelPartners,AFF007,q1_retention,FR,157.98,1
2025-01-16,NorthStar Affiliates,AFF004,loyalty_reactivation,US,847.47,10
2025-01-16,ClickBridge Partners,AFF003,product_launch_v2,BR,736.73,2
2025-01-17,PixelPartners,AFF007,product_launch_v2,US,585.26,5
2025-01-17,LeadLaunch,AFF008,q1_retention,DE,549.39,2
2025-01-17,NorthStar Affiliates,AFF004,influencer_collab,DE,706.42,5
2025-01-17,FunnelForge,AFF009,new_year_push,DE,571.67,7
2025-01-17,BrandBoost Network,AFF010,q1_retention,US,176.02,1
2025-01-18,ClickBridge Partners,AFF003,new_year_push,CA,301.84,4
2025-01-18,LeadLaunch,AFF008,referral_spring,GB,209.24,2
2025-01-18,BrandBoost Network,AFF010,q1_retention,BR,439.08,5
2025-01-18,ConvertFlow,AFF006,influencer_collab,NL,533.45,7
2025-01-18,AdVantage Hub,AFF005,new_year_push,CA,473.08,1
2025-01-18,TechReach Media,AFF001,influencer_collab,PL,668.56,9
2025-01-18,NorthStar Affiliates,AFF004,new_year_push,US,777.44,10
2025-01-19,PixelPartners,AFF007,black_friday_2025,US,456.01,2
2025-01-19,NorthStar Affiliates,AFF004,influencer_collab,GB,833.12,9
2025-01-19,ConvertFlow,AFF006,black_friday_2025,US,897.57,1
2025-01-19,FunnelForge,AFF009,new_year_push,US,766.26,1
2025-01-19,TechReach Media,AFF001,summer_promo_2025,PL,625.86,2
2025-01-19,AdVantage Hub,AFF005,product_launch_v2,US,815.57,11
2025-01-20,AdVantage Hub,AFF005,black_friday_2025,US,826.72,4
2025-01-20,ClickBridge Partners,AFF003,product_launch_v2,US,84.45,1
2025-01-20,GrowthNest,AFF002,q1_retention,FR,737.22,1
2025-01-21,LeadLaunch,AFF008,black_friday_2025,US,245.46,3
2025-01-21,GrowthNest,AFF002,summer_promo_2025,DE,691.05,2
2025-01-21,ConvertFlow,AFF006,loyalty_reactivation,AU,207.27,2
2025-01-21,PixelPartners,AFF007,black_friday_2025,US,302.02,3
2025-01-21,TechReach Media,AFF001,summer_promo_2025,PL,581.47,6
2025-01-21,FunnelForge,AFF009,loyalty_reactivation,FR,114.73,1
2025-01-21,BrandBoost Network,AFF010,summer_promo_2025,SE,661.85,5
2025-01-22,TechReach Media,AFF001,new_year_push,DE,722.95,3
2025-01-22,LeadLaunch,AFF008,product_launch_v2,FR,199.01,1
2025-01-22,ClickBridge Partners,AFF003,new_year_push,GB,553.97,5
2025-01-23,GrowthNest,AFF002,influencer_collab,US,189.96,2
2025-01-23,LeadLaunch,AFF008,referral_spring,GB,430.88,5
2025-01-23,NorthStar Affiliates,AFF004,loyalty_reactivation,FR,417.68,1
2025-01-23,FunnelForge,AFF009,influencer_collab,US,562.41,5
2025-01-23,BrandBoost Network,AFF010,referral_spring,US,423.09,3
2025-01-23,PixelPartners,AFF007,influencer_collab,US,549.42,3
2025-01-24,AdVantage Hub,AFF005,black_friday_2025,DE,433.76,4
2025-01-24,BrandBoost Network,AFF010,product_launch_v2,GB,500.45,6
2025-01-24,NorthStar Affiliates,AFF004,product_launch_v2,SE,835.27,11
2025-01-24,LeadLaunch,AFF008,loyalty_reactivation,DE,735.89,3
2025-01-24,ConvertFlow,AFF006,referral_spring,AU,485.2,1
2025-01-25,TechReach Media,AFF001,summer_promo_2025,US,353.99,2
2025-01-25,FunnelForge,AFF009,q1_retention,GB,689.01,10
2025-01-25,BrandBoost Network,AFF010,summer_promo_2025,AU,782.37,5
2025-01-26,PixelPartners,AFF007,referral_spring,BR,896.28,6
2025-01-26,GrowthNest,AFF002,black_friday_2025,GB,643.89,2
2025-01-26,AdVantage Hub,AFF005,product_launch_v2,GB,605.53,4
2025-01-26,ClickBridge Partners,AFF003,summer_promo_2025,US,510.57,4
2025-01-27,ConvertFlow,AFF006,new_year_push,DE,768.04,9
2025-01-27,GrowthNest,AFF002,new_year_push,US,447.56,6
2025-01-27,AdVantage Hub,AFF005,influencer_collab,US,699.37,1
2025-01-28,GrowthNest,AFF002,summer_promo_2025,US,319.49,1
2025-01-28,NorthStar Affiliates,AFF004,influencer_collab,FR,484.5,1
2025-01-28,LeadLaunch,AFF008,summer_promo_2025,US,771.74,10
2025-01-28,BrandBoost Network,AFF010,product_launch_v2,FR,629.57,8
2025-01-28,ClickBridge Partners,AFF003,black_friday_2025,US,380.62,4
2025-01-29,ConvertFlow,AFF006,black_friday_2025,DE,825.83,4
2025-01-29,ClickBridge Partners,AFF003,loyalty_reactivation,AU,359.28,3
2025-01-29,FunnelForge,AFF009,influencer_collab,DE,166.08,1
2025-01-29,NorthStar Affiliates,AFF004,summer_promo_2025,SE,597.28,4
2025-01-29,LeadLaunch,AFF008,influencer_collab,GB,237.11,1
2025-01-30,FunnelForge,AFF009,q1_retention,US,307.98,3
2025-01-30,TechReach Media,AFF001,q1_retention,FR,885.08,10
2025-01-30,PixelPartners,AFF007,black_friday_2025,DE,704.37,7
2025-01-30,AdVantage Hub,AFF005,product_launch_v2,NL,869.83,12
2025-01-31,NorthStar Affiliates,AFF004,new_year_push,BR,887.35,9
2025-01-31,PixelPartners,AFF007,q1_retention,NL,694.99,3
2025-01-31,TechReach Media,AFF001,product_launch_v2,US,113.58,1
2025-01-31,ClickBridge Partners,AFF003,referral_spring,CA,481.55,7
2025-01-31,ConvertFlow,AFF006,new_year_push,DE,881.89,4
2025-01-31,GrowthNest,AFF002,influencer_collab,CA,149.55,1
2025-02-01,NorthStar Affiliates,AFF004,q1_retention,GB,119.93,1
2025-02-01,LeadLaunch,AFF008,summer_promo_2025,US,633.75,7
2025-02-01,AdVantage Hub,AFF005,product_launch_v2,CA,789.67,9
2025-02-01,ClickBridge Partners,AFF003,product_launch_v2,CA,120.15,1
2025-02-02,FunnelForge,AFF009,black_friday_2025,SE,630.72,4
2025-02-02,TechReach Media,AFF001,referral_spring,AU,365.39,2
2025-02-02,PixelPartners,AFF007,black_friday_2025,US,564.06,7
2025-02-02,NorthStar Affiliates,AFF004,influencer_collab,US,806.98,5
2025-02-02,AdVantage Hub,AFF005,black_friday_2025,US,360.38,1
2025-02-02,GrowthNest,AFF002,influencer_collab,CA,898.97,10
2025-02-02,BrandBoost Network,AFF010,product_launch_v2,GB,192.19,1
2025-02-03,AdVantage Hub,AFF005,product_launch_v2,GB,830.54,8
2025-02-03,GrowthNest,AFF002,q1_retention,US,379.61,3
2025-02-03,BrandBoost Network,AFF010,summer_promo_2025,US,94.49,1
2025-02-04,ClickBridge Partners,AFF003,referral_spring,GB,866.55,13
2025-02-04,BrandBoost Network,AFF010,black_friday_2025,DE,313.32,2
2025-02-04,AdVantage Hub,AFF005,new_year_push,US,346.78,4
2025-02-05,BrandBoost Network,AFF010,referral_spring,US,796.94,1
2025-02-05,ConvertFlow,AFF006,referral_spring,DE,729.42,7
2025-02-05,FunnelForge,AFF009,black_friday_2025,GB,470.53,6
2025-02-05,PixelPartners,AFF007,new_year_push,NL,748.0,8
2025-02-05,ClickBridge Partners,AFF003,new_year_push,CA,231.85,1
2025-02-05,GrowthNest,AFF002,loyalty_reactivation,US,615.4,3
2025-02-05,LeadLaunch,AFF008,new_year_push,DE,435.04,1
2025-02-06,FunnelForge,AFF009,summer_promo_2025,US,133.73,1
2025-02-06,BrandBoost Network,AFF010,new_year_push,DE,336.31,2
2025-02-06,LeadLaunch,AFF008,summer_promo_2025,US,395.29,1
2025-02-07,NorthStar Affiliates,AFF004,q1_retention,US,787.47,1
2025-02-07,GrowthNest,AFF002,q1_retention,DE,481.39,1
2025-02-07,TechReach Media,AFF001,summer_promo_2025,GB,720.08,4
2025-02-07,BrandBoost Network,AFF010,influencer_collab,US,344.44,4
2025-02-07,AdVantage Hub,AFF005,loyalty_reactivation,DE,640.27,3
2025-02-07,ConvertFlow,AFF006,referral_spring,GB,842.92,3
2025-02-08,LeadLaunch,AFF008,referral_spring,SE,87.59,1
2025-02-08,FunnelForge,AFF009,q1_retention,US,105.65,1
2025-02-08,NorthStar Affiliates,AFF004,q1_retention,FR,278.14,1
2025-02-08,BrandBoost Network,AFF010,summer_promo_2025,FR,776.54,7
2025-02-08,TechReach Media,AFF001,influencer_collab,AU,587.68,1
2025-02-09,LeadLaunch,AFF008,loyalty_reactivation,FR,887.41,6
2025-02-09,FunnelForge,AFF009,summer_promo_2025,CA,341.09,2
2025-02-09,TechReach Media,AFF001,loyalty_reactivation,FR,257.41,3
2025-02-09,BrandBoost Network,AFF010,loyalty_reactivation,GB,144.05,1
2025-02-09,PixelPartners,AFF007,influencer_collab,US,364.11,2
2025-02-10,ConvertFlow,AFF006,product_launch_v2,NL,340.07,1
2025-02-10,GrowthNest,AFF002,new_year_push,FR,183.34,2
2025-02-10,PixelPartners,AFF007,q1_retention,NL,221.81,2
2025-02-11,BrandBoost Network,AFF010,loyalty_reactivation,US,815.79,2
2025-02-11,PixelPartners,AFF007,new_year_push,DE,589.87,2
2025-02-11,FunnelForge,AFF009,referral_spring,US,567.55,2
2025-02-11,ClickBridge Partners,AFF003,referral_spring,FR,765.72,3
2025-02-11,TechReach Media,AFF001,summer_promo_2025,FR,269.65,3
2025-02-12,NorthStar Affiliates,AFF004,loyalty_reactivation,CA,886.4,2
2025-02-12,GrowthNest,AFF002,influencer_collab,DE,90.23,1
2025-02-12,FunnelForge,AFF009,summer_promo_2025,DE,414.53,4
2025-02-12,BrandBoost Network,AFF010,new_year_push,SE,403.91,1
2025-02-12,AdVantage Hub,AFF005,q1_retention,US,868.47,9
2025-02-12,LeadLaunch,AFF008,referral_spring,US,784.37,3
2025-02-12,ConvertFlow,AFF006,new_year_push,US,465.24,6
2025-02-13,BrandBoost Network,AFF010,new_year_push,US,821.26,7
2025-02-13,FunnelForge,AFF009,product_launch_v2,CA,161.89,1
2025-02-13,NorthStar Affiliates,AFF004,black_friday_2025,US,689.75,5
2025-02-13,ConvertFlow,AFF006,summer_promo_2025,PL,389.26,5
2025-02-13,AdVantage Hub,AFF005,product_launch_v2,SE,403.6,4
2025-02-13,LeadLaunch,AFF008,referral_spring,FR,556.41,4
2025-02-13,ClickBridge Partners,AFF003,influencer_collab,FR,847.01,7
2025-02-14,BrandBoost Network,AFF010,q1_retention,NL,358.37,1
2025-02-14,ClickBridge Partners,AFF003,new_year_push,US,161.12,1
2025-02-14,TechReach Media,AFF001,influencer_collab,SE,308.05,4
2025-02-14,NorthStar Affiliates,AFF004,influencer_collab,US,508.05,2
2025-02-14,GrowthNest,AFF002,summer_promo_2025,US,117.04,1
2025-02-15,TechReach Media,AFF001,summer_promo_2025,US,321.71,2
2025-02-15,ClickBridge Partners,AFF003,black_friday_2025,AU,819.35,2
2025-02-15,NorthStar Affiliates,AFF004,new_year_push,PL,861.46,8
2025-02-15,LeadLaunch,AFF008,summer_promo_2025,US,329.66,1
2025-02-15,FunnelForge,AFF009,loyalty_reactivation,US,773.55,9
2025-02-16,NorthStar Affiliates,AFF004,loyalty_reactivation,NL,322.75,4
2025-02-16,GrowthNest,AFF002,referral_spring,GB,703.21,1
2025-02-16,BrandBoost Network,AFF010,black_friday_2025,US,852.06,6
2025-02-16,TechReach Media,AFF001,summer_promo_2025,SE,162.32,1
2025-02-16,ClickBridge Partners,AFF003,influencer_collab,AU,227.18,1
2025-02-16,PixelPartners,AFF007,product_launch_v2,GB,281.11,2
2025-02-17,TechReach Media,AFF001,referral_spring,BR,808.15,2
2025-02-17,ConvertFlow,AFF006,summer_promo_2025,DE,482.3,6
2025-02-17,PixelPartners,AFF007,influencer_collab,DE,436.34,4
2025-02-17,ClickBridge Partners,AFF003,referral_spring,US,860.84,2
2025-02-17,FunnelForge,AFF009,summer_promo_2025,BR,214.13,1
2025-02-17,NorthStar Affiliates,AFF004,referral_spring,US,287.61,2
2025-02-17,AdVantage Hub,AFF005,black_friday_2025,US,831.82,1
2025-02-18,FunnelForge,AFF009,new_year_push,DE,233.54,1
2025-02-18,PixelPartners,AFF007,black_friday_2025,CA,688.12,10
2025-02-18,ClickBridge Partners,AFF003,referral_spring,US,834.95,6
2025-02-19,BrandBoost Network,AFF010,product_launch_v2,US,837.5,10
2025-02-19,NorthStar Affiliates,AFF004,loyalty_reactivation,FR,81.89,1
2025-02-19,GrowthNest,AFF002,influencer_collab,PL,310.34,4
2025-02-19,TechReach Media,AFF001,summer_promo_2025,DE,185.8,1
2025-02-19,LeadLaunch,AFF008,q1_retention,FR,402.2,1
2025-02-19,FunnelForge,AFF009,new_year_push,GB,675.47,8
2025-02-20,GrowthNest,AFF002,referral_spring,US,636.04,9
2025-02-20,AdVantage Hub,AFF005,black_friday_2025,US,448.7,2
2025-02-20,FunnelForge,AFF009,new_year_push,CA,893.28,6
2025-02-20,TechReach Media,AFF001,loyalty_reactivation,FR,328.03,2
2025-02-20,ConvertFlow,AFF006,new_year_push,GB,685.58,4
2025-02-21,NorthStar Affiliates,AFF004,influencer_collab,FR,360.74,4
2025-02-21,ConvertFlow,AFF006,influencer_collab,GB,183.16,2
2025-02-21,PixelPartners,AFF007,summer_promo_2025,FR,617.52,7
2025-02-21,BrandBoost Network,AFF010,product_launch_v2,US,347.77,4
2025-02-21,GrowthNest,AFF002,q1_retention,CA,785.72,10
2025-02-22,GrowthNest,AFF002,q1_retention,US,633.28,9
2025-02-22,ConvertFlow,AFF006,new_year_push,US,524.5,4
2025-02-22,PixelPartners,AFF007,product_launch_v2,BR,580.25,6
2025-02-22,BrandBoost Network,AFF010,referral_spring,FR,342.8,3
2025-02-23,BrandBoost Network,AFF010,influencer_collab,BR,780.27,4
2025-02-23,ClickBridge Partners,AFF003,referral_spring,DE,481.66,4
2025-02-23,GrowthNest,AFF002,product_launch_v2,GB,280.25,2
2025-02-23,AdVantage Hub,AFF005,new_year_push,BR,771.52,11
2025-02-23,TechReach Media,AFF001,new_year_push,CA,707.03,3
2025-02-23,LeadLaunch,AFF008,black_friday_2025,DE,454.29,5
2025-02-23,ConvertFlow,AFF006,q1_retention,FR,317.24,2
2025-02-24,FunnelForge,AFF009,black_friday_2025,AU,217.51,1
2025-02-24,BrandBoost Network,AFF010,summer_promo_2025,GB,733.96,2
2025-02-24,NorthStar Affiliates,AFF004,black_friday_2025,US,714.96,7
2025-02-24,AdVantage Hub,AFF005,summer_promo_2025,GB,898.86,4
2025-02-25,TechReach Media,AFF001,loyalty_reactivation,BR,884.27,9
2025-02-25,LeadLaunch,AFF008,summer_promo_2025,US,728.41,3
2025-02-25,GrowthNest,AFF002,referral_spring,SE,624.03,5
2025-02-26,LeadLaunch,AFF008,influencer_collab,DE,490.63,3
2025-02-26,BrandBoost Network,AFF010,product_launch_v2,FR,893.47,1
2025-02-26,ConvertFlow,AFF006,new_year_push,DE,158.06,1
2025-02-27,ClickBridge Partners,AFF003,referral_spring,GB,725.72,8
2025-02-27,BrandBoost Network,AFF010,product_launch_v2,AU,421.67,5
2025-02-27,FunnelForge,AFF009,influencer_collab,CA,737.14,4
2025-02-27,TechReach Media,AFF001,q1_retention,SE,198.01,1
2025-02-27,NorthStar Affiliates,AFF004,loyalty_reactivation,US,205.89,2
2025-02-27,PixelPartners,AFF007,referral_spring,US,123.3,1
2025-02-28,TechReach Media,AFF001,product_launch_v2,AU,217.76,1
2025-02-28,LeadLaunch,AFF008,q1_retention,AU,754.96,7
2025-02-28,FunnelForge,AFF009,loyalty_reactivation,CA,156.06,1
2025-02-28,GrowthNest,AFF002,influencer_collab,NL,291.11,2
2025-02-28,NorthStar Affiliates,AFF004,referral_spring,DE,695.22,8
2025-03-01,BrandBoost Network,AFF010,black_friday_2025,US,223.78,1
2025-03-01,ClickBridge Partners,AFF003,summer_promo_2025,GB,892.12,11
2025-03-01,PixelPartners,AFF007,black_friday_2025,FR,447.96,1
2025-03-01,FunnelForge,AFF009,new_year_push,AU,879.99,6
2025-03-01,NorthStar Affiliates,AFF004,new_year_push,US,261.05,3
2025-03-01,GrowthNest,AFF002,influencer_collab,US,682.47,7
2025-03-02,AdVantage Hub,AFF005,referral_spring,US,120.56,1
2025-03-02,ConvertFlow,AFF006,product_launch_v2,FR,478.68,4
2025-03-02,PixelPartners,AFF007,referral_spring,GB,701.49,2
2025-03-03,FunnelForge,AFF009,product_launch_v2,US,80.88,1
2025-03-03,TechReach Media,AFF001,summer_promo_2025,SE,609.96,2
2025-03-03,BrandBoost Network,AFF010,black_friday_2025,SE,465.36,2
2025-03-03,LeadLaunch,AFF008,black_friday_2025,BR,128.78,1
2025-03-03,ClickBridge Partners,AFF003,influencer_collab,US,560.33,4
2025-03-03,GrowthNest,AFF002,q1_retention,NL,255.56,3
2025-03-03,PixelPartners,AFF007,summer_promo_2025,US,426.64,4
2025-03-04,GrowthNest,AFF002,referral_spring,GB,125.32,1
2025-03-04,TechReach Media,AFF001,loyalty_reactivation,US,580.6,3
2025-03-04,PixelPartners,AFF007,influencer_collab,SE,842.33,3
2025-03-05,GrowthNest,AFF002,new_year_push,CA,511.37,6
2025-03-05,AdVantage Hub,AFF005,q1_retention,US,409.04,5
2025-03-05,BrandBoost Network,AFF010,summer_promo_2025,BR,553.03,3
2025-03-05,TechReach Media,AFF001,new_year_push,US,882.48,11
2025-03-05,PixelPartners,AFF007,referral_spring,DE,876.13,7
2025-03-05,LeadLaunch,AFF008,new_year_push,GB,559.5,4
2025-03-06,GrowthNest,AFF002,summer_promo_2025,GB,415.11,3
2025-03-06,AdVantage Hub,AFF005,influencer_collab,FR,839.95,6
2025-03-06,ClickBridge Partners,AFF003,black_friday_2025,GB,350.0,4
2025-03-06,TechReach Media,AFF001,referral_spring,DE,458.69,3
2025-03-06,BrandBoost Network,AFF010,referral_spring,DE,342.99,3
2025-03-07,BrandBoost Network,AFF010,black_friday_2025,CA,291.09,2
2025-03-07,GrowthNest,AFF002,loyalty_reactivation,BR,569.86,7
2025-03-07,ClickBridge Partners,AFF003,summer_promo_2025,US,855.33,9
2025-03-07,TechReach Media,AFF001,black_friday_2025,BR,554.76,4
2025-03-07,FunnelForge,AFF009,new_year_push,US,637.94,1
2025-03-07,LeadLaunch,AFF008,new_year_push,US,689.64,6
2025-03-07,NorthStar Affiliates,AFF004,q1_retention,DE,461.92,6
2025-03-08,NorthStar Affiliates,AFF004,black_friday_2025,US,211.68,2
2025-03-08,TechReach Media,AFF001,influencer_collab,DE,519.92,6
2025-03-08,PixelPartners,AFF007,q1_retention,BR,781.63,12
2025-03-08,FunnelForge,AFF009,black_friday_2025,FR,800.08,3
2025-03-08,BrandBoost Network,AFF010,loyalty_reactivation,US,744.99,5
2025-03-09,GrowthNest,AFF002,new_year_push,GB,177.09,1
2025-03-09,ClickBridge Partners,AFF003,referral_spring,CA,766.93,1
2025-03-09,BrandBoost Network,AFF010,referral_spring,GB,796.95,1
2025-03-09,AdVantage Hub,AFF005,summer_promo_2025,DE,460.21,3
2025-03-09,ConvertFlow,AFF006,product_launch_v2,US,628.03,2
2025-03-10,ConvertFlow,AFF006,loyalty_reactivation,US,194.49,2
2025-03-10,TechReach Media,AFF001,q1_retention,GB,159.38,1
2025-03-10,AdVantage Hub,AFF005,loyalty_reactivation,GB,743.36,11
2025-03-10,GrowthNest,AFF002,influencer_collab,US,614.37,9
2025-03-11,GrowthNest,AFF002,influencer_collab,US,658.75,9
2025-03-11,ClickBridge Partners,AFF003,loyalty_reactivation,SE,116.99,1
2025-03-11,LeadLaunch,AFF008,referral_spring,BR,766.73,11
2025-03-11,BrandBoost Network,AFF010,summer_promo_2025,US,764.46,11
2025-03-11,AdVantage Hub,AFF005,q1_retention,DE,830.91,11
2025-03-11,NorthStar Affiliates,AFF004,loyalty_reactivation,GB,444.91,6
2025-03-11,ConvertFlow,AFF006,summer_promo_2025,BR,334.74,4
2025-03-12,ClickBridge Partners,AFF003,summer_promo_2025,AU,660.43,6
2025-03-12,AdVantage Hub,AFF005,black_friday_2025,PL,770.57,4
2025-03-12,GrowthNest,AFF002,new_year_push,US,732.55,4
2025-03-13,ClickBridge Partners,AFF003,influencer_collab,DE,396.8,2
2025-03-13,FunnelForge,AFF009,referral_spring,GB,153.6,1
2025-03-13,LeadLaunch,AFF008,product_launch_v2,CA,445.78,1
2025-03-13,NorthStar Affiliates,AFF004,q1_retention,FR,108.84,1
2025-03-13,BrandBoost Network,AFF010,new_year_push,US,248.77,1
2025-03-14,ConvertFlow,AFF006,q1_retention,US,240.0,1
2025-03-14,PixelPartners,AFF007,loyalty_reactivation,SE,520.52,5
2025-03-14,FunnelForge,AFF009,product_launch_v2,US,736.48,10
2025-03-14,ClickBridge Partners,AFF003,loyalty_reactivation,AU,858.05,2
2025-03-14,GrowthNest,AFF002,referral_spring,US,265.26,2
2025-03-14,NorthStar Affiliates,AFF004,influencer_collab,BR,390.21,2
2025-03-14,BrandBoost Network,AFF010,black_friday_2025,DE,229.9,2
2025-03-15,PixelPartners,AFF007,q1_retention,NL,218.48,2
2025-03-15,FunnelForge,AFF009,new_year_push,US,168.0,1
2025-03-15,ConvertFlow,AFF006,loyalty_reactivation,DE,496.72,4
2025-03-15,GrowthNest,AFF002,new_year_push,PL,478.75,3
2025-03-16,PixelPartners,AFF007,product_launch_v2,US,884.74,9
2025-03-16,TechReach Media,AFF001,summer_promo_2025,SE,469.96,3
2025-03-16,ClickBridge Partners,AFF003,product_launch_v2,AU,611.51,1
2025-03-16,NorthStar Affiliates,AFF004,product_launch_v2,GB,603.11,8
2025-03-16,FunnelForge,AFF009,q1_retention,FR,365.09,5
2025-03-17,LeadLaunch,AFF008,product_launch_v2,DE,683.99,9
2025-03-17,NorthStar Affiliates,AFF004,influencer_collab,US,691.07,5
2025-03-17,BrandBoost Network,AFF010,referral_spring,US,594.0,2
2025-03-17,ConvertFlow,AFF006,summer_promo_2025,SE,303.52,3
2025-03-17,FunnelForge,AFF009,loyalty_reactivation,BR,206.63,1
2025-03-18,BrandBoost Network,AFF010,product_launch_v2,NL,223.65,2
2025-03-18,NorthStar Affiliates,AFF004,black_friday_2025,DE,200.89,1
2025-03-18,GrowthNest,AFF002,influencer_collab,GB,184.37,1
2025-03-18,ClickBridge Partners,AFF003,product_launch_v2,NL,137.34,1
2025-03-19,NorthStar Affiliates,AFF004,influencer_collab,AU,277.42,2
2025-03-19,ConvertFlow,AFF006,referral_spring,US,463.34,3
2025-03-19,GrowthNest,AFF002,influencer_collab,US,696.46,2
2025-03-19,ClickBridge Partners,AFF003,referral_spring,US,187.33,1
2025-03-19,LeadLaunch,AFF008,influencer_collab,GB,382.8,5
2025-03-20,NorthStar Affiliates,AFF004,product_launch_v2,AU,899.04,7
2025-03-20,TechReach Media,AFF001,loyalty_reactivation,SE,825.06,7
2025-03-20,BrandBoost Network,AFF010,black_friday_2025,DE,146.55,1
2025-03-20,PixelPartners,AFF007,product_launch_v2,DE,485.34,1
2025-03-21,NorthStar Affiliates,AFF004,product_launch_v2,CA,775.23,3
2025-03-21,ClickBridge Partners,AFF003,black_friday_2025,AU,809.72,12
2025-03-21,AdVantage Hub,AFF005,q1_retention,GB,299.83,1
2025-03-21,ConvertFlow,AFF006,black_friday_2025,BR,362.61,4
2025-03-21,PixelPartners,AFF007,new_year_push,US,219.24,2
2025-03-22,ConvertFlow,AFF006,summer_promo_2025,NL,237.38,2
2025-03-22,GrowthNest,AFF002,product_launch_v2,CA,297.06,1
2025-03-22,TechReach Media,AFF001,new_year_push,US,635.72,9
2025-03-22,PixelPartners,AFF007,new_year_push,US,306.49,4
2025-03-23,TechReach Media,AFF001,product_launch_v2,CA,712.92,3
2025-03-23,PixelPartners,AFF007,loyalty_reactivation,AU,254.72,2
2025-03-23,ClickBridge Partners,AFF003,product_launch_v2,FR,895.14,1
2025-03-23,AdVantage Hub,AFF005,new_year_push,US,505.51,1
2025-03-24,GrowthNest,AFF002,q1_retention,GB,473.12,2
2025-03-24,TechReach Media,AFF001,product_launch_v2,FR,646.13,8
2025-03-24,BrandBoost Network,AFF010,q1_retention,GB,410.75,5
2025-03-24,ConvertFlow,AFF006,q1_retention,US,678.45,10
2025-03-24,AdVantage Hub,AFF005,summer_promo_2025,US,463.95,5
2025-03-24,NorthStar Affiliates,AFF004,q1_retention,US,460.34,2
2025-03-25,ClickBridge Partners,AFF003,product_launch_v2,US,288.88,1
2025-03-25,LeadLaunch,AFF008,referral_spring,BR,409.68,1
2025-03-25,GrowthNest,AFF002,new_year_push,AU,407.34,2
2025-03-25,BrandBoost Network,AFF010,referral_spring,US,604.19,1
2025-03-26,LeadLaunch,AFF008,summer_promo_2025,US,791.29,3
2025-03-26,GrowthNest,AFF002,loyalty_reactivation,FR,703.17,4
2025-03-26,AdVantage Hub,AFF005,loyalty_reactivation,CA,849.58,2
2025-03-26,BrandBoost Network,AFF010,summer_promo_2025,GB,798.88,9
2025-03-26,NorthStar Affiliates,AFF004,q1_retention,CA,752.81,6
2025-03-27,ClickBridge Partners,AFF003,new_year_push,DE,494.33,2
2025-03-27,ConvertFlow,AFF006,loyalty_reactivation,GB,725.25,7
2025-03-27,FunnelForge,AFF009,new_year_push,US,683.95,10
2025-03-28,LeadLaunch,AFF008,influencer_collab,NL,832.65,12
2025-03-28,FunnelForge,AFF009,q1_retention,GB,603.34,9
2025-03-28,ClickBridge Partners,AFF003,product_launch_v2,PL,156.92,1
2025-03-28,AdVantage Hub,AFF005,influencer_collab,GB,797.94,2
2025-03-29,PixelPartners,AFF007,new_year_push,GB,711.56,3
2025-03-29,NorthStar Affiliates,AFF004,referral_spring,FR,619.95,9
2025-03-29,BrandBoost Network,AFF010,black_friday_2025,US,260.53,3
2025-03-29,ConvertFlow,AFF006,product_launch_v2,DE,486.4,4
2025-03-30,NorthStar Affiliates,AFF004,summer_promo_2025,GB,855.02,12
2025-03-30,FunnelForge,AFF009,summer_promo_2025,CA,291.24,2
2025-03-30,BrandBoost Network,AFF010,black_friday_2025,CA,806.28,4
2025-03-31,FunnelForge,AFF009,q1_retention,US,865.98,6
2025-03-31,AdVantage Hub,AFF005,product_launch_v2,FR,690.08,10
2025-03-31,NorthStar Affiliates,AFF004,loyalty_reactivation,DE,448.62,1
2025-03-31,LeadLaunch,AFF008,product_launch_v2,US,808.21,11
2025-04-01,TechReach Media,AFF001,referral_spring,US,253.65,1
2025-04-01,FunnelForge,AFF009,summer_promo_2025,US,138.47,1
2025-04-01,AdVantage Hub,AFF005,summer_promo_2025,US,188.68,2
2025-04-01,ConvertFlow,AFF006,loyalty_reactivation,FR,715.02,9
2025-04-01,LeadLaunch,AFF008,summer_promo_2025,SE,603.54,6
2025-04-01,GrowthNest,AFF002,influencer_collab,NL,446.86,4
2025-04-01,ClickBridge Partners,AFF003,product_launch_v2,DE,219.17,1
2025-04-02,GrowthNest,AFF002,product_launch_v2,NL,782.26,4
2025-04-02,ConvertFlow,AFF006,new_year_push,CA,332.29,1
2025-04-02,ClickBridge Partners,AFF003,black_friday_2025,NL,826.03,3
2025-04-02,AdVantage Hub,AFF005,summer_promo_2025,DE,317.66,2
2025-04-02,NorthStar Affiliates,AFF004,referral_spring,FR,580.48,5
2025-04-03,GrowthNest,AFF002,loyalty_reactivation,NL,140.74,1
2025-04-03,FunnelForge,AFF009,product_launch_v2,GB,415.41,3
2025-04-03,AdVantage Hub,AFF005,summer_promo_2025,US,441.59,5
2025-04-04,BrandBoost Network,AFF010,influencer_collab,FR,840.94,13
2025-04-04,ConvertFlow,AFF006,influencer_collab,DE,573.64,8
2025-04-04,GrowthNest,AFF002,product_launch_v2,US,502.86,5
2025-04-04,AdVantage Hub,AFF005,influencer_collab,BR,484.68,4
2025-04-04,PixelPartners,AFF007,influencer_collab,BR,449.47,4
2025-04-04,NorthStar Affiliates,AFF004,q1_retention,US,158.05,1
2025-04-05,AdVantage Hub,AFF005,q1_retention,US,851.68,8
2025-04-05,TechReach Media,AFF001,new_year_push,FR,347.52,1
2025-04-05,FunnelForge,AFF009,influencer_collab,GB,702.91,7
2025-04-05,LeadLaunch,AFF008,q1_retention,SE,490.17,2
2025-04-05,NorthStar Affiliates,AFF004,q1_retention,AU,899.04,10
2025-04-06,GrowthNest,AFF002,summer_promo_2025,FR,785.18,7
2025-04-06,NorthStar Affiliates,AFF004,influencer_collab,US,513.4,7
2025-04-06,TechReach Media,AFF001,product_launch_v2,GB,440.64,5
2025-04-06,BrandBoost Network,AFF010,q1_retention,PL,823.01,12
2025-04-06,PixelPartners,AFF007,loyalty_reactivation,US,343.1,4
2025-04-06,ClickBridge Partners,AFF003,product_launch_v2,DE,494.51,4
2025-04-06,LeadLaunch,AFF008,loyalty_reactivation,GB,694.32,7
2025-04-07,BrandBoost Network,AFF010,summer_promo_2025,DE,97.35,1
2025-04-07,ConvertFlow,AFF006,black_friday_2025,GB,225.14,1
2025-04-07,GrowthNest,AFF002,product_launch_v2,US,133.26,1
2025-04-07,ClickBridge Partners,AFF003,summer_promo_2025,FR,97.81,1
2025-04-07,LeadLaunch,AFF008,summer_promo_2025,AU,207.43,2
2025-04-07,FunnelForge,AFF009,loyalty_reactivation,GB,443.14,3
2025-04-07,NorthStar Affiliates,AFF004,summer_promo_2025,CA,812.3,2
2025-04-08,GrowthNest,AFF002,loyalty_reactivation,US,246.29,3
2025-04-08,AdVantage Hub,AFF005,product_launch_v2,NL,571.53,8
2025-04-08,ConvertFlow,AFF006,new_year_push,DE,326.22,4
2025-04-09,ConvertFlow,AFF006,product_launch_v2,US,440.13,4
2025-04-09,FunnelForge,AFF009,product_launch_v2,FR,716.85,6
2025-04-09,ClickBridge Partners,AFF003,black_friday_2025,NL,164.29,1
2025-04-09,LeadLaunch,AFF008,black_friday_2025,FR,281.36,2
2025-04-09,AdVantage Hub,AFF005,q1_retention,US,453.01,1
2025-04-10,GrowthNest,AFF002,loyalty_reactivation,US,842.25,13
2025-04-10,TechReach Media,AFF001,loyalty_reactivation,BR,860.58,1
2025-04-10,NorthStar Affiliates,AFF004,loyalty_reactivation,CA,875.57,1
2025-04-11,BrandBoost Network,AFF010,black_friday_2025,AU,583.34,1
2025-04-11,ClickBridge Partners,AFF003,new_year_push,GB,548.91,5
2025-04-11,LeadLaunch,AFF008,loyalty_reactivation,NL,141.51,1
2025-04-12,ConvertFlow,AFF006,influencer_collab,DE,336.02,4
2025-04-12,PixelPartners,AFF007,new_year_push,NL,382.57,5
2025-04-12,GrowthNest,AFF002,q1_retention,US,460.42,4
2025-04-13,PixelPartners,AFF007,loyalty_reactivation,BR,291.47,1
2025-04-13,FunnelForge,AFF009,product_launch_v2,PL,203.49,1
2025-04-13,ClickBridge Partners,AFF003,summer_promo_2025,NL,358.58,2
2025-04-13,GrowthNest,AFF002,summer_promo_2025,DE,698.09,2
2025-04-13,LeadLaunch,AFF008,referral_spring,GB,773.47,9
2025-04-13,NorthStar Affiliates,AFF004,loyalty_reactivation,AU,446.04,5
2025-04-13,TechReach Media,AFF001,new_year_push,FR,175.04,1
2025-04-14,ConvertFlow,AFF006,q1_retention,US,315.01,3
2025-04-14,AdVantage Hub,AFF005,influencer_collab,GB,419.77,1
2025-04-14,ClickBridge Partners,AFF003,loyalty_reactivation,US,106.28,1
2025-04-14,PixelPartners,AFF007,loyalty_reactivation,FR,386.45,2
2025-04-15,NorthStar Affiliates,AFF004,black_friday_2025,GB,514.96,2
2025-04-15,AdVantage Hub,AFF005,loyalty_reactivation,US,502.41,6
2025-04-15,LeadLaunch,AFF008,referral_spring,GB,162.24,1
2025-04-15,TechReach Media,AFF001,summer_promo_2025,BR,98.26,1
2025-04-15,BrandBoost Network,AFF010,black_friday_2025,FR,706.35,10
2025-04-15,ClickBridge Partners,AFF003,referral_spring,CA,598.53,3
2025-04-16,ConvertFlow,AFF006,new_year_push,US,451.06,1
2025-04-16,ClickBridge Partners,AFF003,black_friday_2025,GB,473.43,1
2025-04-16,AdVantage Hub,AFF005,new_year_push,DE,187.36,1
2025-04-16,FunnelForge,AFF009,summer_promo_2025,BR,297.96,3
2025-04-16,NorthStar Affiliates,AFF004,loyalty_reactivation,US,427.4,1
2025-04-16,BrandBoost Network,AFF010,new_year_push,DE,876.33,13
2025-04-16,TechReach Media,AFF001,referral_spring,DE,784.82,2
2025-04-17,TechReach Media,AFF001,new_year_push,US,327.15,1
2025-04-17,NorthStar Affiliates,AFF004,summer_promo_2025,GB,244.15,3
2025-04-17,LeadLaunch,AFF008,product_launch_v2,US,633.35,4
2025-04-17,FunnelForge,AFF009,referral_spring,GB,366.07,2
2025-04-17,GrowthNest,AFF002,product_launch_v2,DE,376.27,1
2025-04-18,FunnelForge,AFF009,summer_promo_2025,US,692.63,4
2025-04-18,PixelPartners,AFF007,q1_retention,CA,848.26,3
2025-04-18,ClickBridge Partners,AFF003,loyalty_reactivation,NL,665.14,7
2025-04-18,AdVantage Hub,AFF005,new_year_push,GB,213.54,1
2025-04-18,TechReach Media,AFF001,loyalty_reactivation,DE,225.89,1
2025-04-18,LeadLaunch,AFF008,loyalty_reactivation,US,840.69,8
2025-04-18,GrowthNest,AFF002,referral_spring,US,168.76,1
2025-04-19,TechReach Media,AFF001,influencer_collab,GB,348.9,2
2025-04-19,LeadLaunch,AFF008,referral_spring,US,245.73,1
2025-04-19,PixelPartners,AFF007,referral_spring,PL,841.39,10
2025-04-19,GrowthNest,AFF002,summer_promo_2025,DE,337.96,3
2025-04-19,NorthStar Affiliates,AFF004,summer_promo_2025,CA,772.3,9
2025-04-19,ClickBridge Partners,AFF003,influencer_collab,GB,708.84,9
2025-04-20,BrandBoost Network,AFF010,summer_promo_2025,FR,108.03,1
2025-04-20,ClickBridge Partners,AFF003,summer_promo_2025,CA,735.36,9
2025-04-20,ConvertFlow,AFF006,loyalty_reactivation,AU,160.26,1
2025-04-20,TechReach Media,AFF001,black_friday_2025,GB,114.82,1
2025-04-20,FunnelForge,AFF009,referral_spring,GB,297.48,3
2025-04-20,AdVantage Hub,AFF005,influencer_collab,GB,801.12,3
2025-04-21,FunnelForge,AFF009,loyalty_reactivation,GB,291.05,2
2025-04-21,LeadLaunch,AFF008,loyalty_reactivation,US,368.58,4
2025-04-21,PixelPartners,AFF007,loyalty_reactivation,GB,755.61,11
2025-04-21,AdVantage Hub,AFF005,referral_spring,BR,723.47,6
2025-04-22,TechReach Media,AFF001,referral_spring,BR,174.45,1
2025-04-22,ClickBridge Partners,AFF003,referral_spring,NL,128.26,1
2025-04-22,PixelPartners,AFF007,loyalty_reactivation,FR,749.04,1
2025-04-22,FunnelForge,AFF009,summer_promo_2025,DE,292.02,1
2025-04-22,LeadLaunch,AFF008,product_launch_v2,US,848.38,4
2025-04-22,ConvertFlow,AFF006,new_year_push,US,345.08,1
2025-04-22,AdVantage Hub,AFF005,loyalty_reactivation,NL,442.98,3
2025-04-23,ConvertFlow,AFF006,influencer_collab,AU,475.55,5
2025-04-23,TechReach Media,AFF001,new_year_push,US,173.5,1
2025-04-23,LeadLaunch,AFF008,loyalty_reactivation,BR,338.07,4
2025-04-24,LeadLaunch,AFF008,loyalty_reactivation,US,658.32,9
2025-04-24,AdVantage Hub,AFF005,loyalty_reactivation,US,616.06,1
2025-04-24,ClickBridge Partners,AFF003,summer_promo_2025,FR,157.1,1
2025-04-24,ConvertFlow,AFF006,referral_spring,BR,693.78,5
2025-04-25,LeadLaunch,AFF008,referral_spring,US,396.46,1
2025-04-25,NorthStar Affiliates,AFF004,q1_retention,US,594.1,3
2025-04-25,GrowthNest,AFF002,influencer_collab,GB,517.8,7
2025-04-25,FunnelForge,AFF009,black_friday_2025,GB,561.77,3
2025-04-25,TechReach Media,AFF001,new_year_push,DE,826.03,11
2025-04-25,ConvertFlow,AFF006,black_friday_2025,US,431.86,6
2025-04-25,ClickBridge Partners,AFF003,product_launch_v2,PL,455.87,1
2025-04-26,TechReach Media,AFF001,black_friday_2025,DE,673.21,9
2025-04-26,ConvertFlow,AFF006,black_friday_2025,FR,582.2,4
2025-04-26,NorthStar Affiliates,AFF004,black_friday_2025,AU,792.62,1
2025-04-27,ConvertFlow,AFF006,black_friday_2025,FR,424.58,1
2025-04-27,LeadLaunch,AFF008,q1_retention,GB,657.1,3
2025-04-27,TechReach Media,AFF001,q1_retention,US,808.18,9
2025-04-28,FunnelForge,AFF009,referral_spring,US,112.41,1
2025-04-28,BrandBoost Network,AFF010,summer_promo_2025,US,83.98,1
2025-04-28,GrowthNest,AFF002,product_launch_v2,NL,858.08,5
2025-04-28,PixelPartners,AFF007,black_friday_2025,DE,478.56,6
2025-04-28,ClickBridge Partners,AFF003,influencer_collab,GB,507.81,4
2025-04-28,TechReach Media,AFF001,influencer_collab,FR,816.46,8
2025-04-29,PixelPartners,AFF007,black_friday_2025,DE,833.78,11
2025-04-29,BrandBoost Network,AFF010,summer_promo_2025,US,410.68,4
2025-04-29,GrowthNest,AFF002,summer_promo_2025,US,888.54,5
2025-04-29,LeadLaunch,AFF008,q1_retention,US,550.39,4
2025-04-29,TechReach Media,AFF001,influencer_collab,FR,388.92,2
2025-04-29,NorthStar Affiliates,AFF004,black_friday_2025,US,431.28,1
2025-04-29,ClickBridge Partners,AFF003,product_launch_v2,AU,383.05,3
2025-04-30,PixelPartners,AFF007,referral_spring,NL,134.45,1
2025-04-30,TechReach Media,AFF001,new_year_push,AU,152.92,1
2025-04-30,GrowthNest,AFF002,black_friday_2025,US,126.16,1
2025-04-30,ClickBridge Partners,AFF003,loyalty_reactivation,US,529.58,6
2025-04-30,NorthStar Affiliates,AFF004,black_friday_2025,CA,480.9,3
2025-05-01,BrandBoost Network,AFF010,loyalty_reactivation,US,471.67,5
2025-05-01,AdVantage Hub,AFF005,summer_promo_2025,FR,641.88,8
2025-05-01,FunnelForge,AFF009,black_friday_2025,GB,380.6,2
2025-05-02,BrandBoost Network,AFF010,black_friday_2025,GB,202.95,1
2025-05-02,NorthStar Affiliates,AFF004,black_friday_2025,FR,189.7,2
2025-05-02,AdVantage Hub,AFF005,influencer_collab,AU,274.78,3
2025-05-02,ClickBridge Partners,AFF003,influencer_collab,US,118.75,1
2025-05-03,PixelPartners,AFF007,summer_promo_2025,CA,138.93,1
2025-05-03,ClickBridge Partners,AFF003,black_friday_2025,CA,374.55,3
2025-05-03,GrowthNest,AFF002,loyalty_reactivation,FR,892.82,1
2025-05-04,GrowthNest,AFF002,influencer_collab,CA,282.76,3
2025-05-04,BrandBoost Network,AFF010,loyalty_reactivation,US,350.42,3
2025-05-04,ConvertFlow,AFF006,loyalty_reactivation,NL,879.16,13
2025-05-04,FunnelForge,AFF009,influencer_collab,DE,479.43,3
2025-05-04,AdVantage Hub,AFF005,referral_spring,US,512.66,1
2025-05-04,NorthStar Affiliates,AFF004,q1_retention,BR,181.55,1
2025-05-04,TechReach Media,AFF001,summer_promo_2025,CA,159.49,1
2025-05-05,FunnelForge,AFF009,summer_promo_2025,NL,597.94,3
2025-05-05,GrowthNest,AFF002,black_friday_2025,AU,669.05,9
2025-05-05,BrandBoost Network,AFF010,loyalty_reactivation,GB,651.76,2
2025-05-06,AdVantage Hub,AFF005,q1_retention,DE,474.73,6
2025-05-06,PixelPartners,AFF007,loyalty_reactivation,US,411.51,5
2025-05-06,TechReach Media,AFF001,loyalty_reactivation,FR,619.01,6
2025-05-06,ClickBridge Partners,AFF003,product_launch_v2,FR,728.0,9
2025-05-06,NorthStar Affiliates,AFF004,loyalty_reactivation,DE,577.08,7
2025-05-06,GrowthNest,AFF002,summer_promo_2025,US,512.47,7
2025-05-06,FunnelForge,AFF009,black_friday_2025,NL,154.13,1
2025-05-07,AdVantage Hub,AFF005,influencer_collab,FR,357.64,3
2025-05-07,GrowthNest,AFF002,product_launch_v2,AU,673.12,5
2025-05-07,TechReach Media,AFF001,referral_spring,GB,121.31,1
2025-05-07,FunnelForge,AFF009,loyalty_reactivation,US,238.28,1
2025-05-08,NorthStar Affiliates,AFF004,summer_promo_2025,GB,748.9,10
2025-05-08,LeadLaunch,AFF008,influencer_collab,CA,738.22,7
2025-05-08,PixelPartners,AFF007,summer_promo_2025,FR,866.46,3
2025-05-08,ConvertFlow,AFF006,influencer_collab,US,837.11,12
2025-05-09,BrandBoost Network,AFF010,product_launch_v2,BR,759.9,8
2025-05-09,AdVantage Hub,AFF005,referral_spring,US,851.09,9
2025-05-09,NorthStar Affiliates,AFF004,new_year_push,DE,606.7,8
2025-05-09,ClickBridge Partners,AFF003,influencer_collab,GB,177.95,1
2025-05-09,ConvertFlow,AFF006,referral_spring,US,766.05,2
2025-05-09,LeadLaunch,AFF008,referral_spring,US,529.86,2
2025-05-09,GrowthNest,AFF002,new_year_push,US,541.92,2
2025-05-10,LeadLaunch,AFF008,referral_spring,FR,604.15,6
2025-05-10,NorthStar Affiliates,AFF004,loyalty_reactivation,US,865.64,9
2025-05-10,ConvertFlow,AFF006,new_year_push,CA,389.37,3
2025-05-10,ClickBridge Partners,AFF003,referral_spring,DE,495.9,1
2025-05-10,GrowthNest,AFF002,summer_promo_2025,GB,284.86,2
2025-05-10,FunnelForge,AFF009,q1_retention,GB,875.34,7
2025-05-10,BrandBoost Network,AFF010,influencer_collab,GB,321.05,1
2025-05-11,GrowthNest,AFF002,loyalty_reactivation,US,295.16,3
2025-05-11,LeadLaunch,AFF008,referral_spring,US,586.49,4
2025-05-11,NorthStar Affiliates,AFF004,loyalty_reactivation,CA,503.59,5
2025-05-11,PixelPartners,AFF007,product_launch_v2,GB,113.83,1
2025-05-11,TechReach Media,AFF001,loyalty_reactivation,US,617.1,1
2025-05-12,ConvertFlow,AFF006,product_launch_v2,AU,180.28,1
2025-05-12,PixelPartners,AFF007,new_year_push,US,765.68,4
2025-05-12,TechReach Media,AFF001,summer_promo_2025,US,83.19,1
2025-05-12,GrowthNest,AFF002,loyalty_reactivation,GB,216.11,1
2025-05-12,AdVantage Hub,AFF005,q1_retention,GB,709.48,5
2025-05-12,NorthStar Affiliates,AFF004,product_launch_v2,FR,182.02,2
2025-05-12,FunnelForge,AFF009,black_friday_2025,SE,152.76,1
2025-05-13,NorthStar Affiliates,AFF004,influencer_collab,FR,454.53,5
2025-05-13,ClickBridge Partners,AFF003,black_friday_2025,US,198.21,1
2025-05-13,BrandBoost Network,AFF010,loyalty_reactivation,US,626.16,1
2025-05-13,FunnelForge,AFF009,referral_spring,SE,751.79,6
2025-05-14,ClickBridge Partners,AFF003,black_friday_2025,AU,819.76,5
2025-05-14,BrandBoost Network,AFF010,new_year_push,BR,267.24,2
2025-05-14,GrowthNest,AFF002,new_year_push,FR,426.45,5
2025-05-14,ConvertFlow,AFF006,loyalty_reactivation,GB,316.61,3
2025-05-14,TechReach Media,AFF001,q1_retention,US,487.18,6
2025-05-15,GrowthNest,AFF002,q1_retention,NL,703.19,10
2025-05-15,FunnelForge,AFF009,loyalty_reactivation,AU,318.66,4
2025-05-15,AdVantage Hub,AFF005,new_year_push,NL,734.97,1
2025-05-15,ClickBridge Partners,AFF003,product_launch_v2,AU,894.34,3
2025-05-15,NorthStar Affiliates,AFF004,influencer_collab,CA,690.56,1
2025-05-15,BrandBoost Network,AFF010,influencer_collab,BR,403.43,3
2025-05-15,PixelPartners,AFF007,loyalty_reactivation,US,265.14,1
2025-05-16,ClickBridge Partners,AFF003,summer_promo_2025,FR,463.16,2
2025-05-16,FunnelForge,AFF009,loyalty_reactivation,GB,406.89,3
2025-05-16,ConvertFlow,AFF006,influencer_collab,FR,490.81,1
2025-05-16,GrowthNest,AFF002,influencer_collab,CA,691.43,1
2025-05-16,AdVantage Hub,AFF005,referral_spring,CA,779.99,4
2025-05-16,BrandBoost Network,AFF010,q1_retention,FR,313.96,4
2025-05-16,PixelPartners,AFF007,product_launch_v2,US,630.55,2
2025-05-17,GrowthNest,AFF002,new_year_push,PL,797.38,3
2025-05-17,NorthStar Affiliates,AFF004,q1_retention,CA,106.36,1
2025-05-17,BrandBoost Network,AFF010,new_year_push,AU,644.78,4
2025-05-17,AdVantage Hub,AFF005,product_launch_v2,GB,746.08,6
2025-05-18,NorthStar Affiliates,AFF004,loyalty_reactivation,PL,282.75,2
2025-05-18,FunnelForge,AFF009,referral_spring,US,785.66,3
2025-05-18,BrandBoost Network,AFF010,new_year_push,DE,892.52,3
2025-05-18,AdVantage Hub,AFF005,influencer_collab,DE,500.08,1
2025-05-18,TechReach Media,AFF001,new_year_push,GB,416.48,5
2025-05-19,BrandBoost Network,AFF010,loyalty_reactivation,US,324.98,4
2025-05-19,ConvertFlow,AFF006,q1_retention,GB,303.08,3
2025-05-19,LeadLaunch,AFF008,loyalty_reactivation,US,514.29,4
2025-05-19,GrowthNest,AFF002,referral_spring,FR,156.35,1
2025-05-19,PixelPartners,AFF007,product_launch_v2,AU,223.48,1
2025-05-20,BrandBoost Network,AFF010,summer_promo_2025,US,673.69,6
2025-05-20,NorthStar Affiliates,AFF004,black_friday_2025,US,803.3,5
2025-05-20,ClickBridge Partners,AFF003,black_friday_2025,AU,652.71,5
2025-05-20,PixelPartners,AFF007,product_launch_v2,DE,615.29,7
2025-05-20,AdVantage Hub,AFF005,new_year_push,US,338.93,1
2025-05-20,GrowthNest,AFF002,summer_promo_2025,BR,445.12,1
2025-05-21,GrowthNest,AFF002,summer_promo_2025,CA,370.87,4
2025-05-21,ClickBridge Partners,AFF003,product_launch_v2,DE,292.99,2
2025-05-21,PixelPartners,AFF007,q1_retention,US,164.72,1
2025-05-21,TechReach Media,AFF001,summer_promo_2025,GB,257.64,2
2025-05-21,LeadLaunch,AFF008,black_friday_2025,NL,522.12,5
2025-05-21,ConvertFlow,AFF006,loyalty_reactivation,GB,765.41,11
2025-05-22,FunnelForge,AFF009,black_friday_2025,NL,711.72,4
2025-05-22,GrowthNest,AFF002,referral_spring,DE,130.27,1
2025-05-22,ClickBridge Partners,AFF003,new_year_push,FR,177.6,1
2025-05-22,ConvertFlow,AFF006,referral_spring,GB,679.44,3
2025-05-22,TechReach Media,AFF001,black_friday_2025,US,116.87,1
2025-05-22,BrandBoost Network,AFF010,q1_retention,AU,648.67,4
2025-05-23,NorthStar Affiliates,AFF004,referral_spring,FR,436.38,1
2025-05-23,AdVantage Hub,AFF005,new_year_push,US,636.9,6
2025-05-23,TechReach Media,AFF001,summer_promo_2025,BR,884.22,13
2025-05-24,GrowthNest,AFF002,influencer_collab,DE,757.66,9
2025-05-24,ClickBridge Partners,AFF003,product_launch_v2,FR,612.86,5
2025-05-24,FunnelForge,AFF009,referral_spring,GB,117.44,1
2025-05-24,TechReach Media,AFF001,q1_retention,GB,439.36,5
2025-05-24,BrandBoost Network,AFF010,black_friday_2025,US,562.01,2
2025-05-24,LeadLaunch,AFF008,new_year_push,US,709.36,3
2025-05-25,GrowthNest,AFF002,referral_spring,FR,433.98,6
2025-05-25,BrandBoost Network,AFF010,q1_retention,DE,419.83,4
2025-05-25,LeadLaunch,AFF008,product_launch_v2,GB,165.49,1
2025-05-25,NorthStar Affiliates,AFF004,loyalty_reactivation,GB,181.56,2
2025-05-25,ClickBridge Partners,AFF003,influencer_collab,DE,843.18,3
2025-05-25,FunnelForge,AFF009,summer_promo_2025,FR,455.34,1
2025-05-26,BrandBoost Network,AFF010,q1_retention,US,409.07,2
2025-05-26,ClickBridge Partners,AFF003,loyalty_reactivation,US,212.73,1
2025-05-26,NorthStar Affiliates,AFF004,summer_promo_2025,DE,349.84,2
2025-05-27,NorthStar Affiliates,AFF004,q1_retention,US,884.65,8
2025-05-27,TechReach Media,AFF001,loyalty_reactivation,FR,889.09,10
2025-05-27,GrowthNest,AFF002,summer_promo_2025,PL,247.29,3
2025-05-27,PixelPartners,AFF007,loyalty_reactivation,GB,394.84,3
2025-05-27,AdVantage Hub,AFF005,new_year_push,US,897.6,7
2025-05-28,ConvertFlow,AFF006,new_year_push,DE,657.61,8
2025-05-28,BrandBoost Network,AFF010,q1_retention,DE,632.28,2
2025-05-28,AdVantage Hub,AFF005,influencer_collab,US,280.18,1
2025-05-28,ClickBridge Partners,AFF003,black_friday_2025,US,661.27,8
2025-05-29,GrowthNest,AFF002,loyalty_reactivation,GB,651.77,5
2025-05-29,BrandBoost Network,AFF010,loyalty_reactivation,US,541.77,6
2025-05-29,LeadLaunch,AFF008,new_year_push,FR,466.87,5
2025-05-29,PixelPartners,AFF007,referral_spring,US,280.59,2
2025-05-29,ConvertFlow,AFF006,summer_promo_2025,PL,262.44,1
2025-05-29,TechReach Media,AFF001,black_friday_2025,US,312.55,3
2025-05-29,ClickBridge Partners,AFF003,influencer_collab,GB,734.65,1
2025-05-30,PixelPartners,AFF007,referral_spring,US,89.68,1
2025-05-30,ClickBridge Partners,AFF003,referral_spring,SE,733.75,3
2025-05-30,BrandBoost Network,AFF010,product_launch_v2,US,565.59,8
2025-05-30,GrowthNest,AFF002,summer_promo_2025,DE,342.77,2
2025-05-30,TechReach Media,AFF001,black_friday_2025,FR,230.32,1
2025-05-30,ConvertFlow,AFF006,referral_spring,FR,185.11,1
2025-05-30,AdVantage Hub,AFF005,referral_spring,DE,752.01,11
2025-05-31,LeadLaunch,AFF008,loyalty_reactivation,FR,308.14,4
2025-05-31,PixelPartners,AFF007,product_launch_v2,FR,134.41,1
2025-05-31,ConvertFlow,AFF006,summer_promo_2025,US,129.78,1
2025-06-01,ConvertFlow,AFF006,black_friday_2025,DE,617.19,6
2025-06-01,GrowthNest,AFF002,q1_retention,PL,160.43,1
2025-06-01,TechReach Media,AFF001,q1_retention,AU,567.16,4
2025-06-01,AdVantage Hub,AFF005,q1_retention,CA,149.27,1
2025-06-01,ClickBridge Partners,AFF003,influencer_collab,FR,170.82,1
2025-06-01,LeadLaunch,AFF008,black_friday_2025,US,695.69,3
2025-06-01,BrandBoost Network,AFF010,referral_spring,SE,704.9,5
2025-06-02,BrandBoost Network,AFF010,q1_retention,GB,688.71,6
2025-06-02,ConvertFlow,AFF006,influencer_collab,FR,337.61,2
2025-06-02,FunnelForge,AFF009,q1_retention,US,784.94,1
2025-06-02,PixelPartners,AFF007,loyalty_reactivation,GB,727.72,5
2025-06-02,ClickBridge Partners,AFF003,summer_promo_2025,US,268.68,1
2025-06-02,GrowthNest,AFF002,new_year_push,NL,586.58,8
2025-06-03,ClickBridge Partners,AFF003,influencer_collab,BR,707.07,5
2025-06-03,ConvertFlow,AFF006,influencer_collab,CA,879.83,3
2025-06-03,GrowthNest,AFF002,influencer_collab,FR,833.3,10
2025-06-04,AdVantage Hub,AFF005,black_friday_2025,FR,486.34,4
2025-06-04,GrowthNest,AFF002,loyalty_reactivation,US,256.77,2
2025-06-04,LeadLaunch,AFF008,referral_spring,FR,442.36,1
2025-06-04,TechReach Media,AFF001,q1_retention,SE,386.62,1
2025-06-05,LeadLaunch,AFF008,summer_promo_2025,BR,748.93,6
2025-06-05,BrandBoost Network,AFF010,product_launch_v2,AU,823.58,8
2025-06-05,ClickBridge Partners,AFF003,referral_spring,FR,579.22,7
2025-06-05,ConvertFlow,AFF006,referral_spring,US,173.4,1
2025-06-05,GrowthNest,AFF002,q1_retention,CA,703.98,7
2025-06-06,GrowthNest,AFF002,influencer_collab,SE,777.22,10
2025-06-06,PixelPartners,AFF007,influencer_collab,DE,118.93,1
2025-06-06,BrandBoost Network,AFF010,new_year_push,US,400.03,4
2025-06-06,LeadLaunch,AFF008,referral_spring,US,861.63,3
2025-06-06,AdVantage Hub,AFF005,q1_retention,BR,703.89,3
2025-06-07,AdVantage Hub,AFF005,referral_spring,US,663.15,6
2025-06-07,ClickBridge Partners,AFF003,product_launch_v2,DE,598.61,2
2025-06-07,BrandBoost Network,AFF010,q1_retention,NL,301.9,4
2025-06-07,FunnelForge,AFF009,referral_spring,US,352.55,4
2025-06-07,TechReach Media,AFF001,referral_spring,DE,236.14,2
2025-06-07,PixelPartners,AFF007,q1_retention,DE,185.68,2
2025-06-08,ConvertFlow,AFF006,product_launch_v2,CA,771.31,7
2025-06-08,BrandBoost Network,AFF010,summer_promo_2025,CA,388.76,1
2025-06-08,ClickBridge Partners,AFF003,referral_spring,US,896.73,1
2025-06-08,TechReach Media,AFF001,summer_promo_2025,AU,604.39,1
2025-06-08,NorthStar Affiliates,AFF004,product_launch_v2,NL,783.92,4
2025-06-08,LeadLaunch,AFF008,q1_retention,US,570.79,3
2025-06-09,GrowthNest,AFF002,summer_promo_2025,US,831.14,6
2025-06-09,NorthStar Affiliates,AFF004,referral_spring,PL,870.78,13
2025-06-09,ConvertFlow,AFF006,q1_retention,NL,572.66,1
2025-06-09,TechReach Media,AFF001,product_launch_v2,US,234.62,2
2025-06-10,PixelPartners,AFF007,product_launch_v2,NL,887.36,7
2025-06-10,ConvertFlow,AFF006,product_launch_v2,US,790.94,9
2025-06-10,ClickBridge Partners,AFF003,referral_spring,US,495.93,5
2025-06-11,GrowthNest,AFF002,black_friday_2025,US,316.42,2
2025-06-11,LeadLaunch,AFF008,q1_retention,US,533.81,4
2025-06-11,AdVantage Hub,AFF005,product_launch_v2,FR,398.2,2
2025-06-11,PixelPartners,AFF007,loyalty_reactivation,US,206.53,2
2025-06-11,TechReach Media,AFF001,new_year_push,CA,836.65,10
2025-06-11,FunnelForge,AFF009,new_year_push,FR,841.16,12
2025-06-11,NorthStar Affiliates,AFF004,influencer_collab,US,131.31,1
2025-06-12,FunnelForge,AFF009,new_year_push,FR,200.08,2
2025-06-12,PixelPartners,AFF007,black_friday_2025,GB,90.65,1
2025-06-12,TechReach Media,AFF001,product_launch_v2,US,351.09,4
2025-06-12,LeadLaunch,AFF008,referral_spring,CA,703.14,3
2025-06-13,BrandBoost Network,AFF010,influencer_collab,GB,171.94,1
2025-06-13,FunnelForge,AFF009,q1_retention,US,214.69,2
2025-06-13,LeadLaunch,AFF008,summer_promo_2025,BR,313.59,1
2025-06-13,ConvertFlow,AFF006,q1_retention,GB,816.57,5
2025-06-13,TechReach Media,AFF001,new_year_push,SE,325.94,3
2025-06-13,PixelPartners,AFF007,q1_retention,DE,363.34,1
2025-06-14,LeadLaunch,AFF008,loyalty_reactivation,US,480.96,4
2025-06-14,NorthStar Affiliates,AFF004,product_launch_v2,CA,163.18,1
2025-06-14,ConvertFlow,AFF006,summer_promo_2025,GB,543.56,2
2025-06-14,AdVantage Hub,AFF005,summer_promo_2025,US,650.82,3
2025-06-15,FunnelForge,AFF009,q1_retention,US,706.0,4
2025-06-15,TechReach Media,AFF001,new_year_push,US,866.94,5
2025-06-15,AdVantage Hub,AFF005,loyalty_reactivation,FR,662.14,6
2025-06-16,GrowthNest,AFF002,product_launch_v2,US,306.02,1
2025-06-16,FunnelForge,AFF009,summer_promo_2025,US,603.76,1
2025-06-16,ConvertFlow,AFF006,product_launch_v2,GB,153.94,1
2025-06-16,NorthStar Affiliates,AFF004,q1_retention,GB,670.78,5
2025-06-16,AdVantage Hub,AFF005,product_launch_v2,DE,479.33,4
2025-06-16,ClickBridge Partners,AFF003,summer_promo_2025,CA,487.52,7
2025-06-17,ConvertFlow,AFF006,referral_spring,US,100.91,1
2025-06-17,AdVantage Hub,AFF005,summer_promo_2025,FR,138.68,1
2025-06-17,GrowthNest,AFF002,summer_promo_2025,BR,527.76,7
2025-06-17,NorthStar Affiliates,AFF004,black_friday_2025,US,132.46,1
2025-06-17,LeadLaunch,AFF008,loyalty_reactivation,NL,163.46,1
2025-06-17,TechReach Media,AFF001,summer_promo_2025,GB,90.22,1
2025-06-17,PixelPartners,AFF007,summer_promo_2025,GB,660.3,2
2025-06-18,NorthStar Affiliates,AFF004,new_year_push,US,101.49,1
2025-06-18,ConvertFlow,AFF006,summer_promo_2025,GB,368.11,2
2025-06-18,ClickBridge Partners,AFF003,referral_spring,SE,319.72,3
2025-06-18,LeadLaunch,AFF008,new_year_push,GB,753.85,6
2025-06-18,GrowthNest,AFF002,referral_spring,US,492.46,2
2025-06-18,TechReach Media,AFF001,influencer_collab,CA,563.49,6
2025-06-18,FunnelForge,AFF009,new_year_push,GB,106.95,1
2025-06-19,ClickBridge Partners,AFF003,loyalty_reactivation,DE,635.91,2
2025-06-19,FunnelForge,AFF009,product_launch_v2,GB,363.9,2
2025-06-19,LeadLaunch,AFF008,loyalty_reactivation,FR,338.05,3
2025-06-19,NorthStar Affiliates,AFF004,referral_spring,NL,610.88,4
2025-06-19,PixelPartners,AFF007,q1_retention,GB,812.02,7
2025-06-19,TechReach Media,AFF001,summer_promo_2025,AU,213.81,1
2025-06-20,TechReach Media,AFF001,new_year_push,US,790.35,6
2025-06-20,AdVantage Hub,AFF005,new_year_push,DE,246.2,2
2025-06-20,ClickBridge Partners,AFF003,product_launch_v2,DE,854.51,7
2025-06-20,LeadLaunch,AFF008,influencer_collab,US,193.4,1
2025-06-20,PixelPartners,AFF007,product_launch_v2,PL,103.24,1
2025-06-21,PixelPartners,AFF007,summer_promo_2025,FR,136.44,1
2025-06-21,BrandBoost Network,AFF010,product_launch_v2,AU,509.21,4
2025-06-21,FunnelForge,AFF009,new_year_push,AU,746.26,5
2025-06-21,ConvertFlow,AFF006,loyalty_reactivation,US,494.9,6
2025-06-22,BrandBoost Network,AFF010,loyalty_reactivation,US,325.6,3
2025-06-22,ConvertFlow,AFF006,q1_retention,FR,725.17,8
2025-06-22,PixelPartners,AFF007,summer_promo_2025,AU,785.83,6
2025-06-23,AdVantage Hub,AFF005,loyalty_reactivation,US,800.35,9
2025-06-23,TechReach Media,AFF001,new_year_push,AU,541.27,2
2025-06-23,GrowthNest,AFF002,loyalty_reactivation,PL,283.28,3
2025-06-23,ConvertFlow,AFF006,summer_promo_2025,DE,349.6,2
2025-06-24,ConvertFlow,AFF006,q1_retention,US,378.78,1
2025-06-24,BrandBoost Network,AFF010,new_year_push,GB,636.84,7
2025-06-24,NorthStar Affiliates,AFF004,black_friday_2025,GB,753.75,1
2025-06-24,TechReach Media,AFF001,product_launch_v2,DE,80.81,1
2025-06-25,TechReach Media,AFF001,referral_spring,SE,96.76,1
2025-06-25,BrandBoost Network,AFF010,new_year_push,CA,449.94,3
2025-06-25,GrowthNest,AFF002,black_friday_2025,US,316.32,3
2025-06-26,TechReach Media,AFF001,influencer_collab,GB,532.91,4
2025-06-26,NorthStar Affiliates,AFF004,influencer_collab,DE,434.52,5
2025-06-26,BrandBoost Network,AFF010,black_friday_2025,SE,844.33,4
2025-06-26,LeadLaunch,AFF008,loyalty_reactivation,GB,658.3,1
2025-06-26,AdVantage Hub,AFF005,black_friday_2025,DE,653.98,2
2025-06-26,PixelPartners,AFF007,product_launch_v2,NL,691.83,8
2025-06-27,ClickBridge Partners,AFF003,black_friday_2025,FR,185.89,2
2025-06-27,NorthStar Affiliates,AFF004,black_friday_2025,NL,701.81,4
2025-06-27,AdVantage Hub,AFF005,influencer_collab,AU,419.5,5
2025-06-27,ConvertFlow,AFF006,loyalty_reactivation,US,608.8,9
2025-06-28,ConvertFlow,AFF006,new_year_push,NL,890.11,4
2025-06-28,FunnelForge,AFF009,new_year_push,SE,699.4,10
2025-06-28,TechReach Media,AFF001,loyalty_reactivation,US,525.55,6
2025-06-28,NorthStar Affiliates,AFF004,black_friday_2025,DE,791.96,11
2025-06-28,BrandBoost Network,AFF010,summer_promo_2025,GB,494.89,7
2025-06-28,LeadLaunch,AFF008,influencer_collab,US,205.89,1
2025-06-29,ClickBridge Partners,AFF003,black_friday_2025,US,565.59,7
2025-06-29,LeadLaunch,AFF008,q1_retention,GB,808.81,9
2025-06-29,BrandBoost Network,AFF010,loyalty_reactivation,SE,264.7,1
2025-06-29,ConvertFlow,AFF006,referral_spring,DE,473.67,6
2025-06-29,FunnelForge,AFF009,new_year_push,US,778.61,6
2025-06-29,NorthStar Affiliates,AFF004,black_friday_2025,DE,362.11,1
2025-06-29,TechReach Media,AFF001,loyalty_reactivation,US,735.27,11
2025-06-30,NorthStar Affiliates,AFF004,loyalty_reactivation,SE,231.25,1
2025-06-30,PixelPartners,AFF007,new_year_push,CA,785.8,1
2025-06-30,ConvertFlow,AFF006,influencer_collab,AU,331.55,1
2025-06-30,BrandBoost Network,AFF010,black_friday_2025,US,331.78,4
2025-06-30,AdVantage Hub,AFF005,influencer_collab,GB,397.35,1
2025-07-01,GrowthNest,AFF002,product_launch_v2,SE,736.58,11
2025-07-01,LeadLaunch,AFF008,influencer_collab,DE,719.07,4
2025-07-01,AdVantage Hub,AFF005,referral_spring,CA,349.02,1
2025-07-01,ConvertFlow,AFF006,black_friday_2025,US,116.41,1
2025-07-01,BrandBoost Network,AFF010,influencer_collab,AU,803.93,12
2025-07-01,PixelPartners,AFF007,referral_spring,GB,315.21,4
2025-07-01,TechReach Media,AFF001,referral_spring,DE,260.44,1
2025-07-02,TechReach Media,AFF001,referral_spring,FR,348.56,1
2025-07-02,AdVantage Hub,AFF005,loyalty_reactivation,SE,574.1,5
2025-07-02,GrowthNest,AFF002,loyalty_reactivation,GB,210.99,2
2025-07-02,ConvertFlow,AFF006,black_friday_2025,BR,589.89,3
2025-07-02,PixelPartners,AFF007,q1_retention,DE,765.12,4
2025-07-03,AdVantage Hub,AFF005,q1_retention,US,871.42,3
2025-07-03,FunnelForge,AFF009,loyalty_reactivation,GB,563.0,5
2025-07-03,PixelPartners,AFF007,referral_spring,AU,257.65,1
2025-07-03,LeadLaunch,AFF008,referral_spring,DE,306.79,4
2025-07-03,ClickBridge Partners,AFF003,product_launch_v2,CA,224.7,1
2025-07-04,ClickBridge Partners,AFF003,influencer_collab,US,252.36,3
2025-07-04,PixelPartners,AFF007,new_year_push,US,340.48,2
2025-07-04,TechReach Media,AFF001,black_friday_2025,US,421.98,1
2025-07-04,NorthStar Affiliates,AFF004,product_launch_v2,US,254.39,3
2025-07-04,AdVantage Hub,AFF005,new_year_push,SE,637.15,9
2025-07-05,NorthStar Affiliates,AFF004,new_year_push,FR,375.14,2
2025-07-05,BrandBoost Network,AFF010,black_friday_2025,US,363.6,4
2025-07-05,ClickBridge Partners,AFF003,new_year_push,AU,344.07,4
2025-07-05,GrowthNest,AFF002,new_year_push,US,123.73,1
2025-07-06,GrowthNest,AFF002,q1_retention,US,365.37,2
2025-07-06,TechReach Media,AFF001,new_year_push,FR,392.76,4
2025-07-06,ConvertFlow,AFF006,summer_promo_2025,FR,155.65,1
2025-07-06,BrandBoost Network,AFF010,black_friday_2025,CA,427.34,4
2025-07-06,LeadLaunch,AFF008,referral_spring,US,100.32,1
2025-07-07,NorthStar Affiliates,AFF004,loyalty_reactivation,NL,129.88,1
2025-07-07,PixelPartners,AFF007,summer_promo_2025,GB,629.48,2
2025-07-07,FunnelForge,AFF009,black_friday_2025,NL,791.43,6
2025-07-07,TechReach Media,AFF001,q1_retention,PL,698.58,8
2025-07-08,LeadLaunch,AFF008,loyalty_reactivation,AU,433.71,4
2025-07-08,ClickBridge Partners,AFF003,product_launch_v2,CA,868.75,11
2025-07-08,NorthStar Affiliates,AFF004,loyalty_reactivation,NL,700.67,3
2025-07-08,AdVantage Hub,AFF005,loyalty_reactivation,SE,550.29,8
2025-07-08,ConvertFlow,AFF006,product_launch_v2,US,879.47,8
2025-07-08,BrandBoost Network,AFF010,q1_retention,NL,732.55,3
2025-07-08,FunnelForge,AFF009,black_friday_2025,US,234.95,1
2025-07-09,LeadLaunch,AFF008,summer_promo_2025,US,798.64,9
2025-07-09,ConvertFlow,AFF006,black_friday_2025,US,149.58,1
2025-07-09,PixelPartners,AFF007,referral_spring,DE,449.6,1
2025-07-10,AdVantage Hub,AFF005,q1_retention,PL,348.07,2
2025-07-10,LeadLaunch,AFF008,summer_promo_2025,US,127.9,1
2025-07-10,PixelPartners,AFF007,influencer_collab,DE,356.33,4
2025-07-10,NorthStar Affiliates,AFF004,q1_retention,FR,850.7,9
2025-07-10,BrandBoost Network,AFF010,referral_spring,NL,750.61,11
2025-07-10,ClickBridge Partners,AFF003,influencer_collab,DE,657.66,8
2025-07-11,FunnelForge,AFF009,influencer_collab,DE,840.84,3
2025-07-11,AdVantage Hub,AFF005,q1_retention,US,366.18,5
2025-07-11,PixelPartners,AFF007,loyalty_reactivation,US,346.31,3
2025-07-11,LeadLaunch,AFF008,summer_promo_2025,US,541.11,1
2025-07-11,ConvertFlow,AFF006,summer_promo_2025,FR,718.26,7
2025-07-11,TechReach Media,AFF001,product_launch_v2,US,92.78,1
2025-07-12,ClickBridge Partners,AFF003,q1_retention,FR,596.26,5
2025-07-12,TechReach Media,AFF001,new_year_push,CA,545.56,7
2025-07-12,ConvertFlow,AFF006,q1_retention,DE,130.51,1
2025-07-12,PixelPartners,AFF007,product_launch_v2,GB,430.81,3
2025-07-12,GrowthNest,AFF002,summer_promo_2025,NL,769.57,4
2025-07-13,ConvertFlow,AFF006,referral_spring,GB,847.2,4
2025-07-13,TechReach Media,AFF001,product_launch_v2,DE,589.16,5
2025-07-13,ClickBridge Partners,AFF003,black_friday_2025,DE,318.05,2
2025-07-13,FunnelForge,AFF009,summer_promo_2025,NL,112.75,1
2025-07-13,AdVantage Hub,AFF005,influencer_collab,CA,312.04,2
2025-07-13,NorthStar Affiliates,AFF004,product_launch_v2,FR,615.16,1
2025-07-14,ConvertFlow,AFF006,referral_spring,GB,307.71,4
2025-07-14,NorthStar Affiliates,AFF004,referral_spring,GB,575.17,3
2025-07-14,TechReach Media,AFF001,q1_retention,CA,438.78,5
2025-07-14,PixelPartners,AFF007,product_launch_v2,US,465.37,5
2025-07-14,LeadLaunch,AFF008,summer_promo_2025,NL,361.84,2
2025-07-14,AdVantage Hub,AFF005,new_year_push,GB,542.32,1
2025-07-15,BrandBoost Network,AFF010,q1_retention,US,178.3,1
2025-07-15,PixelPartners,AFF007,loyalty_reactivation,GB,81.58,1
2025-07-15,AdVantage Hub,AFF005,new_year_push,BR,96.38,1
2025-07-15,GrowthNest,AFF002,black_friday_2025,NL,829.97,6
2025-07-16,ClickBridge Partners,AFF003,summer_promo_2025,BR,288.91,3
2025-07-16,NorthStar Affiliates,AFF004,loyalty_reactivation,FR,503.0,1
2025-07-16,BrandBoost Network,AFF010,product_launch_v2,BR,588.47,5
2025-07-16,AdVantage Hub,AFF005,product_launch_v2,GB,189.47,1
2025-07-16,PixelPartners,AFF007,loyalty_reactivation,US,744.44,3
2025-07-17,ConvertFlow,AFF006,loyalty_reactivation,CA,499.27,4
2025-07-17,PixelPartners,AFF007,summer_promo_2025,AU,396.83,3
2025-07-17,GrowthNest,AFF002,loyalty_reactivation,GB,505.34,3
2025-07-17,TechReach Media,AFF001,new_year_push,FR,433.01,4
2025-07-17,NorthStar Affiliates,AFF004,influencer_collab,AU,363.72,2
2025-07-17,FunnelForge,AFF009,referral_spring,US,539.25,7
2025-07-18,LeadLaunch,AFF008,product_launch_v2,FR,498.34,4
2025-07-18,ConvertFlow,AFF006,product_launch_v2,DE,296.11,1
2025-07-18,TechReach Media,AFF001,influencer_collab,FR,488.11,3
2025-07-18,NorthStar Affiliates,AFF004,black_friday_2025,US,232.24,1
2025-07-19,LeadLaunch,AFF008,black_friday_2025,GB,866.4,4
2025-07-19,FunnelForge,AFF009,product_launch_v2,NL,136.53,1
2025-07-19,BrandBoost Network,AFF010,new_year_push,FR,891.04,2
2025-07-19,TechReach Media,AFF001,new_year_push,US,404.69,2
2025-07-19,ConvertFlow,AFF006,referral_spring,US,649.73,9
2025-07-19,GrowthNest,AFF002,referral_spring,GB,154.09,1
2025-07-19,NorthStar Affiliates,AFF004,influencer_collab,US,434.31,3
2025-07-20,BrandBoost Network,AFF010,new_year_push,US,142.62,1
2025-07-20,GrowthNest,AFF002,loyalty_reactivation,US,124.91,1
2025-07-20,ConvertFlow,AFF006,product_launch_v2,DE,614.49,2
2025-07-21,AdVantage Hub,AFF005,summer_promo_2025,US,260.51,2
2025-07-21,BrandBoost Network,AFF010,q1_retention,PL,896.94,7
2025-07-21,TechReach Media,AFF001,new_year_push,GB,146.16,1
2025-07-21,NorthStar Affiliates,AFF004,new_year_push,GB,274.93,1
2025-07-22,ConvertFlow,AFF006,referral_spring,US,667.2,3
2025-07-22,FunnelForge,AFF009,referral_spring,AU,277.6,1
2025-07-22,TechReach Media,AFF001,loyalty_reactivation,US,486.15,6
2025-07-23,ClickBridge Partners,AFF003,referral_spring,US,842.41,8
2025-07-23,NorthStar Affiliates,AFF004,summer_promo_2025,DE,529.58,5
2025-07-23,GrowthNest,AFF002,referral_spring,DE,151.94,1
2025-07-24,GrowthNest,AFF002,influencer_collab,CA,856.45,12
2025-07-24,BrandBoost Network,AFF010,influencer_collab,FR,473.63,4
2025-07-24,LeadLaunch,AFF008,product_launch_v2,DE,371.15,5
2025-07-24,ConvertFlow,AFF006,black_friday_2025,DE,181.7,2
2025-07-25,NorthStar Affiliates,AFF004,loyalty_reactivation,AU,442.76,3
2025-07-25,ConvertFlow,AFF006,loyalty_reactivation,US,838.21,10
2025-07-25,BrandBoost Network,AFF010,black_friday_2025,US,278.02,2
2025-07-26,GrowthNest,AFF002,q1_retention,DE,447.85,5
2025-07-26,TechReach Media,AFF001,product_launch_v2,AU,320.29,4
2025-07-26,ClickBridge Partners,AFF003,referral_spring,GB,736.06,11
2025-07-26,NorthStar Affiliates,AFF004,influencer_collab,NL,212.47,2
2025-07-27,NorthStar Affiliates,AFF004,black_friday_2025,US,402.14,5
2025-07-27,LeadLaunch,AFF008,influencer_collab,GB,223.35,2
2025-07-27,TechReach Media,AFF001,summer_promo_2025,GB,612.35,1
2025-07-27,GrowthNest,AFF002,influencer_collab,US,449.57,4
2025-07-27,FunnelForge,AFF009,q1_retention,US,678.0,4
2025-07-28,ClickBridge Partners,AFF003,referral_spring,FR,140.06,1
2025-07-28,AdVantage Hub,AFF005,loyalty_reactivation,US,162.78,1
2025-07-28,ConvertFlow,AFF006,product_launch_v2,AU,232.89,2
2025-07-29,NorthStar Affiliates,AFF004,q1_retention,NL,822.26,8
2025-07-29,FunnelForge,AFF009,influencer_collab,FR,538.97,3
2025-07-29,GrowthNest,AFF002,influencer_collab,SE,158.3,1
2025-07-30,ConvertFlow,AFF006,loyalty_reactivation,GB,758.75,10
2025-07-30,PixelPartners,AFF007,black_friday_2025,DE,709.64,4
2025-07-30,LeadLaunch,AFF008,referral_spring,FR,789.45,12
2025-07-30,TechReach Media,AFF001,referral_spring,DE,859.86,8
2025-07-31,BrandBoost Network,AFF010,influencer_collab,CA,825.07,8
2025-07-31,PixelPartners,AFF007,product_launch_v2,FR,430.49,1
2025-07-31,ConvertFlow,AFF006,loyalty_reactivation,DE,96.7,1
2025-07-31,FunnelForge,AFF009,summer_promo_2025,AU,661.6,6
2025-07-31,ClickBridge Partners,AFF003,q1_retention,GB,513.76,6
2025-07-31,NorthStar Affiliates,AFF004,black_friday_2025,GB,469.02,1
2025-08-01,PixelPartners,AFF007,new_year_push,DE,439.18,2
2025-08-01,LeadLaunch,AFF008,influencer_collab,FR,85.19,1
2025-08-01,GrowthNest,AFF002,influencer_collab,SE,138.29,1
2025-08-01,TechReach Media,AFF001,product_launch_v2,US,509.5,4
2025-08-01,FunnelForge,AFF009,product_launch_v2,AU,405.02,2
2025-08-02,TechReach Media,AFF001,new_year_push,DE,456.83,3
2025-08-02,ConvertFlow,AFF006,new_year_push,NL,896.45,13
2025-08-02,ClickBridge Partners,AFF003,referral_spring,CA,535.56,3
2025-08-03,AdVantage Hub,AFF005,q1_retention,US,653.53,7
2025-08-03,LeadLaunch,AFF008,referral_spring,SE,741.6,6
2025-08-03,BrandBoost Network,AFF010,product_launch_v2,US,137.08,1
2025-08-03,FunnelForge,AFF009,summer_promo_2025,DE,146.23,1
2025-08-04,AdVantage Hub,AFF005,new_year_push,SE,223.5,1
2025-08-04,ConvertFlow,AFF006,new_year_push,US,741.11,2
2025-08-04,LeadLaunch,AFF008,black_friday_2025,FR,691.87,2
2025-08-04,PixelPartners,AFF007,new_year_push,US,130.53,1
2025-08-04,FunnelForge,AFF009,black_friday_2025,GB,246.04,3
2025-08-05,ClickBridge Partners,AFF003,product_launch_v2,US,880.23,4
2025-08-05,FunnelForge,AFF009,product_launch_v2,US,91.56,1
2025-08-05,BrandBoost Network,AFF010,product_launch_v2,US,259.1,2
2025-08-05,GrowthNest,AFF002,loyalty_reactivation,FR,224.7,2
2025-08-05,TechReach Media,AFF001,new_year_push,US,880.48,8
2025-08-05,NorthStar Affiliates,AFF004,product_launch_v2,NL,713.86,1
2025-08-06,TechReach Media,AFF001,product_launch_v2,AU,470.55,5
2025-08-06,LeadLaunch,AFF008,influencer_collab,NL,295.94,2
2025-08-06,NorthStar Affiliates,AFF004,influencer_collab,US,240.53,3
2025-08-06,FunnelForge,AFF009,loyalty_reactivation,GB,202.86,2
2025-08-06,GrowthNest,AFF002,q1_retention,DE,773.87,3
2025-08-06,BrandBoost Network,AFF010,product_launch_v2,US,461.44,1
2025-08-07,ClickBridge Partners,AFF003,loyalty_reactivation,NL,499.69,6
2025-08-07,ConvertFlow,AFF006,referral_spring,CA,730.33,5
2025-08-07,PixelPartners,AFF007,summer_promo_2025,PL,472.38,5
2025-08-07,BrandBoost Network,AFF010,q1_retention,AU,253.51,3
2025-08-07,FunnelForge,AFF009,new_year_push,GB,782.52,1
2025-08-08,AdVantage Hub,AFF005,new_year_push,SE,257.44,1
2025-08-08,ClickBridge Partners,AFF003,loyalty_reactivation,FR,149.16,1
2025-08-08,TechReach Media,AFF001,new_year_push,US,141.44,1
2025-08-08,NorthStar Affiliates,AFF004,black_friday_2025,CA,410.43,3
2025-08-08,FunnelForge,AFF009,q1_retention,FR,517.09,4
2025-08-08,PixelPartners,AFF007,referral_spring,DE,665.37,7
2025-08-08,GrowthNest,AFF002,q1_retention,GB,90.02,1
2025-08-09,GrowthNest,AFF002,black_friday_2025,US,752.19,4
2025-08-09,ClickBridge Partners,AFF003,summer_promo_2025,FR,846.5,11
2025-08-09,AdVantage Hub,AFF005,black_friday_2025,AU,405.5,3
2025-08-09,FunnelForge,AFF009,black_friday_2025,DE,587.2,6
2025-08-09,NorthStar Affiliates,AFF004,summer_promo_2025,US,531.79,3
2025-08-09,TechReach Media,AFF001,summer_promo_2025,CA,768.85,3
2025-08-09,LeadLaunch,AFF008,new_year_push,US,850.57,5
2025-08-10,LeadLaunch,AFF008,summer_promo_2025,US,100.46,1
2025-08-10,AdVantage Hub,AFF005,black_friday_2025,CA,184.49,2
2025-08-10,TechReach Media,AFF001,summer_promo_2025,DE,272.12,1
2025-08-11,AdVantage Hub,AFF005,influencer_collab,US,136.05,1
2025-08-11,ClickBridge Partners,AFF003,black_friday_2025,FR,122.6,1
2025-08-11,BrandBoost Network,AFF010,influencer_collab,NL,860.8,12
2025-08-11,FunnelForge,AFF009,loyalty_reactivation,DE,688.19,4
2025-08-11,LeadLaunch,AFF008,product_launch_v2,DE,620.76,3
2025-08-12,AdVantage Hub,AFF005,summer_promo_2025,US,499.87,2
2025-08-12,BrandBoost Network,AFF010,summer_promo_2025,FR,219.15,1
2025-08-12,TechReach Media,AFF001,influencer_collab,US,814.95,9
2025-08-12,NorthStar Affiliates,AFF004,q1_retention,DE,342.49,1
2025-08-12,ConvertFlow,AFF006,referral_spring,DE,770.46,3
2025-08-12,PixelPartners,AFF007,loyalty_reactivation,GB,206.48,2
2025-08-12,FunnelForge,AFF009,black_friday_2025,FR,244.83,3
2025-08-13,ConvertFlow,AFF006,summer_promo_2025,GB,227.88,1
2025-08-13,ClickBridge Partners,AFF003,influencer_collab,US,718.21,8
2025-08-13,PixelPartners,AFF007,product_launch_v2,CA,95.93,1
2025-08-14,ConvertFlow,AFF006,new_year_push,US,384.45,4
2025-08-14,ClickBridge Partners,AFF003,summer_promo_2025,CA,203.54,2
2025-08-14,BrandBoost Network,AFF010,referral_spring,CA,518.47,7
2025-08-14,GrowthNest,AFF002,summer_promo_2025,US,498.74,3
2025-08-14,FunnelForge,AFF009,referral_spring,US,583.15,2
2025-08-14,NorthStar Affiliates,AFF004,q1_retention,FR,391.0,3
2025-08-15,GrowthNest,AFF002,summer_promo_2025,GB,819.6,10
2025-08-15,BrandBoost Network,AFF010,black_friday_2025,GB,552.18,1
2025-08-15,AdVantage Hub,AFF005,loyalty_reactivation,AU,273.76,1
2025-08-16,TechReach Media,AFF001,new_year_push,SE,169.9,1
2025-08-16,AdVantage Hub,AFF005,new_year_push,GB,481.27,4
2025-08-16,ClickBridge Partners,AFF003,referral_spring,US,770.64,7
2025-08-16,LeadLaunch,AFF008,loyalty_reactivation,FR,621.57,9
2025-08-17,PixelPartners,AFF007,referral_spring,AU,425.15,1
2025-08-17,GrowthNest,AFF002,product_launch_v2,GB,874.87,6
2025-08-17,FunnelForge,AFF009,product_launch_v2,US,215.74,1
2025-08-17,NorthStar Affiliates,AFF004,referral_spring,PL,273.09,2
2025-08-18,ClickBridge Partners,AFF003,summer_promo_2025,DE,616.75,1
2025-08-18,FunnelForge,AFF009,referral_spring,US,759.37,6
2025-08-18,LeadLaunch,AFF008,influencer_collab,DE,601.45,9
2025-08-19,AdVantage Hub,AFF005,black_friday_2025,DE,777.35,6
2025-08-19,ClickBridge Partners,AFF003,q1_retention,US,302.54,4
2025-08-19,BrandBoost Network,AFF010,summer_promo_2025,DE,485.01,3
2025-08-19,ConvertFlow,AFF006,q1_retention,CA,95.46,1
2025-08-19,NorthStar Affiliates,AFF004,black_friday_2025,DE,586.82,7
2025-08-19,PixelPartners,AFF007,influencer_collab,US,405.93,4
2025-08-19,GrowthNest,AFF002,influencer_collab,US,700.17,2
2025-08-20,ConvertFlow,AFF006,summer_promo_2025,US,326.26,3
2025-08-20,AdVantage Hub,AFF005,influencer_collab,US,705.81,10
2025-08-20,LeadLaunch,AFF008,q1_retention,US,419.32,5
2025-08-20,BrandBoost Network,AFF010,black_friday_2025,AU,681.34,1
2025-08-21,TechReach Media,AFF001,black_friday_2025,GB,616.26,8
2025-08-21,LeadLaunch,AFF008,influencer_collab,DE,153.85,1
2025-08-21,FunnelForge,AFF009,summer_promo_2025,AU,195.97,2
2025-08-21,PixelPartners,AFF007,summer_promo_2025,US,104.3,1
2025-08-21,ConvertFlow,AFF006,referral_spring,PL,484.65,2
2025-08-22,ClickBridge Partners,AFF003,product_launch_v2,US,137.8,1
2025-08-22,PixelPartners,AFF007,influencer_collab,US,634.11,7
2025-08-22,BrandBoost Network,AFF010,referral_spring,CA,711.2,3
2025-08-22,NorthStar Affiliates,AFF004,loyalty_reactivation,US,657.06,7
2025-08-23,TechReach Media,AFF001,new_year_push,US,534.08,6
2025-08-23,GrowthNest,AFF002,new_year_push,GB,798.6,7
2025-08-23,ConvertFlow,AFF006,black_friday_2025,GB,775.91,2
2025-08-23,FunnelForge,AFF009,black_friday_2025,AU,144.84,1
2025-08-23,AdVantage Hub,AFF005,q1_retention,DE,141.77,1
2025-08-23,ClickBridge Partners,AFF003,product_launch_v2,CA,776.88,8
2025-08-24,FunnelForge,AFF009,q1_retention,US,487.32,7
2025-08-24,ConvertFlow,AFF006,new_year_push,US,253.3,3
2025-08-24,AdVantage Hub,AFF005,q1_retention,GB,229.09,2
2025-08-24,TechReach Media,AFF001,new_year_push,GB,590.93,3
2025-08-24,PixelPartners,AFF007,referral_spring,PL,614.39,9
2025-08-24,LeadLaunch,AFF008,referral_spring,GB,782.87,9
2025-08-25,GrowthNest,AFF002,black_friday_2025,US,191.54,1
2025-08-25,LeadLaunch,AFF008,influencer_collab,GB,499.99,4
2025-08-25,FunnelForge,AFF009,referral_spring,BR,603.64,2
2025-08-25,ConvertFlow,AFF006,new_year_push,US,590.74,8
2025-08-25,TechReach Media,AFF001,referral_spring,GB,240.02,3
2025-08-25,NorthStar Affiliates,AFF004,q1_retention,US,446.7,2
2025-08-25,PixelPartners,AFF007,loyalty_reactivation,US,611.78,3
2025-08-26,GrowthNest,AFF002,summer_promo_2025,US,303.81,2
2025-08-26,ConvertFlow,AFF006,loyalty_reactivation,SE,256.36,3
2025-08-26,PixelPartners,AFF007,black_friday_2025,DE,772.42,4
2025-08-26,TechReach Media,AFF001,loyalty_reactivation,US,182.05,2
2025-08-26,ClickBridge Partners,AFF003,product_launch_v2,AU,803.31,6
2025-08-26,AdVantage Hub,AFF005,summer_promo_2025,FR,207.65,1
2025-08-26,BrandBoost Network,AFF010,referral_spring,SE,452.91,5
2025-08-27,NorthStar Affiliates,AFF004,product_launch_v2,GB,797.42,10
2025-08-27,ConvertFlow,AFF006,product_launch_v2,US,331.31,2
2025-08-27,TechReach Media,AFF001,new_year_push,US,621.3,1
2025-08-28,LeadLaunch,AFF008,new_year_push,CA,684.46,1
2025-08-28,ConvertFlow,AFF006,black_friday_2025,GB,314.12,4
2025-08-28,PixelPartners,AFF007,referral_spring,AU,677.45,5
2025-08-28,GrowthNest,AFF002,summer_promo_2025,US,676.15,5
2025-08-28,NorthStar Affiliates,AFF004,black_friday_2025,GB,628.24,8
2025-08-28,TechReach Media,AFF001,influencer_collab,DE,510.43,3
2025-08-29,LeadLaunch,AFF008,black_friday_2025,GB,217.23,1
2025-08-29,PixelPartners,AFF007,summer_promo_2025,CA,281.66,2
2025-08-29,FunnelForge,AFF009,referral_spring,SE,544.88,5
2025-08-29,NorthStar Affiliates,AFF004,summer_promo_2025,GB,564.1,2
2025-08-29,ClickBridge Partners,AFF003,summer_promo_2025,US,446.37,4
2025-08-29,ConvertFlow,AFF006,q1_retention,US,582.21,5
2025-08-29,BrandBoost Network,AFF010,black_friday_2025,GB,739.51,1
2025-08-30,LeadLaunch,AFF008,influencer_collab,GB,274.07,3
2025-08-30,ConvertFlow,AFF006,new_year_push,CA,639.08,9
2025-08-30,GrowthNest,AFF002,q1_retention,US,603.44,1
2025-08-30,TechReach Media,AFF001,loyalty_reactivation,US,718.89,3
2025-08-31,TechReach Media,AFF001,loyalty_reactivation,AU,170.86,1
2025-08-31,BrandBoost Network,AFF010,loyalty_reactivation,US,514.44,1
2025-08-31,AdVantage Hub,AFF005,referral_spring,DE,837.78,3
2025-08-31,ClickBridge Partners,AFF003,loyalty_reactivation,GB,891.34,6
2025-09-01,LeadLaunch,AFF008,loyalty_reactivation,BR,496.01,2
2025-09-01,NorthStar Affiliates,AFF004,influencer_collab,US,620.23,1
2025-09-01,FunnelForge,AFF009,loyalty_reactivation,US,661.72,1
2025-09-02,ClickBridge Partners,AFF003,influencer_collab,US,306.05,4
2025-09-02,AdVantage Hub,AFF005,product_launch_v2,GB,898.07,13
2025-09-02,FunnelForge,AFF009,new_year_push,FR,872.9,13
2025-09-02,TechReach Media,AFF001,black_friday_2025,GB,694.67,4
2025-09-02,GrowthNest,AFF002,q1_retention,NL,482.69,6
2025-09-02,BrandBoost Network,AFF010,summer_promo_2025,US,863.41,7
2025-09-03,GrowthNest,AFF002,black_friday_2025,CA,438.22,1
2025-09-03,FunnelForge,AFF009,q1_retention,US,459.36,3
2025-09-03,BrandBoost Network,AFF010,black_friday_2025,NL,415.05,4
2025-09-03,LeadLaunch,AFF008,loyalty_reactivation,GB,554.79,2
2025-09-04,FunnelForge,AFF009,summer_promo_2025,US,490.5,7
2025-09-04,GrowthNest,AFF002,loyalty_reactivation,DE,665.93,5
2025-09-04,AdVantage Hub,AFF005,referral_spring,FR,657.31,9
2025-09-04,PixelPartners,AFF007,influencer_collab,GB,226.72,2
2025-09-04,NorthStar Affiliates,AFF004,influencer_collab,CA,825.36,3
2025-09-05,LeadLaunch,AFF008,black_friday_2025,US,88.82,1
2025-09-05,ClickBridge Partners,AFF003,black_friday_2025,US,800.72,2
2025-09-05,BrandBoost Network,AFF010,influencer_collab,US,431.84,3
2025-09-05,TechReach Media,AFF001,referral_spring,GB,193.08,1
2025-09-05,PixelPartners,AFF007,summer_promo_2025,US,715.85,7
2025-09-06,LeadLaunch,AFF008,referral_spring,US,858.65,2
2025-09-06,NorthStar Affiliates,AFF004,loyalty_reactivation,FR,99.07,1
2025-09-06,GrowthNest,AFF002,influencer_collab,US,494.43,1
2025-09-07,FunnelForge,AFF009,influencer_collab,FR,435.4,4
2025-09-07,ConvertFlow,AFF006,q1_retention,NL,559.27,6
2025-09-07,BrandBoost Network,AFF010,loyalty_reactivation,DE,261.96,2
2025-09-07,LeadLaunch,AFF008,product_launch_v2,GB,378.04,3
2025-09-07,AdVantage Hub,AFF005,q1_retention,FR,574.18,3
2025-09-07,PixelPartners,AFF007,referral_spring,AU,773.28,10
2025-09-07,GrowthNest,AFF002,summer_promo_2025,NL,402.94,4
2025-09-08,ConvertFlow,AFF006,q1_retention,DE,808.81,9
2025-09-08,FunnelForge,AFF009,black_friday_2025,DE,316.56,4
2025-09-08,BrandBoost Network,AFF010,q1_retention,AU,662.34,10
2025-09-08,GrowthNest,AFF002,loyalty_reactivation,AU,179.79,1
2025-09-08,PixelPartners,AFF007,q1_retention,US,178.87,1
2025-09-08,NorthStar Affiliates,AFF004,product_launch_v2,DE,397.66,5
2025-09-08,AdVantage Hub,AFF005,new_year_push,GB,748.22,5
2025-09-09,LeadLaunch,AFF008,referral_spring,AU,468.99,2
2025-09-09,FunnelForge,AFF009,referral_spring,US,477.67,2
2025-09-09,TechReach Media,AFF001,product_launch_v2,US,701.33,9
2025-09-09,PixelPartners,AFF007,product_launch_v2,CA,285.75,2
2025-09-09,AdVantage Hub,AFF005,product_launch_v2,US,378.31,5
2025-09-09,BrandBoost Network,AFF010,product_launch_v2,FR,234.05,1
2025-09-10,ConvertFlow,AFF006,black_friday_2025,FR,646.73,6
2025-09-10,FunnelForge,AFF009,q1_retention,CA,275.09,3
2025-09-10,TechReach Media,AFF001,new_year_push,US,274.08,2
2025-09-10,GrowthNest,AFF002,black_friday_2025,US,375.94,4
2025-09-10,LeadLaunch,AFF008,product_launch_v2,US,210.44,1
2025-09-10,BrandBoost Network,AFF010,influencer_collab,US,273.24,2
2025-09-10,AdVantage Hub,AFF005,summer_promo_2025,GB,340.97,3
2025-09-11,AdVantage Hub,AFF005,summer_promo_2025,GB,795.7,12
2025-09-11,BrandBoost Network,AFF010,loyalty_reactivation,GB,461.38,4
2025-09-11,ConvertFlow,AFF006,q1_retention,CA,829.48,2
2025-09-12,NorthStar Affiliates,AFF004,q1_retention,SE,164.54,1
2025-09-12,ClickBridge Partners,AFF003,influencer_collab,AU,657.09,1
2025-09-12,PixelPartners,AFF007,influencer_collab,FR,263.31,2
2025-09-12,BrandBoost Network,AFF010,new_year_push,DE,369.61,1
2025-09-12,FunnelForge,AFF009,loyalty_reactivation,US,623.6,6
2025-09-12,GrowthNest,AFF002,referral_spring,US,115.96,1
2025-09-12,ConvertFlow,AFF006,black_friday_2025,GB,714.7,7
2025-09-13,GrowthNest,AFF002,product_launch_v2,US,318.84,4
2025-09-13,ConvertFlow,AFF006,loyalty_reactivation,DE,572.7,8
2025-09-13,ClickBridge Partners,AFF003,influencer_collab,SE,768.75,6
2025-09-13,AdVantage Hub,AFF005,new_year_push,FR,600.71,3
2025-09-13,PixelPartners,AFF007,loyalty_reactivation,GB,344.13,3
2025-09-13,NorthStar Affiliates,AFF004,loyalty_reactivation,US,86.11,1
2025-09-14,AdVantage Hub,AFF005,loyalty_reactivation,CA,277.41,3
2025-09-14,NorthStar Affiliates,AFF004,q1_retention,GB,406.32,1
2025-09-14,ConvertFlow,AFF006,influencer_collab,PL,268.31,1
2025-09-14,PixelPartners,AFF007,black_friday_2025,US,883.8,11
2025-09-14,ClickBridge Partners,AFF003,black_friday_2025,GB,538.02,2
2025-09-14,BrandBoost Network,AFF010,black_friday_2025,CA,305.24,1
2025-09-14,TechReach Media,AFF001,summer_promo_2025,DE,574.17,5
2025-09-15,GrowthNest,AFF002,q1_retention,DE,591.33,8
2025-09-15,TechReach Media,AFF001,summer_promo_2025,US,492.61,3
2025-09-15,PixelPartners,AFF007,influencer_collab,GB,451.26,2
2025-09-15,NorthStar Affiliates,AFF004,new_year_push,PL,263.12,2
2025-09-15,BrandBoost Network,AFF010,influencer_collab,US,367.0,3
2025-09-16,AdVantage Hub,AFF005,loyalty_reactivation,GB,848.64,11
2025-09-16,BrandBoost Network,AFF010,black_friday_2025,GB,702.27,3
2025-09-16,NorthStar Affiliates,AFF004,black_friday_2025,GB,895.76,5
2025-09-16,PixelPartners,AFF007,summer_promo_2025,NL,607.64,6
2025-09-16,LeadLaunch,AFF008,loyalty_reactivation,AU,541.87,7
2025-09-16,ClickBridge Partners,AFF003,black_friday_2025,US,583.81,3
2025-09-16,GrowthNest,AFF002,product_launch_v2,DE,215.06,2
2025-09-17,GrowthNest,AFF002,summer_promo_2025,BR,573.2,1
2025-09-17,BrandBoost Network,AFF010,black_friday_2025,US,495.04,6
2025-09-17,ClickBridge Partners,AFF003,product_launch_v2,GB,433.95,4
2025-09-17,PixelPartners,AFF007,referral_spring,DE,114.33,1
2025-09-17,FunnelForge,AFF009,loyalty_reactivation,GB,255.33,3
2025-09-17,AdVantage Hub,AFF005,new_year_push,PL,325.71,4
2025-09-17,NorthStar Affiliates,AFF004,q1_retention,US,471.76,3
2025-09-18,TechReach Media,AFF001,loyalty_reactivation,GB,842.13,4
2025-09-18,NorthStar Affiliates,AFF004,referral_spring,AU,814.64,10
2025-09-18,BrandBoost Network,AFF010,influencer_collab,SE,306.98,1
2025-09-18,FunnelForge,AFF009,product_launch_v2,US,468.63,4
2025-09-18,GrowthNest,AFF002,q1_retention,US,83.05,1
2025-09-18,ConvertFlow,AFF006,influencer_collab,FR,453.29,2
2025-09-18,ClickBridge Partners,AFF003,summer_promo_2025,PL,850.41,4
2025-09-19,ConvertFlow,AFF006,referral_spring,US,352.09,3
2025-09-19,TechReach Media,AFF001,product_launch_v2,FR,766.51,8
2025-09-19,BrandBoost Network,AFF010,new_year_push,US,119.77,1
2025-09-19,NorthStar Affiliates,AFF004,summer_promo_2025,US,83.51,1
2025-09-19,PixelPartners,AFF007,summer_promo_2025,DE,619.47,5
2025-09-20,TechReach Media,AFF001,referral_spring,DE,813.83,1
2025-09-20,PixelPartners,AFF007,referral_spring,FR,638.92,6
2025-09-20,FunnelForge,AFF009,product_launch_v2,NL,801.89,2
2025-09-20,ClickBridge Partners,AFF003,summer_promo_2025,GB,362.49,5
2025-09-20,AdVantage Hub,AFF005,product_launch_v2,DE,290.99,3
2025-09-21,NorthStar Affiliates,AFF004,referral_spring,US,140.01,1
2025-09-21,AdVantage Hub,AFF005,new_year_push,DE,280.98,1
2025-09-21,GrowthNest,AFF002,new_year_push,SE,411.89,3
2025-09-21,TechReach Media,AFF001,influencer_collab,GB,111.05,1
2025-09-21,ClickBridge Partners,AFF003,referral_spring,US,163.94,1
2025-09-21,ConvertFlow,AFF006,referral_spring,DE,160.99,1
2025-09-22,NorthStar Affiliates,AFF004,referral_spring,US,736.2,3
2025-09-22,LeadLaunch,AFF008,summer_promo_2025,GB,412.12,5
2025-09-22,FunnelForge,AFF009,black_friday_2025,FR,230.99,2
2025-09-22,TechReach Media,AFF001,influencer_collab,GB,543.16,1
2025-09-22,AdVantage Hub,AFF005,referral_spring,US,330.87,1
2025-09-23,PixelPartners,AFF007,summer_promo_2025,US,291.66,2
2025-09-23,TechReach Media,AFF001,summer_promo_2025,CA,798.17,10
2025-09-23,ConvertFlow,AFF006,new_year_push,GB,429.84,4
2025-09-23,GrowthNest,AFF002,loyalty_reactivation,FR,559.76,2
2025-09-23,BrandBoost Network,AFF010,influencer_collab,SE,382.14,1
2025-09-23,AdVantage Hub,AFF005,referral_spring,GB,793.28,1
2025-09-23,ClickBridge Partners,AFF003,q1_retention,DE,864.2,12
2025-09-24,AdVantage Hub,AFF005,new_year_push,US,679.74,8
2025-09-24,NorthStar Affiliates,AFF004,black_friday_2025,GB,888.65,13
2025-09-24,BrandBoost Network,AFF010,q1_retention,US,172.07,1
2025-09-24,PixelPartners,AFF007,influencer_collab,CA,534.96,6
2025-09-24,LeadLaunch,AFF008,referral_spring,FR,352.32,3
2025-09-24,ConvertFlow,AFF006,influencer_collab,AU,627.9,9
2025-09-25,GrowthNest,AFF002,loyalty_reactivation,FR,675.29,6
2025-09-25,ConvertFlow,AFF006,referral_spring,US,598.43,1
2025-09-25,AdVantage Hub,AFF005,new_year_push,US,230.83,2
2025-09-25,LeadLaunch,AFF008,referral_spring,GB,285.75,3
2025-09-25,ClickBridge Partners,AFF003,referral_spring,FR,362.92,1
2025-09-25,NorthStar Affiliates,AFF004,influencer_collab,US,832.71,1
2025-09-26,ClickBridge Partners,AFF003,summer_promo_2025,US,200.04,2
2025-09-26,AdVantage Hub,AFF005,loyalty_reactivation,BR,438.97,1
2025-09-26,NorthStar Affiliates,AFF004,referral_spring,CA,688.91,3
2025-09-26,LeadLaunch,AFF008,q1_retention,US,373.4,2
2025-09-26,TechReach Media,AFF001,black_friday_2025,NL,626.0,3
2025-09-27,GrowthNest,AFF002,summer_promo_2025,NL,693.96,2
2025-09-27,FunnelForge,AFF009,product_launch_v2,US,828.84,5
2025-09-27,TechReach Media,AFF001,black_friday_2025,FR,613.77,8
2025-09-27,ClickBridge Partners,AFF003,new_year_push,BR,568.42,3
2025-09-27,ConvertFlow,AFF006,influencer_collab,GB,751.64,5
2025-09-27,LeadLaunch,AFF008,product_launch_v2,US,196.59,2
2025-09-27,PixelPartners,AFF007,new_year_push,SE,860.5,4
2025-09-28,BrandBoost Network,AFF010,new_year_push,US,569.82,1
2025-09-28,LeadLaunch,AFF008,product_launch_v2,NL,289.61,3
2025-09-28,ClickBridge Partners,AFF003,product_launch_v2,US,759.81,3
2025-09-28,TechReach Media,AFF001,q1_retention,NL,722.4,11
2025-09-28,ConvertFlow,AFF006,q1_retention,US,718.87,7
2025-09-29,AdVantage Hub,AFF005,new_year_push,DE,397.9,5
2025-09-29,GrowthNest,AFF002,new_year_push,DE,435.66,4
2025-09-29,FunnelForge,AFF009,influencer_collab,GB,347.07,2
2025-09-30,ClickBridge Partners,AFF003,loyalty_reactivation,NL,370.82,1
2025-09-30,BrandBoost Network,AFF010,q1_retention,US,750.85,10
2025-09-30,TechReach Media,AFF001,referral_spring,CA,351.58,3
2025-09-30,NorthStar Affiliates,AFF004,q1_retention,NL,464.21,3
2025-09-30,ConvertFlow,AFF006,summer_promo_2025,BR,201.16,1
2025-09-30,LeadLaunch,AFF008,referral_spring,GB,481.33,6
2025-10-01,TechReach Media,AFF001,new_year_push,FR,372.99,1
2025-10-01,LeadLaunch,AFF008,influencer_collab,FR,430.08,3
2025-10-01,PixelPartners,AFF007,product_launch_v2,US,760.59,6
2025-10-01,ConvertFlow,AFF006,q1_retention,BR,207.55,1
2025-10-01,GrowthNest,AFF002,q1_retention,CA,751.34,1
2025-10-01,BrandBoost Network,AFF010,product_launch_v2,BR,301.84,1
2025-10-02,FunnelForge,AFF009,q1_retention,BR,514.93,2
2025-10-02,AdVantage Hub,AFF005,q1_retention,FR,237.38,1
2025-10-02,NorthStar Affiliates,AFF004,summer_promo_2025,NL,170.77,1
2025-10-02,LeadLaunch,AFF008,summer_promo_2025,NL,125.27,1
2025-10-02,ConvertFlow,AFF006,summer_promo_2025,CA,732.84,6
2025-10-02,TechReach Media,AFF001,q1_retention,DE,159.23,1
2025-10-02,GrowthNest,AFF002,referral_spring,US,854.47,9
2025-10-03,FunnelForge,AFF009,product_launch_v2,US,80.26,1
2025-10-03,AdVantage Hub,AFF005,new_year_push,GB,380.25,1
2025-10-03,TechReach Media,AFF001,new_year_push,SE,802.03,10
2025-10-03,BrandBoost Network,AFF010,q1_retention,GB,691.63,6
2025-10-03,GrowthNest,AFF002,referral_spring,FR,274.46,3
2025-10-03,ConvertFlow,AFF006,referral_spring,AU,285.42,3
2025-10-04,FunnelForge,AFF009,product_launch_v2,AU,377.27,1
2025-10-04,ClickBridge Partners,AFF003,q1_retention,GB,724.49,2
2025-10-04,GrowthNest,AFF002,loyalty_reactivation,US,520.49,1
2025-10-04,LeadLaunch,AFF008,influencer_collab,GB,170.33,1
2025-10-04,ConvertFlow,AFF006,q1_retention,US,238.05,2
2025-10-04,TechReach Media,AFF001,influencer_collab,FR,443.81,1
2025-10-04,AdVantage Hub,AFF005,referral_spring,GB,632.29,3
2025-10-05,LeadLaunch,AFF008,q1_retention,BR,744.66,3
2025-10-05,ClickBridge Partners,AFF003,product_launch_v2,AU,505.43,3
2025-10-05,BrandBoost Network,AFF010,black_friday_2025,AU,696.78,4
2025-10-06,AdVantage Hub,AFF005,product_launch_v2,FR,571.91,5
2025-10-06,PixelPartners,AFF007,summer_promo_2025,US,876.69,8
2025-10-06,NorthStar Affiliates,AFF004,product_launch_v2,NL,452.93,4
2025-10-06,GrowthNest,AFF002,new_year_push,US,367.19,2
2025-10-06,FunnelForge,AFF009,loyalty_reactivation,FR,800.78,3
2025-10-07,ConvertFlow,AFF006,referral_spring,BR,282.64,1
2025-10-07,GrowthNest,AFF002,loyalty_reactivation,US,239.16,2
2025-10-07,PixelPartners,AFF007,loyalty_reactivation,US,95.38,1
2025-10-07,LeadLaunch,AFF008,new_year_push,DE,787.44,11
2025-10-07,BrandBoost Network,AFF010,referral_spring,US,885.43,8
2025-10-07,FunnelForge,AFF009,product_launch_v2,AU,696.75,5
2025-10-07,ClickBridge Partners,AFF003,product_launch_v2,GB,345.96,4
2025-10-08,ConvertFlow,AFF006,loyalty_reactivation,GB,728.73,4
2025-10-08,LeadLaunch,AFF008,loyalty_reactivation,US,547.27,2
2025-10-08,GrowthNest,AFF002,product_launch_v2,SE,419.25,1
2025-10-08,PixelPartners,AFF007,loyalty_reactivation,DE,515.96,3
2025-10-08,AdVantage Hub,AFF005,summer_promo_2025,SE,826.54,7
2025-10-08,NorthStar Affiliates,AFF004,loyalty_reactivation,DE,127.2,1
2025-10-09,BrandBoost Network,AFF010,black_friday_2025,FR,594.24,3
2025-10-09,LeadLaunch,AFF008,black_friday_2025,GB,765.22,3
2025-10-09,PixelPartners,AFF007,new_year_push,US,443.19,4
2025-10-09,NorthStar Affiliates,AFF004,referral_spring,FR,583.94,3
2025-10-09,ClickBridge Partners,AFF003,new_year_push,FR,682.58,1
2025-10-10,TechReach Media,AFF001,q1_retention,US,628.33,1
2025-10-10,ClickBridge Partners,AFF003,loyalty_reactivation,NL,119.45,1
2025-10-10,BrandBoost Network,AFF010,referral_spring,DE,400.99,1
2025-10-10,NorthStar Affiliates,AFF004,black_friday_2025,CA,387.96,2
2025-10-10,ConvertFlow,AFF006,loyalty_reactivation,US,555.93,7
2025-10-10,PixelPartners,AFF007,summer_promo_2025,GB,229.84,2
2025-10-11,TechReach Media,AFF001,black_friday_2025,US,692.31,8
2025-10-11,GrowthNest,AFF002,influencer_collab,US,513.26,1
2025-10-11,PixelPartners,AFF007,q1_retention,US,650.75,9
2025-10-11,BrandBoost Network,AFF010,referral_spring,SE,618.88,7
2025-10-11,ClickBridge Partners,AFF003,black_friday_2025,FR,792.46,9
2025-10-11,NorthStar Affiliates,AFF004,referral_spring,DE,503.03,5
2025-10-11,AdVantage Hub,AFF005,new_year_push,US,554.01,3
2025-10-12,AdVantage Hub,AFF005,influencer_collab,US,137.27,1
2025-10-12,PixelPartners,AFF007,product_launch_v2,CA,811.47,3
2025-10-12,ClickBridge Partners,AFF003,referral_spring,US,518.22,4
2025-10-12,ConvertFlow,AFF006,loyalty_reactivation,CA,318.7,4
2025-10-12,GrowthNest,AFF002,q1_retention,SE,780.35,2
2025-10-12,NorthStar Affiliates,AFF004,loyalty_reactivation,AU,159.71,1
2025-10-13,PixelPartners,AFF007,loyalty_reactivation,GB,821.17,6
2025-10-13,TechReach Media,AFF001,black_friday_2025,US,585.19,5
2025-10-13,BrandBoost Network,AFF010,black_friday_2025,DE,886.06,13
2025-10-14,ClickBridge Partners,AFF003,summer_promo_2025,CA,132.77,1
2025-10-14,FunnelForge,AFF009,referral_spring,SE,736.37,1
2025-10-14,GrowthNest,AFF002,black_friday_2025,FR,344.48,4
2025-10-14,NorthStar Affiliates,AFF004,influencer_collab,US,305.92,4
2025-10-14,AdVantage Hub,AFF005,loyalty_reactivation,NL,814.45,11
2025-10-14,TechReach Media,AFF001,black_friday_2025,BR,582.45,2
2025-10-15,ConvertFlow,AFF006,referral_spring,US,230.18,2
2025-10-15,TechReach Media,AFF001,new_year_push,BR,873.28,13
2025-10-15,LeadLaunch,AFF008,q1_retention,GB,702.93,1
2025-10-15,FunnelForge,AFF009,referral_spring,US,579.78,7
2025-10-15,NorthStar Affiliates,AFF004,q1_retention,DE,276.54,1
2025-10-15,GrowthNest,AFF002,summer_promo_2025,US,826.93,1
2025-10-15,ClickBridge Partners,AFF003,referral_spring,BR,465.39,5
2025-10-16,ClickBridge Partners,AFF003,q1_retention,US,512.16,7
2025-10-16,ConvertFlow,AFF006,referral_spring,US,660.42,3
2025-10-16,LeadLaunch,AFF008,product_launch_v2,NL,151.85,1
2025-10-16,BrandBoost Network,AFF010,loyalty_reactivation,PL,895.37,3
2025-10-16,FunnelForge,AFF009,influencer_collab,AU,279.73,1
2025-10-16,PixelPartners,AFF007,product_launch_v2,AU,748.03,9
2025-10-17,PixelPartners,AFF007,product_launch_v2,DE,823.95,7
2025-10-17,TechReach Media,AFF001,product_launch_v2,GB,419.42,4
2025-10-17,AdVantage Hub,AFF005,loyalty_reactivation,CA,542.77,5
2025-10-17,ConvertFlow,AFF006,loyalty_reactivation,NL,658.32,7
2025-10-17,BrandBoost Network,AFF010,black_friday_2025,US,699.06,9
2025-10-17,ClickBridge Partners,AFF003,loyalty_reactivation,US,636.79,5
2025-10-17,NorthStar Affiliates,AFF004,product_launch_v2,DE,730.92,3
2025-10-18,ClickBridge Partners,AFF003,product_launch_v2,AU,671.15,2
2025-10-18,NorthStar Affiliates,AFF004,q1_retention,GB,209.9,1
2025-10-18,BrandBoost Network,AFF010,product_launch_v2,US,510.82,4
2025-10-18,GrowthNest,AFF002,black_friday_2025,NL,324.67,4
2025-10-19,FunnelForge,AFF009,black_friday_2025,DE,468.16,1
2025-10-19,ConvertFlow,AFF006,q1_retention,GB,352.92,3
2025-10-19,BrandBoost Network,AFF010,referral_spring,DE,459.07,1
2025-10-19,ClickBridge Partners,AFF003,new_year_push,BR,259.97,3
2025-10-20,LeadLaunch,AFF008,black_friday_2025,US,286.04,2
2025-10-20,FunnelForge,AFF009,summer_promo_2025,AU,556.75,6
2025-10-20,PixelPartners,AFF007,loyalty_reactivation,DE,287.01,2
2025-10-21,TechReach Media,AFF001,black_friday_2025,NL,185.2,1
2025-10-21,FunnelForge,AFF009,q1_retention,FR,317.32,3
2025-10-21,ClickBridge Partners,AFF003,summer_promo_2025,US,215.81,1
2025-10-21,PixelPartners,AFF007,influencer_collab,FR,224.65,1
2025-10-21,ConvertFlow,AFF006,product_launch_v2,US,335.48,1
2025-10-21,LeadLaunch,AFF008,q1_retention,CA,867.05,5
2025-10-22,AdVantage Hub,AFF005,summer_promo_2025,BR,562.58,3
2025-10-22,TechReach Media,AFF001,loyalty_reactivation,AU,102.59,1
2025-10-22,FunnelForge,AFF009,product_launch_v2,US,769.44,9
2025-10-22,NorthStar Affiliates,AFF004,influencer_collab,US,763.26,6
2025-10-22,ClickBridge Partners,AFF003,loyalty_reactivation,US,734.22,1
2025-10-23,PixelPartners,AFF007,loyalty_reactivation,DE,303.51,1
2025-10-23,FunnelForge,AFF009,product_launch_v2,FR,734.31,3
2025-10-23,ConvertFlow,AFF006,new_year_push,AU,320.18,4
2025-10-23,GrowthNest,AFF002,loyalty_reactivation,US,692.42,5
2025-10-23,NorthStar Affiliates,AFF004,black_friday_2025,DE,218.83,1
2025-10-23,AdVantage Hub,AFF005,loyalty_reactivation,CA,799.51,10
2025-10-23,LeadLaunch,AFF008,q1_retention,PL,283.18,1
2025-10-24,BrandBoost Network,AFF010,new_year_push,NL,567.34,7
2025-10-24,LeadLaunch,AFF008,black_friday_2025,CA,110.57,1
2025-10-24,TechReach Media,AFF001,q1_retention,US,126.79,1
2025-10-24,FunnelForge,AFF009,loyalty_reactivation,GB,614.68,7
2025-10-24,ConvertFlow,AFF006,new_year_push,DE,455.53,3
2025-10-24,ClickBridge Partners,AFF003,black_friday_2025,GB,605.67,1
2025-10-24,GrowthNest,AFF002,black_friday_2025,US,627.81,5
2025-10-25,PixelPartners,AFF007,q1_retention,NL,277.34,1
2025-10-25,BrandBoost Network,AFF010,summer_promo_2025,US,589.11,7
2025-10-25,TechReach Media,AFF001,loyalty_reactivation,GB,118.38,1
2025-10-25,ClickBridge Partners,AFF003,black_friday_2025,DE,896.24,3
2025-10-26,AdVantage Hub,AFF005,loyalty_reactivation,AU,355.97,3
2025-10-26,NorthStar Affiliates,AFF004,product_launch_v2,GB,115.03,1
2025-10-26,FunnelForge,AFF009,influencer_collab,BR,476.28,3
2025-10-26,LeadLaunch,AFF008,product_launch_v2,NL,869.97,2
2025-10-26,ConvertFlow,AFF006,influencer_collab,FR,388.55,5
2025-10-26,ClickBridge Partners,AFF003,black_friday_2025,CA,786.21,7
2025-10-26,GrowthNest,AFF002,referral_spring,DE,177.46,1
2025-10-27,AdVantage Hub,AFF005,black_friday_2025,AU,703.26,10
2025-10-27,ClickBridge Partners,AFF003,product_launch_v2,US,593.4,5
2025-10-27,NorthStar Affiliates,AFF004,summer_promo_2025,US,208.26,1
2025-10-27,LeadLaunch,AFF008,black_friday_2025,CA,857.99,7
2025-10-27,TechReach Media,AFF001,new_year_push,SE,189.0,2
2025-10-27,BrandBoost Network,AFF010,new_year_push,AU,794.29,10
2025-10-27,GrowthNest,AFF002,q1_retention,US,837.52,3
2025-10-28,TechReach Media,AFF001,summer_promo_2025,US,895.15,5
2025-10-28,NorthStar Affiliates,AFF004,new_year_push,SE,313.34,3
2025-10-28,FunnelForge,AFF009,q1_retention,GB,451.72,5
2025-10-29,PixelPartners,AFF007,loyalty_reactivation,GB,402.06,3
2025-10-29,LeadLaunch,AFF008,summer_promo_2025,US,491.75,6
2025-10-29,FunnelForge,AFF009,influencer_collab,DE,776.23,9
2025-10-30,NorthStar Affiliates,AFF004,loyalty_reactivation,CA,807.18,9
2025-10-30,TechReach Media,AFF001,product_launch_v2,GB,206.7,2
2025-10-30,GrowthNest,AFF002,influencer_collab,GB,793.42,4
2025-10-30,BrandBoost Network,AFF010,influencer_collab,US,316.82,3
2025-10-31,FunnelForge,AFF009,summer_promo_2025,US,744.92,2
2025-10-31,TechReach Media,AFF001,loyalty_reactivation,FR,373.34,5
2025-10-31,ClickBridge Partners,AFF003,summer_promo_2025,AU,237.35,1
2025-11-01,PixelPartners,AFF007,summer_promo_2025,CA,483.12,1
2025-11-01,ConvertFlow,AFF006,q1_retention,GB,677.98,7
2025-11-01,TechReach Media,AFF001,summer_promo_2025,US,585.33,2
2025-11-02,NorthStar Affiliates,AFF004,q1_retention,DE,242.17,2
2025-11-02,ClickBridge Partners,AFF003,black_friday_2025,AU,432.3,6
2025-11-02,ConvertFlow,AFF006,new_year_push,PL,185.99,1
2025-11-02,BrandBoost Network,AFF010,referral_spring,FR,149.57,1
2025-11-02,PixelPartners,AFF007,loyalty_reactivation,US,860.68,5
2025-11-02,TechReach Media,AFF001,loyalty_reactivation,CA,397.1,3
2025-11-03,FunnelForge,AFF009,q1_retention,US,340.63,2
2025-11-03,LeadLaunch,AFF008,loyalty_reactivation,US,518.54,2
2025-11-03,ClickBridge Partners,AFF003,summer_promo_2025,US,605.78,2
2025-11-03,NorthStar Affiliates,AFF004,referral_spring,US,349.94,3
2025-11-03,PixelPartners,AFF007,black_friday_2025,BR,236.23,1
2025-11-03,TechReach Media,AFF001,black_friday_2025,GB,235.23,1
2025-11-04,TechReach Media,AFF001,product_launch_v2,SE,681.23,4
2025-11-04,ConvertFlow,AFF006,black_friday_2025,NL,373.93,5
2025-11-04,AdVantage Hub,AFF005,new_year_push,GB,159.56,1
2025-11-04,PixelPartners,AFF007,referral_spring,DE,115.38,1
2025-11-04,ClickBridge Partners,AFF003,referral_spring,BR,645.26,1
2025-11-04,NorthStar Affiliates,AFF004,summer_promo_2025,GB,547.84,5
2025-11-05,LeadLaunch,AFF008,new_year_push,NL,884.4,5
2025-11-05,PixelPartners,AFF007,influencer_collab,GB,431.05,3
2025-11-05,BrandBoost Network,AFF010,black_friday_2025,PL,659.56,4
2025-11-05,ConvertFlow,AFF006,loyalty_reactivation,GB,433.25,3
2025-11-06,TechReach Media,AFF001,loyalty_reactivation,US,676.99,7
2025-11-06,ConvertFlow,AFF006,summer_promo_2025,US,590.76,6
2025-11-06,FunnelForge,AFF009,black_friday_2025,AU,191.58,2
2025-11-07,ClickBridge Partners,AFF003,new_year_push,DE,488.63,7
2025-11-07,FunnelForge,AFF009,referral_spring,US,200.67,2
2025-11-07,ConvertFlow,AFF006,black_friday_2025,GB,317.72,3
2025-11-07,TechReach Media,AFF001,new_year_push,AU,106.51,1
2025-11-07,AdVantage Hub,AFF005,summer_promo_2025,CA,393.23,4
2025-11-07,LeadLaunch,AFF008,loyalty_reactivation,US,207.43,2
2025-11-07,PixelPartners,AFF007,loyalty_reactivation,NL,240.3,2
2025-11-08,BrandBoost Network,AFF010,loyalty_reactivation,US,478.14,1
2025-11-08,NorthStar Affiliates,AFF004,referral_spring,DE,435.67,3
2025-11-08,GrowthNest,AFF002,new_year_push,DE,751.17,10
2025-11-08,ClickBridge Partners,AFF003,q1_retention,GB,141.57,1
2025-11-08,LeadLaunch,AFF008,loyalty_reactivation,FR,767.3,5
2025-11-09,GrowthNest,AFF002,q1_retention,US,848.8,3
2025-11-09,PixelPartners,AFF007,product_launch_v2,FR,390.48,5
2025-11-09,TechReach Media,AFF001,q1_retention,US,432.1,5
2025-11-09,NorthStar Affiliates,AFF004,referral_spring,SE,834.22,5
2025-11-09,ConvertFlow,AFF006,new_year_push,US,475.4,4
2025-11-10,TechReach Media,AFF001,referral_spring,US,736.88,10
2025-11-10,BrandBoost Network,AFF010,influencer_collab,US,458.28,1
2025-11-10,NorthStar Affiliates,AFF004,summer_promo_2025,FR,101.17,1
2025-11-10,FunnelForge,AFF009,q1_retention,US,676.26,7
2025-11-10,PixelPartners,AFF007,q1_retention,FR,694.94,5
2025-11-10,GrowthNest,AFF002,summer_promo_2025,CA,300.11,4
2025-11-11,BrandBoost Network,AFF010,loyalty_reactivation,BR,354.29,2
2025-11-11,FunnelForge,AFF009,new_year_push,NL,841.39,12
2025-11-11,TechReach Media,AFF001,new_year_push,PL,187.97,1
2025-11-11,NorthStar Affiliates,AFF004,black_friday_2025,CA,608.39,7
2025-11-12,NorthStar Affiliates,AFF004,loyalty_reactivation,US,672.47,9
2025-11-12,FunnelForge,AFF009,summer_promo_2025,NL,775.86,1
2025-11-12,LeadLaunch,AFF008,referral_spring,NL,208.55,1
2025-11-12,ClickBridge Partners,AFF003,black_friday_2025,BR,205.21,1
2025-11-13,TechReach Media,AFF001,q1_retention,GB,789.5,4
2025-11-13,AdVantage Hub,AFF005,summer_promo_2025,FR,231.12,2
2025-11-13,NorthStar Affiliates,AFF004,black_friday_2025,FR,410.5,1
2025-11-13,FunnelForge,AFF009,q1_retention,GB,865.24,4
2025-11-13,PixelPartners,AFF007,loyalty_reactivation,DE,691.94,9
2025-11-13,LeadLaunch,AFF008,influencer_collab,GB,356.3,2
2025-11-14,AdVantage Hub,AFF005,new_year_push,SE,450.46,3
2025-11-14,PixelPartners,AFF007,referral_spring,FR,862.86,6
2025-11-14,ConvertFlow,AFF006,product_launch_v2,DE,644.82,9
2025-11-15,TechReach Media,AFF001,referral_spring,BR,496.53,6
2025-11-15,NorthStar Affiliates,AFF004,influencer_collab,GB,604.31,9
2025-11-15,AdVantage Hub,AFF005,loyalty_reactivation,US,792.75,11
2025-11-15,PixelPartners,AFF007,referral_spring,GB,248.65,2
2025-11-15,ConvertFlow,AFF006,loyalty_reactivation,NL,802.56,4
2025-11-15,FunnelForge,AFF009,summer_promo_2025,PL,657.13,8
2025-11-16,GrowthNest,AFF002,referral_spring,DE,658.71,2
2025-11-16,AdVantage Hub,AFF005,black_friday_2025,FR,697.55,7
2025-11-16,ClickBridge Partners,AFF003,q1_retention,AU,306.09,1
2025-11-16,NorthStar Affiliates,AFF004,q1_retention,PL,245.34,2
2025-11-17,ConvertFlow,AFF006,q1_retention,FR,702.37,5
2025-11-17,BrandBoost Network,AFF010,black_friday_2025,US,536.63,4
2025-11-17,AdVantage Hub,AFF005,black_friday_2025,US,250.3,1
2025-11-18,AdVantage Hub,AFF005,product_launch_v2,BR,251.18,2
2025-11-18,GrowthNest,AFF002,product_launch_v2,US,94.77,1
2025-11-18,TechReach Media,AFF001,influencer_collab,GB,856.37,10
2025-11-19,GrowthNest,AFF002,loyalty_reactivation,GB,512.81,5
2025-11-19,AdVantage Hub,AFF005,product_launch_v2,CA,145.72,1
2025-11-19,TechReach Media,AFF001,product_launch_v2,US,173.85,1
2025-11-19,NorthStar Affiliates,AFF004,q1_retention,DE,191.9,1
2025-11-19,PixelPartners,AFF007,new_year_push,GB,169.45,1
2025-11-20,ConvertFlow,AFF006,referral_spring,AU,551.51,6
2025-11-20,AdVantage Hub,AFF005,influencer_collab,SE,767.14,9
2025-11-20,BrandBoost Network,AFF010,black_friday_2025,US,205.56,1
2025-11-20,NorthStar Affiliates,AFF004,product_launch_v2,DE,640.64,4
2025-11-20,PixelPartners,AFF007,black_friday_2025,US,313.41,4
2025-11-21,BrandBoost Network,AFF010,product_launch_v2,DE,664.55,10
2025-11-21,ClickBridge Partners,AFF003,q1_retention,NL,666.4,8
2025-11-21,GrowthNest,AFF002,referral_spring,DE,781.36,5
2025-11-21,LeadLaunch,AFF008,q1_retention,NL,862.25,11
2025-11-21,PixelPartners,AFF007,black_friday_2025,GB,577.91,7
2025-11-22,TechReach Media,AFF001,referral_spring,CA,461.5,6
2025-11-22,LeadLaunch,AFF008,black_friday_2025,NL,878.69,10
2025-11-22,ClickBridge Partners,AFF003,new_year_push,US,620.43,5
2025-11-22,BrandBoost Network,AFF010,summer_promo_2025,PL,294.03,2
2025-11-22,NorthStar Affiliates,AFF004,product_launch_v2,AU,211.58,1
2025-11-22,AdVantage Hub,AFF005,black_friday_2025,US,442.42,2
2025-11-22,FunnelForge,AFF009,influencer_collab,GB,560.84,6
2025-11-23,BrandBoost Network,AFF010,summer_promo_2025,FR,551.79,7
2025-11-23,LeadLaunch,AFF008,black_friday_2025,US,227.08,1
2025-11-23,ConvertFlow,AFF006,black_friday_2025,US,464.95,4
2025-11-23,AdVantage Hub,AFF005,product_launch_v2,FR,252.7,2
2025-11-23,TechReach Media,AFF001,referral_spring,BR,447.91,3
2025-11-23,GrowthNest,AFF002,summer_promo_2025,US,360.8,1
2025-11-23,FunnelForge,AFF009,new_year_push,GB,101.64,1
2025-11-24,ClickBridge Partners,AFF003,influencer_collab,NL,121.55,1
2025-11-24,TechReach Media,AFF001,new_year_push,GB,220.74,1
2025-11-24,AdVantage Hub,AFF005,summer_promo_2025,FR,494.64,7
2025-11-25,ConvertFlow,AFF006,black_friday_2025,US,538.8,1
2025-11-25,LeadLaunch,AFF008,product_launch_v2,US,788.06,5
2025-11-25,GrowthNest,AFF002,q1_retention,AU,144.41,1
2025-11-25,BrandBoost Network,AFF010,black_friday_2025,GB,780.33,2
2025-11-25,PixelPartners,AFF007,product_launch_v2,AU,268.38,1
2025-11-25,FunnelForge,AFF009,q1_retention,GB,176.86,1
2025-11-26,NorthStar Affiliates,AFF004,loyalty_reactivation,FR,816.64,4
2025-11-26,BrandBoost Network,AFF010,product_launch_v2,DE,609.05,3
2025-11-26,PixelPartners,AFF007,loyalty_reactivation,GB,592.31,2
2025-11-26,AdVantage Hub,AFF005,influencer_collab,CA,874.51,1
2025-11-26,FunnelForge,AFF009,new_year_push,AU,573.44,5
2025-11-27,BrandBoost Network,AFF010,black_friday_2025,DE,288.4,3
2025-11-27,ConvertFlow,AFF006,product_launch_v2,GB,738.75,11
2025-11-27,ClickBridge Partners,AFF003,new_year_push,GB,280.41,3
2025-11-27,PixelPartners,AFF007,referral_spring,US,403.12,3
2025-11-27,GrowthNest,AFF002,summer_promo_2025,US,302.79,2
2025-11-27,NorthStar Affiliates,AFF004,q1_retention,NL,166.6,1
2025-11-28,LeadLaunch,AFF008,influencer_collab,US,887.94,7
2025-11-28,NorthStar Affiliates,AFF004,product_launch_v2,GB,778.35,2
2025-11-28,TechReach Media,AFF001,new_year_push,US,742.97,3
2025-11-28,FunnelForge,AFF009,referral_spring,US,430.89,2
2025-11-28,GrowthNest,AFF002,loyalty_reactivation,SE,606.29,1
2025-11-28,AdVantage Hub,AFF005,loyalty_reactivation,US,653.96,6
2025-11-29,TechReach Media,AFF001,influencer_collab,NL,730.98,2
2025-11-29,NorthStar Affiliates,AFF004,summer_promo_2025,US,750.97,5
2025-11-29,FunnelForge,AFF009,loyalty_reactivation,GB,595.15,2
2025-11-29,PixelPartners,AFF007,summer_promo_2025,US,101.08,1
2025-11-29,ConvertFlow,AFF006,summer_promo_2025,SE,335.33,3
2025-11-29,LeadLaunch,AFF008,product_launch_v2,PL,628.95,5
2025-11-30,GrowthNest,AFF002,black_friday_2025,GB,352.6,3
2025-11-30,NorthStar Affiliates,AFF004,new_year_push,US,776.66,11
2025-11-30,BrandBoost Network,AFF010,referral_spring,NL,741.1,11
2025-11-30,FunnelForge,AFF009,influencer_collab,US,772.71,1
2025-11-30,LeadLaunch,AFF008,referral_spring,GB,498.21,4
2025-12-01,NorthStar Affiliates,AFF004,summer_promo_2025,DE,621.64,2
2025-12-01,AdVantage Hub,AFF005,new_year_push,FR,756.08,6
2025-12-01,BrandBoost Network,AFF010,q1_retention,GB,852.55,11
2025-12-01,GrowthNest,AFF002,new_year_push,DE,469.9,4
2025-12-01,TechReach Media,AFF001,influencer_collab,US,811.75,11
2025-12-02,AdVantage Hub,AFF005,q1_retention,FR,882.97,1
2025-12-02,ConvertFlow,AFF006,summer_promo_2025,DE,485.21,4
2025-12-02,ClickBridge Partners,AFF003,q1_retention,DE,576.9,4
2025-12-02,NorthStar Affiliates,AFF004,q1_retention,US,782.21,11
2025-12-02,PixelPartners,AFF007,referral_spring,FR,593.95,4
2025-12-02,TechReach Media,AFF001,black_friday_2025,NL,769.27,6
2025-12-02,GrowthNest,AFF002,product_launch_v2,GB,402.72,1
2025-12-03,TechReach Media,AFF001,influencer_collab,US,305.61,1
2025-12-03,ClickBridge Partners,AFF003,black_friday_2025,FR,741.06,7
2025-12-03,GrowthNest,AFF002,loyalty_reactivation,AU,732.78,6
2025-12-03,NorthStar Affiliates,AFF004,summer_promo_2025,PL,92.09,1
2025-12-04,LeadLaunch,AFF008,new_year_push,US,580.93,1
2025-12-04,PixelPartners,AFF007,summer_promo_2025,DE,647.38,5
2025-12-04,FunnelForge,AFF009,q1_retention,US,717.46,1
2025-12-04,ConvertFlow,AFF006,loyalty_reactivation,GB,146.82,1
2025-12-04,GrowthNest,AFF002,new_year_push,CA,805.84,4
2025-12-04,AdVantage Hub,AFF005,influencer_collab,US,116.06,1
2025-12-04,ClickBridge Partners,AFF003,referral_spring,SE,635.87,6
2025-12-05,AdVantage Hub,AFF005,summer_promo_2025,FR,461.04,3
2025-12-05,LeadLaunch,AFF008,new_year_push,DE,395.84,5
2025-12-05,GrowthNest,AFF002,black_friday_2025,DE,371.03,2
2025-12-05,TechReach Media,AFF001,loyalty_reactivation,GB,395.0,4
2025-12-05,NorthStar Affiliates,AFF004,loyalty_reactivation,US,617.39,6
2025-12-05,PixelPartners,AFF007,summer_promo_2025,DE,669.79,6
2025-12-06,FunnelForge,AFF009,q1_retention,DE,713.61,7
2025-12-06,ClickBridge Partners,AFF003,new_year_push,DE,209.64,1
2025-12-06,LeadLaunch,AFF008,influencer_collab,FR,484.32,3
2025-12-06,ConvertFlow,AFF006,black_friday_2025,SE,713.72,4
2025-12-06,NorthStar Affiliates,AFF004,black_friday_2025,BR,427.98,4
2025-12-06,GrowthNest,AFF002,black_friday_2025,US,314.35,4
2025-12-07,ClickBridge Partners,AFF003,influencer_collab,FR,235.88,1
2025-12-07,TechReach Media,AFF001,summer_promo_2025,BR,619.76,2
2025-12-07,GrowthNest,AFF002,new_year_push,DE,107.39,1
2025-12-08,TechReach Media,AFF001,influencer_collab,FR,291.13,3
2025-12-08,ClickBridge Partners,AFF003,new_year_push,GB,213.11,1
2025-12-08,ConvertFlow,AFF006,summer_promo_2025,FR,886.37,12
2025-12-08,NorthStar Affiliates,AFF004,new_year_push,NL,892.29,2
2025-12-08,PixelPartners,AFF007,product_launch_v2,GB,573.0,7
2025-12-08,LeadLaunch,AFF008,summer_promo_2025,US,422.38,4
2025-12-08,BrandBoost Network,AFF010,q1_retention,BR,896.39,11
2025-12-09,BrandBoost Network,AFF010,referral_spring,US,349.02,3
2025-12-09,FunnelForge,AFF009,q1_retention,US,258.29,3
2025-12-09,AdVantage Hub,AFF005,new_year_push,US,346.3,2
2025-12-09,ConvertFlow,AFF006,loyalty_reactivation,GB,504.44,5
2025-12-10,NorthStar Affiliates,AFF004,product_launch_v2,DE,439.08,1
2025-12-10,PixelPartners,AFF007,referral_spring,US,490.06,7
2025-12-10,ConvertFlow,AFF006,summer_promo_2025,GB,635.86,9
2025-12-11,FunnelForge,AFF009,influencer_collab,CA,848.6,10
2025-12-11,LeadLaunch,AFF008,new_year_push,GB,296.75,3
2025-12-11,TechReach Media,AFF001,loyalty_reactivation,FR,590.32,4
2025-12-12,TechReach Media,AFF001,summer_promo_2025,BR,91.36,1
2025-12-12,FunnelForge,AFF009,black_friday_2025,BR,375.24,4
2025-12-12,ClickBridge Partners,AFF003,black_friday_2025,NL,340.08,3
2025-12-12,PixelPartners,AFF007,summer_promo_2025,CA,691.19,5
2025-12-13,NorthStar Affiliates,AFF004,summer_promo_2025,SE,366.44,4
2025-12-13,FunnelForge,AFF009,summer_promo_2025,US,567.55,6
2025-12-13,LeadLaunch,AFF008,loyalty_reactivation,CA,424.5,5
2025-12-13,ClickBridge Partners,AFF003,influencer_collab,GB,218.61,2
2025-12-13,ConvertFlow,AFF006,referral_spring,SE,333.36,2
2025-12-13,PixelPartners,AFF007,summer_promo_2025,US,672.92,10
2025-12-13,AdVantage Hub,AFF005,new_year_push,NL,608.05,6
2025-12-14,ConvertFlow,AFF006,product_launch_v2,US,660.74,1
2025-12-14,TechReach Media,AFF001,new_year_push,DE,569.2,4
2025-12-14,BrandBoost Network,AFF010,new_year_push,CA,673.3,4
2025-12-15,PixelPartners,AFF007,influencer_collab,DE,316.33,3
2025-12-15,BrandBoost Network,AFF010,new_year_push,GB,825.48,7
2025-12-15,ConvertFlow,AFF006,referral_spring,US,552.64,3
2025-12-15,ClickBridge Partners,AFF003,influencer_collab,US,543.17,4
2025-12-15,AdVantage Hub,AFF005,q1_retention,US,570.06,5
2025-12-15,FunnelForge,AFF009,black_friday_2025,CA,376.49,3
2025-12-15,LeadLaunch,AFF008,product_launch_v2,BR,540.2,2
2025-12-16,AdVantage Hub,AFF005,loyalty_reactivation,CA,339.82,2
2025-12-16,NorthStar Affiliates,AFF004,new_year_push,FR,124.73,1
2025-12-16,LeadLaunch,AFF008,product_launch_v2,US,127.37,1
2025-12-16,FunnelForge,AFF009,new_year_push,US,823.7,2
2025-12-16,PixelPartners,AFF007,referral_spring,CA,767.42,6
2025-12-16,GrowthNest,AFF002,black_friday_2025,GB,788.36,9
2025-12-16,TechReach Media,AFF001,loyalty_reactivation,CA,819.29,9
2025-12-17,NorthStar Affiliates,AFF004,summer_promo_2025,US,513.2,1
2025-12-17,FunnelForge,AFF009,loyalty_reactivation,PL,84.51,1
2025-12-17,AdVantage Hub,AFF005,summer_promo_2025,NL,279.58,3
2025-12-17,GrowthNest,AFF002,new_year_push,GB,102.37,1
2025-12-17,TechReach Media,AFF001,loyalty_reactivation,DE,889.1,1
2025-12-18,AdVantage Hub,AFF005,referral_spring,US,581.93,5
2025-12-18,PixelPartners,AFF007,new_year_push,US,267.73,3
2025-12-18,FunnelForge,AFF009,referral_spring,US,216.2,1
2025-12-18,ConvertFlow,AFF006,loyalty_reactivation,US,685.6,7
2025-12-18,ClickBridge Partners,AFF003,referral_spring,BR,621.34,8
2025-12-19,TechReach Media,AFF001,summer_promo_2025,BR,393.17,5
2025-12-19,GrowthNest,AFF002,referral_spring,DE,319.18,2
2025-12-19,NorthStar Affiliates,AFF004,new_year_push,US,382.7,5
2025-12-20,TechReach Media,AFF001,influencer_collab,US,304.14,1
2025-12-20,PixelPartners,AFF007,q1_retention,GB,744.37,1
2025-12-20,ClickBridge Partners,AFF003,new_year_push,BR,430.15,5
2025-12-20,ConvertFlow,AFF006,summer_promo_2025,FR,257.98,3
2025-12-20,NorthStar Affiliates,AFF004,loyalty_reactivation,DE,733.26,4
2025-12-20,GrowthNest,AFF002,influencer_collab,US,894.64,7
2025-12-20,FunnelForge,AFF009,influencer_collab,BR,743.42,2
2025-12-21,FunnelForge,AFF009,product_launch_v2,CA,302.68,4
2025-12-21,NorthStar Affiliates,AFF004,summer_promo_2025,GB,473.47,2
2025-12-21,LeadLaunch,AFF008,product_launch_v2,AU,710.61,6
2025-12-21,ConvertFlow,AFF006,new_year_push,US,472.68,5
2025-12-22,TechReach Media,AFF001,black_friday_2025,FR,131.09,1
2025-12-22,LeadLaunch,AFF008,referral_spring,US,116.71,1
2025-12-22,FunnelForge,AFF009,new_year_push,DE,356.73,3
2025-12-22,ClickBridge Partners,AFF003,influencer_collab,BR,559.2,2
2025-12-23,NorthStar Affiliates,AFF004,new_year_push,FR,407.31,2
2025-12-23,FunnelForge,AFF009,product_launch_v2,BR,792.12,1
2025-12-23,LeadLaunch,AFF008,q1_retention,PL,340.04,2
2025-12-23,TechReach Media,AFF001,black_friday_2025,AU,329.77,2
2025-12-23,PixelPartners,AFF007,new_year_push,FR,186.98,1
2025-12-23,ConvertFlow,AFF006,new_year_push,GB,634.95,4
2025-12-24,GrowthNest,AFF002,referral_spring,CA,157.8,1
2025-12-24,ClickBridge Partners,AFF003,product_launch_v2,AU,673.66,2
2025-12-24,NorthStar Affiliates,AFF004,referral_spring,CA,677.21,4
2025-12-24,TechReach Media,AFF001,loyalty_reactivation,DE,682.46,1
2025-12-24,LeadLaunch,AFF008,new_year_push,FR,743.15,2
2025-12-25,PixelPartners,AFF007,influencer_collab,FR,734.4,1
2025-12-25,AdVantage Hub,AFF005,new_year_push,GB,668.7,7
2025-12-25,ConvertFlow,AFF006,q1_retention,DE,97.88,1
2025-12-25,LeadLaunch,AFF008,q1_retention,DE,683.07,6
2025-12-25,BrandBoost Network,AFF010,q1_retention,GB,84.7,1
2025-12-25,GrowthNest,AFF002,product_launch_v2,US,877.91,13
2025-12-26,BrandBoost Network,AFF010,influencer_collab,US,346.44,2
2025-12-26,NorthStar Affiliates,AFF004,q1_retention,FR,511.84,4
2025-12-26,PixelPartners,AFF007,referral_spring,DE,484.02,3
2025-12-26,ClickBridge Partners,AFF003,black_friday_2025,BR,187.15,1
2025-12-26,GrowthNest,AFF002,new_year_push,NL,647.89,1
2025-12-26,ConvertFlow,AFF006,referral_spring,GB,84.62,1
2025-12-26,LeadLaunch,AFF008,loyalty_reactivation,FR,409.91,5
2025-12-27,ClickBridge Partners,AFF003,new_year_push,FR,748.52,8
2025-12-27,TechReach Media,AFF001,black_friday_2025,NL,666.78,1
2025-12-27,NorthStar Affiliates,AFF004,new_year_push,US,255.36,1
2025-12-27,GrowthNest,AFF002,influencer_collab,DE,191.21,1
2025-12-27,PixelPartners,AFF007,loyalty_reactivation,US,102.05,1
2025-12-27,LeadLaunch,AFF008,product_launch_v2,GB,237.32,2
2025-12-28,NorthStar Affiliates,AFF004,referral_spring,FR,475.29,3
2025-12-28,GrowthNest,AFF002,black_friday_2025,DE,317.71,2
2025-12-28,FunnelForge,AFF009,product_launch_v2,AU,461.66,5
2025-12-28,BrandBoost Network,AFF010,new_year_push,AU,241.5,3
2025-12-28,PixelPartners,AFF007,black_friday_2025,FR,518.55,4
2025-12-28,LeadLaunch,AFF008,loyalty_reactivation,AU,580.92,6
2025-12-28,TechReach Media,AFF001,loyalty_reactivation,US,447.61,3
2025-12-29,PixelPartners,AFF007,loyalty_reactivation,US,342.71,2
2025-12-29,AdVantage Hub,AFF005,product_launch_v2,SE,373.39,2
2025-12-29,TechReach Media,AFF001,black_friday_2025,SE,97.26,1
2025-12-29,NorthStar Affiliates,AFF004,new_year_push,NL,700.61,3
2025-12-29,ClickBridge Partners,AFF003,summer_promo_2025,FR,581.97,4
2025-12-29,BrandBoost Network,AFF010,influencer_collab,NL,150.41,1
2025-12-29,LeadLaunch,AFF008,product_launch_v2,US,188.84,1
2025-12-30,ClickBridge Partners,AFF003,referral_spring,AU,198.45,2
2025-12-30,ConvertFlow,AFF006,product_launch_v2,PL,643.38,1
2025-12-30,AdVantage Hub,AFF005,summer_promo_2025,SE,607.33,2
2025-12-30,NorthStar Affiliates,AFF004,influencer_collab,FR,800.82,12
2025-12-30,TechReach Media,AFF001,influencer_collab,DE,451.01,1
2025-12-30,GrowthNest,AFF002,summer_promo_2025,CA,183.66,1
2025-12-30,LeadLaunch,AFF008,influencer_collab,GB,309.63,1
2025-12-31,PixelPartners,AFF007,new_year_push,DE,348.16,1
2025-12-31,ConvertFlow,AFF006,summer_promo_2025,US,402.16,5
2025-12-31,ClickBridge Partners,AFF003,new_year_push,NL,366.4,1
2025-12-31,FunnelForge,AFF009,new_year_push,GB,306.97,3
2025-12-31,AdVantage Hub,AFF005,influencer_collab,US,806.22,6
