user_id,purchase_date,platform,ad_source,purchase_amount,country
u_10001,2025-01-01,android,instagram,6.99,PL
u_10002,2025-01-01,ios,twitter,54.63,SE
u_10003,2025-01-01,ios,instagram,51.36,FR
u_10004,2025-01-01,android,tiktok,29.81,DE
u_10005,2025-01-01,ios,facebook,11.74,FR
u_10006,2025-01-01,android,facebook,74.64,PL
u_10007,2025-01-01,ios,facebook,53.53,IT
u_10008,2025-01-01,android,google_ads,45.73,IE
u_10009,2025-01-01,android,facebook,51.84,IE
u_10010,2025-01-01,android,google_ads,52.21,DE
u_10004,2025-01-02,android,tiktok,29.39,DE
u_10009,2025-01-02,android,facebook,19.69,IE
u_10004,2025-01-02,android,tiktok,39.86,DE
u_10005,2025-01-02,ios,facebook,9.22,FR
u_10002,2025-01-02,ios,twitter,84.33,SE
u_10006,2025-01-02,android,facebook,78.56,PL
u_10010,2025-01-02,android,google_ads,63.22,DE
u_10005,2025-01-02,ios,facebook,13.42,FR
u_10011,2025-01-02,android,google_ads,20.65,SE
u_10012,2025-01-02,android,google_ads,37.33,DE
u_10013,2025-01-02,ios,instagram,32.07,NL
u_10014,2025-01-02,android,tiktok,34.35,PL
u_10015,2025-01-02,ios,twitter,35.86,ES
u_10016,2025-01-02,ios,google_ads,61.8,SE
u_10017,2025-01-02,android,tiktok,53.87,NL
u_10018,2025-01-02,android,facebook,62.38,ES
u_10019,2025-01-02,android,instagram,64.21,FR
u_10020,2025-01-02,android,twitter,53.32,DE
u_10021,2025-01-02,ios,google_ads,33.09,PL
u_10022,2025-01-02,ios,tiktok,74.88,ES
u_10023,2025-01-02,android,google_ads,37.83,IT
u_10024,2025-01-02,android,facebook,45.53,NL
u_10025,2025-01-02,ios,instagram,60.9,IE
u_10026,2025-01-02,android,instagram,39.81,DE
u_10009,2025-01-03,android,facebook,57.98,IE
u_10007,2025-01-03,ios,facebook,74.46,IT
u_10019,2025-01-03,android,instagram,80.14,FR
u_10015,2025-01-03,ios,twitter,30.86,ES
u_10003,2025-01-03,ios,instagram,54.76,FR
u_10002,2025-01-03,ios,twitter,75.14,SE
u_10020,2025-01-03,android,twitter,37.31,DE
u_10007,2025-01-03,ios,facebook,38.01,IT
u_10027,2025-01-03,ios,tiktok,55.91,DE
u_10028,2025-01-03,ios,facebook,21.48,SE
u_10029,2025-01-03,ios,facebook,63.21,PT
u_10030,2025-01-03,ios,instagram,25.85,PT
u_10031,2025-01-03,android,google_ads,58.25,FR
u_10032,2025-01-03,android,google_ads,54.03,BE
u_10033,2025-01-03,android,instagram,6.99,DE
u_10034,2025-01-03,ios,instagram,46.65,NL
u_10035,2025-01-03,ios,twitter,23.11,SE
u_10036,2025-01-03,ios,google_ads,15.12,DE
u_10037,2025-01-03,ios,google_ads,23.91,PT
u_10038,2025-01-03,ios,instagram,48.3,DE
u_10039,2025-01-03,android,tiktok,35.04,NL
u_10040,2025-01-03,android,facebook,52.22,ES
u_10041,2025-01-03,android,google_ads,47.75,SE
u_10042,2025-01-03,ios,tiktok,16.46,NL
u_10043,2025-01-03,android,tiktok,43.43,ES
u_10044,2025-01-03,ios,twitter,54.97,FR
u_10005,2025-01-04,ios,facebook,9.0,FR
u_10037,2025-01-04,ios,google_ads,20.88,PT
u_10025,2025-01-04,ios,instagram,53.25,IE
u_10044,2025-01-04,ios,twitter,54.83,FR
u_10006,2025-01-04,android,facebook,65.86,PL
u_10027,2025-01-04,ios,tiktok,24.82,DE
u_10045,2025-01-04,ios,tiktok,18.99,SE
u_10046,2025-01-04,android,google_ads,63.19,FR
u_10047,2025-01-04,ios,tiktok,31.33,BE
u_10048,2025-01-04,ios,google_ads,52.16,IT
u_10049,2025-01-04,ios,instagram,23.18,SE
u_10050,2025-01-04,android,tiktok,37.99,IE
u_10051,2025-01-04,ios,instagram,58.59,PT
u_10052,2025-01-04,ios,google_ads,71.76,FR
u_10053,2025-01-04,ios,instagram,15.06,PL
u_10054,2025-01-04,ios,google_ads,44.83,DE
u_10055,2025-01-04,android,tiktok,6.99,DE
u_10056,2025-01-04,android,facebook,40.41,DE
u_10057,2025-01-04,android,facebook,56.95,SE
u_10058,2025-01-04,android,twitter,41.16,IE
u_10008,2025-01-05,android,google_ads,41.1,IE
u_10028,2025-01-05,ios,facebook,14.25,SE
u_10006,2025-01-05,android,facebook,84.21,PL
u_10030,2025-01-05,ios,instagram,29.23,PT
u_10029,2025-01-05,ios,facebook,58.94,PT
u_10059,2025-01-05,ios,tiktok,56.11,DE
u_10060,2025-01-05,ios,twitter,45.36,PT
u_10061,2025-01-05,android,instagram,51.99,SE
u_10062,2025-01-05,ios,google_ads,40.82,DE
u_10063,2025-01-05,android,facebook,35.13,ES
u_10064,2025-01-05,android,tiktok,12.4,DE
u_10065,2025-01-05,ios,instagram,49.69,DE
u_10066,2025-01-05,android,instagram,57.09,ES
u_10067,2025-01-05,ios,google_ads,48.43,SE
u_10068,2025-01-05,ios,tiktok,15.35,PL
u_10069,2025-01-05,android,google_ads,27.21,NL
u_10070,2025-01-05,ios,google_ads,27.36,SE
u_10066,2025-01-06,android,instagram,80.1,ES
u_10014,2025-01-06,android,tiktok,41.69,PL
u_10021,2025-01-06,ios,google_ads,41.13,PL
u_10037,2025-01-06,ios,google_ads,20.09,PT
u_10036,2025-01-06,ios,google_ads,21.32,DE
u_10036,2025-01-06,ios,google_ads,15.22,DE
u_10021,2025-01-06,ios,google_ads,35.64,PL
u_10071,2025-01-06,ios,tiktok,26.12,ES
u_10072,2025-01-06,android,google_ads,33.36,DE
u_10073,2025-01-06,android,google_ads,61.21,NL
u_10074,2025-01-06,android,google_ads,44.79,SE
u_10075,2025-01-06,ios,google_ads,68.42,DE
u_10076,2025-01-06,ios,tiktok,28.08,ES
u_10077,2025-01-06,android,twitter,68.52,BE
u_10078,2025-01-06,android,instagram,10.53,PL
u_10079,2025-01-06,android,google_ads,54.88,IT
u_10080,2025-01-06,android,instagram,28.78,SE
u_10081,2025-01-06,android,tiktok,38.46,SE
u_10082,2025-01-06,ios,google_ads,6.99,ES
u_10083,2025-01-06,ios,twitter,17.95,PL
u_10084,2025-01-06,android,instagram,32.33,PL
u_10026,2025-01-07,android,instagram,44.99,DE
u_10044,2025-01-07,ios,twitter,61.07,FR
u_10070,2025-01-07,ios,google_ads,21.23,SE
u_10013,2025-01-07,ios,instagram,35.08,NL
u_10050,2025-01-07,android,tiktok,36.86,IE
u_10058,2025-01-07,android,twitter,23.12,IE
u_10009,2025-01-07,android,facebook,70.63,IE
u_10053,2025-01-07,ios,instagram,16.47,PL
u_10085,2025-01-07,ios,instagram,45.55,ES
u_10086,2025-01-07,android,tiktok,33.88,FR
u_10087,2025-01-07,ios,instagram,14.61,BE
u_10088,2025-01-07,ios,google_ads,57.18,BE
u_10089,2025-01-07,ios,google_ads,79.06,PT
u_10090,2025-01-07,android,twitter,58.24,PL
u_10091,2025-01-07,android,google_ads,33.59,FR
u_10092,2025-01-07,android,instagram,24.02,DE
u_10093,2025-01-07,ios,facebook,42.72,DE
u_10094,2025-01-07,ios,instagram,18.22,DE
u_10095,2025-01-07,android,google_ads,43.05,PL
u_10096,2025-01-07,android,tiktok,61.07,IT
u_10097,2025-01-07,ios,google_ads,57.66,DE
u_10098,2025-01-07,android,twitter,48.72,SE
u_10099,2025-01-07,ios,tiktok,29.6,FR
u_10100,2025-01-07,ios,facebook,35.49,BE
u_10012,2025-01-08,android,google_ads,49.63,DE
u_10078,2025-01-08,android,instagram,14.57,PL
u_10049,2025-01-08,ios,instagram,18.23,SE
u_10077,2025-01-08,android,twitter,65.16,BE
u_10078,2025-01-08,android,instagram,7.87,PL
u_10054,2025-01-08,ios,google_ads,32.08,DE
u_10101,2025-01-08,android,google_ads,26.53,IT
u_10102,2025-01-08,android,instagram,32.04,SE
u_10103,2025-01-08,ios,tiktok,40.54,PL
u_10104,2025-01-08,ios,google_ads,52.14,IE
u_10105,2025-01-08,android,tiktok,38.39,SE
u_10106,2025-01-08,ios,google_ads,72.87,DE
u_10107,2025-01-08,android,facebook,13.97,ES
u_10108,2025-01-08,ios,facebook,42.9,IT
u_10109,2025-01-08,android,twitter,36.88,PT
u_10110,2025-01-08,android,facebook,44.78,ES
u_10111,2025-01-08,ios,instagram,19.1,ES
u_10112,2025-01-08,android,google_ads,46.74,PT
u_10113,2025-01-08,ios,instagram,39.92,DE
u_10064,2025-01-09,android,tiktok,14.34,DE
u_10070,2025-01-09,ios,google_ads,24.36,SE
u_10095,2025-01-09,android,google_ads,67.27,PL
u_10066,2025-01-09,android,instagram,76.6,ES
u_10025,2025-01-09,ios,instagram,54.98,IE
u_10024,2025-01-09,android,facebook,46.46,NL
u_10069,2025-01-09,android,google_ads,33.98,NL
u_10067,2025-01-09,ios,google_ads,56.96,SE
u_10114,2025-01-09,android,instagram,55.58,DE
u_10115,2025-01-09,ios,google_ads,38.38,FR
u_10116,2025-01-09,ios,tiktok,28.76,NL
u_10117,2025-01-09,ios,instagram,32.31,SE
u_10118,2025-01-09,ios,instagram,78.95,IE
u_10119,2025-01-09,ios,tiktok,28.19,PT
u_10120,2025-01-09,android,twitter,45.19,PL
u_10121,2025-01-09,ios,facebook,33.15,FR
u_10122,2025-01-09,ios,twitter,36.04,FR
u_10123,2025-01-09,ios,facebook,64.0,PT
u_10124,2025-01-09,ios,instagram,68.94,FR
u_10125,2025-01-09,ios,google_ads,69.53,DE
u_10126,2025-01-09,ios,twitter,56.35,IT
u_10127,2025-01-09,android,tiktok,57.63,IE
u_10128,2025-01-09,android,facebook,30.41,BE
u_10129,2025-01-09,android,google_ads,6.99,SE
u_10053,2025-01-10,ios,instagram,16.74,PL
u_10090,2025-01-10,android,twitter,49.16,PL
u_10066,2025-01-10,android,instagram,48.89,ES
u_10030,2025-01-10,ios,instagram,26.48,PT
u_10069,2025-01-10,android,google_ads,23.31,NL
u_10036,2025-01-10,ios,google_ads,16.6,DE
u_10015,2025-01-10,ios,twitter,36.99,ES
u_10030,2025-01-10,ios,instagram,25.58,PT
u_10130,2025-01-10,android,google_ads,62.99,PT
u_10131,2025-01-10,ios,facebook,28.49,DE
u_10132,2025-01-10,android,instagram,81.76,DE
u_10133,2025-01-10,ios,tiktok,70.95,DE
u_10134,2025-01-10,ios,facebook,15.57,SE
u_10135,2025-01-10,ios,google_ads,32.03,IE
u_10136,2025-01-10,android,instagram,54.26,DE
u_10137,2025-01-10,android,tiktok,44.3,IT
u_10138,2025-01-10,android,google_ads,29.99,FR
u_10139,2025-01-10,ios,google_ads,28.05,NL
u_10140,2025-01-10,android,facebook,26.13,PL
u_10141,2025-01-10,android,google_ads,30.62,BE
u_10142,2025-01-10,android,instagram,55.2,DE
u_10143,2025-01-10,ios,tiktok,57.95,IE
u_10144,2025-01-10,android,facebook,62.8,IT
u_10145,2025-01-10,ios,google_ads,25.81,BE
u_10117,2025-01-11,ios,instagram,40.05,SE
u_10067,2025-01-11,ios,google_ads,54.35,SE
u_10099,2025-01-11,ios,tiktok,41.6,FR
u_10011,2025-01-11,android,google_ads,18.31,SE
u_10016,2025-01-11,ios,google_ads,64.64,SE
u_10043,2025-01-11,android,tiktok,53.87,ES
u_10146,2025-01-11,ios,twitter,43.45,IT
u_10147,2025-01-11,android,google_ads,25.65,BE
u_10148,2025-01-11,android,twitter,48.57,DE
u_10149,2025-01-11,android,facebook,51.48,IE
u_10150,2025-01-11,android,instagram,68.12,IT
u_10151,2025-01-11,android,facebook,38.21,ES
u_10152,2025-01-11,android,facebook,44.03,DE
u_10153,2025-01-11,ios,facebook,12.96,ES
u_10154,2025-01-11,ios,twitter,56.46,BE
u_10155,2025-01-11,ios,google_ads,51.59,DE
u_10156,2025-01-11,android,tiktok,20.09,PL
u_10157,2025-01-11,ios,google_ads,13.51,FR
u_10033,2025-01-12,android,instagram,5.56,DE
u_10101,2025-01-12,android,google_ads,29.78,IT
u_10067,2025-01-12,ios,google_ads,56.92,SE
u_10129,2025-01-12,android,google_ads,5.58,SE
u_10021,2025-01-12,ios,google_ads,35.64,PL
u_10158,2025-01-12,ios,tiktok,51.4,SE
u_10159,2025-01-12,android,tiktok,35.47,SE
u_10160,2025-01-12,ios,google_ads,78.82,DE
u_10161,2025-01-12,android,google_ads,62.44,BE
u_10162,2025-01-12,android,google_ads,45.58,DE
u_10163,2025-01-12,ios,facebook,42.3,DE
u_10164,2025-01-12,android,google_ads,31.32,PL
u_10165,2025-01-12,android,google_ads,31.55,DE
u_10166,2025-01-12,ios,instagram,24.31,DE
u_10167,2025-01-12,ios,instagram,46.96,PL
u_10168,2025-01-12,android,tiktok,30.77,PL
u_10039,2025-01-13,android,tiktok,31.1,NL
u_10084,2025-01-13,android,instagram,23.43,PL
u_10031,2025-01-13,android,google_ads,42.33,FR
u_10100,2025-01-13,ios,facebook,34.45,BE
u_10137,2025-01-13,android,tiktok,44.05,IT
u_10067,2025-01-13,ios,google_ads,52.57,SE
u_10004,2025-01-13,android,tiktok,27.7,DE
u_10169,2025-01-13,android,tiktok,68.0,ES
u_10170,2025-01-13,android,facebook,58.1,ES
u_10171,2025-01-13,android,google_ads,64.6,DE
u_10172,2025-01-13,android,google_ads,54.43,ES
u_10173,2025-01-13,android,facebook,78.58,SE
u_10174,2025-01-13,android,tiktok,44.83,IE
u_10175,2025-01-13,android,twitter,51.68,PL
u_10176,2025-01-13,android,facebook,13.56,IT
u_10177,2025-01-13,ios,facebook,40.09,ES
u_10178,2025-01-13,ios,google_ads,21.5,BE
u_10179,2025-01-13,android,instagram,22.39,FR
u_10180,2025-01-13,android,twitter,59.92,PT
u_10181,2025-01-13,android,tiktok,50.52,PL
u_10182,2025-01-13,android,tiktok,34.41,DE
u_10183,2025-01-13,ios,facebook,55.77,FR
u_10184,2025-01-13,ios,google_ads,54.5,ES
u_10116,2025-01-14,ios,tiktok,34.55,NL
u_10096,2025-01-14,android,tiktok,36.81,IT
u_10168,2025-01-14,android,tiktok,46.61,PL
u_10118,2025-01-14,ios,instagram,31.56,IE
u_10001,2025-01-14,android,instagram,5.65,PL
u_10185,2025-01-14,ios,google_ads,32.11,FR
u_10186,2025-01-14,android,instagram,14.47,DE
u_10187,2025-01-14,ios,google_ads,53.32,IT
u_10188,2025-01-14,ios,google_ads,16.35,ES
u_10189,2025-01-14,android,facebook,18.97,FR
u_10190,2025-01-14,android,google_ads,37.51,SE
u_10191,2025-01-14,ios,twitter,15.56,DE
u_10192,2025-01-14,android,google_ads,37.37,DE
u_10193,2025-01-14,android,google_ads,43.75,BE
u_10194,2025-01-14,ios,tiktok,46.51,BE
u_10195,2025-01-14,android,google_ads,27.9,DE
u_10017,2025-01-15,android,tiktok,37.97,NL
u_10195,2025-01-15,android,google_ads,21.33,DE
u_10031,2025-01-15,android,google_ads,72.85,FR
u_10169,2025-01-15,android,tiktok,36.96,ES
u_10103,2025-01-15,ios,tiktok,41.75,PL
u_10002,2025-01-15,ios,twitter,59.92,SE
u_10114,2025-01-15,android,instagram,73.68,DE
u_10172,2025-01-15,android,google_ads,44.79,ES
u_10084,2025-01-15,android,instagram,25.39,PL
u_10196,2025-01-15,ios,google_ads,27.72,PT
u_10197,2025-01-15,ios,facebook,80.15,FR
u_10198,2025-01-15,android,instagram,62.65,NL
u_10199,2025-01-15,android,instagram,19.81,BE
u_10200,2025-01-15,android,twitter,26.64,BE
u_10201,2025-01-15,ios,facebook,34.48,NL
u_10202,2025-01-15,ios,tiktok,19.57,NL
u_10203,2025-01-15,android,instagram,34.62,SE
u_10204,2025-01-15,android,google_ads,60.19,IT
u_10205,2025-01-15,android,tiktok,55.49,FR
u_10206,2025-01-15,android,google_ads,34.59,IT
u_10207,2025-01-15,ios,instagram,22.98,IE
u_10208,2025-01-15,ios,twitter,59.61,PL
u_10209,2025-01-15,ios,instagram,29.57,PT
u_10210,2025-01-15,ios,google_ads,81.47,SE
u_10211,2025-01-15,ios,tiktok,24.1,PT
u_10212,2025-01-15,android,instagram,32.01,DE
u_10213,2025-01-15,ios,instagram,30.68,NL
u_10214,2025-01-15,android,google_ads,38.91,DE
u_10215,2025-01-15,ios,tiktok,32.76,PT
u_10108,2025-01-16,ios,facebook,38.91,IT
u_10148,2025-01-16,android,twitter,43.41,DE
u_10103,2025-01-16,ios,tiktok,40.83,PL
u_10140,2025-01-16,android,facebook,26.98,PL
u_10132,2025-01-16,android,instagram,74.32,DE
u_10162,2025-01-16,android,google_ads,29.18,DE
u_10159,2025-01-16,android,tiktok,34.85,SE
u_10119,2025-01-16,ios,tiktok,24.72,PT
u_10151,2025-01-16,android,facebook,36.03,ES
u_10216,2025-01-16,ios,instagram,53.33,FR
u_10217,2025-01-16,ios,instagram,59.78,IE
u_10218,2025-01-16,ios,twitter,9.61,IE
u_10219,2025-01-16,android,twitter,13.72,FR
u_10220,2025-01-16,ios,twitter,6.99,FR
u_10221,2025-01-16,android,google_ads,8.37,BE
u_10222,2025-01-16,ios,instagram,28.15,PL
u_10223,2025-01-16,ios,google_ads,40.85,DE
u_10224,2025-01-16,ios,google_ads,54.36,FR
u_10225,2025-01-16,ios,tiktok,28.33,FR
u_10226,2025-01-16,ios,facebook,56.95,ES
u_10227,2025-01-16,ios,google_ads,44.35,FR
u_10228,2025-01-16,ios,google_ads,18.37,FR
u_10229,2025-01-16,android,tiktok,35.3,PL
u_10230,2025-01-16,ios,google_ads,47.74,PT
u_10231,2025-01-16,android,twitter,44.75,PT
u_10232,2025-01-16,android,tiktok,6.99,PL
u_10233,2025-01-16,ios,tiktok,68.99,FR
u_10234,2025-01-16,android,google_ads,40.26,DE
u_10006,2025-01-17,android,facebook,87.09,PL
u_10141,2025-01-17,android,google_ads,36.98,BE
u_10151,2025-01-17,android,facebook,34.62,ES
u_10094,2025-01-17,ios,instagram,24.33,DE
u_10076,2025-01-17,ios,tiktok,28.06,ES
u_10217,2025-01-17,ios,instagram,65.98,IE
u_10047,2025-01-17,ios,tiktok,31.48,BE
u_10058,2025-01-17,android,twitter,46.98,IE
u_10235,2025-01-17,android,instagram,29.41,NL
u_10236,2025-01-17,android,instagram,48.1,DE
u_10237,2025-01-17,android,facebook,47.44,PL
u_10238,2025-01-17,android,tiktok,32.3,FR
u_10239,2025-01-17,android,twitter,17.29,IT
u_10240,2025-01-17,android,twitter,30.44,FR
u_10241,2025-01-17,ios,tiktok,16.91,BE
u_10242,2025-01-17,android,twitter,29.93,DE
u_10243,2025-01-17,ios,google_ads,39.4,IE
u_10244,2025-01-17,android,google_ads,45.6,IT
u_10245,2025-01-17,ios,twitter,48.76,BE
u_10246,2025-01-17,ios,tiktok,57.44,BE
u_10247,2025-01-17,ios,google_ads,22.9,FR
u_10248,2025-01-17,android,facebook,15.86,DE
u_10249,2025-01-17,android,twitter,65.91,IT
u_10250,2025-01-17,ios,instagram,43.63,ES
u_10251,2025-01-17,ios,twitter,30.88,IT
u_10252,2025-01-17,ios,facebook,31.33,SE
u_10148,2025-01-18,android,twitter,30.07,DE
u_10119,2025-01-18,ios,tiktok,17.18,PT
u_10060,2025-01-18,ios,twitter,55.69,PT
u_10039,2025-01-18,android,tiktok,26.58,NL
u_10114,2025-01-18,android,instagram,56.56,DE
u_10052,2025-01-18,ios,google_ads,79.15,FR
u_10084,2025-01-18,android,instagram,27.68,PL
u_10221,2025-01-18,android,google_ads,7.95,BE
u_10253,2025-01-18,android,twitter,46.35,DE
u_10254,2025-01-18,ios,google_ads,22.73,PL
u_10255,2025-01-18,android,facebook,32.43,IT
u_10256,2025-01-18,android,google_ads,30.5,FR
u_10257,2025-01-18,android,google_ads,43.66,IT
u_10258,2025-01-18,android,tiktok,55.26,BE
u_10259,2025-01-18,android,facebook,57.1,NL
u_10260,2025-01-18,ios,facebook,19.83,IE
u_10261,2025-01-18,android,facebook,67.59,IE
u_10262,2025-01-18,ios,facebook,44.2,PL
u_10263,2025-01-18,android,google_ads,20.9,FR
u_10264,2025-01-18,ios,facebook,22.2,DE
u_10265,2025-01-18,android,google_ads,49.4,IT
u_10266,2025-01-18,ios,google_ads,50.43,FR
u_10267,2025-01-18,android,tiktok,31.37,SE
u_10268,2025-01-18,ios,tiktok,19.02,ES
u_10269,2025-01-18,android,google_ads,36.96,NL
u_10137,2025-01-19,android,tiktok,48.91,IT
u_10117,2025-01-19,ios,instagram,36.3,SE
u_10166,2025-01-19,ios,instagram,22.25,DE
u_10201,2025-01-19,ios,facebook,45.28,NL
u_10082,2025-01-19,ios,google_ads,5.18,ES
u_10270,2025-01-19,ios,google_ads,42.82,ES
u_10271,2025-01-19,android,google_ads,68.28,DE
u_10272,2025-01-19,ios,instagram,31.61,NL
u_10273,2025-01-19,ios,google_ads,37.67,SE
u_10274,2025-01-19,android,instagram,50.94,PT
u_10275,2025-01-19,ios,facebook,30.39,NL
u_10276,2025-01-19,android,instagram,17.41,ES
u_10277,2025-01-19,ios,tiktok,31.99,BE
u_10278,2025-01-19,ios,tiktok,73.15,SE
u_10279,2025-01-19,ios,instagram,34.06,DE
u_10096,2025-01-20,android,tiktok,51.98,IT
u_10269,2025-01-20,android,google_ads,24.75,NL
u_10157,2025-01-20,ios,google_ads,10.04,FR
u_10102,2025-01-20,android,instagram,34.73,SE
u_10236,2025-01-20,android,instagram,50.01,DE
u_10217,2025-01-20,ios,instagram,67.03,IE
u_10224,2025-01-20,ios,google_ads,51.61,FR
u_10142,2025-01-20,android,instagram,52.18,DE
u_10280,2025-01-20,android,instagram,64.88,NL
u_10281,2025-01-20,android,google_ads,28.65,IE
u_10282,2025-01-20,ios,tiktok,44.64,IT
u_10283,2025-01-20,ios,instagram,59.31,ES
u_10284,2025-01-20,android,instagram,26.76,ES
u_10285,2025-01-20,ios,twitter,25.88,FR
u_10286,2025-01-20,android,instagram,30.86,DE
u_10287,2025-01-20,android,tiktok,32.88,FR
u_10288,2025-01-20,ios,instagram,43.39,ES
u_10289,2025-01-20,android,instagram,74.16,PL
u_10290,2025-01-20,ios,facebook,25.41,DE
u_10291,2025-01-20,android,instagram,6.99,IE
u_10292,2025-01-20,ios,facebook,20.0,ES
u_10293,2025-01-20,ios,google_ads,58.74,DE
u_10294,2025-01-20,ios,google_ads,39.72,PL
u_10295,2025-01-20,android,twitter,56.36,ES
u_10066,2025-01-21,android,instagram,59.08,ES
u_10199,2025-01-21,android,instagram,21.34,BE
u_10231,2025-01-21,android,twitter,42.66,PT
u_10043,2025-01-21,android,tiktok,25.69,ES
u_10145,2025-01-21,ios,google_ads,37.09,BE
u_10091,2025-01-21,android,google_ads,23.15,FR
u_10134,2025-01-21,ios,facebook,10.28,SE
u_10171,2025-01-21,android,google_ads,50.66,DE
u_10296,2025-01-21,android,google_ads,42.03,IT
u_10297,2025-01-21,ios,google_ads,45.95,PL
u_10298,2025-01-21,ios,google_ads,69.71,PT
u_10299,2025-01-21,ios,google_ads,53.77,PT
u_10300,2025-01-21,android,instagram,38.04,BE
u_10301,2025-01-21,ios,google_ads,28.7,BE
u_10302,2025-01-21,android,instagram,31.38,DE
u_10303,2025-01-21,android,tiktok,34.33,DE
u_10304,2025-01-21,android,twitter,40.82,DE
u_10305,2025-01-21,android,google_ads,57.38,FR
u_10306,2025-01-21,ios,google_ads,64.77,ES
u_10307,2025-01-21,android,instagram,39.83,IT
u_10308,2025-01-21,ios,twitter,34.32,SE
u_10309,2025-01-21,ios,facebook,41.84,ES
u_10310,2025-01-21,ios,instagram,18.82,NL
u_10311,2025-01-21,android,instagram,45.1,FR
u_10262,2025-01-22,ios,facebook,44.0,PL
u_10122,2025-01-22,ios,twitter,31.96,FR
u_10277,2025-01-22,ios,tiktok,32.49,BE
u_10140,2025-01-22,android,facebook,15.21,PL
u_10040,2025-01-22,android,facebook,38.74,ES
u_10101,2025-01-22,android,google_ads,29.76,IT
u_10312,2025-01-22,ios,google_ads,80.16,SE
u_10313,2025-01-22,android,instagram,55.88,PL
u_10314,2025-01-22,ios,instagram,77.01,BE
u_10315,2025-01-22,ios,instagram,30.22,DE
u_10316,2025-01-22,ios,facebook,44.81,PL
u_10317,2025-01-22,ios,twitter,44.06,FR
u_10318,2025-01-22,android,facebook,31.28,ES
u_10319,2025-01-22,android,facebook,52.16,SE
u_10320,2025-01-22,ios,twitter,18.57,DE
u_10321,2025-01-22,ios,google_ads,30.17,SE
u_10322,2025-01-22,ios,instagram,40.41,FR
u_10323,2025-01-22,ios,facebook,26.61,DE
u_10324,2025-01-22,ios,instagram,20.49,SE
u_10325,2025-01-22,ios,google_ads,67.12,NL
u_10110,2025-01-23,android,facebook,57.73,ES
u_10013,2025-01-23,ios,instagram,34.07,NL
u_10214,2025-01-23,android,google_ads,48.35,DE
u_10169,2025-01-23,android,tiktok,95.62,ES
u_10054,2025-01-23,ios,google_ads,35.48,DE
u_10280,2025-01-23,android,instagram,72.5,NL
u_10326,2025-01-23,android,google_ads,36.21,PT
u_10327,2025-01-23,ios,google_ads,30.26,FR
u_10328,2025-01-23,android,google_ads,29.54,DE
u_10329,2025-01-23,android,twitter,45.78,PL
u_10330,2025-01-23,android,google_ads,57.65,IT
u_10331,2025-01-23,android,google_ads,50.34,FR
u_10332,2025-01-23,ios,google_ads,53.42,IT
u_10333,2025-01-23,android,facebook,14.42,IT
u_10334,2025-01-23,android,google_ads,37.57,IT
u_10335,2025-01-23,android,tiktok,77.45,SE
u_10336,2025-01-23,android,tiktok,53.6,PT
u_10337,2025-01-23,android,tiktok,67.38,DE
u_10210,2025-01-24,ios,google_ads,79.78,SE
u_10330,2025-01-24,android,google_ads,44.49,IT
u_10157,2025-01-24,ios,google_ads,12.43,FR
u_10075,2025-01-24,ios,google_ads,62.26,DE
u_10189,2025-01-24,android,facebook,16.17,FR
u_10084,2025-01-24,android,instagram,29.78,PL
u_10200,2025-01-24,android,twitter,37.55,BE
u_10338,2025-01-24,android,google_ads,114.97,PL
u_10339,2025-01-24,android,facebook,55.69,PL
u_10340,2025-01-24,android,instagram,17.97,PT
u_10341,2025-01-24,ios,twitter,26.91,ES
u_10342,2025-01-24,ios,facebook,46.25,ES
u_10343,2025-01-24,android,google_ads,44.73,IE
u_10344,2025-01-24,ios,instagram,79.33,PL
u_10345,2025-01-24,ios,facebook,38.35,BE
u_10346,2025-01-24,ios,instagram,35.03,IE
u_10347,2025-01-24,android,facebook,35.85,ES
u_10348,2025-01-24,android,google_ads,55.26,DE
u_10349,2025-01-24,android,tiktok,61.41,IE
u_10350,2025-01-24,android,google_ads,37.0,FR
u_10351,2025-01-24,android,google_ads,33.43,DE
u_10352,2025-01-24,android,facebook,56.81,PL
u_10353,2025-01-24,ios,facebook,34.75,SE
u_10236,2025-01-25,android,instagram,29.19,DE
u_10316,2025-01-25,ios,facebook,24.23,PL
u_10169,2025-01-25,android,tiktok,56.11,ES
u_10023,2025-01-25,android,google_ads,48.05,IT
u_10251,2025-01-25,ios,twitter,23.86,IT
u_10144,2025-01-25,android,facebook,23.83,IT
u_10354,2025-01-25,ios,google_ads,32.84,PL
u_10355,2025-01-25,ios,google_ads,42.61,FR
u_10356,2025-01-25,android,instagram,22.49,PL
u_10357,2025-01-25,ios,google_ads,78.76,ES
u_10358,2025-01-25,android,google_ads,60.12,IT
u_10359,2025-01-25,android,tiktok,34.1,ES
u_10360,2025-01-25,ios,google_ads,34.2,DE
u_10361,2025-01-25,android,google_ads,61.2,PL
u_10362,2025-01-25,ios,instagram,45.51,DE
u_10363,2025-01-25,ios,facebook,51.37,PL
u_10364,2025-01-25,ios,instagram,47.81,NL
u_10365,2025-01-25,android,google_ads,19.66,DE
u_10112,2025-01-26,android,google_ads,20.34,PT
u_10171,2025-01-26,android,google_ads,82.56,DE
u_10354,2025-01-26,ios,google_ads,24.54,PL
u_10222,2025-01-26,ios,instagram,24.91,PL
u_10366,2025-01-26,ios,google_ads,74.22,DE
u_10367,2025-01-26,ios,instagram,54.79,DE
u_10368,2025-01-26,android,google_ads,46.92,FR
u_10369,2025-01-26,ios,facebook,30.25,NL
u_10370,2025-01-26,ios,google_ads,83.26,PT
u_10371,2025-01-26,android,google_ads,55.08,ES
u_10372,2025-01-26,android,google_ads,27.3,IE
u_10373,2025-01-26,ios,facebook,43.0,NL
u_10374,2025-01-26,android,facebook,42.15,IE
u_10375,2025-01-26,android,facebook,16.39,IT
u_10304,2025-01-27,android,twitter,47.4,DE
u_10072,2025-01-27,android,google_ads,36.11,DE
u_10310,2025-01-27,ios,instagram,13.11,NL
u_10180,2025-01-27,android,twitter,45.69,PT
u_10204,2025-01-27,android,google_ads,45.8,IT
u_10169,2025-01-27,android,tiktok,77.16,ES
u_10376,2025-01-27,android,facebook,44.11,PL
u_10377,2025-01-27,ios,google_ads,39.03,IT
u_10378,2025-01-27,android,google_ads,62.19,PT
u_10379,2025-01-27,android,google_ads,43.75,NL
u_10380,2025-01-27,android,twitter,32.91,DE
u_10381,2025-01-27,ios,google_ads,36.85,IE
u_10382,2025-01-27,ios,facebook,29.22,DE
u_10383,2025-01-27,ios,tiktok,38.58,ES
u_10384,2025-01-27,android,google_ads,30.42,BE
u_10385,2025-01-27,android,instagram,47.18,DE
u_10386,2025-01-27,ios,google_ads,67.8,IT
u_10387,2025-01-27,android,google_ads,64.17,PL
u_10089,2025-01-28,ios,google_ads,87.11,PT
u_10092,2025-01-28,android,instagram,16.67,DE
u_10331,2025-01-28,android,google_ads,41.76,FR
u_10256,2025-01-28,android,google_ads,36.63,FR
u_10077,2025-01-28,android,twitter,77.97,BE
u_10371,2025-01-28,android,google_ads,78.93,ES
u_10201,2025-01-28,ios,facebook,40.96,NL
u_10388,2025-01-28,ios,facebook,36.87,DE
u_10389,2025-01-28,android,instagram,65.78,SE
u_10390,2025-01-28,ios,google_ads,13.45,IT
u_10391,2025-01-28,ios,tiktok,12.88,PL
u_10392,2025-01-28,ios,twitter,21.79,IE
u_10393,2025-01-28,ios,instagram,48.95,BE
u_10394,2025-01-28,ios,google_ads,43.55,BE
u_10395,2025-01-28,android,tiktok,44.05,SE
u_10396,2025-01-28,ios,facebook,27.19,PL
u_10397,2025-01-28,android,facebook,58.6,NL
u_10398,2025-01-28,android,google_ads,45.97,FR
u_10399,2025-01-28,android,twitter,17.12,FR
u_10400,2025-01-28,ios,google_ads,33.59,BE
u_10401,2025-01-28,android,instagram,77.06,SE
u_10402,2025-01-28,ios,facebook,19.1,FR
u_10403,2025-01-28,ios,tiktok,15.01,DE
u_10215,2025-01-29,ios,tiktok,34.17,PT
u_10012,2025-01-29,android,google_ads,43.77,DE
u_10063,2025-01-29,android,facebook,36.53,ES
u_10081,2025-01-29,android,tiktok,50.97,SE
u_10061,2025-01-29,android,instagram,60.38,SE
u_10105,2025-01-29,android,tiktok,38.98,SE
u_10062,2025-01-29,ios,google_ads,39.34,DE
u_10158,2025-01-29,ios,tiktok,32.13,SE
u_10404,2025-01-29,android,twitter,78.96,DE
u_10405,2025-01-29,ios,google_ads,59.71,ES
u_10406,2025-01-29,ios,instagram,26.06,IT
u_10407,2025-01-29,ios,tiktok,36.85,PT
u_10408,2025-01-29,ios,google_ads,40.12,DE
u_10409,2025-01-29,ios,instagram,42.31,IE
u_10410,2025-01-29,ios,facebook,49.37,PL
u_10411,2025-01-29,ios,google_ads,36.0,FR
u_10412,2025-01-29,ios,instagram,39.92,BE
u_10413,2025-01-29,android,google_ads,64.28,SE
u_10414,2025-01-29,ios,google_ads,45.77,IT
u_10415,2025-01-29,android,tiktok,18.14,NL
u_10416,2025-01-29,android,instagram,16.18,IT
u_10417,2025-01-29,ios,instagram,9.5,PL
u_10418,2025-01-29,android,twitter,31.07,IT
u_10419,2025-01-29,android,google_ads,35.37,FR
u_10420,2025-01-29,ios,twitter,27.12,PT
u_10137,2025-01-30,android,tiktok,33.45,IT
u_10223,2025-01-30,ios,google_ads,28.21,DE
u_10018,2025-01-30,android,facebook,60.05,ES
u_10299,2025-01-30,ios,google_ads,41.19,PT
u_10421,2025-01-30,android,tiktok,31.48,DE
u_10422,2025-01-30,ios,twitter,70.69,PT
u_10423,2025-01-30,android,google_ads,18.79,PL
u_10424,2025-01-30,android,tiktok,38.03,IT
u_10425,2025-01-30,ios,google_ads,6.99,ES
u_10426,2025-01-30,android,google_ads,42.28,BE
u_10427,2025-01-30,ios,facebook,13.51,FR
u_10428,2025-01-30,android,facebook,22.47,IE
u_10429,2025-01-30,android,google_ads,45.05,PL
u_10015,2025-01-31,ios,twitter,17.15,ES
u_10094,2025-01-31,ios,instagram,6.96,DE
u_10313,2025-01-31,android,instagram,49.08,PL
u_10015,2025-01-31,ios,twitter,22.17,ES
u_10173,2025-01-31,android,facebook,25.36,SE
u_10225,2025-01-31,ios,tiktok,24.58,FR
u_10361,2025-01-31,android,google_ads,46.51,PL
u_10113,2025-01-31,ios,instagram,35.97,DE
u_10053,2025-01-31,ios,instagram,11.37,PL
u_10236,2025-01-31,android,instagram,39.15,DE
u_10430,2025-01-31,ios,google_ads,35.44,NL
u_10431,2025-01-31,android,instagram,52.02,BE
u_10432,2025-01-31,ios,facebook,62.33,SE
u_10433,2025-01-31,android,google_ads,80.42,NL
u_10434,2025-01-31,ios,facebook,42.85,BE
u_10435,2025-01-31,ios,facebook,26.25,ES
u_10436,2025-01-31,android,instagram,29.89,SE
u_10437,2025-01-31,android,facebook,25.84,ES
u_10438,2025-01-31,android,google_ads,43.61,IT
u_10439,2025-01-31,android,google_ads,39.21,IT
u_10440,2025-01-31,ios,google_ads,42.93,BE
u_10441,2025-01-31,android,twitter,57.88,ES
u_10442,2025-01-31,android,tiktok,58.08,IE
u_10443,2025-01-31,ios,google_ads,9.1,NL
u_10444,2025-01-31,android,facebook,64.16,PT
u_10445,2025-01-31,android,google_ads,32.62,SE
u_10446,2025-01-31,ios,google_ads,63.8,FR
u_10447,2025-01-31,android,tiktok,40.21,FR
u_10448,2025-01-31,android,google_ads,34.46,NL
u_10449,2025-01-31,android,instagram,54.56,BE
u_10280,2025-02-01,android,instagram,70.59,NL
u_10366,2025-02-01,ios,google_ads,102.28,DE
u_10423,2025-02-01,android,google_ads,27.46,PL
u_10080,2025-02-01,android,instagram,21.8,SE
u_10217,2025-02-01,ios,instagram,47.91,IE
u_10239,2025-02-01,android,twitter,8.25,IT
u_10450,2025-02-01,ios,facebook,6.99,ES
u_10451,2025-02-01,android,google_ads,47.69,PT
u_10452,2025-02-01,ios,google_ads,39.11,IT
u_10453,2025-02-01,ios,instagram,43.92,DE
u_10454,2025-02-01,ios,google_ads,50.37,ES
u_10455,2025-02-01,android,google_ads,45.07,NL
u_10456,2025-02-01,android,tiktok,45.66,DE
u_10457,2025-02-01,android,facebook,37.25,DE
u_10458,2025-02-01,android,facebook,62.2,FR
u_10459,2025-02-01,android,google_ads,71.5,ES
u_10460,2025-02-01,android,tiktok,7.64,PT
u_10461,2025-02-01,android,facebook,33.7,FR
u_10191,2025-02-02,ios,twitter,14.0,DE
u_10331,2025-02-02,android,google_ads,45.31,FR
u_10335,2025-02-02,android,tiktok,92.07,SE
u_10381,2025-02-02,ios,google_ads,35.11,IE
u_10117,2025-02-02,ios,instagram,18.62,SE
u_10294,2025-02-02,ios,google_ads,16.87,PL
u_10462,2025-02-02,ios,instagram,53.4,IT
u_10463,2025-02-02,ios,facebook,59.31,PL
u_10464,2025-02-02,android,instagram,71.93,IE
u_10465,2025-02-02,ios,facebook,33.56,NL
u_10466,2025-02-02,android,instagram,36.94,FR
u_10467,2025-02-02,ios,google_ads,41.94,IE
u_10468,2025-02-02,android,tiktok,13.8,DE
u_10469,2025-02-02,ios,facebook,20.78,ES
u_10470,2025-02-02,android,instagram,23.27,FR
u_10471,2025-02-02,ios,google_ads,36.28,DE
u_10472,2025-02-02,ios,instagram,68.06,PL
u_10473,2025-02-02,android,facebook,44.28,PT
u_10314,2025-02-03,ios,instagram,79.48,BE
u_10149,2025-02-03,android,facebook,57.56,IE
u_10180,2025-02-03,android,twitter,67.64,PT
u_10306,2025-02-03,ios,google_ads,84.76,ES
u_10173,2025-02-03,android,facebook,95.72,SE
u_10354,2025-02-03,ios,google_ads,31.85,PL
u_10175,2025-02-03,android,twitter,41.03,PL
u_10024,2025-02-03,android,facebook,23.37,NL
u_10472,2025-02-03,ios,instagram,80.9,PL
u_10474,2025-02-03,android,instagram,35.39,SE
u_10475,2025-02-03,ios,facebook,38.81,DE
u_10476,2025-02-03,ios,facebook,14.6,IE
u_10477,2025-02-03,ios,google_ads,29.78,IT
u_10478,2025-02-03,android,tiktok,69.2,ES
u_10479,2025-02-03,android,google_ads,75.57,IE
u_10480,2025-02-03,android,tiktok,46.17,IE
u_10481,2025-02-03,ios,google_ads,54.22,FR
u_10482,2025-02-03,ios,facebook,7.62,ES
u_10483,2025-02-03,android,twitter,47.74,PT
u_10484,2025-02-03,android,tiktok,42.3,NL
u_10485,2025-02-03,android,tiktok,29.36,IT
u_10486,2025-02-03,ios,instagram,48.69,SE
u_10487,2025-02-03,android,twitter,40.73,PT
u_10488,2025-02-03,ios,instagram,25.83,PL
u_10489,2025-02-03,ios,tiktok,28.14,SE
u_10490,2025-02-03,android,google_ads,52.73,DE
u_10491,2025-02-03,ios,instagram,35.14,DE
u_10456,2025-02-04,android,tiktok,58.65,DE
u_10118,2025-02-04,ios,instagram,64.16,IE
u_10268,2025-02-04,ios,tiktok,17.73,ES
u_10221,2025-02-04,android,google_ads,12.26,BE
u_10318,2025-02-04,android,facebook,23.78,ES
u_10103,2025-02-04,ios,tiktok,47.06,PL
u_10079,2025-02-04,android,google_ads,39.53,IT
u_10147,2025-02-04,android,google_ads,30.63,BE
u_10328,2025-02-04,android,google_ads,31.57,DE
u_10423,2025-02-04,android,google_ads,16.05,PL
u_10076,2025-02-04,ios,tiktok,24.18,ES
u_10221,2025-02-04,android,google_ads,5.79,BE
u_10263,2025-02-04,android,google_ads,16.72,FR
u_10492,2025-02-04,android,instagram,30.42,PL
u_10493,2025-02-04,ios,google_ads,57.44,DE
u_10494,2025-02-04,ios,tiktok,62.14,PL
u_10495,2025-02-04,ios,google_ads,19.1,IE
u_10496,2025-02-04,ios,google_ads,36.29,PL
u_10497,2025-02-04,android,google_ads,33.37,SE
u_10498,2025-02-04,ios,facebook,50.77,IE
u_10499,2025-02-04,android,instagram,49.63,DE
u_10500,2025-02-04,ios,tiktok,48.44,IE
u_10501,2025-02-04,android,facebook,68.8,DE
u_10502,2025-02-04,ios,google_ads,31.25,PT
u_10503,2025-02-04,android,google_ads,35.78,IT
u_10504,2025-02-04,ios,google_ads,9.64,NL
u_10505,2025-02-04,android,google_ads,46.33,NL
u_10506,2025-02-04,android,tiktok,44.88,SE
u_10507,2025-02-04,android,tiktok,54.34,BE
u_10508,2025-02-04,android,facebook,47.98,PL
u_10509,2025-02-04,ios,instagram,24.41,ES
u_10510,2025-02-04,ios,google_ads,32.19,SE
u_10511,2025-02-04,android,google_ads,37.91,DE
u_10512,2025-02-04,ios,instagram,30.32,NL
u_10513,2025-02-04,ios,facebook,52.72,PL
u_10514,2025-02-04,ios,twitter,49.13,BE
u_10515,2025-02-04,ios,tiktok,11.71,NL
u_10516,2025-02-04,ios,google_ads,37.19,IT
u_10517,2025-02-04,ios,google_ads,31.91,NL
u_10518,2025-02-04,ios,google_ads,32.18,IE
u_10519,2025-02-04,ios,google_ads,29.63,DE
u_10418,2025-02-05,android,twitter,23.76,IT
u_10088,2025-02-05,ios,google_ads,55.87,BE
u_10050,2025-02-05,android,tiktok,31.41,IE
u_10371,2025-02-05,android,google_ads,70.2,ES
u_10520,2025-02-05,android,tiktok,73.11,ES
u_10521,2025-02-05,android,tiktok,50.33,PT
u_10522,2025-02-05,ios,instagram,36.68,IT
u_10523,2025-02-05,ios,twitter,56.31,FR
u_10524,2025-02-05,ios,google_ads,55.66,PL
u_10525,2025-02-05,ios,twitter,55.02,SE
u_10526,2025-02-05,ios,facebook,49.88,PL
u_10527,2025-02-05,ios,facebook,44.85,DE
u_10528,2025-02-05,ios,facebook,56.8,PL
u_10529,2025-02-05,android,tiktok,25.67,IT
u_10189,2025-02-06,android,facebook,21.86,FR
u_10333,2025-02-06,android,facebook,11.67,IT
u_10475,2025-02-06,ios,facebook,36.09,DE
u_10518,2025-02-06,ios,google_ads,29.16,IE
u_10465,2025-02-06,ios,facebook,42.93,NL
u_10260,2025-02-06,ios,facebook,20.46,IE
u_10431,2025-02-06,android,instagram,50.99,BE
u_10530,2025-02-06,android,twitter,31.02,BE
u_10531,2025-02-06,ios,facebook,64.41,IE
u_10532,2025-02-06,ios,tiktok,56.93,DE
u_10533,2025-02-06,ios,google_ads,20.79,PL
u_10534,2025-02-06,ios,facebook,47.2,DE
u_10535,2025-02-06,android,facebook,43.89,SE
u_10536,2025-02-06,android,facebook,40.82,NL
u_10537,2025-02-06,android,google_ads,31.02,SE
u_10538,2025-02-06,android,google_ads,27.65,PL
u_10539,2025-02-06,android,google_ads,28.75,IE
u_10540,2025-02-06,ios,instagram,29.07,ES
u_10541,2025-02-06,ios,twitter,72.86,NL
u_10542,2025-02-06,android,tiktok,7.72,IE
u_10543,2025-02-06,ios,google_ads,61.19,PT
u_10163,2025-02-07,ios,facebook,50.28,DE
u_10078,2025-02-07,android,instagram,10.89,PL
u_10103,2025-02-07,ios,tiktok,37.27,PL
u_10360,2025-02-07,ios,google_ads,33.06,DE
u_10176,2025-02-07,android,facebook,18.72,IT
u_10050,2025-02-07,android,tiktok,27.11,IE
u_10045,2025-02-07,ios,tiktok,14.15,SE
u_10544,2025-02-07,android,google_ads,25.78,SE
u_10545,2025-02-07,android,facebook,35.36,NL
u_10546,2025-02-07,ios,twitter,8.23,FR
u_10547,2025-02-07,android,instagram,54.87,FR
u_10548,2025-02-07,android,facebook,49.89,NL
u_10549,2025-02-07,ios,facebook,44.25,PL
u_10550,2025-02-07,ios,facebook,40.46,IT
u_10551,2025-02-07,ios,instagram,55.94,DE
u_10552,2025-02-07,ios,google_ads,27.6,DE
u_10553,2025-02-07,android,twitter,38.81,PL
u_10554,2025-02-07,android,google_ads,32.26,BE
u_10555,2025-02-07,ios,facebook,20.97,IE
u_10556,2025-02-07,ios,tiktok,39.91,ES
u_10557,2025-02-07,ios,instagram,6.99,SE
u_10045,2025-02-08,ios,tiktok,9.43,SE
u_10478,2025-02-08,android,tiktok,80.68,ES
u_10454,2025-02-08,ios,google_ads,58.89,ES
u_10474,2025-02-08,android,instagram,29.92,SE
u_10243,2025-02-08,ios,google_ads,31.12,IE
u_10558,2025-02-08,ios,tiktok,58.74,PL
u_10559,2025-02-08,android,facebook,24.59,NL
u_10560,2025-02-08,android,instagram,52.23,PL
u_10561,2025-02-08,ios,facebook,47.05,DE
u_10562,2025-02-08,android,google_ads,33.92,PL
u_10563,2025-02-08,ios,tiktok,50.6,IT
u_10564,2025-02-08,ios,facebook,46.58,NL
u_10565,2025-02-08,android,google_ads,52.72,IT
u_10566,2025-02-08,android,facebook,21.67,DE
u_10567,2025-02-08,ios,google_ads,43.0,ES
u_10568,2025-02-08,ios,google_ads,34.36,DE
u_10458,2025-02-09,android,facebook,50.29,FR
u_10061,2025-02-09,android,instagram,12.75,SE
u_10086,2025-02-09,android,tiktok,36.33,FR
u_10456,2025-02-09,android,tiktok,66.26,DE
u_10085,2025-02-09,ios,instagram,36.75,ES
u_10149,2025-02-09,android,facebook,48.08,IE
u_10085,2025-02-09,ios,instagram,30.57,ES
u_10569,2025-02-09,ios,tiktok,52.14,ES
u_10570,2025-02-09,android,twitter,68.12,NL
u_10571,2025-02-09,ios,google_ads,47.28,IE
u_10572,2025-02-09,android,google_ads,67.09,ES
u_10573,2025-02-09,ios,google_ads,82.61,SE
u_10574,2025-02-09,ios,instagram,33.69,NL
u_10575,2025-02-09,ios,google_ads,45.14,DE
u_10576,2025-02-09,ios,facebook,26.31,PT
u_10577,2025-02-09,ios,google_ads,44.27,NL
u_10578,2025-02-09,ios,facebook,63.98,FR
u_10579,2025-02-09,ios,google_ads,44.71,NL
u_10580,2025-02-09,android,facebook,49.5,FR
u_10581,2025-02-09,ios,tiktok,65.54,ES
u_10582,2025-02-09,android,google_ads,52.75,DE
u_10583,2025-02-09,ios,google_ads,25.33,BE
u_10584,2025-02-09,ios,instagram,72.31,IT
u_10539,2025-02-10,android,google_ads,32.89,IE
u_10069,2025-02-10,android,google_ads,40.25,NL
u_10164,2025-02-10,android,google_ads,27.07,PL
u_10493,2025-02-10,ios,google_ads,42.39,DE
u_10035,2025-02-10,ios,twitter,14.49,SE
u_10585,2025-02-10,android,instagram,25.78,PT
u_10586,2025-02-10,android,google_ads,34.55,BE
u_10587,2025-02-10,ios,tiktok,65.77,IE
u_10588,2025-02-10,android,twitter,56.67,PL
u_10589,2025-02-10,android,twitter,22.73,SE
u_10590,2025-02-10,ios,google_ads,39.31,DE
u_10591,2025-02-10,android,instagram,21.07,SE
u_10592,2025-02-10,android,google_ads,37.6,PT
u_10593,2025-02-10,ios,twitter,40.68,SE
u_10594,2025-02-10,ios,facebook,15.77,PT
u_10595,2025-02-10,ios,tiktok,27.34,DE
u_10596,2025-02-10,android,twitter,19.68,PT
u_10325,2025-02-11,ios,google_ads,47.62,NL
u_10119,2025-02-11,ios,tiktok,40.58,PT
u_10493,2025-02-11,ios,google_ads,70.36,DE
u_10071,2025-02-11,ios,tiktok,25.53,ES
u_10461,2025-02-11,android,facebook,64.98,FR
u_10368,2025-02-11,android,google_ads,46.88,FR
u_10315,2025-02-11,ios,instagram,32.43,DE
u_10597,2025-02-11,ios,google_ads,64.57,SE
u_10598,2025-02-11,ios,tiktok,51.4,FR
u_10599,2025-02-11,ios,instagram,28.88,PT
u_10600,2025-02-11,android,tiktok,15.46,PL
u_10601,2025-02-11,ios,google_ads,9.48,PL
u_10602,2025-02-11,android,instagram,31.65,NL
u_10603,2025-02-11,android,tiktok,12.76,DE
u_10604,2025-02-11,ios,instagram,54.89,BE
u_10605,2025-02-11,android,facebook,82.08,FR
u_10606,2025-02-11,ios,google_ads,40.34,PT
u_10607,2025-02-11,android,google_ads,53.22,DE
u_10608,2025-02-11,ios,twitter,66.22,DE
u_10609,2025-02-11,ios,google_ads,58.63,BE
u_10610,2025-02-11,android,instagram,64.47,DE
u_10611,2025-02-11,ios,facebook,47.1,IT
u_10362,2025-02-12,ios,instagram,49.8,DE
u_10177,2025-02-12,ios,facebook,37.78,ES
u_10184,2025-02-12,ios,google_ads,43.19,ES
u_10144,2025-02-12,android,facebook,40.1,IT
u_10068,2025-02-12,ios,tiktok,11.98,PL
u_10528,2025-02-12,ios,facebook,70.25,PL
u_10547,2025-02-12,android,instagram,72.45,FR
u_10068,2025-02-12,ios,tiktok,14.09,PL
u_10612,2025-02-12,ios,google_ads,52.48,IT
u_10613,2025-02-12,android,google_ads,72.61,PL
u_10614,2025-02-12,android,google_ads,78.16,SE
u_10615,2025-02-12,android,google_ads,51.17,NL
u_10616,2025-02-12,ios,facebook,34.64,IE
u_10617,2025-02-12,android,instagram,50.02,IT
u_10618,2025-02-12,android,google_ads,34.41,FR
u_10619,2025-02-12,ios,google_ads,69.81,SE
u_10620,2025-02-12,android,google_ads,38.7,FR
u_10621,2025-02-12,ios,google_ads,38.85,ES
u_10622,2025-02-12,ios,google_ads,56.73,PT
u_10623,2025-02-12,android,twitter,57.29,BE
u_10624,2025-02-12,android,google_ads,81.75,IE
u_10625,2025-02-12,ios,instagram,52.95,IT
u_10626,2025-02-12,android,facebook,65.78,DE
u_10627,2025-02-12,ios,google_ads,62.48,SE
u_10628,2025-02-12,android,facebook,39.36,PT
u_10629,2025-02-12,android,google_ads,23.86,FR
u_10596,2025-02-13,android,twitter,16.15,PT
u_10213,2025-02-13,ios,instagram,24.45,NL
u_10203,2025-02-13,android,instagram,35.18,SE
u_10341,2025-02-13,ios,twitter,21.76,ES
u_10150,2025-02-13,android,instagram,77.76,IT
u_10568,2025-02-13,ios,google_ads,43.29,DE
u_10615,2025-02-13,android,google_ads,54.37,NL
u_10630,2025-02-13,ios,google_ads,19.13,DE
u_10631,2025-02-13,ios,google_ads,44.08,NL
u_10632,2025-02-13,android,google_ads,35.63,FR
u_10633,2025-02-13,android,instagram,20.99,SE
u_10634,2025-02-13,ios,google_ads,60.45,PT
u_10635,2025-02-13,ios,instagram,51.77,DE
u_10636,2025-02-13,android,twitter,61.43,DE
u_10637,2025-02-13,android,instagram,15.97,ES
u_10638,2025-02-13,ios,instagram,30.66,DE
u_10639,2025-02-13,ios,instagram,51.22,IE
u_10640,2025-02-13,android,google_ads,36.04,NL
u_10641,2025-02-13,android,google_ads,59.34,FR
u_10642,2025-02-13,ios,google_ads,29.19,FR
u_10643,2025-02-13,ios,tiktok,67.62,ES
u_10644,2025-02-13,android,google_ads,21.53,PT
u_10422,2025-02-14,ios,twitter,83.05,PT
u_10614,2025-02-14,android,google_ads,71.25,SE
u_10567,2025-02-14,ios,google_ads,32.03,ES
u_10249,2025-02-14,android,twitter,68.85,IT
u_10183,2025-02-14,ios,facebook,65.37,FR
u_10449,2025-02-14,android,instagram,49.46,BE
u_10645,2025-02-14,ios,google_ads,34.87,FR
u_10646,2025-02-14,android,google_ads,38.25,ES
u_10647,2025-02-14,android,instagram,53.91,SE
u_10648,2025-02-14,ios,tiktok,67.89,PT
u_10649,2025-02-14,ios,instagram,37.52,PT
u_10650,2025-02-14,ios,instagram,47.21,SE
u_10651,2025-02-14,ios,instagram,55.67,IT
u_10652,2025-02-14,ios,twitter,44.92,ES
u_10653,2025-02-14,android,facebook,9.54,PT
u_10654,2025-02-14,ios,facebook,18.71,NL
u_10655,2025-02-14,android,facebook,35.87,SE
u_10656,2025-02-14,ios,instagram,78.33,PT
u_10657,2025-02-14,android,tiktok,81.83,PT
u_10658,2025-02-14,ios,facebook,24.08,FR
u_10417,2025-02-15,ios,instagram,9.31,PL
u_10512,2025-02-15,ios,instagram,31.34,NL
u_10637,2025-02-15,android,instagram,14.96,ES
u_10397,2025-02-15,android,facebook,48.99,NL
u_10291,2025-02-15,android,instagram,5.66,IE
u_10248,2025-02-15,android,facebook,17.65,DE
u_10659,2025-02-15,ios,google_ads,56.62,BE
u_10660,2025-02-15,ios,instagram,53.85,ES
u_10661,2025-02-15,android,google_ads,71.12,NL
u_10662,2025-02-15,ios,instagram,55.67,FR
u_10663,2025-02-15,android,tiktok,16.02,FR
u_10664,2025-02-15,ios,instagram,36.7,BE
u_10665,2025-02-15,ios,facebook,52.02,NL
u_10666,2025-02-15,ios,instagram,50.48,FR
u_10667,2025-02-15,android,tiktok,6.99,ES
u_10668,2025-02-15,ios,facebook,34.23,BE
u_10669,2025-02-15,ios,tiktok,41.97,PL
u_10670,2025-02-15,ios,tiktok,20.97,SE
u_10302,2025-02-16,android,instagram,27.15,DE
u_10103,2025-02-16,ios,tiktok,49.58,PL
u_10265,2025-02-16,android,google_ads,61.11,IT
u_10297,2025-02-16,ios,google_ads,43.3,PL
u_10197,2025-02-16,ios,facebook,74.07,FR
u_10548,2025-02-16,android,facebook,64.33,NL
u_10515,2025-02-16,ios,tiktok,13.31,NL
u_10155,2025-02-16,ios,google_ads,61.5,DE
u_10572,2025-02-16,android,google_ads,49.27,ES
u_10671,2025-02-16,android,google_ads,33.21,DE
u_10672,2025-02-16,ios,instagram,56.72,PL
u_10673,2025-02-16,ios,facebook,36.63,ES
u_10674,2025-02-16,ios,instagram,53.13,PL
u_10675,2025-02-16,android,google_ads,34.42,BE
u_10676,2025-02-16,android,twitter,76.59,PL
u_10677,2025-02-16,android,google_ads,63.55,PL
u_10678,2025-02-16,android,facebook,48.12,DE
u_10679,2025-02-16,ios,facebook,27.01,IT
u_10680,2025-02-16,android,google_ads,6.99,IT
u_10681,2025-02-16,android,instagram,16.88,FR
u_10682,2025-02-16,android,instagram,30.13,DE
u_10683,2025-02-16,ios,google_ads,40.69,BE
u_10684,2025-02-16,android,tiktok,45.83,PT
u_10685,2025-02-16,ios,google_ads,41.23,FR
u_10686,2025-02-16,ios,instagram,14.19,BE
u_10687,2025-02-16,ios,twitter,33.41,PL
u_10688,2025-02-16,ios,facebook,55.75,IT
u_10087,2025-02-17,ios,instagram,18.03,BE
u_10677,2025-02-17,android,google_ads,71.64,PL
u_10192,2025-02-17,android,google_ads,34.03,DE
u_10080,2025-02-17,android,instagram,23.64,SE
u_10297,2025-02-17,ios,google_ads,57.22,PL
u_10606,2025-02-17,ios,google_ads,23.56,PT
u_10689,2025-02-17,android,google_ads,45.58,DE
u_10690,2025-02-17,android,instagram,46.8,IE
u_10691,2025-02-17,ios,twitter,47.94,PT
u_10692,2025-02-17,ios,tiktok,39.97,FR
u_10693,2025-02-17,android,tiktok,46.43,DE
u_10694,2025-02-17,ios,google_ads,80.14,DE
u_10695,2025-02-17,ios,tiktok,43.21,PL
u_10696,2025-02-17,android,instagram,6.99,PL
u_10697,2025-02-17,android,google_ads,6.99,FR
u_10698,2025-02-17,android,google_ads,60.11,NL
u_10699,2025-02-17,android,google_ads,31.88,PL
u_10700,2025-02-17,android,google_ads,36.51,PT
u_10701,2025-02-17,android,facebook,26.71,BE
u_10702,2025-02-17,ios,google_ads,52.13,IE
u_10672,2025-02-18,ios,instagram,64.27,PL
u_10636,2025-02-18,android,twitter,85.9,DE
u_10342,2025-02-18,ios,facebook,24.09,ES
u_10006,2025-02-18,android,facebook,81.15,PL
u_10557,2025-02-18,ios,instagram,9.12,SE
u_10218,2025-02-18,ios,twitter,11.35,IE
u_10553,2025-02-18,android,twitter,48.84,PL
u_10059,2025-02-18,ios,tiktok,61.12,DE
u_10703,2025-02-18,android,google_ads,48.72,DE
u_10704,2025-02-18,android,tiktok,58.75,DE
u_10705,2025-02-18,ios,facebook,47.94,IT
u_10706,2025-02-18,android,instagram,21.8,DE
u_10707,2025-02-18,android,twitter,69.87,DE
u_10708,2025-02-18,android,tiktok,14.7,BE
u_10709,2025-02-18,android,google_ads,30.01,ES
u_10710,2025-02-18,android,facebook,51.81,FR
u_10711,2025-02-18,android,google_ads,43.25,PL
u_10712,2025-02-18,android,facebook,43.53,ES
u_10713,2025-02-18,ios,google_ads,37.77,SE
u_10714,2025-02-18,ios,tiktok,46.49,PL
u_10715,2025-02-18,ios,google_ads,12.36,IE
u_10716,2025-02-18,ios,instagram,20.03,FR
u_10717,2025-02-18,android,instagram,41.21,DE
u_10718,2025-02-18,ios,facebook,28.49,FR
u_10719,2025-02-18,ios,instagram,55.57,PL
u_10577,2025-02-19,ios,google_ads,31.38,NL
u_10168,2025-02-19,android,tiktok,30.59,PL
u_10395,2025-02-19,android,tiktok,51.31,SE
u_10667,2025-02-19,android,tiktok,6.62,ES
u_10656,2025-02-19,ios,instagram,84.13,PT
u_10085,2025-02-19,ios,instagram,60.32,ES
u_10352,2025-02-19,android,facebook,72.65,PL
u_10289,2025-02-19,android,instagram,91.74,PL
u_10720,2025-02-19,ios,tiktok,73.97,FR
u_10721,2025-02-19,android,tiktok,27.27,SE
u_10722,2025-02-19,ios,instagram,68.09,DE
u_10723,2025-02-19,android,facebook,40.36,DE
u_10724,2025-02-19,android,instagram,41.1,DE
u_10725,2025-02-19,android,google_ads,32.43,FR
u_10726,2025-02-19,android,facebook,17.32,FR
u_10727,2025-02-19,android,facebook,35.78,DE
u_10728,2025-02-19,ios,instagram,48.53,FR
u_10729,2025-02-19,ios,facebook,68.57,SE
u_10730,2025-02-19,ios,facebook,26.27,ES
u_10731,2025-02-19,ios,google_ads,45.0,FR
u_10732,2025-02-19,ios,google_ads,42.19,BE
u_10733,2025-02-19,android,google_ads,42.39,PT
u_10734,2025-02-19,ios,instagram,52.65,DE
u_10735,2025-02-19,android,tiktok,46.8,DE
u_10266,2025-02-20,ios,google_ads,68.52,FR
u_10323,2025-02-20,ios,facebook,25.58,DE
u_10395,2025-02-20,android,tiktok,40.26,SE
u_10135,2025-02-20,ios,google_ads,32.28,IE
u_10109,2025-02-20,android,twitter,35.81,PT
u_10132,2025-02-20,android,instagram,101.29,DE
u_10421,2025-02-20,android,tiktok,38.63,DE
u_10736,2025-02-20,android,google_ads,36.93,BE
u_10737,2025-02-20,android,facebook,16.86,IT
u_10738,2025-02-20,android,tiktok,70.47,PT
u_10739,2025-02-20,android,tiktok,40.75,PL
u_10740,2025-02-20,ios,twitter,61.01,IT
u_10741,2025-02-20,android,instagram,43.75,ES
u_10742,2025-02-20,ios,google_ads,61.91,PT
u_10743,2025-02-20,ios,tiktok,45.04,IT
u_10744,2025-02-20,android,twitter,31.05,DE
u_10745,2025-02-20,android,google_ads,27.82,ES
u_10746,2025-02-20,ios,facebook,32.93,PT
u_10747,2025-02-20,android,google_ads,40.12,SE
u_10748,2025-02-20,android,instagram,32.9,DE
u_10749,2025-02-20,ios,instagram,45.72,IE
u_10750,2025-02-20,ios,google_ads,49.05,NL
u_10751,2025-02-20,ios,google_ads,21.26,NL
u_10148,2025-02-21,android,twitter,39.24,DE
u_10440,2025-02-21,ios,google_ads,42.11,BE
u_10365,2025-02-21,android,google_ads,21.49,DE
u_10046,2025-02-21,android,google_ads,76.42,FR
u_10021,2025-02-21,ios,google_ads,55.32,PL
u_10676,2025-02-21,android,twitter,73.92,PL
u_10180,2025-02-21,android,twitter,69.96,PT
u_10633,2025-02-21,android,instagram,23.86,SE
u_10752,2025-02-21,ios,instagram,47.57,NL
u_10753,2025-02-21,ios,twitter,52.02,DE
u_10754,2025-02-21,ios,google_ads,21.91,IE
u_10755,2025-02-21,android,twitter,43.37,FR
u_10756,2025-02-21,android,facebook,34.9,DE
u_10757,2025-02-21,android,google_ads,63.26,FR
u_10758,2025-02-21,android,facebook,44.77,PL
u_10759,2025-02-21,ios,tiktok,23.03,DE
u_10760,2025-02-21,android,twitter,24.28,IT
u_10761,2025-02-21,ios,tiktok,23.4,DE
u_10762,2025-02-21,android,instagram,39.75,BE
u_10763,2025-02-21,android,facebook,54.12,FR
u_10764,2025-02-21,ios,google_ads,34.09,BE
u_10765,2025-02-21,android,google_ads,93.54,DE
u_10766,2025-02-21,android,facebook,44.11,PL
u_10767,2025-02-21,ios,google_ads,10.12,BE
u_10768,2025-02-21,android,instagram,65.99,SE
u_10575,2025-02-22,ios,google_ads,29.35,DE
u_10700,2025-02-22,android,google_ads,29.72,PT
u_10146,2025-02-22,ios,twitter,58.02,IT
u_10676,2025-02-22,android,twitter,53.85,PL
u_10384,2025-02-22,android,google_ads,37.73,BE
u_10670,2025-02-22,ios,tiktok,19.57,SE
u_10769,2025-02-22,ios,instagram,30.56,IT
u_10770,2025-02-22,android,google_ads,21.3,DE
u_10771,2025-02-22,ios,instagram,44.57,BE
u_10772,2025-02-22,android,instagram,34.13,NL
u_10773,2025-02-22,android,google_ads,35.02,DE
u_10774,2025-02-22,ios,tiktok,59.1,DE
u_10775,2025-02-22,ios,twitter,43.76,IT
u_10776,2025-02-22,android,twitter,49.39,SE
u_10777,2025-02-22,ios,google_ads,6.99,IT
u_10778,2025-02-22,ios,google_ads,21.84,DE
u_10779,2025-02-22,android,google_ads,61.12,ES
u_10780,2025-02-22,android,google_ads,61.46,DE
u_10708,2025-02-23,android,tiktok,11.71,BE
u_10647,2025-02-23,android,instagram,46.74,SE
u_10147,2025-02-23,android,google_ads,7.63,BE
u_10369,2025-02-23,ios,facebook,36.75,NL
u_10252,2025-02-23,ios,facebook,28.73,SE
u_10696,2025-02-23,android,instagram,7.52,PL
u_10044,2025-02-23,ios,twitter,53.73,FR
u_10781,2025-02-23,ios,google_ads,70.44,DE
u_10782,2025-02-23,ios,facebook,38.36,PT
u_10783,2025-02-23,android,facebook,39.65,PT
u_10784,2025-02-23,ios,tiktok,62.29,BE
u_10785,2025-02-23,android,instagram,52.47,NL
u_10786,2025-02-23,android,facebook,61.73,DE
u_10787,2025-02-23,ios,facebook,12.29,DE
u_10788,2025-02-23,ios,tiktok,36.48,IT
u_10789,2025-02-23,ios,instagram,18.11,FR
u_10790,2025-02-23,android,tiktok,51.7,FR
u_10791,2025-02-23,ios,instagram,40.07,IT
u_10792,2025-02-23,ios,instagram,6.99,DE
u_10793,2025-02-23,android,instagram,39.21,NL
u_10794,2025-02-23,android,tiktok,39.16,NL
u_10252,2025-02-24,ios,facebook,26.67,SE
u_10487,2025-02-24,android,twitter,58.11,PT
u_10278,2025-02-24,ios,tiktok,65.04,SE
u_10208,2025-02-24,ios,twitter,49.26,PL
u_10003,2025-02-24,ios,instagram,59.84,FR
u_10795,2025-02-24,android,facebook,21.1,BE
u_10796,2025-02-24,android,google_ads,16.58,SE
u_10797,2025-02-24,ios,tiktok,42.41,IE
u_10798,2025-02-24,android,google_ads,45.71,DE
u_10799,2025-02-24,ios,google_ads,37.84,DE
u_10800,2025-02-24,android,facebook,51.75,IT
u_10801,2025-02-24,android,facebook,65.43,FR
u_10802,2025-02-24,ios,google_ads,52.9,DE
u_10803,2025-02-24,android,google_ads,31.24,DE
u_10804,2025-02-24,android,facebook,6.99,SE
u_10452,2025-02-25,ios,google_ads,44.25,IT
u_10159,2025-02-25,android,tiktok,45.67,SE
u_10425,2025-02-25,ios,google_ads,4.99,ES
u_10526,2025-02-25,ios,facebook,68.31,PL
u_10709,2025-02-25,android,google_ads,20.72,ES
u_10805,2025-02-25,ios,google_ads,36.9,SE
u_10806,2025-02-25,ios,google_ads,30.09,DE
u_10807,2025-02-25,android,facebook,45.37,FR
u_10808,2025-02-25,android,facebook,40.95,ES
u_10809,2025-02-25,android,google_ads,43.2,PT
u_10810,2025-02-25,android,facebook,42.69,DE
u_10811,2025-02-25,android,facebook,54.52,ES
u_10812,2025-02-25,android,google_ads,49.01,PL
u_10813,2025-02-25,android,google_ads,61.07,IE
u_10814,2025-02-25,android,google_ads,45.05,DE
u_10169,2025-02-26,android,tiktok,82.12,ES
u_10530,2025-02-26,android,twitter,42.97,BE
u_10539,2025-02-26,android,google_ads,28.24,IE
u_10464,2025-02-26,android,instagram,74.11,IE
u_10025,2025-02-26,ios,instagram,35.89,IE
u_10815,2025-02-26,ios,google_ads,47.76,FR
u_10816,2025-02-26,ios,instagram,63.2,IT
u_10817,2025-02-26,android,instagram,29.78,PL
u_10818,2025-02-26,ios,google_ads,62.09,NL
u_10819,2025-02-26,ios,instagram,41.95,IE
u_10820,2025-02-26,ios,facebook,15.49,SE
u_10821,2025-02-26,ios,twitter,36.39,IT
u_10822,2025-02-26,android,instagram,45.33,PT
u_10823,2025-02-26,android,instagram,36.89,DE
u_10824,2025-02-26,android,google_ads,31.3,DE
u_10825,2025-02-26,ios,google_ads,15.75,FR
u_10826,2025-02-26,android,google_ads,41.12,SE
u_10608,2025-02-27,ios,twitter,54.8,DE
u_10379,2025-02-27,android,google_ads,45.38,NL
u_10594,2025-02-27,ios,facebook,16.53,PT
u_10136,2025-02-27,android,instagram,76.82,DE
u_10497,2025-02-27,android,google_ads,29.31,SE
u_10483,2025-02-27,android,twitter,30.13,PT
u_10827,2025-02-27,android,facebook,62.79,FR
u_10828,2025-02-27,android,google_ads,25.42,FR
u_10829,2025-02-27,android,instagram,25.67,ES
u_10830,2025-02-27,android,google_ads,55.3,IT
u_10831,2025-02-27,ios,google_ads,17.84,DE
u_10832,2025-02-27,ios,google_ads,23.4,PT
u_10833,2025-02-27,ios,instagram,48.42,PT
u_10834,2025-02-27,ios,instagram,49.36,IT
u_10835,2025-02-27,ios,instagram,59.89,ES
u_10836,2025-02-27,ios,twitter,75.14,DE
u_10837,2025-02-27,ios,google_ads,32.84,DE
u_10838,2025-02-27,android,tiktok,45.77,DE
u_10839,2025-02-27,android,google_ads,31.07,PL
u_10005,2025-02-28,ios,facebook,13.09,FR
u_10386,2025-02-28,ios,google_ads,54.97,IT
u_10400,2025-02-28,ios,google_ads,46.31,BE
u_10522,2025-02-28,ios,instagram,45.51,IT
u_10238,2025-02-28,android,tiktok,33.11,FR
u_10840,2025-02-28,android,instagram,40.09,ES
u_10841,2025-02-28,ios,google_ads,37.11,FR
u_10842,2025-02-28,android,instagram,23.24,PL
u_10843,2025-02-28,android,tiktok,63.12,FR
u_10844,2025-02-28,android,tiktok,43.86,PT
u_10845,2025-02-28,ios,google_ads,20.69,IT
u_10846,2025-02-28,android,google_ads,33.17,IT
u_10847,2025-02-28,android,twitter,46.84,ES
u_10848,2025-02-28,android,instagram,6.99,FR
u_10849,2025-02-28,ios,tiktok,27.94,DE
u_10850,2025-02-28,android,google_ads,23.33,BE
u_10851,2025-02-28,android,google_ads,37.75,DE
u_10153,2025-03-01,ios,facebook,12.33,ES
u_10765,2025-03-01,android,google_ads,64.68,DE
u_10812,2025-03-01,android,google_ads,34.92,PL
u_10795,2025-03-01,android,facebook,17.56,BE
u_10823,2025-03-01,android,instagram,42.98,DE
u_10459,2025-03-01,android,google_ads,66.62,ES
u_10852,2025-03-01,ios,facebook,17.75,PT
u_10853,2025-03-01,ios,tiktok,48.85,SE
u_10854,2025-03-01,ios,google_ads,23.69,PL
u_10855,2025-03-01,ios,twitter,49.72,PL
u_10856,2025-03-01,ios,google_ads,15.09,FR
u_10857,2025-03-01,ios,google_ads,23.6,FR
u_10858,2025-03-01,android,instagram,6.99,PL
u_10859,2025-03-01,android,tiktok,82.07,FR
u_10860,2025-03-01,ios,google_ads,67.61,IE
u_10861,2025-03-01,ios,instagram,13.87,NL
u_10862,2025-03-01,android,google_ads,18.77,ES
u_10863,2025-03-01,ios,google_ads,26.9,DE
u_10864,2025-03-01,android,google_ads,25.18,IE
u_10556,2025-03-02,ios,tiktok,29.24,ES
u_10431,2025-03-02,android,instagram,44.2,BE
u_10612,2025-03-02,ios,google_ads,46.99,IT
u_10463,2025-03-02,ios,facebook,43.53,PL
u_10635,2025-03-02,ios,instagram,73.44,DE
u_10494,2025-03-02,ios,tiktok,50.41,PL
u_10865,2025-03-02,ios,twitter,22.33,PT
u_10866,2025-03-02,android,tiktok,60.58,BE
u_10867,2025-03-02,ios,google_ads,62.99,DE
u_10868,2025-03-02,android,facebook,39.13,PL
u_10869,2025-03-02,ios,instagram,33.65,PL
u_10870,2025-03-02,android,google_ads,55.67,SE
u_10871,2025-03-02,android,facebook,44.12,ES
u_10872,2025-03-02,android,twitter,40.8,IE
u_10873,2025-03-02,ios,facebook,58.55,SE
u_10874,2025-03-02,android,google_ads,40.87,BE
u_10875,2025-03-02,ios,instagram,26.45,DE
u_10876,2025-03-02,android,tiktok,35.55,DE
u_10877,2025-03-02,ios,instagram,71.24,PL
u_10878,2025-03-02,android,google_ads,33.8,DE
u_10094,2025-03-03,ios,instagram,16.47,DE
u_10844,2025-03-03,android,tiktok,36.69,PT
u_10294,2025-03-03,ios,google_ads,46.97,PL
u_10072,2025-03-03,android,google_ads,38.2,DE
u_10538,2025-03-03,android,google_ads,25.63,PL
u_10265,2025-03-03,android,google_ads,59.75,IT
u_10879,2025-03-03,ios,instagram,23.26,BE
u_10880,2025-03-03,android,google_ads,44.38,PL
u_10881,2025-03-03,android,facebook,34.67,FR
u_10882,2025-03-03,android,google_ads,25.0,SE
u_10883,2025-03-03,android,facebook,33.06,DE
u_10884,2025-03-03,ios,google_ads,81.38,FR
u_10885,2025-03-03,ios,facebook,37.14,FR
u_10886,2025-03-03,android,instagram,25.79,PT
u_10887,2025-03-03,ios,google_ads,45.73,ES
u_10888,2025-03-03,android,instagram,71.19,DE
u_10889,2025-03-03,ios,tiktok,37.91,PL
u_10890,2025-03-03,ios,google_ads,29.02,PL
u_10891,2025-03-03,ios,facebook,52.08,FR
u_10892,2025-03-03,ios,tiktok,46.86,FR
u_10496,2025-03-04,ios,google_ads,26.68,PL
u_10504,2025-03-04,ios,google_ads,10.22,NL
u_10213,2025-03-04,ios,instagram,37.37,NL
u_10443,2025-03-04,ios,google_ads,4.99,NL
u_10700,2025-03-04,android,google_ads,41.23,PT
u_10745,2025-03-04,android,google_ads,32.87,ES
u_10005,2025-03-04,ios,facebook,8.65,FR
u_10893,2025-03-04,android,tiktok,55.43,FR
u_10894,2025-03-04,ios,instagram,41.83,NL
u_10895,2025-03-04,ios,google_ads,67.28,FR
u_10896,2025-03-04,ios,google_ads,23.02,NL
u_10897,2025-03-04,android,tiktok,67.97,DE
u_10898,2025-03-04,android,google_ads,47.16,DE
u_10899,2025-03-04,android,google_ads,12.47,IT
u_10900,2025-03-04,ios,instagram,26.63,BE
u_10901,2025-03-04,ios,google_ads,6.99,BE
u_10902,2025-03-04,android,instagram,42.14,FR
u_10903,2025-03-04,ios,instagram,54.84,ES
u_10904,2025-03-04,ios,google_ads,53.71,IT
u_10905,2025-03-04,ios,tiktok,56.45,SE
u_10906,2025-03-04,ios,twitter,63.12,DE
u_10068,2025-03-05,ios,tiktok,16.32,PL
u_10303,2025-03-05,android,tiktok,31.9,DE
u_10456,2025-03-05,android,tiktok,49.56,DE
u_10678,2025-03-05,android,facebook,25.12,DE
u_10524,2025-03-05,ios,google_ads,55.98,PL
u_10594,2025-03-05,ios,facebook,13.5,PT
u_10907,2025-03-05,android,tiktok,56.18,FR
u_10908,2025-03-05,ios,google_ads,30.11,PT
u_10909,2025-03-05,android,google_ads,22.55,FR
u_10910,2025-03-05,ios,facebook,62.2,PL
u_10911,2025-03-05,ios,tiktok,63.98,ES
u_10912,2025-03-05,ios,google_ads,44.56,NL
u_10913,2025-03-05,android,twitter,39.99,ES
u_10914,2025-03-05,ios,google_ads,41.28,IE
u_10915,2025-03-05,android,facebook,10.52,ES
u_10916,2025-03-05,ios,google_ads,32.38,SE
u_10917,2025-03-05,android,google_ads,64.37,IE
u_10918,2025-03-05,android,instagram,46.25,SE
u_10919,2025-03-05,ios,instagram,34.66,DE
u_10920,2025-03-05,android,facebook,49.62,NL
u_10314,2025-03-06,ios,instagram,71.62,BE
u_10518,2025-03-06,ios,google_ads,33.97,IE
u_10458,2025-03-06,android,facebook,73.66,FR
u_10375,2025-03-06,android,facebook,10.92,IT
u_10621,2025-03-06,ios,google_ads,34.61,ES
u_10053,2025-03-06,ios,instagram,13.9,PL
u_10684,2025-03-06,android,tiktok,47.22,PT
u_10921,2025-03-06,ios,instagram,61.13,PL
u_10922,2025-03-06,ios,google_ads,36.82,BE
u_10923,2025-03-06,ios,instagram,39.71,PT
u_10924,2025-03-06,android,google_ads,61.72,BE
u_10925,2025-03-06,android,instagram,13.96,PL
u_10926,2025-03-06,android,facebook,47.85,NL
u_10927,2025-03-06,android,tiktok,6.99,IE
u_10928,2025-03-06,android,facebook,52.27,SE
u_10929,2025-03-06,ios,facebook,26.7,DE
u_10930,2025-03-06,ios,tiktok,42.47,BE
u_10931,2025-03-06,ios,tiktok,25.45,IE
u_10932,2025-03-06,ios,tiktok,41.19,FR
u_10933,2025-03-06,ios,facebook,42.83,IT
u_10934,2025-03-06,ios,instagram,37.32,DE
u_10935,2025-03-06,ios,tiktok,30.64,IE
u_10306,2025-03-07,ios,google_ads,77.32,ES
u_10064,2025-03-07,android,tiktok,9.35,DE
u_10732,2025-03-07,ios,google_ads,59.18,BE
u_10248,2025-03-07,android,facebook,12.01,DE
u_10254,2025-03-07,ios,google_ads,28.31,PL
u_10936,2025-03-07,ios,google_ads,16.89,PT
u_10937,2025-03-07,android,twitter,61.81,PT
u_10938,2025-03-07,ios,facebook,67.16,DE
u_10939,2025-03-07,ios,facebook,52.53,SE
u_10940,2025-03-07,ios,google_ads,29.7,IE
u_10941,2025-03-07,android,google_ads,43.17,SE
u_10942,2025-03-07,ios,twitter,32.19,DE
u_10943,2025-03-07,android,instagram,29.87,SE
u_10944,2025-03-07,android,google_ads,6.99,DE
u_10945,2025-03-07,ios,facebook,54.31,ES
u_10904,2025-03-08,ios,google_ads,63.92,IT
u_10550,2025-03-08,ios,facebook,26.79,IT
u_10570,2025-03-08,android,twitter,46.96,NL
u_10528,2025-03-08,ios,facebook,59.49,PL
u_10601,2025-03-08,ios,google_ads,9.8,PL
u_10371,2025-03-08,android,google_ads,66.63,ES
u_10871,2025-03-08,android,facebook,42.64,ES
u_10646,2025-03-08,android,google_ads,48.73,ES
u_10051,2025-03-08,ios,instagram,50.74,PT
u_10946,2025-03-08,ios,google_ads,31.95,NL
u_10947,2025-03-08,android,tiktok,30.15,IE
u_10948,2025-03-08,android,google_ads,30.2,DE
u_10949,2025-03-08,android,instagram,27.77,NL
u_10950,2025-03-08,ios,google_ads,13.19,PL
u_10951,2025-03-08,ios,google_ads,24.03,BE
u_10952,2025-03-08,ios,google_ads,65.62,IT
u_10953,2025-03-08,ios,google_ads,66.93,IT
u_10954,2025-03-08,android,google_ads,66.34,NL
u_10955,2025-03-08,android,instagram,31.7,BE
u_10956,2025-03-08,android,google_ads,29.37,ES
u_10957,2025-03-08,android,facebook,24.99,BE
u_10958,2025-03-08,android,twitter,66.71,FR
u_10959,2025-03-08,android,facebook,20.96,PL
u_10960,2025-03-08,android,tiktok,45.12,FR
u_10961,2025-03-08,android,google_ads,60.39,IT
u_10962,2025-03-08,android,google_ads,21.07,IT
u_10963,2025-03-08,ios,facebook,40.56,IT
u_10964,2025-03-08,android,twitter,61.06,DE
u_10803,2025-03-09,android,google_ads,26.8,DE
u_10461,2025-03-09,android,facebook,47.26,FR
u_10736,2025-03-09,android,google_ads,16.98,BE
u_10965,2025-03-09,ios,tiktok,22.07,NL
u_10966,2025-03-09,ios,instagram,56.22,FR
u_10967,2025-03-09,ios,tiktok,68.5,PT
u_10968,2025-03-09,android,tiktok,59.03,NL
u_10969,2025-03-09,android,instagram,9.6,DE
u_10970,2025-03-09,ios,facebook,40.46,SE
u_10971,2025-03-09,ios,facebook,12.68,IT
u_10511,2025-03-10,android,google_ads,42.96,DE
u_10262,2025-03-10,ios,facebook,34.24,PL
u_10524,2025-03-10,ios,google_ads,57.91,PL
u_10207,2025-03-10,ios,instagram,13.73,IE
u_10202,2025-03-10,ios,tiktok,17.13,NL
u_10077,2025-03-10,android,twitter,81.24,BE
u_10460,2025-03-10,android,tiktok,5.77,PT
u_10972,2025-03-10,ios,google_ads,42.44,NL
u_10973,2025-03-10,ios,twitter,23.37,DE
u_10974,2025-03-10,ios,google_ads,69.68,ES
u_10975,2025-03-10,android,google_ads,76.0,ES
u_10976,2025-03-10,ios,instagram,35.48,ES
u_10977,2025-03-10,ios,google_ads,20.43,SE
u_10978,2025-03-10,android,tiktok,26.01,DE
u_10979,2025-03-10,ios,google_ads,61.63,NL
u_10980,2025-03-10,android,google_ads,43.56,ES
u_10981,2025-03-10,ios,google_ads,35.38,PT
u_10982,2025-03-10,android,facebook,37.05,ES
u_10983,2025-03-10,android,instagram,64.21,NL
u_10984,2025-03-10,ios,google_ads,20.93,NL
u_10985,2025-03-10,ios,tiktok,62.5,DE
u_10089,2025-03-11,ios,google_ads,100.4,PT
u_10670,2025-03-11,ios,tiktok,17.37,SE
u_10704,2025-03-11,android,tiktok,51.37,DE
u_10482,2025-03-11,ios,facebook,5.31,ES
u_10590,2025-03-11,ios,google_ads,50.72,DE
u_10248,2025-03-11,android,facebook,13.63,DE
u_10889,2025-03-11,ios,tiktok,55.12,PL
u_10986,2025-03-11,android,google_ads,45.91,DE
u_10987,2025-03-11,android,instagram,30.73,PT
u_10988,2025-03-11,ios,instagram,37.4,SE
u_10989,2025-03-11,ios,google_ads,32.74,BE
u_10990,2025-03-11,ios,google_ads,35.78,IT
u_10991,2025-03-11,android,tiktok,79.39,SE
u_10992,2025-03-11,ios,instagram,16.51,FR
u_10993,2025-03-11,android,tiktok,40.99,PT
u_10994,2025-03-11,android,instagram,43.19,IT
u_10995,2025-03-11,android,google_ads,60.57,NL
u_10996,2025-03-11,ios,google_ads,32.83,ES
u_10997,2025-03-11,ios,google_ads,61.06,ES
u_10998,2025-03-11,android,instagram,64.61,FR
u_10999,2025-03-11,android,tiktok,55.79,DE
u_11000,2025-03-11,android,facebook,45.08,IE
u_11001,2025-03-11,android,google_ads,31.21,FR
u_10863,2025-03-12,ios,google_ads,26.6,DE
u_10694,2025-03-12,ios,google_ads,73.91,DE
u_10325,2025-03-12,ios,google_ads,77.24,NL
u_10714,2025-03-12,ios,tiktok,44.87,PL
u_10991,2025-03-12,android,tiktok,95.16,SE
u_10783,2025-03-12,android,facebook,50.76,PT
u_10203,2025-03-12,android,instagram,25.37,SE
u_10222,2025-03-12,ios,instagram,20.27,PL
u_11002,2025-03-12,android,tiktok,54.57,BE
u_11003,2025-03-12,android,twitter,21.29,PT
u_11004,2025-03-12,ios,google_ads,68.77,IT
u_11005,2025-03-12,android,tiktok,34.18,PL
u_11006,2025-03-12,android,instagram,34.4,IT
u_11007,2025-03-12,android,tiktok,29.92,DE
u_11008,2025-03-12,android,tiktok,72.29,IT
u_11009,2025-03-12,android,google_ads,43.75,DE
u_11010,2025-03-12,android,facebook,50.13,NL
u_11011,2025-03-12,android,twitter,18.73,SE
u_11012,2025-03-12,ios,google_ads,48.95,IT
u_11013,2025-03-12,ios,google_ads,34.23,ES
u_11014,2025-03-12,android,google_ads,61.24,PL
u_11015,2025-03-12,ios,tiktok,65.86,NL
u_11016,2025-03-12,android,tiktok,46.5,FR
u_11017,2025-03-12,ios,tiktok,21.22,FR
u_10012,2025-03-13,android,google_ads,28.44,DE
u_10912,2025-03-13,ios,google_ads,14.54,NL
u_10674,2025-03-13,ios,instagram,60.94,PL
u_10189,2025-03-13,android,facebook,16.42,FR
u_10332,2025-03-13,ios,google_ads,25.72,IT
u_11018,2025-03-13,ios,google_ads,60.12,BE
u_11019,2025-03-13,android,facebook,47.87,NL
u_11020,2025-03-13,ios,google_ads,38.09,FR
u_11021,2025-03-13,ios,instagram,32.58,DE
u_11022,2025-03-13,android,twitter,81.05,PL
u_11023,2025-03-13,ios,tiktok,33.05,FR
u_11024,2025-03-13,ios,google_ads,35.13,PT
u_11025,2025-03-13,ios,google_ads,56.09,BE
u_11026,2025-03-13,android,google_ads,46.92,IT
u_11027,2025-03-13,android,facebook,19.21,FR
u_10067,2025-03-14,ios,google_ads,36.84,SE
u_10412,2025-03-14,ios,instagram,10.94,BE
u_10538,2025-03-14,android,google_ads,21.07,PL
u_10642,2025-03-14,ios,google_ads,31.72,FR
u_10382,2025-03-14,ios,facebook,23.31,DE
u_10916,2025-03-14,ios,google_ads,23.15,SE
u_10477,2025-03-14,ios,google_ads,42.32,IT
u_11028,2025-03-14,android,google_ads,77.85,SE
u_11029,2025-03-14,android,google_ads,24.69,PL
u_11030,2025-03-14,android,tiktok,68.87,FR
u_11031,2025-03-14,ios,facebook,46.6,IT
u_11032,2025-03-14,android,instagram,52.84,IE
u_11033,2025-03-14,ios,instagram,60.24,PT
u_11034,2025-03-14,ios,instagram,38.09,PT
u_11035,2025-03-14,ios,tiktok,38.52,IE
u_11036,2025-03-14,ios,google_ads,16.39,SE
u_11037,2025-03-14,android,tiktok,77.63,PL
u_11038,2025-03-14,ios,tiktok,76.1,NL
u_11039,2025-03-14,android,tiktok,45.38,SE
u_11040,2025-03-14,android,twitter,28.42,DE
u_11041,2025-03-14,android,tiktok,40.64,BE
u_10678,2025-03-15,android,facebook,38.67,DE
u_10161,2025-03-15,android,google_ads,72.64,BE
u_10757,2025-03-15,android,google_ads,55.42,FR
u_11042,2025-03-15,ios,tiktok,20.28,DE
u_11043,2025-03-15,android,facebook,38.82,ES
u_11044,2025-03-15,ios,facebook,47.86,IT
u_11045,2025-03-15,ios,instagram,51.8,ES
u_11046,2025-03-15,android,google_ads,47.32,PL
u_11047,2025-03-15,ios,twitter,6.99,NL
u_11048,2025-03-15,android,google_ads,52.46,SE
u_10335,2025-03-16,android,tiktok,54.59,SE
u_10336,2025-03-16,android,tiktok,42.61,PT
u_10934,2025-03-16,ios,instagram,53.92,DE
u_11049,2025-03-16,ios,twitter,52.89,SE
u_11050,2025-03-16,android,tiktok,43.48,SE
u_11051,2025-03-16,ios,instagram,52.67,NL
u_11052,2025-03-16,android,tiktok,11.79,PT
u_11053,2025-03-16,android,google_ads,66.08,IT
u_11054,2025-03-16,ios,instagram,61.94,ES
u_11055,2025-03-16,ios,facebook,38.12,PL
u_11056,2025-03-16,android,instagram,74.1,IE
u_10682,2025-03-17,android,instagram,18.75,DE
u_10814,2025-03-17,android,google_ads,49.33,DE
u_10119,2025-03-17,ios,tiktok,17.1,PT
u_10984,2025-03-17,ios,google_ads,20.87,NL
u_10405,2025-03-17,ios,google_ads,66.77,ES
u_10998,2025-03-17,android,instagram,59.32,FR
u_10023,2025-03-17,android,google_ads,38.9,IT
u_11032,2025-03-17,android,instagram,66.76,IE
u_10486,2025-03-17,ios,instagram,50.79,SE
u_11057,2025-03-17,android,facebook,34.51,IE
u_11058,2025-03-17,android,google_ads,40.47,PL
u_11059,2025-03-17,android,facebook,62.15,IT
u_11060,2025-03-17,android,google_ads,18.21,BE
u_11061,2025-03-17,android,google_ads,56.37,ES
u_11062,2025-03-17,android,google_ads,48.41,DE
u_11063,2025-03-17,android,google_ads,40.42,SE
u_11064,2025-03-17,android,facebook,39.73,PL
u_11065,2025-03-17,ios,facebook,21.87,ES
u_11066,2025-03-17,ios,instagram,16.92,FR
u_11067,2025-03-17,ios,tiktok,55.11,NL
u_11068,2025-03-17,ios,google_ads,27.98,NL
u_11069,2025-03-17,android,instagram,52.65,SE
u_11070,2025-03-17,android,google_ads,32.4,ES
u_11071,2025-03-17,android,facebook,19.05,SE
u_11072,2025-03-17,android,google_ads,23.92,DE
u_11073,2025-03-17,ios,google_ads,57.73,DE
u_11074,2025-03-17,android,google_ads,35.02,SE
u_11075,2025-03-17,ios,facebook,21.3,ES
u_10300,2025-03-18,android,instagram,48.43,BE
u_10381,2025-03-18,ios,google_ads,23.06,IE
u_10294,2025-03-18,ios,google_ads,23.69,PL
u_10921,2025-03-18,ios,instagram,74.97,PL
u_10760,2025-03-18,android,twitter,24.91,IT
u_11076,2025-03-18,ios,instagram,39.65,DE
u_11077,2025-03-18,ios,google_ads,40.94,DE
u_11078,2025-03-18,ios,facebook,19.92,BE
u_11079,2025-03-18,ios,instagram,44.12,IE
u_11080,2025-03-18,android,google_ads,39.67,PL
u_11081,2025-03-18,android,google_ads,50.95,FR
u_11082,2025-03-18,ios,tiktok,38.53,PL
u_11083,2025-03-18,ios,facebook,15.63,PL
u_11084,2025-03-18,android,tiktok,20.46,ES
u_11085,2025-03-18,ios,facebook,25.84,FR
u_11086,2025-03-18,android,facebook,73.17,IE
u_10257,2025-03-19,android,google_ads,41.89,IT
u_10895,2025-03-19,ios,google_ads,71.02,FR
u_10753,2025-03-19,ios,twitter,45.11,DE
u_10781,2025-03-19,ios,google_ads,107.86,DE
u_10689,2025-03-19,android,google_ads,57.58,DE
u_10335,2025-03-19,android,tiktok,75.87,SE
u_11087,2025-03-19,android,google_ads,29.3,IT
u_11088,2025-03-19,ios,instagram,42.94,PL
u_11089,2025-03-19,ios,facebook,58.08,PT
u_11090,2025-03-19,ios,tiktok,48.1,ES
u_11091,2025-03-19,ios,twitter,32.51,DE
u_11092,2025-03-19,android,google_ads,55.35,ES
u_11093,2025-03-19,ios,facebook,22.33,FR
u_11094,2025-03-19,ios,instagram,53.96,FR
u_11095,2025-03-19,android,tiktok,32.89,ES
u_11096,2025-03-19,ios,google_ads,37.0,PL
u_11097,2025-03-19,ios,google_ads,6.99,ES
u_11098,2025-03-19,android,twitter,33.86,SE
u_11068,2025-03-20,ios,google_ads,31.78,NL
u_10689,2025-03-20,android,google_ads,54.94,DE
u_10970,2025-03-20,ios,facebook,64.13,SE
u_10229,2025-03-20,android,tiktok,38.66,PL
u_11013,2025-03-20,ios,google_ads,52.18,ES
u_10362,2025-03-20,ios,instagram,38.48,DE
u_10443,2025-03-20,ios,google_ads,8.64,NL
u_10605,2025-03-20,android,facebook,90.57,FR
u_11099,2025-03-20,ios,instagram,23.08,IT
u_11100,2025-03-20,ios,instagram,7.15,SE
u_11101,2025-03-20,android,instagram,56.52,FR
u_11102,2025-03-20,android,instagram,35.95,FR
u_11103,2025-03-20,android,google_ads,74.43,NL
u_11104,2025-03-20,ios,instagram,28.99,SE
u_11105,2025-03-20,ios,twitter,52.11,SE
u_11106,2025-03-20,ios,facebook,60.43,DE
u_11107,2025-03-20,ios,google_ads,71.49,FR
u_11108,2025-03-20,android,google_ads,55.19,ES
u_11109,2025-03-20,android,google_ads,15.22,DE
u_11110,2025-03-20,android,twitter,45.61,FR
u_11111,2025-03-20,android,facebook,24.38,FR
u_11112,2025-03-20,ios,tiktok,41.19,IE
u_11113,2025-03-20,android,twitter,43.19,SE
u_11114,2025-03-20,android,google_ads,18.93,BE
u_10612,2025-03-21,ios,google_ads,71.96,IT
u_10111,2025-03-21,ios,instagram,20.41,ES
u_10334,2025-03-21,android,google_ads,25.57,IT
u_10638,2025-03-21,ios,instagram,39.27,DE
u_10796,2025-03-21,android,google_ads,23.78,SE
u_10362,2025-03-21,ios,instagram,46.94,DE
u_10873,2025-03-21,ios,facebook,60.39,SE
u_10149,2025-03-21,android,facebook,33.86,IE
u_11115,2025-03-21,ios,twitter,47.73,NL
u_11116,2025-03-21,ios,google_ads,17.89,PT
u_11117,2025-03-21,android,google_ads,11.88,BE
u_11118,2025-03-21,ios,facebook,57.41,ES
u_11119,2025-03-21,android,google_ads,43.56,IE
u_11120,2025-03-21,ios,facebook,49.17,DE
u_11121,2025-03-21,android,tiktok,88.17,FR
u_11122,2025-03-21,android,tiktok,27.23,DE
u_11123,2025-03-21,ios,twitter,29.81,FR
u_11124,2025-03-21,android,google_ads,19.45,DE
u_11125,2025-03-21,android,tiktok,20.0,BE
u_11126,2025-03-21,ios,facebook,58.84,PL
u_11127,2025-03-21,android,facebook,63.29,DE
u_11128,2025-03-21,ios,tiktok,46.02,FR
u_11129,2025-03-21,ios,twitter,11.2,DE
u_11130,2025-03-21,android,google_ads,57.74,NL
u_11131,2025-03-21,android,google_ads,40.25,BE
u_11132,2025-03-21,ios,google_ads,23.8,IE
u_10459,2025-03-22,android,google_ads,72.6,ES
u_10010,2025-03-22,android,google_ads,60.08,DE
u_10142,2025-03-22,android,instagram,47.09,DE
u_10603,2025-03-22,android,tiktok,7.62,DE
u_11133,2025-03-22,android,facebook,31.54,BE
u_11134,2025-03-22,android,twitter,56.9,ES
u_11135,2025-03-22,android,facebook,78.66,IE
u_11136,2025-03-22,ios,instagram,50.33,PL
u_11137,2025-03-22,ios,facebook,71.47,PL
u_11138,2025-03-22,android,google_ads,29.5,IT
u_11139,2025-03-22,android,instagram,59.28,IT
u_11140,2025-03-22,ios,tiktok,61.17,ES
u_11141,2025-03-22,android,tiktok,40.13,SE
u_11142,2025-03-22,android,instagram,62.54,DE
u_10881,2025-03-23,android,facebook,43.08,FR
u_10861,2025-03-23,ios,instagram,11.61,NL
u_10316,2025-03-23,ios,facebook,46.77,PL
u_10798,2025-03-23,android,google_ads,40.69,DE
u_10931,2025-03-23,ios,tiktok,32.03,IE
u_11054,2025-03-23,ios,instagram,84.04,ES
u_11143,2025-03-23,ios,facebook,72.26,PL
u_11144,2025-03-23,android,tiktok,38.93,ES
u_11145,2025-03-23,ios,facebook,39.87,PL
u_11146,2025-03-23,android,twitter,32.5,FR
u_11147,2025-03-23,ios,instagram,39.66,IE
u_11148,2025-03-23,ios,google_ads,57.94,DE
u_11149,2025-03-23,android,twitter,54.21,SE
u_11150,2025-03-23,ios,google_ads,51.72,ES
u_11151,2025-03-23,ios,google_ads,6.99,PL
u_11152,2025-03-23,android,google_ads,30.19,DE
u_11153,2025-03-23,android,tiktok,39.4,DE
u_11154,2025-03-23,android,tiktok,63.0,ES
u_10009,2025-03-24,android,facebook,45.86,IE
u_10945,2025-03-24,ios,facebook,48.77,ES
u_10680,2025-03-24,android,google_ads,4.99,IT
u_11011,2025-03-24,android,twitter,20.44,SE
u_10897,2025-03-24,android,tiktok,83.25,DE
u_10138,2025-03-24,android,google_ads,28.67,FR
u_11155,2025-03-24,ios,facebook,33.58,DE
u_11156,2025-03-24,android,facebook,18.66,FR
u_11157,2025-03-24,android,google_ads,39.91,BE
u_11158,2025-03-24,ios,google_ads,52.09,FR
u_11159,2025-03-24,ios,tiktok,29.89,NL
u_11160,2025-03-24,ios,twitter,53.06,DE
u_11161,2025-03-24,android,instagram,43.15,IE
u_11162,2025-03-24,android,instagram,66.99,SE
u_11163,2025-03-24,android,instagram,18.67,DE
u_11164,2025-03-24,android,google_ads,38.42,DE
u_11165,2025-03-24,android,tiktok,46.93,PL
u_11166,2025-03-24,android,tiktok,36.14,DE
u_11055,2025-03-25,ios,facebook,42.97,PL
u_10128,2025-03-25,android,facebook,20.29,BE
u_11061,2025-03-25,android,google_ads,61.05,ES
u_10399,2025-03-25,android,twitter,27.37,FR
u_10424,2025-03-25,android,tiktok,52.25,IT
u_10205,2025-03-25,android,tiktok,61.18,FR
u_11167,2025-03-25,android,tiktok,49.17,SE
u_11168,2025-03-25,ios,instagram,37.65,ES
u_11169,2025-03-25,ios,google_ads,41.39,FR
u_11170,2025-03-25,android,tiktok,58.01,ES
u_11171,2025-03-25,android,google_ads,6.99,ES
u_11172,2025-03-25,android,instagram,75.77,PT
u_11173,2025-03-25,android,facebook,30.06,NL
u_11174,2025-03-25,android,facebook,48.02,FR
u_11175,2025-03-25,android,google_ads,58.8,NL
u_11176,2025-03-25,android,google_ads,54.69,ES
u_11177,2025-03-25,ios,google_ads,61.04,ES
u_11178,2025-03-25,android,instagram,44.25,DE
u_11179,2025-03-25,ios,facebook,19.37,ES
u_10079,2025-03-26,android,google_ads,56.88,IT
u_11001,2025-03-26,android,google_ads,22.88,FR
u_10306,2025-03-26,ios,google_ads,88.76,ES
u_10589,2025-03-26,android,twitter,24.38,SE
u_10883,2025-03-26,android,facebook,31.27,DE
u_10209,2025-03-26,ios,instagram,43.33,PT
u_11180,2025-03-26,ios,tiktok,65.08,DE
u_11181,2025-03-26,ios,tiktok,65.01,PL
u_11182,2025-03-26,android,instagram,45.72,IT
u_11183,2025-03-26,android,facebook,51.57,BE
u_11184,2025-03-26,android,instagram,57.24,NL
u_11185,2025-03-26,ios,tiktok,55.05,ES
u_11186,2025-03-26,ios,tiktok,38.28,IT
u_11187,2025-03-26,android,twitter,38.5,IT
u_11188,2025-03-26,android,twitter,43.24,SE
u_11189,2025-03-26,android,twitter,42.04,ES
u_11190,2025-03-26,ios,google_ads,42.67,ES
u_11191,2025-03-26,android,facebook,35.34,PL
u_11192,2025-03-26,ios,tiktok,17.75,FR
u_11193,2025-03-26,android,google_ads,37.63,IT
u_10866,2025-03-27,android,tiktok,41.23,BE
u_10445,2025-03-27,android,google_ads,37.94,SE
u_10850,2025-03-27,android,google_ads,30.14,BE
u_10789,2025-03-27,ios,instagram,21.44,FR
u_10911,2025-03-27,ios,tiktok,64.94,ES
u_10268,2025-03-27,ios,tiktok,22.23,ES
u_11194,2025-03-27,ios,instagram,40.62,PT
u_11195,2025-03-27,android,tiktok,44.59,PT
u_11196,2025-03-27,ios,instagram,57.29,DE
u_11197,2025-03-27,android,instagram,54.57,PL
u_11198,2025-03-27,ios,instagram,48.03,BE
u_11199,2025-03-27,ios,facebook,31.94,BE
u_11200,2025-03-27,android,instagram,44.64,FR
u_11201,2025-03-27,android,instagram,26.73,PL
u_11202,2025-03-27,android,google_ads,39.09,SE
u_11203,2025-03-27,ios,instagram,39.14,ES
u_11204,2025-03-27,ios,google_ads,28.29,IT
u_11205,2025-03-27,android,instagram,56.92,SE
u_11206,2025-03-27,ios,tiktok,18.43,ES
u_11207,2025-03-27,android,google_ads,37.36,NL
u_10702,2025-03-28,ios,google_ads,37.39,IE
u_10206,2025-03-28,android,google_ads,37.3,IT
u_11067,2025-03-28,ios,tiktok,57.92,NL
u_10803,2025-03-28,android,google_ads,28.13,DE
u_10436,2025-03-28,android,instagram,26.34,SE
u_10517,2025-03-28,ios,google_ads,43.54,NL
u_11141,2025-03-28,android,tiktok,33.34,SE
u_11208,2025-03-28,android,google_ads,47.75,DE
u_11209,2025-03-28,android,google_ads,59.9,IT
u_11210,2025-03-28,ios,google_ads,47.27,IE
u_11211,2025-03-28,android,twitter,66.96,DE
u_11212,2025-03-28,android,google_ads,39.38,PT
u_11213,2025-03-28,ios,google_ads,72.53,BE
u_11214,2025-03-28,ios,tiktok,30.21,NL
u_11215,2025-03-28,android,tiktok,47.89,DE
u_11216,2025-03-28,ios,tiktok,49.2,PT
u_11217,2025-03-28,ios,tiktok,32.26,SE
u_11218,2025-03-28,android,google_ads,6.99,DE
u_11219,2025-03-28,ios,instagram,54.09,IT
u_11220,2025-03-28,android,twitter,40.18,IE
u_11221,2025-03-28,android,google_ads,53.71,DE
u_11222,2025-03-28,android,tiktok,63.35,IE
u_10661,2025-03-29,android,google_ads,53.99,NL
u_10063,2025-03-29,android,facebook,31.98,ES
u_10506,2025-03-29,android,tiktok,38.86,SE
u_10948,2025-03-29,android,google_ads,36.15,DE
u_10012,2025-03-29,android,google_ads,21.33,DE
u_10352,2025-03-29,android,facebook,38.1,PL
u_11223,2025-03-29,android,facebook,51.85,IT
u_11224,2025-03-29,android,google_ads,86.7,IT
u_11225,2025-03-29,ios,facebook,29.59,IT
u_11226,2025-03-29,android,facebook,41.48,PL
u_11227,2025-03-29,android,google_ads,19.0,BE
u_11228,2025-03-29,ios,instagram,60.73,PL
u_11229,2025-03-29,ios,google_ads,12.86,BE
u_11230,2025-03-29,ios,instagram,49.79,FR
u_11231,2025-03-29,android,google_ads,13.49,ES
u_11232,2025-03-29,ios,tiktok,16.9,SE
u_11233,2025-03-29,ios,google_ads,21.1,DE
u_11234,2025-03-29,android,instagram,25.16,DE
u_11043,2025-03-30,android,facebook,37.28,ES
u_10264,2025-03-30,ios,facebook,21.94,DE
u_10818,2025-03-30,ios,google_ads,50.99,NL
u_10044,2025-03-30,ios,twitter,48.03,FR
u_10740,2025-03-30,ios,twitter,45.11,IT
u_10769,2025-03-30,ios,instagram,34.18,IT
u_10797,2025-03-30,ios,tiktok,49.68,IE
u_11235,2025-03-30,android,google_ads,50.27,ES
u_11236,2025-03-30,android,google_ads,18.19,DE
u_11237,2025-03-30,android,instagram,31.83,DE
u_11238,2025-03-30,ios,tiktok,38.13,IE
u_11239,2025-03-30,ios,facebook,76.83,BE
u_11240,2025-03-30,android,google_ads,65.75,FR
u_11241,2025-03-30,ios,google_ads,42.83,FR
u_11242,2025-03-30,ios,facebook,41.25,SE
u_11243,2025-03-30,ios,instagram,59.87,ES
u_11244,2025-03-30,ios,facebook,34.94,IT
u_11245,2025-03-30,ios,twitter,32.6,FR
u_11246,2025-03-30,ios,google_ads,30.82,DE
u_11247,2025-03-30,android,google_ads,42.13,PL
u_11248,2025-03-30,android,tiktok,27.38,FR
u_10773,2025-03-31,android,google_ads,43.54,DE
u_10111,2025-03-31,ios,instagram,22.23,ES
u_11169,2025-03-31,ios,google_ads,34.19,FR
u_10584,2025-03-31,ios,instagram,77.49,IT
u_11249,2025-03-31,ios,tiktok,73.61,IT
u_11250,2025-03-31,ios,facebook,62.43,DE
u_11251,2025-03-31,android,facebook,44.26,FR
u_11252,2025-03-31,ios,google_ads,38.82,SE
u_11253,2025-03-31,android,google_ads,85.56,FR
u_11254,2025-03-31,ios,facebook,37.1,NL
u_11255,2025-03-31,android,twitter,44.04,ES
u_11256,2025-03-31,android,google_ads,49.4,DE
u_11257,2025-03-31,android,tiktok,16.25,FR
u_11258,2025-03-31,ios,tiktok,59.61,IT
u_10804,2025-04-01,android,facebook,8.69,SE
u_10277,2025-04-01,ios,tiktok,27.55,BE
u_11145,2025-04-01,ios,facebook,34.66,PL
u_11240,2025-04-01,android,google_ads,41.65,FR
u_10149,2025-04-01,android,facebook,48.26,IE
u_11259,2025-04-01,ios,instagram,11.2,PL
u_11260,2025-04-01,ios,instagram,86.49,SE
u_11261,2025-04-01,ios,google_ads,52.57,IT
u_11262,2025-04-01,ios,facebook,25.54,DE
u_11263,2025-04-01,ios,tiktok,53.34,IT
u_11264,2025-04-01,android,instagram,67.29,IT
u_11265,2025-04-01,android,google_ads,12.61,BE
u_11266,2025-04-01,ios,facebook,33.76,DE
u_11267,2025-04-01,ios,twitter,37.62,PL
u_11268,2025-04-01,android,google_ads,6.99,DE
u_10159,2025-04-02,android,tiktok,36.41,SE
u_10646,2025-04-02,android,google_ads,27.35,ES
u_10239,2025-04-02,android,twitter,15.8,IT
u_10163,2025-04-02,ios,facebook,37.03,DE
u_10231,2025-04-02,android,twitter,58.01,PT
u_11243,2025-04-02,ios,instagram,74.79,ES
u_11073,2025-04-02,ios,google_ads,41.49,DE
u_11269,2025-04-02,android,instagram,19.97,ES
u_11270,2025-04-02,ios,google_ads,41.23,PL
u_11271,2025-04-02,android,instagram,56.99,PL
u_11272,2025-04-02,ios,instagram,6.99,SE
u_11273,2025-04-02,android,google_ads,53.1,ES
u_11274,2025-04-02,android,tiktok,59.04,DE
u_11275,2025-04-02,ios,instagram,82.42,SE
u_11276,2025-04-02,android,facebook,44.04,PT
u_11277,2025-04-02,android,google_ads,7.8,IT
u_11278,2025-04-02,ios,facebook,9.24,PL
u_11279,2025-04-02,ios,instagram,42.08,IE
u_11280,2025-04-02,android,instagram,70.1,ES
u_11281,2025-04-02,ios,facebook,27.75,IT
u_11282,2025-04-02,android,facebook,84.93,PL
u_11283,2025-04-02,android,instagram,19.67,FR
u_10228,2025-04-03,ios,google_ads,17.25,FR
u_10271,2025-04-03,android,google_ads,57.64,DE
u_10546,2025-04-03,ios,twitter,9.78,FR
u_11284,2025-04-03,android,google_ads,97.8,DE
u_11285,2025-04-03,android,instagram,64.95,FR
u_11286,2025-04-03,android,instagram,44.0,ES
u_11287,2025-04-03,android,google_ads,49.12,ES
u_11288,2025-04-03,android,google_ads,67.64,NL
u_11289,2025-04-03,android,tiktok,23.4,BE
u_11290,2025-04-03,ios,google_ads,64.25,IT
u_11291,2025-04-03,ios,instagram,36.7,PL
u_11071,2025-04-04,android,facebook,28.31,SE
u_10737,2025-04-04,android,facebook,15.34,IT
u_10758,2025-04-04,android,facebook,38.46,PL
u_10342,2025-04-04,ios,facebook,27.28,ES
u_10019,2025-04-04,android,instagram,24.84,FR
u_10334,2025-04-04,android,google_ads,41.19,IT
u_10069,2025-04-04,android,google_ads,26.05,NL
u_10937,2025-04-04,android,twitter,94.57,PT
u_11292,2025-04-04,android,google_ads,56.35,IE
u_11293,2025-04-04,ios,tiktok,57.35,SE
u_11294,2025-04-04,android,google_ads,47.65,PT
u_11295,2025-04-04,ios,facebook,24.09,FR
u_11296,2025-04-04,android,instagram,31.8,PL
u_11297,2025-04-04,android,instagram,45.09,DE
u_11298,2025-04-04,ios,google_ads,19.93,DE
u_11299,2025-04-04,ios,instagram,33.13,PL
u_11300,2025-04-04,ios,tiktok,25.91,PL
u_11301,2025-04-04,android,google_ads,100.11,FR
u_11302,2025-04-04,ios,facebook,9.04,SE
u_11303,2025-04-04,ios,facebook,21.92,PL
u_11304,2025-04-04,ios,facebook,18.59,PT
u_11305,2025-04-04,android,instagram,73.66,ES
u_11306,2025-04-04,ios,instagram,31.37,PL
u_11307,2025-04-04,ios,tiktok,25.26,FR
u_10212,2025-04-05,android,instagram,36.2,DE
u_11090,2025-04-05,ios,tiktok,41.82,ES
u_11191,2025-04-05,android,facebook,19.64,PL
u_10658,2025-04-05,ios,facebook,25.25,FR
u_11201,2025-04-05,android,instagram,31.01,PL
u_10134,2025-04-05,ios,facebook,14.86,SE
u_11308,2025-04-05,ios,instagram,40.53,FR
u_11309,2025-04-05,ios,instagram,32.9,SE
u_11310,2025-04-05,android,instagram,23.22,PL
u_11311,2025-04-05,ios,google_ads,74.25,ES
u_11312,2025-04-05,android,tiktok,7.01,PL
u_11313,2025-04-05,android,instagram,62.15,DE
u_11314,2025-04-05,android,instagram,44.01,PT
u_11315,2025-04-05,ios,facebook,12.61,PL
u_11316,2025-04-05,ios,google_ads,32.87,IT
u_11317,2025-04-05,android,tiktok,42.12,DE
u_11318,2025-04-05,ios,facebook,44.09,ES
u_11319,2025-04-05,android,tiktok,83.65,SE
u_11320,2025-04-05,android,facebook,12.93,ES
u_11321,2025-04-05,android,tiktok,20.29,NL
u_11187,2025-04-06,android,twitter,41.67,IT
u_11066,2025-04-06,ios,instagram,19.16,FR
u_10300,2025-04-06,android,instagram,40.78,BE
u_10242,2025-04-06,android,twitter,31.04,DE
u_10405,2025-04-06,ios,google_ads,74.24,ES
u_10966,2025-04-06,ios,instagram,45.58,FR
u_11322,2025-04-06,ios,instagram,36.72,SE
u_11323,2025-04-06,android,google_ads,45.69,ES
u_11324,2025-04-06,ios,twitter,21.02,PL
u_11325,2025-04-06,ios,tiktok,55.63,DE
u_11326,2025-04-06,ios,google_ads,49.45,PL
u_11327,2025-04-06,android,instagram,23.07,DE
u_11328,2025-04-06,android,twitter,81.92,IT
u_11329,2025-04-06,android,instagram,45.7,FR
u_11330,2025-04-06,ios,google_ads,55.02,DE
u_11331,2025-04-06,ios,instagram,26.1,SE
u_11332,2025-04-06,ios,tiktok,39.31,FR
u_11333,2025-04-06,ios,facebook,23.87,NL
u_11334,2025-04-06,ios,facebook,20.58,NL
u_11077,2025-04-07,ios,google_ads,52.49,DE
u_10389,2025-04-07,android,instagram,72.55,SE
u_10173,2025-04-07,android,facebook,106.7,SE
u_10916,2025-04-07,ios,google_ads,26.77,SE
u_11335,2025-04-07,ios,google_ads,12.03,PL
u_11336,2025-04-07,ios,twitter,83.22,DE
u_11337,2025-04-07,android,instagram,57.55,IT
u_11338,2025-04-07,ios,facebook,22.72,FR
u_11339,2025-04-07,ios,facebook,78.62,PL
u_11340,2025-04-07,android,facebook,92.3,ES
u_11341,2025-04-07,android,instagram,6.99,IT
u_11342,2025-04-07,android,tiktok,32.57,SE
u_11343,2025-04-07,android,tiktok,40.14,DE
u_10623,2025-04-08,android,twitter,74.47,BE
u_10874,2025-04-08,android,google_ads,36.71,BE
u_10026,2025-04-08,android,instagram,53.23,DE
u_10806,2025-04-08,ios,google_ads,40.72,DE
u_10220,2025-04-08,ios,twitter,5.33,FR
u_10157,2025-04-08,ios,google_ads,9.87,FR
u_11344,2025-04-08,android,twitter,9.84,SE
u_11345,2025-04-08,android,instagram,47.2,SE
u_11346,2025-04-08,ios,instagram,37.25,ES
u_11347,2025-04-08,ios,facebook,66.04,PT
u_11348,2025-04-08,ios,tiktok,50.04,FR
u_11349,2025-04-08,android,instagram,56.3,BE
u_11350,2025-04-08,android,facebook,49.82,DE
u_11351,2025-04-08,ios,tiktok,22.28,PT
u_11352,2025-04-08,ios,tiktok,49.41,NL
u_11353,2025-04-08,android,facebook,61.84,SE
u_11354,2025-04-08,android,tiktok,19.92,DE
u_11355,2025-04-08,ios,facebook,33.82,DE
u_11356,2025-04-08,android,facebook,33.61,ES
u_11357,2025-04-08,android,tiktok,37.34,ES
u_10392,2025-04-09,ios,twitter,19.43,IE
u_11242,2025-04-09,ios,facebook,20.02,SE
u_10772,2025-04-09,android,instagram,29.46,NL
u_10585,2025-04-09,android,instagram,32.28,PT
u_10482,2025-04-09,ios,facebook,8.44,ES
u_11338,2025-04-09,ios,facebook,27.61,FR
u_11007,2025-04-09,android,tiktok,30.53,DE
u_10667,2025-04-09,android,tiktok,6.03,ES
u_10804,2025-04-09,android,facebook,7.5,SE
u_11358,2025-04-09,android,google_ads,47.05,DE
u_11359,2025-04-09,android,facebook,68.12,SE
u_11360,2025-04-09,android,twitter,25.5,PT
u_11361,2025-04-09,ios,google_ads,68.5,IT
u_11362,2025-04-09,ios,twitter,15.71,DE
u_11363,2025-04-09,android,tiktok,44.67,PL
u_11364,2025-04-09,ios,tiktok,33.03,SE
u_11365,2025-04-09,android,google_ads,44.55,DE
u_11366,2025-04-09,ios,facebook,57.48,PL
u_11367,2025-04-09,android,google_ads,36.07,IE
u_11368,2025-04-09,ios,tiktok,13.16,SE
u_11369,2025-04-09,ios,instagram,30.48,DE
u_11370,2025-04-09,ios,google_ads,68.81,PL
u_11371,2025-04-09,android,google_ads,48.77,PL
u_11372,2025-04-09,android,facebook,32.71,SE
u_11373,2025-04-09,ios,google_ads,39.19,NL
u_11374,2025-04-09,android,instagram,56.42,BE
u_11375,2025-04-09,ios,facebook,21.62,NL
u_11376,2025-04-09,android,facebook,74.77,BE
u_11377,2025-04-09,android,instagram,64.88,BE
u_10180,2025-04-10,android,twitter,75.47,PT
u_10258,2025-04-10,android,tiktok,73.66,BE
u_10043,2025-04-10,android,tiktok,38.13,ES
u_11042,2025-04-10,ios,tiktok,24.73,DE
u_10392,2025-04-10,ios,twitter,30.99,IE
u_10309,2025-04-10,ios,facebook,40.32,ES
u_10147,2025-04-10,android,google_ads,30.11,BE
u_11059,2025-04-10,android,facebook,28.96,IT
u_10297,2025-04-10,ios,google_ads,39.03,PL
u_10400,2025-04-10,ios,google_ads,20.9,BE
u_11378,2025-04-10,ios,twitter,37.52,ES
u_11379,2025-04-10,ios,instagram,21.24,ES
u_11380,2025-04-10,ios,instagram,35.54,ES
u_11381,2025-04-10,android,facebook,41.55,NL
u_11382,2025-04-10,android,google_ads,47.56,PT
u_11383,2025-04-10,android,google_ads,40.64,ES
u_11384,2025-04-10,ios,facebook,36.83,ES
u_11385,2025-04-10,ios,facebook,43.24,NL
u_11386,2025-04-10,ios,google_ads,53.88,BE
u_11387,2025-04-10,android,tiktok,44.49,FR
u_11388,2025-04-10,android,google_ads,15.05,FR
u_11389,2025-04-10,ios,google_ads,45.43,DE
u_11390,2025-04-10,android,twitter,6.99,IE
u_11391,2025-04-10,ios,twitter,40.79,DE
u_11392,2025-04-10,ios,instagram,26.13,FR
u_11393,2025-04-10,ios,instagram,30.78,PT
u_11394,2025-04-10,android,instagram,50.74,DE
u_11395,2025-04-10,ios,google_ads,43.84,IT
u_11396,2025-04-10,android,twitter,18.13,NL
u_11397,2025-04-10,ios,google_ads,37.69,SE
u_11398,2025-04-10,ios,facebook,32.3,DE
u_11265,2025-04-11,android,google_ads,8.84,BE
u_10561,2025-04-11,ios,facebook,49.99,DE
u_11066,2025-04-11,ios,instagram,14.24,FR
u_10558,2025-04-11,ios,tiktok,56.68,PL
u_10738,2025-04-11,android,tiktok,88.13,PT
u_11399,2025-04-11,ios,google_ads,54.78,BE
u_11400,2025-04-11,android,google_ads,46.03,NL
u_11401,2025-04-11,ios,facebook,55.9,DE
u_11402,2025-04-11,ios,instagram,6.99,NL
u_11403,2025-04-11,android,instagram,27.15,IT
u_11404,2025-04-11,android,tiktok,33.5,IT
u_11405,2025-04-11,ios,google_ads,33.84,IE
u_11406,2025-04-11,android,google_ads,30.39,FR
u_11407,2025-04-11,ios,google_ads,34.4,NL
u_11408,2025-04-11,android,tiktok,42.9,DE
u_11409,2025-04-11,android,google_ads,17.64,NL
u_11410,2025-04-11,android,facebook,44.71,DE
u_10695,2025-04-12,ios,tiktok,20.65,PL
u_10865,2025-04-12,ios,twitter,16.78,PT
u_11411,2025-04-12,android,facebook,37.28,PL
u_11412,2025-04-12,android,tiktok,51.88,NL
u_11413,2025-04-12,ios,tiktok,13.56,BE
u_11414,2025-04-12,ios,tiktok,12.03,FR
u_11415,2025-04-12,ios,tiktok,51.31,FR
u_11416,2025-04-12,ios,tiktok,62.58,ES
u_10957,2025-04-13,android,facebook,31.51,BE
u_11282,2025-04-13,android,facebook,50.36,PL
u_10703,2025-04-13,android,google_ads,66.25,DE
u_11188,2025-04-13,android,twitter,29.6,SE
u_11225,2025-04-13,ios,facebook,25.01,IT
u_11417,2025-04-13,android,facebook,44.08,SE
u_11418,2025-04-13,ios,tiktok,48.35,PT
u_11419,2025-04-13,android,facebook,73.61,PL
u_11420,2025-04-13,ios,google_ads,23.26,DE
u_11421,2025-04-13,ios,google_ads,43.02,IT
u_11422,2025-04-13,android,google_ads,43.22,PL
u_11423,2025-04-13,android,google_ads,17.16,BE
u_11424,2025-04-13,android,google_ads,53.54,FR
u_11425,2025-04-13,android,google_ads,27.03,ES
u_11426,2025-04-13,ios,google_ads,38.74,PL
u_11381,2025-04-14,android,facebook,63.28,NL
u_11059,2025-04-14,android,facebook,65.64,IT
u_11054,2025-04-14,ios,instagram,73.25,ES
u_11295,2025-04-14,ios,facebook,22.63,FR
u_10283,2025-04-14,ios,instagram,59.77,ES
u_10774,2025-04-14,ios,tiktok,85.21,DE
u_11427,2025-04-14,ios,instagram,21.21,DE
u_11428,2025-04-14,android,google_ads,87.34,PL
u_11429,2025-04-14,android,facebook,6.99,DE
u_11430,2025-04-14,ios,tiktok,77.15,PT
u_11431,2025-04-14,ios,google_ads,43.24,FR
u_11432,2025-04-14,android,tiktok,14.86,IE
u_11433,2025-04-14,ios,google_ads,42.44,FR
u_11434,2025-04-14,ios,instagram,14.14,IT
u_11435,2025-04-14,android,google_ads,70.37,FR
u_11436,2025-04-14,android,google_ads,53.99,IT
u_11437,2025-04-14,android,instagram,34.92,ES
u_11438,2025-04-14,android,twitter,38.97,NL
u_10591,2025-04-15,android,instagram,32.07,SE
u_10583,2025-04-15,ios,google_ads,29.11,BE
u_10411,2025-04-15,ios,google_ads,47.65,FR
u_11341,2025-04-15,android,instagram,8.81,IT
u_10759,2025-04-15,ios,tiktok,14.33,DE
u_10034,2025-04-15,ios,instagram,53.62,NL
u_11439,2025-04-15,android,google_ads,65.38,ES
u_11440,2025-04-15,android,facebook,76.17,ES
u_11441,2025-04-15,ios,google_ads,42.53,NL
u_11442,2025-04-15,ios,instagram,56.01,ES
u_11443,2025-04-15,android,instagram,42.21,IT
u_11444,2025-04-15,android,tiktok,40.75,PL
u_11445,2025-04-15,ios,tiktok,54.27,ES
u_11446,2025-04-15,ios,google_ads,53.54,ES
u_11447,2025-04-15,ios,facebook,35.15,BE
u_11448,2025-04-15,ios,instagram,42.17,PL
u_11449,2025-04-15,ios,google_ads,35.74,FR
u_11450,2025-04-15,ios,instagram,63.24,PT
u_11344,2025-04-16,android,twitter,9.79,SE
u_11011,2025-04-16,android,twitter,19.87,SE
u_10755,2025-04-16,android,twitter,58.83,FR
u_10223,2025-04-16,ios,google_ads,40.03,DE
u_10407,2025-04-16,ios,tiktok,34.09,PT
u_11401,2025-04-16,ios,facebook,70.73,DE
u_10803,2025-04-16,android,google_ads,32.03,DE
u_11451,2025-04-16,android,twitter,62.98,PL
u_11452,2025-04-16,android,tiktok,65.95,DE
u_11453,2025-04-16,ios,instagram,38.67,SE
u_11454,2025-04-16,android,google_ads,51.51,NL
u_11455,2025-04-16,android,google_ads,41.48,IT
u_11456,2025-04-16,ios,twitter,44.54,SE
u_11457,2025-04-16,android,tiktok,45.54,IT
u_11458,2025-04-16,android,twitter,22.45,SE
u_11459,2025-04-16,android,google_ads,52.13,ES
u_11460,2025-04-16,ios,tiktok,52.79,DE
u_11461,2025-04-16,android,tiktok,65.28,PT
u_11462,2025-04-16,ios,facebook,47.97,BE
u_11463,2025-04-16,android,google_ads,52.02,NL
u_11464,2025-04-16,android,instagram,39.55,PL
u_10312,2025-04-17,ios,google_ads,111.78,SE
u_11166,2025-04-17,android,tiktok,36.41,DE
u_10921,2025-04-17,ios,instagram,60.61,PL
u_11046,2025-04-17,android,google_ads,58.56,PL
u_10118,2025-04-17,ios,instagram,45.38,IE
u_10554,2025-04-17,android,google_ads,29.99,BE
u_11454,2025-04-17,android,google_ads,36.16,NL
u_11156,2025-04-17,android,facebook,22.11,FR
u_11465,2025-04-17,android,tiktok,39.05,SE
u_11466,2025-04-17,android,instagram,55.82,PT
u_11467,2025-04-17,ios,twitter,45.84,PL
u_11468,2025-04-17,android,facebook,29.71,DE
u_11469,2025-04-17,ios,instagram,6.99,SE
u_11470,2025-04-17,ios,instagram,35.21,ES
u_11471,2025-04-17,ios,tiktok,57.6,ES
u_11472,2025-04-17,ios,twitter,42.55,SE
u_11473,2025-04-17,ios,google_ads,49.18,IE
u_11474,2025-04-17,android,facebook,55.28,DE
u_11475,2025-04-17,ios,tiktok,33.99,ES
u_11476,2025-04-17,ios,facebook,24.37,NL
u_11477,2025-04-17,android,google_ads,55.28,DE
u_11478,2025-04-17,android,tiktok,29.49,ES
u_11479,2025-04-17,ios,google_ads,94.7,SE
u_11480,2025-04-17,ios,twitter,33.82,PT
u_11481,2025-04-17,android,tiktok,45.32,SE
u_10974,2025-04-18,ios,google_ads,98.39,ES
u_10788,2025-04-18,ios,tiktok,50.29,IT
u_10631,2025-04-18,ios,google_ads,51.6,NL
u_10688,2025-04-18,ios,facebook,56.4,IT
u_11248,2025-04-18,android,tiktok,29.29,FR
u_11482,2025-04-18,ios,facebook,37.99,PL
u_11483,2025-04-18,ios,tiktok,12.8,IT
u_11484,2025-04-18,ios,twitter,56.6,DE
u_11485,2025-04-18,android,google_ads,45.15,ES
u_11486,2025-04-18,android,tiktok,59.43,IE
u_11487,2025-04-18,ios,instagram,55.25,SE
u_11488,2025-04-18,android,tiktok,66.19,ES
u_11489,2025-04-18,android,google_ads,37.44,FR
u_11490,2025-04-18,android,instagram,38.71,IT
u_11491,2025-04-18,ios,instagram,33.13,FR
u_11492,2025-04-18,android,google_ads,71.92,DE
u_10220,2025-04-19,ios,twitter,6.52,FR
u_11221,2025-04-19,android,google_ads,54.5,DE
u_11467,2025-04-19,ios,twitter,55.37,PL
u_10138,2025-04-19,android,google_ads,29.87,FR
u_10295,2025-04-19,android,twitter,41.63,ES
u_11493,2025-04-19,android,twitter,41.92,SE
u_11494,2025-04-19,android,tiktok,18.0,DE
u_11495,2025-04-19,android,google_ads,59.23,IT
u_11496,2025-04-19,ios,facebook,26.56,DE
u_11497,2025-04-19,android,tiktok,14.92,FR
u_11498,2025-04-19,android,instagram,58.31,NL
u_11499,2025-04-19,ios,google_ads,38.48,IE
u_11500,2025-04-19,ios,tiktok,52.82,PL
u_11501,2025-04-19,android,tiktok,51.15,DE
u_11502,2025-04-19,ios,google_ads,45.28,DE
u_11503,2025-04-19,android,twitter,65.31,PT
u_11380,2025-04-20,ios,instagram,34.36,ES
u_10468,2025-04-20,android,tiktok,11.32,DE
u_11249,2025-04-20,ios,tiktok,88.23,IT
u_11308,2025-04-20,ios,instagram,48.95,FR
u_10814,2025-04-20,android,google_ads,23.86,DE
u_10729,2025-04-20,ios,facebook,70.06,SE
u_11504,2025-04-20,ios,facebook,45.41,FR
u_11505,2025-04-20,android,tiktok,36.49,IE
u_11506,2025-04-20,ios,tiktok,62.09,NL
u_11507,2025-04-20,android,google_ads,26.17,IE
u_11508,2025-04-20,android,facebook,41.38,SE
u_11509,2025-04-20,android,facebook,46.81,SE
u_11510,2025-04-20,ios,facebook,56.23,DE
u_11511,2025-04-20,ios,facebook,69.1,IT
u_11512,2025-04-20,android,tiktok,27.47,IT
u_11513,2025-04-20,ios,facebook,66.66,IE
u_11514,2025-04-20,ios,google_ads,53.79,NL
u_11515,2025-04-20,android,twitter,67.89,PT
u_11516,2025-04-20,android,facebook,34.44,IE
u_10357,2025-04-21,ios,google_ads,82.36,ES
u_10422,2025-04-21,ios,twitter,66.22,PT
u_11454,2025-04-21,android,google_ads,48.18,NL
u_10310,2025-04-21,ios,instagram,13.1,NL
u_10666,2025-04-21,ios,instagram,47.55,FR
u_11098,2025-04-21,android,twitter,29.35,SE
u_10209,2025-04-21,ios,instagram,36.01,PT
u_11169,2025-04-21,ios,google_ads,31.97,FR
u_11517,2025-04-21,ios,tiktok,26.92,PT
u_11518,2025-04-21,android,google_ads,37.87,IE
u_11519,2025-04-21,ios,instagram,28.24,ES
u_11520,2025-04-21,ios,tiktok,80.06,DE
u_11521,2025-04-21,ios,instagram,30.46,DE
u_11522,2025-04-21,android,google_ads,29.45,DE
u_11523,2025-04-21,ios,tiktok,24.66,IT
u_11524,2025-04-21,android,google_ads,35.78,PL
u_11525,2025-04-21,ios,google_ads,29.04,IE
u_11526,2025-04-21,ios,facebook,41.45,PT
u_11527,2025-04-21,android,facebook,6.99,BE
u_11528,2025-04-21,ios,facebook,28.3,IT
u_11529,2025-04-21,android,facebook,8.52,PL
u_11530,2025-04-21,ios,twitter,35.92,BE
u_11531,2025-04-21,android,instagram,41.73,PL
u_11532,2025-04-21,android,instagram,46.53,NL
u_11533,2025-04-21,ios,facebook,15.92,FR
u_10518,2025-04-22,ios,google_ads,36.33,IE
u_10019,2025-04-22,android,instagram,56.51,FR
u_10161,2025-04-22,android,google_ads,72.45,BE
u_10388,2025-04-22,ios,facebook,36.59,DE
u_10231,2025-04-22,android,twitter,50.97,PT
u_11081,2025-04-22,android,google_ads,52.07,FR
u_10952,2025-04-22,ios,google_ads,50.94,IT
u_11534,2025-04-22,android,tiktok,35.29,FR
u_11535,2025-04-22,ios,facebook,33.48,NL
u_11536,2025-04-22,ios,google_ads,10.28,DE
u_11537,2025-04-22,ios,google_ads,6.99,DE
u_11538,2025-04-22,ios,facebook,36.69,DE
u_11539,2025-04-22,ios,instagram,51.73,PL
u_11540,2025-04-22,ios,instagram,67.09,DE
u_11541,2025-04-22,ios,tiktok,52.61,SE
u_11542,2025-04-22,ios,tiktok,73.61,PT
u_11543,2025-04-22,android,tiktok,20.22,FR
u_11544,2025-04-22,android,instagram,80.85,BE
u_11545,2025-04-22,ios,google_ads,53.82,SE
u_11546,2025-04-22,ios,facebook,15.9,IE
u_11547,2025-04-22,android,facebook,74.06,IT
u_11422,2025-04-23,android,google_ads,35.94,PL
u_11235,2025-04-23,android,google_ads,73.14,ES
u_11268,2025-04-23,android,google_ads,7.25,DE
u_10999,2025-04-23,android,tiktok,51.94,DE
u_10700,2025-04-23,android,google_ads,35.83,PT
u_11548,2025-04-23,ios,google_ads,42.67,ES
u_11549,2025-04-23,ios,twitter,48.21,ES
u_11550,2025-04-23,ios,tiktok,18.75,BE
u_11551,2025-04-23,ios,facebook,65.76,SE
u_11552,2025-04-23,android,tiktok,52.66,DE
u_11553,2025-04-23,android,facebook,71.66,DE
u_11554,2025-04-23,ios,instagram,38.39,ES
u_11555,2025-04-23,ios,instagram,47.19,NL
u_11556,2025-04-23,android,facebook,6.99,IT
u_11557,2025-04-23,ios,google_ads,31.2,DE
u_10247,2025-04-24,ios,google_ads,18.36,FR
u_10723,2025-04-24,android,facebook,34.45,DE
u_10481,2025-04-24,ios,google_ads,45.22,FR
u_10517,2025-04-24,ios,google_ads,57.26,NL
u_10874,2025-04-24,android,google_ads,39.15,BE
u_10972,2025-04-24,ios,google_ads,34.9,NL
u_11142,2025-04-24,android,instagram,27.79,DE
u_11558,2025-04-24,ios,twitter,45.98,ES
u_11559,2025-04-24,ios,tiktok,37.52,DE
u_11560,2025-04-24,ios,instagram,60.25,DE
u_11561,2025-04-24,ios,facebook,17.41,FR
u_11562,2025-04-24,ios,facebook,54.15,PL
u_11563,2025-04-24,ios,google_ads,60.09,IT
u_11564,2025-04-24,android,google_ads,52.5,DE
u_11565,2025-04-24,ios,facebook,56.45,ES
u_11566,2025-04-24,ios,google_ads,43.97,PL
u_11567,2025-04-24,android,facebook,64.7,SE
u_11568,2025-04-24,android,twitter,49.88,SE
u_11569,2025-04-24,ios,instagram,14.65,PT
u_11570,2025-04-24,android,tiktok,52.67,FR
u_11571,2025-04-24,android,facebook,70.49,SE
u_10134,2025-04-25,ios,facebook,14.52,SE
u_11219,2025-04-25,ios,instagram,78.41,IT
u_10503,2025-04-25,android,google_ads,30.1,IT
u_10250,2025-04-25,ios,instagram,57.89,ES
u_10017,2025-04-25,android,tiktok,56.27,NL
u_10095,2025-04-25,android,google_ads,33.47,PL
u_11545,2025-04-25,ios,google_ads,57.13,SE
u_10558,2025-04-25,ios,tiktok,62.93,PL
u_11572,2025-04-25,ios,google_ads,49.62,NL
u_11573,2025-04-25,android,google_ads,44.38,NL
u_11574,2025-04-25,android,facebook,48.98,DE
u_11575,2025-04-25,android,google_ads,52.18,DE
u_11576,2025-04-25,ios,facebook,73.74,BE
u_11577,2025-04-25,ios,instagram,70.14,PL
u_11578,2025-04-25,ios,facebook,45.03,BE
u_11579,2025-04-25,android,instagram,52.73,DE
u_11580,2025-04-25,ios,instagram,46.86,PT
u_11581,2025-04-25,android,facebook,31.08,DE
u_11582,2025-04-25,ios,tiktok,37.75,DE
u_11583,2025-04-25,android,tiktok,38.6,ES
u_11584,2025-04-25,ios,facebook,66.63,IE
u_11585,2025-04-25,ios,tiktok,65.58,IT
u_11586,2025-04-25,android,instagram,65.92,ES
u_11587,2025-04-25,android,tiktok,19.89,BE
u_11588,2025-04-25,android,google_ads,42.62,IE
u_11498,2025-04-26,android,instagram,42.85,NL
u_10189,2025-04-26,android,facebook,21.72,FR
u_10966,2025-04-26,ios,instagram,55.38,FR
u_10032,2025-04-26,android,google_ads,55.23,BE
u_10221,2025-04-26,android,google_ads,6.09,BE
u_10477,2025-04-26,ios,google_ads,25.95,IT
u_11589,2025-04-26,android,google_ads,24.42,IT
u_11590,2025-04-26,android,instagram,62.45,FR
u_11591,2025-04-26,ios,google_ads,54.78,PT
u_11592,2025-04-26,ios,google_ads,14.24,FR
u_11593,2025-04-26,android,google_ads,36.04,DE
u_11594,2025-04-26,ios,twitter,35.62,DE
u_11595,2025-04-26,ios,facebook,62.33,PT
u_11596,2025-04-26,android,google_ads,46.23,PT
u_11597,2025-04-26,android,instagram,25.84,FR
u_11598,2025-04-26,android,instagram,31.04,IT
u_11599,2025-04-26,android,instagram,47.55,PL
u_11600,2025-04-26,ios,tiktok,56.81,NL
u_11601,2025-04-26,android,google_ads,31.81,NL
u_10988,2025-04-27,ios,instagram,37.98,SE
u_11044,2025-04-27,ios,facebook,48.99,IT
u_10766,2025-04-27,android,facebook,47.53,PL
u_11275,2025-04-27,ios,instagram,61.38,SE
u_10322,2025-04-27,ios,instagram,38.25,FR
u_11044,2025-04-27,ios,facebook,60.46,IT
u_10294,2025-04-27,ios,google_ads,34.0,PL
u_10663,2025-04-27,android,tiktok,19.56,FR
u_10770,2025-04-27,android,google_ads,20.83,DE
u_11602,2025-04-27,android,twitter,52.66,DE
u_11603,2025-04-27,ios,instagram,64.95,SE
u_11604,2025-04-27,ios,google_ads,37.61,NL
u_11605,2025-04-27,android,google_ads,51.71,ES
u_11606,2025-04-27,android,google_ads,42.84,IE
u_11607,2025-04-27,android,instagram,37.47,PL
u_11608,2025-04-27,android,google_ads,26.71,NL
u_11609,2025-04-27,ios,google_ads,34.58,PL
u_11610,2025-04-27,ios,tiktok,49.56,ES
u_11611,2025-04-27,android,instagram,18.98,DE
u_11612,2025-04-27,android,instagram,41.73,FR
u_11613,2025-04-27,android,google_ads,23.35,DE
u_11614,2025-04-27,ios,facebook,31.66,DE
u_11615,2025-04-27,ios,tiktok,53.73,ES
u_11616,2025-04-27,ios,twitter,95.12,PL
u_11617,2025-04-27,ios,instagram,60.0,PL
u_11618,2025-04-27,ios,instagram,45.12,IE
u_11619,2025-04-27,ios,tiktok,35.3,BE
u_11388,2025-04-28,android,google_ads,14.03,FR
u_11253,2025-04-28,android,google_ads,111.8,FR
u_11182,2025-04-28,android,instagram,33.45,IT
u_11195,2025-04-28,android,tiktok,29.04,PT
u_10351,2025-04-28,android,google_ads,27.76,DE
u_10896,2025-04-28,ios,google_ads,17.9,NL
u_11620,2025-04-28,android,facebook,16.29,IE
u_11621,2025-04-28,android,google_ads,56.89,DE
u_11622,2025-04-28,android,facebook,21.43,DE
u_11623,2025-04-28,ios,twitter,39.07,PL
u_11624,2025-04-28,android,google_ads,74.22,IT
u_11625,2025-04-28,ios,tiktok,42.05,PL
u_11626,2025-04-28,ios,tiktok,43.9,DE
u_11627,2025-04-28,android,tiktok,46.1,IE
u_11628,2025-04-28,android,instagram,17.2,FR
u_11629,2025-04-28,ios,facebook,49.01,IE
u_11630,2025-04-28,ios,google_ads,33.71,IE
u_11631,2025-04-28,android,twitter,30.79,FR
u_11632,2025-04-28,ios,instagram,15.06,BE
u_11633,2025-04-28,android,instagram,47.31,IT
u_10529,2025-04-29,android,tiktok,29.28,IT
u_11170,2025-04-29,android,tiktok,80.2,ES
u_11557,2025-04-29,ios,google_ads,40.06,DE
u_10235,2025-04-29,android,instagram,36.36,NL
u_11528,2025-04-29,ios,facebook,23.53,IT
u_11589,2025-04-29,android,google_ads,32.53,IT
u_11634,2025-04-29,android,facebook,24.41,BE
u_11635,2025-04-29,android,google_ads,60.07,NL
u_11636,2025-04-29,ios,twitter,40.1,BE
u_11637,2025-04-29,android,tiktok,24.78,DE
u_11638,2025-04-29,android,tiktok,22.86,PL
u_11639,2025-04-29,ios,facebook,32.73,PL
u_11640,2025-04-29,ios,google_ads,23.03,PT
u_11641,2025-04-29,ios,tiktok,29.53,PL
u_11642,2025-04-29,ios,facebook,10.45,SE
u_11643,2025-04-29,android,facebook,37.71,IT
u_11644,2025-04-29,android,instagram,44.03,FR
u_11645,2025-04-29,android,facebook,39.28,ES
u_11646,2025-04-29,android,tiktok,36.63,PL
u_10423,2025-04-30,android,google_ads,13.97,PL
u_10566,2025-04-30,android,facebook,20.42,DE
u_11535,2025-04-30,ios,facebook,51.81,NL
u_11124,2025-04-30,android,google_ads,23.7,DE
u_11346,2025-04-30,ios,instagram,29.99,ES
u_10375,2025-04-30,android,facebook,9.21,IT
u_11647,2025-04-30,android,instagram,11.05,SE
u_11648,2025-04-30,android,google_ads,42.11,DE
u_11649,2025-04-30,android,instagram,56.39,FR
u_11650,2025-04-30,ios,twitter,46.63,IT
u_11651,2025-04-30,ios,facebook,70.28,NL
u_11652,2025-04-30,android,twitter,40.25,SE
u_11653,2025-04-30,ios,tiktok,16.39,NL
u_11654,2025-04-30,android,twitter,72.28,FR
u_11655,2025-04-30,ios,facebook,68.57,PT
u_11656,2025-04-30,android,instagram,34.66,BE
u_11657,2025-04-30,android,instagram,42.59,ES
u_11658,2025-04-30,ios,google_ads,26.55,ES
u_11659,2025-04-30,android,tiktok,58.71,FR
u_11660,2025-04-30,android,instagram,41.54,IE
u_10569,2025-05-01,ios,tiktok,54.11,ES
u_11165,2025-05-01,android,tiktok,24.38,PL
u_11458,2025-05-01,android,twitter,13.46,SE
u_10778,2025-05-01,ios,google_ads,23.41,DE
u_10372,2025-05-01,android,google_ads,33.21,IE
u_10146,2025-05-01,ios,twitter,54.44,IT
u_10360,2025-05-01,ios,google_ads,26.88,DE
u_10903,2025-05-01,ios,instagram,62.27,ES
u_11661,2025-05-01,ios,google_ads,40.13,NL
u_11662,2025-05-01,ios,google_ads,10.72,SE
u_11663,2025-05-01,ios,twitter,64.72,IT
u_11664,2025-05-01,ios,twitter,44.6,ES
u_11665,2025-05-01,ios,instagram,72.92,DE
u_11666,2025-05-01,ios,tiktok,9.62,BE
u_11667,2025-05-01,ios,google_ads,22.11,PT
u_11668,2025-05-01,ios,instagram,39.21,BE
u_11669,2025-05-01,android,google_ads,53.22,PL
u_11670,2025-05-01,android,google_ads,53.16,IT
u_11671,2025-05-01,android,google_ads,66.1,ES
u_11672,2025-05-01,android,google_ads,47.32,PT
u_11673,2025-05-01,android,google_ads,41.22,IT
u_11674,2025-05-01,android,google_ads,52.38,ES
u_11675,2025-05-01,ios,twitter,69.37,PL
u_11676,2025-05-01,ios,tiktok,35.74,NL
u_11677,2025-05-01,ios,instagram,17.59,PL
u_11678,2025-05-01,ios,twitter,49.38,DE
u_10138,2025-05-02,android,google_ads,34.66,FR
u_10100,2025-05-02,ios,facebook,50.81,BE
u_10014,2025-05-02,android,tiktok,28.1,PL
u_11003,2025-05-02,android,twitter,20.95,PT
u_10685,2025-05-02,ios,google_ads,58.12,FR
u_10539,2025-05-02,android,google_ads,26.53,IE
u_11125,2025-05-02,android,tiktok,23.18,BE
u_11679,2025-05-02,ios,facebook,62.7,BE
u_11680,2025-05-02,android,facebook,33.18,FR
u_11681,2025-05-02,android,tiktok,50.24,DE
u_11682,2025-05-02,android,facebook,6.99,ES
u_11683,2025-05-02,android,instagram,11.19,DE
u_11684,2025-05-02,ios,google_ads,35.82,PL
u_11685,2025-05-02,ios,tiktok,42.83,DE
u_11686,2025-05-02,ios,google_ads,28.54,PL
u_11687,2025-05-02,ios,instagram,41.74,PT
u_11688,2025-05-02,ios,twitter,33.14,FR
u_11689,2025-05-02,ios,facebook,31.0,DE
u_11690,2025-05-02,android,facebook,30.34,SE
u_11691,2025-05-02,android,instagram,61.12,FR
u_11692,2025-05-02,ios,facebook,40.94,SE
u_11693,2025-05-02,ios,twitter,58.27,FR
u_10841,2025-05-03,ios,google_ads,20.78,FR
u_11543,2025-05-03,android,tiktok,22.94,FR
u_11267,2025-05-03,ios,twitter,34.13,PL
u_10250,2025-05-03,ios,instagram,54.92,ES
u_11694,2025-05-03,ios,tiktok,30.41,SE
u_11695,2025-05-03,android,google_ads,49.63,IT
u_11696,2025-05-03,ios,facebook,55.93,PL
u_11697,2025-05-03,android,tiktok,30.66,PT
u_11698,2025-05-03,android,facebook,26.17,ES
u_11699,2025-05-03,android,tiktok,43.58,FR
u_11700,2025-05-03,android,tiktok,6.99,FR
u_11701,2025-05-03,ios,instagram,54.59,BE
u_11702,2025-05-03,android,google_ads,53.23,DE
u_11703,2025-05-03,android,facebook,32.68,NL
u_11310,2025-05-04,android,instagram,21.07,PL
u_11183,2025-05-04,android,facebook,50.77,BE
u_10205,2025-05-04,android,tiktok,101.94,FR
u_11704,2025-05-04,android,google_ads,63.06,NL
u_11705,2025-05-04,android,facebook,64.37,NL
u_11706,2025-05-04,android,twitter,41.28,DE
u_11707,2025-05-04,android,facebook,51.11,DE
u_11708,2025-05-04,android,instagram,58.56,IT
u_11709,2025-05-04,android,google_ads,8.14,ES
u_11710,2025-05-04,ios,google_ads,42.28,IE
u_11711,2025-05-04,android,google_ads,42.74,ES
u_11522,2025-05-05,android,google_ads,33.66,DE
u_10274,2025-05-05,android,instagram,36.63,PT
u_11592,2025-05-05,ios,google_ads,11.33,FR
u_11178,2025-05-05,android,instagram,62.75,DE
u_10426,2025-05-05,android,google_ads,49.4,BE
u_10487,2025-05-05,android,twitter,45.15,PT
u_11712,2025-05-05,android,google_ads,46.17,DE
u_11713,2025-05-05,ios,tiktok,45.97,SE
u_11714,2025-05-05,ios,twitter,45.67,BE
u_11715,2025-05-05,android,tiktok,45.69,DE
u_11716,2025-05-05,ios,tiktok,26.2,ES
u_11717,2025-05-05,ios,facebook,41.01,IT
u_11718,2025-05-05,android,facebook,28.35,NL
u_11719,2025-05-05,ios,facebook,67.47,PT
u_11720,2025-05-05,ios,tiktok,33.84,SE
u_11721,2025-05-05,android,google_ads,28.01,SE
u_11722,2025-05-05,ios,google_ads,18.43,DE
u_11723,2025-05-05,android,google_ads,32.99,DE
u_11724,2025-05-05,ios,tiktok,40.94,IE
u_11725,2025-05-05,ios,facebook,53.75,BE
u_10946,2025-05-06,ios,google_ads,37.48,NL
u_11390,2025-05-06,android,twitter,5.3,IE
u_10492,2025-05-06,android,instagram,30.59,PL
u_10128,2025-05-06,android,facebook,24.67,BE
u_10307,2025-05-06,android,instagram,53.45,IT
u_11155,2025-05-06,ios,facebook,37.4,DE
u_11726,2025-05-06,ios,instagram,37.82,BE
u_11727,2025-05-06,android,tiktok,49.26,PT
u_11728,2025-05-06,android,google_ads,40.43,FR
u_11729,2025-05-06,android,instagram,61.2,FR
u_11730,2025-05-06,ios,google_ads,22.35,ES
u_11731,2025-05-06,android,instagram,48.33,SE
u_11732,2025-05-06,ios,facebook,52.42,BE
u_11733,2025-05-06,ios,twitter,49.0,ES
u_11734,2025-05-06,ios,tiktok,12.89,PL
u_11735,2025-05-06,android,instagram,43.86,DE
u_11736,2025-05-06,ios,tiktok,28.38,DE
u_11737,2025-05-06,android,tiktok,38.96,NL
u_11738,2025-05-06,android,google_ads,48.38,DE
u_11025,2025-05-07,ios,google_ads,69.72,BE
u_11147,2025-05-07,ios,instagram,36.45,IE
u_10302,2025-05-07,android,instagram,25.3,DE
u_10368,2025-05-07,android,google_ads,44.72,FR
u_10696,2025-05-07,android,instagram,6.88,PL
u_11739,2025-05-07,ios,instagram,34.54,FR
u_11740,2025-05-07,android,google_ads,50.39,FR
u_11741,2025-05-07,android,facebook,54.25,PT
u_11742,2025-05-07,android,facebook,66.38,SE
u_11743,2025-05-07,android,tiktok,32.67,SE
u_11744,2025-05-07,ios,google_ads,29.21,ES
u_11745,2025-05-07,ios,facebook,64.91,FR
u_11746,2025-05-07,android,facebook,24.87,IT
u_11747,2025-05-07,android,google_ads,42.38,ES
u_11748,2025-05-07,android,tiktok,6.99,IE
u_11749,2025-05-07,ios,facebook,63.95,SE
u_10950,2025-05-08,ios,google_ads,12.01,PL
u_10308,2025-05-08,ios,twitter,31.26,SE
u_10282,2025-05-08,ios,tiktok,42.19,IT
u_10380,2025-05-08,android,twitter,43.82,DE
u_11750,2025-05-08,ios,tiktok,47.21,FR
u_11751,2025-05-08,android,google_ads,44.62,IE
u_11752,2025-05-08,android,google_ads,53.34,IE
u_11753,2025-05-08,ios,google_ads,30.06,ES
u_11754,2025-05-08,android,google_ads,41.07,FR
u_11755,2025-05-08,android,tiktok,63.82,SE
u_11756,2025-05-08,android,facebook,37.54,PT
u_11757,2025-05-08,ios,tiktok,29.13,NL
u_11009,2025-05-09,android,google_ads,46.16,DE
u_10988,2025-05-09,ios,instagram,37.05,SE
u_10468,2025-05-09,android,tiktok,18.22,DE
u_10614,2025-05-09,android,google_ads,113.95,SE
u_10745,2025-05-09,android,google_ads,23.14,ES
u_10225,2025-05-09,ios,tiktok,14.79,FR
u_11758,2025-05-09,android,facebook,51.17,FR
u_11759,2025-05-09,android,facebook,69.9,ES
u_11760,2025-05-09,ios,instagram,32.09,FR
u_11761,2025-05-09,android,instagram,40.49,IE
u_11762,2025-05-09,ios,twitter,31.23,DE
u_11763,2025-05-09,android,instagram,50.82,NL
u_11764,2025-05-09,ios,instagram,47.94,PT
u_11765,2025-05-09,android,facebook,61.32,SE
u_11766,2025-05-09,android,google_ads,57.16,ES
u_11767,2025-05-09,ios,facebook,21.5,PT
u_11768,2025-05-09,ios,instagram,12.81,FR
u_11769,2025-05-09,android,twitter,38.39,PL
u_10551,2025-05-10,ios,instagram,46.32,DE
u_11369,2025-05-10,ios,instagram,34.24,DE
u_11597,2025-05-10,android,instagram,24.76,FR
u_10911,2025-05-10,ios,tiktok,93.39,ES
u_11638,2025-05-10,android,tiktok,18.97,PL
u_10757,2025-05-10,android,google_ads,64.62,FR
u_11770,2025-05-10,ios,google_ads,50.25,NL
u_11771,2025-05-10,ios,instagram,30.39,ES
u_11772,2025-05-10,ios,google_ads,66.13,DE
u_11773,2025-05-10,android,facebook,31.8,PT
u_11774,2025-05-10,ios,instagram,67.59,ES
u_11775,2025-05-10,android,google_ads,50.45,IT
u_11776,2025-05-10,ios,google_ads,40.42,PT
u_11777,2025-05-10,ios,facebook,20.55,ES
u_11778,2025-05-10,android,tiktok,70.67,ES
u_11779,2025-05-10,android,google_ads,31.07,IT
u_11780,2025-05-10,ios,facebook,35.84,FR
u_11781,2025-05-10,android,google_ads,53.58,PT
u_10764,2025-05-11,ios,google_ads,40.71,BE
u_10914,2025-05-11,ios,google_ads,34.84,IE
u_11097,2025-05-11,ios,google_ads,8.39,ES
u_10265,2025-05-11,android,google_ads,36.41,IT
u_10462,2025-05-11,ios,instagram,43.87,IT
u_11017,2025-05-11,ios,tiktok,25.79,FR
u_11031,2025-05-11,ios,facebook,34.56,IT
u_11782,2025-05-11,ios,facebook,23.0,BE
u_11783,2025-05-11,android,tiktok,14.18,ES
u_11784,2025-05-11,android,facebook,70.05,SE
u_11785,2025-05-11,android,tiktok,51.23,BE
u_11786,2025-05-11,android,tiktok,51.4,IT
u_11787,2025-05-11,ios,google_ads,46.52,ES
u_11788,2025-05-11,ios,twitter,21.76,SE
u_11789,2025-05-11,ios,google_ads,60.48,FR
u_11790,2025-05-11,android,facebook,34.3,BE
u_11791,2025-05-11,ios,twitter,39.79,PL
u_11792,2025-05-11,ios,instagram,74.55,FR
u_11793,2025-05-11,ios,tiktok,48.7,IE
u_11794,2025-05-11,android,facebook,44.67,NL
u_11795,2025-05-11,android,twitter,64.54,NL
u_11796,2025-05-11,android,google_ads,42.94,ES
u_11797,2025-05-11,ios,google_ads,37.77,PT
u_11439,2025-05-12,android,google_ads,35.14,ES
u_10616,2025-05-12,ios,facebook,47.2,IE
u_10502,2025-05-12,ios,google_ads,15.04,PT
u_10933,2025-05-12,ios,facebook,42.38,IT
u_10358,2025-05-12,android,google_ads,66.89,IT
u_11503,2025-05-12,android,twitter,41.01,PT
u_11798,2025-05-12,android,instagram,6.99,SE
u_11799,2025-05-12,android,facebook,77.23,DE
u_11800,2025-05-12,android,instagram,13.07,FR
u_11801,2025-05-12,android,tiktok,64.29,SE
u_11802,2025-05-12,ios,facebook,65.81,ES
u_11803,2025-05-12,android,twitter,62.35,FR
u_11804,2025-05-12,android,google_ads,47.21,NL
u_11805,2025-05-12,android,google_ads,49.79,ES
u_11806,2025-05-12,ios,tiktok,43.37,DE
u_11807,2025-05-12,android,facebook,64.33,PL
u_11808,2025-05-12,android,facebook,21.62,PT
u_11809,2025-05-12,ios,instagram,46.27,FR
u_11810,2025-05-12,android,tiktok,11.54,IT
u_11811,2025-05-12,ios,google_ads,74.97,ES
u_11011,2025-05-13,android,twitter,16.29,SE
u_10111,2025-05-13,ios,instagram,13.18,ES
u_11084,2025-05-13,android,tiktok,16.33,ES
u_10192,2025-05-13,android,google_ads,23.72,DE
u_11068,2025-05-13,ios,google_ads,13.51,NL
u_10386,2025-05-13,ios,google_ads,65.88,IT
u_10906,2025-05-13,ios,twitter,28.49,DE
u_10663,2025-05-13,android,tiktok,18.98,FR
u_11812,2025-05-13,ios,google_ads,83.84,DE
u_11813,2025-05-13,android,tiktok,27.38,PL
u_11814,2025-05-13,ios,instagram,55.25,ES
u_11815,2025-05-13,ios,google_ads,40.35,ES
u_11816,2025-05-13,android,instagram,42.41,SE
u_11817,2025-05-13,ios,facebook,34.71,NL
u_11818,2025-05-13,ios,facebook,55.13,BE
u_11819,2025-05-13,android,google_ads,36.3,FR
u_11820,2025-05-13,ios,instagram,58.0,NL
u_11821,2025-05-13,ios,twitter,32.91,PL
u_11822,2025-05-13,ios,facebook,29.97,IT
u_11823,2025-05-13,android,google_ads,74.75,FR
u_11824,2025-05-13,android,facebook,62.28,BE
u_11825,2025-05-13,ios,tiktok,28.38,DE
u_11826,2025-05-13,ios,twitter,10.7,FR
u_11827,2025-05-13,ios,instagram,59.87,IT
u_10029,2025-05-14,ios,facebook,40.29,PT
u_11045,2025-05-14,ios,instagram,57.7,ES
u_11155,2025-05-14,ios,facebook,28.76,DE
u_11218,2025-05-14,android,google_ads,4.99,DE
u_10474,2025-05-14,android,instagram,26.42,SE
u_10218,2025-05-14,ios,twitter,12.25,IE
u_11565,2025-05-14,ios,facebook,58.17,ES
u_11828,2025-05-14,ios,instagram,6.99,PL
u_11829,2025-05-14,android,google_ads,71.76,IE
u_11830,2025-05-14,ios,facebook,20.72,NL
u_11831,2025-05-14,ios,instagram,57.33,BE
u_11832,2025-05-14,android,facebook,44.49,FR
u_11833,2025-05-14,android,google_ads,73.45,IT
u_11834,2025-05-14,ios,facebook,6.99,ES
u_11835,2025-05-14,android,facebook,40.3,NL
u_11836,2025-05-14,android,google_ads,83.76,FR
u_11837,2025-05-14,android,instagram,76.85,DE
u_11838,2025-05-14,android,google_ads,36.11,PT
u_11839,2025-05-14,ios,instagram,37.43,PL
u_11840,2025-05-14,android,google_ads,38.9,FR
u_11841,2025-05-14,ios,instagram,30.93,FR
u_11842,2025-05-14,android,google_ads,39.02,NL
u_10082,2025-05-15,ios,google_ads,7.41,ES
u_10212,2025-05-15,android,instagram,32.82,DE
u_10551,2025-05-15,ios,instagram,47.43,DE
u_11462,2025-05-15,ios,facebook,56.85,BE
u_11305,2025-05-15,android,instagram,89.98,ES
u_10757,2025-05-15,android,google_ads,59.26,FR
u_11843,2025-05-15,ios,instagram,57.06,BE
u_11844,2025-05-15,ios,tiktok,51.99,DE
u_11845,2025-05-15,ios,instagram,45.71,PT
u_11846,2025-05-15,android,tiktok,45.49,IE
u_11847,2025-05-15,android,instagram,53.24,PL
u_11848,2025-05-15,android,google_ads,49.47,FR
u_11849,2025-05-15,ios,instagram,36.07,FR
u_11850,2025-05-15,ios,tiktok,20.34,IT
u_11851,2025-05-15,android,google_ads,53.31,IT
u_11852,2025-05-15,ios,facebook,24.81,IE
u_11853,2025-05-15,android,twitter,65.81,DE
u_11854,2025-05-15,ios,google_ads,43.19,PL
u_11855,2025-05-15,android,instagram,57.72,BE
u_11856,2025-05-15,ios,tiktok,66.99,FR
u_11298,2025-05-16,ios,google_ads,16.75,DE
u_11548,2025-05-16,ios,google_ads,54.37,ES
u_10105,2025-05-16,android,tiktok,45.29,SE
u_11809,2025-05-16,ios,instagram,57.29,FR
u_11661,2025-05-16,ios,google_ads,47.89,NL
u_10022,2025-05-16,ios,tiktok,72.37,ES
u_11226,2025-05-16,android,facebook,46.11,PL
u_11399,2025-05-16,ios,google_ads,68.68,BE
u_11426,2025-05-16,ios,google_ads,35.16,PL
u_11857,2025-05-16,ios,google_ads,48.92,PT
u_11858,2025-05-16,ios,google_ads,32.12,BE
u_11859,2025-05-16,android,twitter,17.13,ES
u_11860,2025-05-16,android,facebook,22.62,IE
u_11861,2025-05-16,ios,facebook,6.99,IT
u_11862,2025-05-16,android,google_ads,60.36,ES
u_11863,2025-05-16,ios,google_ads,40.08,FR
u_11864,2025-05-16,android,facebook,38.44,PT
u_11865,2025-05-16,ios,instagram,57.42,NL
u_11866,2025-05-16,android,tiktok,28.91,NL
u_11867,2025-05-16,ios,google_ads,6.99,BE
u_11868,2025-05-16,android,google_ads,38.42,PL
u_11869,2025-05-16,ios,google_ads,44.07,IT
u_11870,2025-05-16,android,google_ads,80.58,IT
u_11871,2025-05-16,android,google_ads,35.85,SE
u_11872,2025-05-16,ios,tiktok,26.97,BE
u_11873,2025-05-16,android,instagram,57.76,DE
u_11874,2025-05-16,ios,tiktok,14.38,BE
u_11076,2025-05-17,ios,instagram,33.92,DE
u_10127,2025-05-17,android,tiktok,43.21,IE
u_10030,2025-05-17,ios,instagram,26.39,PT
u_11648,2025-05-17,android,google_ads,50.21,DE
u_11875,2025-05-17,android,google_ads,57.54,DE
u_11876,2025-05-17,android,tiktok,50.46,FR
u_11877,2025-05-17,android,tiktok,22.25,PL
u_11878,2025-05-17,android,instagram,31.69,IT
u_11879,2025-05-17,ios,instagram,46.75,ES
u_11880,2025-05-17,android,instagram,7.25,PT
u_11881,2025-05-17,android,facebook,58.83,SE
u_11882,2025-05-17,android,google_ads,50.41,SE
u_11883,2025-05-17,android,facebook,51.7,SE
u_11884,2025-05-17,android,tiktok,20.87,BE
u_11011,2025-05-18,android,twitter,25.02,SE
u_11265,2025-05-18,android,google_ads,12.32,BE
u_10872,2025-05-18,android,twitter,12.32,IE
u_11303,2025-05-18,ios,facebook,27.54,PL
u_10761,2025-05-18,ios,tiktok,25.71,DE
u_11274,2025-05-18,android,tiktok,59.1,DE
u_11560,2025-05-18,ios,instagram,68.19,DE
u_11497,2025-05-18,android,tiktok,14.29,FR
u_11283,2025-05-18,android,instagram,22.54,FR
u_11885,2025-05-18,android,instagram,35.71,ES
u_11886,2025-05-18,ios,twitter,70.04,ES
u_11887,2025-05-18,android,google_ads,56.84,PT
u_11888,2025-05-18,android,tiktok,62.34,ES
u_11889,2025-05-18,ios,tiktok,11.31,ES
u_11890,2025-05-18,android,google_ads,61.16,FR
u_11891,2025-05-18,android,google_ads,19.8,SE
u_11892,2025-05-18,android,tiktok,26.72,FR
u_11893,2025-05-18,android,instagram,36.54,PL
u_11894,2025-05-18,android,instagram,33.73,NL
u_11895,2025-05-18,ios,google_ads,28.15,NL
u_11896,2025-05-18,ios,twitter,30.7,IE
u_11897,2025-05-18,android,google_ads,47.66,FR
u_11898,2025-05-18,android,twitter,25.26,ES
u_11899,2025-05-18,ios,facebook,31.44,DE
u_11900,2025-05-18,ios,tiktok,98.42,DE
u_11901,2025-05-18,android,instagram,40.32,PT
u_11902,2025-05-18,android,google_ads,57.8,SE
u_11903,2025-05-18,android,tiktok,11.88,IT
u_10362,2025-05-19,ios,instagram,32.57,DE
u_10854,2025-05-19,ios,google_ads,25.36,PL
u_10469,2025-05-19,ios,facebook,21.42,ES
u_10605,2025-05-19,android,facebook,112.25,FR
u_10483,2025-05-19,android,twitter,38.91,PT
u_10287,2025-05-19,android,tiktok,35.38,FR
u_10039,2025-05-19,android,tiktok,41.85,NL
u_11904,2025-05-19,android,facebook,50.61,IE
u_11905,2025-05-19,ios,instagram,48.23,FR
u_11906,2025-05-19,ios,twitter,42.56,SE
u_11907,2025-05-19,android,google_ads,58.14,SE
u_11908,2025-05-19,android,instagram,57.61,IT
u_11909,2025-05-19,ios,google_ads,56.52,ES
u_11910,2025-05-19,ios,instagram,31.33,PL
u_11911,2025-05-19,android,instagram,23.43,DE
u_11912,2025-05-19,android,tiktok,44.32,BE
u_11913,2025-05-19,android,google_ads,28.79,FR
u_11914,2025-05-19,android,google_ads,24.8,PT
u_11915,2025-05-19,ios,facebook,15.58,DE
u_11916,2025-05-19,ios,facebook,30.16,DE
u_11917,2025-05-19,ios,instagram,70.26,BE
u_11918,2025-05-19,ios,google_ads,22.31,PT
u_11385,2025-05-20,ios,facebook,32.78,NL
u_11154,2025-05-20,android,tiktok,44.33,ES
u_11065,2025-05-20,ios,facebook,19.51,ES
u_10189,2025-05-20,android,facebook,18.62,FR
u_10432,2025-05-20,ios,facebook,78.99,SE
u_11052,2025-05-20,android,tiktok,11.15,PT
u_11919,2025-05-20,ios,twitter,61.12,DE
u_11920,2025-05-20,android,twitter,19.05,ES
u_11921,2025-05-20,ios,facebook,51.33,IE
u_11922,2025-05-20,android,google_ads,22.52,SE
u_11923,2025-05-20,android,google_ads,12.0,DE
u_11924,2025-05-20,ios,tiktok,39.58,DE
u_11925,2025-05-20,ios,tiktok,47.45,FR
u_11926,2025-05-20,android,tiktok,58.9,ES
u_11927,2025-05-20,ios,twitter,21.79,IE
u_11928,2025-05-20,android,facebook,27.14,PL
u_11929,2025-05-20,ios,instagram,47.31,PL
u_11930,2025-05-20,ios,facebook,39.68,BE
u_11931,2025-05-20,android,google_ads,18.81,DE
u_10911,2025-05-21,ios,tiktok,68.99,ES
u_11844,2025-05-21,ios,tiktok,51.37,DE
u_11404,2025-05-21,android,tiktok,37.99,IT
u_10047,2025-05-21,ios,tiktok,22.13,BE
u_11080,2025-05-21,android,google_ads,15.25,PL
u_10652,2025-05-21,ios,twitter,32.92,ES
u_11630,2025-05-21,ios,google_ads,32.64,IE
u_11932,2025-05-21,ios,tiktok,43.42,DE
u_11933,2025-05-21,android,tiktok,44.95,FR
u_11934,2025-05-21,android,tiktok,65.37,ES
u_11935,2025-05-21,ios,google_ads,36.47,ES
u_11936,2025-05-21,ios,google_ads,46.41,DE
u_11937,2025-05-21,ios,facebook,29.71,NL
u_11938,2025-05-21,android,google_ads,55.17,FR
u_11939,2025-05-21,android,google_ads,71.57,PL
u_11940,2025-05-21,android,tiktok,26.45,FR
u_11941,2025-05-21,ios,google_ads,41.24,SE
u_11942,2025-05-21,android,tiktok,45.32,DE
u_11943,2025-05-21,ios,google_ads,57.23,IT
u_11944,2025-05-21,android,instagram,30.57,PL
u_11945,2025-05-21,android,tiktok,14.8,DE
u_11099,2025-05-22,ios,instagram,25.7,IT
u_11684,2025-05-22,ios,google_ads,43.04,PL
u_11088,2025-05-22,ios,instagram,49.75,PL
u_10056,2025-05-22,android,facebook,21.99,DE
u_11564,2025-05-22,android,google_ads,39.07,DE
u_11350,2025-05-22,android,facebook,31.9,DE
u_10575,2025-05-22,ios,google_ads,57.48,DE
u_11946,2025-05-22,ios,facebook,6.99,FR
u_11947,2025-05-22,ios,instagram,49.37,PT
u_11948,2025-05-22,android,instagram,21.33,NL
u_11949,2025-05-22,android,google_ads,36.27,FR
u_11950,2025-05-22,android,instagram,37.47,ES
u_11951,2025-05-22,android,facebook,31.13,PL
u_11952,2025-05-22,android,google_ads,47.08,PL
u_11953,2025-05-22,android,instagram,36.36,FR
u_11954,2025-05-22,ios,instagram,36.41,FR
u_11955,2025-05-22,ios,tiktok,6.99,PL
u_11956,2025-05-22,ios,facebook,42.65,FR
u_11957,2025-05-22,android,twitter,34.14,ES
u_11958,2025-05-22,ios,tiktok,53.48,ES
u_11959,2025-05-22,android,facebook,96.71,NL
u_11960,2025-05-22,ios,instagram,46.58,IE
u_11171,2025-05-23,android,google_ads,6.89,ES
u_10967,2025-05-23,ios,tiktok,80.35,PT
u_11878,2025-05-23,android,instagram,47.59,IT
u_11651,2025-05-23,ios,facebook,47.06,NL
u_11183,2025-05-23,android,facebook,52.77,BE
u_10802,2025-05-23,ios,google_ads,51.33,DE
u_10596,2025-05-23,android,twitter,18.12,PT
u_10802,2025-05-23,ios,google_ads,44.96,DE
u_11454,2025-05-23,android,google_ads,56.46,NL
u_10769,2025-05-23,ios,instagram,13.91,IT
u_10707,2025-05-23,android,twitter,91.3,DE
u_11961,2025-05-23,android,facebook,44.96,IE
u_11962,2025-05-23,android,google_ads,40.24,PL
u_11963,2025-05-23,ios,tiktok,27.7,PL
u_11964,2025-05-23,ios,tiktok,38.14,BE
u_11965,2025-05-23,ios,facebook,20.1,BE
u_11966,2025-05-23,android,google_ads,73.8,PL
u_11967,2025-05-23,android,facebook,42.55,SE
u_11968,2025-05-23,android,google_ads,66.43,IT
u_11969,2025-05-23,android,google_ads,33.87,IT
u_11970,2025-05-23,android,tiktok,52.17,IT
u_11971,2025-05-23,android,tiktok,45.82,ES
u_11972,2025-05-23,ios,instagram,61.34,DE
u_11973,2025-05-23,android,twitter,41.1,FR
u_11974,2025-05-23,ios,instagram,57.78,NL
u_11975,2025-05-23,ios,twitter,72.27,ES
u_11976,2025-05-23,android,instagram,57.73,DE
u_11977,2025-05-23,ios,tiktok,43.0,ES
u_11978,2025-05-23,ios,instagram,31.66,SE
u_11979,2025-05-23,android,tiktok,45.28,BE
u_11980,2025-05-23,android,facebook,43.75,PL
u_11981,2025-05-23,ios,facebook,47.73,BE
u_11982,2025-05-23,android,instagram,56.62,IT
u_10903,2025-05-24,ios,instagram,45.42,ES
u_11355,2025-05-24,ios,facebook,44.54,DE
u_10617,2025-05-24,android,instagram,53.37,IT
u_10399,2025-05-24,android,twitter,17.27,FR
u_10629,2025-05-24,android,google_ads,33.31,FR
u_11983,2025-05-24,ios,google_ads,10.29,PL
u_11984,2025-05-24,ios,tiktok,28.48,PT
u_11985,2025-05-24,ios,instagram,63.05,PT
u_11986,2025-05-24,android,facebook,67.1,IT
u_11987,2025-05-24,android,google_ads,29.56,PL
u_11988,2025-05-24,ios,tiktok,32.94,ES
u_11989,2025-05-24,android,google_ads,45.93,IE
u_11990,2025-05-24,ios,instagram,52.33,FR
u_11991,2025-05-24,android,instagram,66.73,ES
u_11992,2025-05-24,android,facebook,48.68,FR
u_11993,2025-05-24,ios,tiktok,51.06,IT
u_10831,2025-05-25,ios,google_ads,16.69,DE
u_10976,2025-05-25,ios,instagram,27.77,ES
u_10643,2025-05-25,ios,tiktok,56.53,ES
u_11334,2025-05-25,ios,facebook,17.48,NL
u_10964,2025-05-25,android,twitter,49.14,DE
u_10247,2025-05-25,ios,google_ads,18.89,FR
u_10020,2025-05-25,android,twitter,49.34,DE
u_10340,2025-05-25,android,instagram,19.33,PT
u_11994,2025-05-25,android,tiktok,59.27,DE
u_11995,2025-05-25,android,facebook,43.32,PL
u_11996,2025-05-25,ios,twitter,35.29,DE
u_11997,2025-05-25,ios,google_ads,25.16,NL
u_11998,2025-05-25,android,google_ads,58.97,IE
u_11999,2025-05-25,ios,facebook,62.93,DE
u_12000,2025-05-25,ios,instagram,45.51,DE
u_12001,2025-05-25,android,twitter,48.64,IT
u_12002,2025-05-25,ios,twitter,51.16,PL
u_12003,2025-05-25,android,google_ads,58.46,IT
u_12004,2025-05-25,android,tiktok,45.89,ES
u_12005,2025-05-25,android,tiktok,39.35,IT
u_12006,2025-05-25,ios,tiktok,46.23,NL
u_12007,2025-05-25,android,google_ads,38.57,SE
u_12008,2025-05-25,ios,google_ads,59.83,PL
u_12009,2025-05-25,ios,twitter,53.16,ES
u_12010,2025-05-25,ios,instagram,36.81,IT
u_11605,2025-05-26,android,google_ads,53.19,ES
u_10334,2025-05-26,android,google_ads,39.64,IT
u_10536,2025-05-26,android,facebook,50.59,NL
u_11282,2025-05-26,android,facebook,83.77,PL
u_11600,2025-05-26,ios,tiktok,50.11,NL
u_11848,2025-05-26,android,google_ads,57.46,FR
u_11545,2025-05-26,ios,google_ads,37.38,SE
u_12011,2025-05-26,ios,facebook,65.85,IT
u_12012,2025-05-26,android,google_ads,11.37,PT
u_12013,2025-05-26,android,instagram,43.98,IT
u_12014,2025-05-26,ios,facebook,51.63,IT
u_12015,2025-05-26,ios,tiktok,50.52,PL
u_12016,2025-05-26,ios,facebook,40.79,IE
u_12017,2025-05-26,android,google_ads,44.68,FR
u_12018,2025-05-26,android,google_ads,53.3,DE
u_12019,2025-05-26,android,facebook,101.7,FR
u_12020,2025-05-26,android,facebook,16.23,FR
u_12021,2025-05-26,ios,facebook,31.55,BE
u_12022,2025-05-26,ios,facebook,30.68,SE
u_12023,2025-05-26,android,facebook,74.93,FR
u_12024,2025-05-26,android,facebook,50.73,PL
u_12010,2025-05-27,ios,instagram,65.43,IT
u_10552,2025-05-27,ios,google_ads,26.23,DE
u_11814,2025-05-27,ios,instagram,45.38,ES
u_11093,2025-05-27,ios,facebook,27.83,FR
u_10142,2025-05-27,android,instagram,38.74,DE
u_10721,2025-05-27,android,tiktok,38.92,SE
u_12025,2025-05-27,android,facebook,37.29,PL
u_12026,2025-05-27,android,google_ads,56.95,DE
u_12027,2025-05-27,android,facebook,21.22,FR
u_12028,2025-05-27,android,google_ads,70.29,DE
u_12029,2025-05-27,ios,facebook,39.49,FR
u_12030,2025-05-27,ios,instagram,20.68,SE
u_12031,2025-05-27,android,google_ads,51.55,PL
u_12032,2025-05-27,ios,facebook,28.7,SE
u_12033,2025-05-27,ios,facebook,35.88,PL
u_12034,2025-05-27,android,instagram,31.84,PT
u_12035,2025-05-27,ios,tiktok,50.35,NL
u_12036,2025-05-27,ios,tiktok,47.09,SE
u_12037,2025-05-27,ios,instagram,36.76,PT
u_10676,2025-05-28,android,twitter,38.55,PL
u_11557,2025-05-28,ios,google_ads,28.66,DE
u_11137,2025-05-28,ios,facebook,66.68,PL
u_10640,2025-05-28,android,google_ads,24.73,NL
u_10200,2025-05-28,android,twitter,30.94,BE
u_11080,2025-05-28,android,google_ads,42.7,PL
u_12038,2025-05-28,android,facebook,37.65,ES
u_12039,2025-05-28,android,twitter,46.7,IT
u_12040,2025-05-28,ios,instagram,23.58,SE
u_12041,2025-05-28,ios,facebook,48.84,ES
u_12042,2025-05-28,ios,twitter,39.96,FR
u_12043,2025-05-28,android,facebook,7.39,IE
u_12044,2025-05-28,android,google_ads,25.65,DE
u_12045,2025-05-28,android,twitter,51.64,IT
u_12046,2025-05-28,ios,instagram,6.99,IT
u_12047,2025-05-28,ios,google_ads,40.32,PL
u_12048,2025-05-28,ios,google_ads,23.36,FR
u_12049,2025-05-28,android,facebook,46.52,DE
u_10072,2025-05-29,android,google_ads,39.04,DE
u_10028,2025-05-29,ios,facebook,15.55,SE
u_10727,2025-05-29,android,facebook,47.09,DE
u_11372,2025-05-29,android,facebook,21.7,SE
u_10745,2025-05-29,android,google_ads,32.5,ES
u_12050,2025-05-29,android,google_ads,30.91,DE
u_12051,2025-05-29,ios,google_ads,71.48,ES
u_12052,2025-05-29,ios,facebook,54.94,NL
u_12053,2025-05-29,android,google_ads,38.01,ES
u_12054,2025-05-29,android,instagram,34.59,FR
u_12055,2025-05-29,ios,facebook,65.13,NL
u_12056,2025-05-29,ios,instagram,21.86,IE
u_12057,2025-05-29,ios,tiktok,12.43,FR
u_12058,2025-05-29,ios,tiktok,49.13,DE
u_12059,2025-05-29,ios,twitter,31.73,PT
u_12060,2025-05-29,android,tiktok,53.82,SE
u_12061,2025-05-29,android,google_ads,42.73,NL
u_11860,2025-05-30,android,facebook,25.77,IE
u_10386,2025-05-30,ios,google_ads,62.59,IT
u_10975,2025-05-30,android,google_ads,88.1,ES
u_10628,2025-05-30,android,facebook,31.07,PT
u_11728,2025-05-30,android,google_ads,43.37,FR
u_10796,2025-05-30,android,google_ads,7.04,SE
u_12062,2025-05-30,ios,tiktok,35.73,ES
u_12063,2025-05-30,ios,google_ads,72.23,NL
u_12064,2025-05-30,ios,google_ads,52.45,PT
u_12065,2025-05-30,android,twitter,52.13,PT
u_12066,2025-05-30,ios,instagram,33.76,IT
u_12067,2025-05-30,ios,tiktok,38.12,SE
u_12068,2025-05-30,ios,twitter,34.77,PL
u_12069,2025-05-30,ios,tiktok,13.49,DE
u_12070,2025-05-30,ios,google_ads,62.42,SE
u_12071,2025-05-30,ios,twitter,32.82,PL
u_12072,2025-05-30,android,tiktok,49.91,DE
u_12073,2025-05-30,android,twitter,17.74,DE
u_12074,2025-05-30,android,google_ads,46.13,SE
u_12075,2025-05-30,ios,twitter,58.9,FR
u_11987,2025-05-31,android,google_ads,30.69,PL
u_10861,2025-05-31,ios,instagram,10.37,NL
u_10510,2025-05-31,ios,google_ads,48.41,SE
u_12076,2025-05-31,ios,facebook,32.76,NL
u_12077,2025-05-31,ios,facebook,25.82,FR
u_12078,2025-05-31,android,facebook,31.36,NL
u_12079,2025-05-31,ios,facebook,54.68,DE
u_12080,2025-05-31,android,instagram,64.75,DE
u_12081,2025-05-31,android,facebook,67.12,ES
u_12082,2025-05-31,android,facebook,21.21,PL
u_12083,2025-05-31,ios,twitter,7.14,SE
u_11380,2025-06-01,ios,instagram,25.41,ES
u_10642,2025-06-01,ios,google_ads,38.47,FR
u_10549,2025-06-01,ios,facebook,49.95,PL
u_11150,2025-06-01,ios,google_ads,51.89,ES
u_11056,2025-06-01,android,instagram,79.67,IE
u_12084,2025-06-01,android,twitter,36.42,SE
u_12085,2025-06-01,ios,facebook,28.2,PL
u_12086,2025-06-01,ios,instagram,45.37,SE
u_12087,2025-06-01,android,tiktok,15.69,ES
u_12088,2025-06-01,android,tiktok,56.83,BE
u_12089,2025-06-01,ios,google_ads,26.98,SE
u_12090,2025-06-01,android,instagram,41.67,SE
u_12091,2025-06-01,ios,tiktok,34.26,DE
u_12092,2025-06-01,android,facebook,25.27,DE
u_12093,2025-06-01,android,twitter,40.31,NL
u_12094,2025-06-01,ios,instagram,47.98,DE
u_11855,2025-06-02,android,instagram,65.08,BE
u_11863,2025-06-02,ios,google_ads,41.57,FR
u_10854,2025-06-02,ios,google_ads,28.11,PL
u_10089,2025-06-02,ios,google_ads,53.69,PT
u_10055,2025-06-02,android,tiktok,4.99,DE
u_12095,2025-06-02,android,tiktok,50.23,IT
u_12096,2025-06-02,ios,facebook,28.17,SE
u_12097,2025-06-02,ios,google_ads,59.4,FR
u_12098,2025-06-02,android,google_ads,35.31,FR
u_12099,2025-06-02,ios,tiktok,15.64,DE
u_12100,2025-06-02,android,tiktok,31.24,ES
u_12101,2025-06-02,android,instagram,39.26,BE
u_12102,2025-06-02,ios,google_ads,60.77,NL
u_12103,2025-06-02,android,instagram,41.56,DE
u_12104,2025-06-02,android,instagram,11.14,FR
u_12105,2025-06-02,ios,google_ads,34.59,ES
u_12106,2025-06-02,android,tiktok,38.37,PT
u_10988,2025-06-03,ios,instagram,38.81,SE
u_10508,2025-06-03,android,facebook,45.62,PL
u_10914,2025-06-03,ios,google_ads,46.33,IE
u_10043,2025-06-03,android,tiktok,36.06,ES
u_11088,2025-06-03,ios,instagram,38.93,PL
u_10108,2025-06-03,ios,facebook,21.72,IT
u_11804,2025-06-03,android,google_ads,60.54,NL
u_12107,2025-06-03,ios,google_ads,10.3,PT
u_12108,2025-06-03,ios,facebook,58.24,ES
u_12109,2025-06-03,android,google_ads,43.9,DE
u_12110,2025-06-03,ios,google_ads,51.68,PL
u_12111,2025-06-03,android,google_ads,32.05,ES
u_12112,2025-06-03,android,tiktok,37.76,FR
u_12113,2025-06-03,ios,tiktok,36.66,PL
u_12114,2025-06-03,android,instagram,53.84,FR
u_12115,2025-06-03,android,twitter,27.15,FR
u_12116,2025-06-03,ios,google_ads,17.23,SE
u_12117,2025-06-03,android,google_ads,44.55,PL
u_12118,2025-06-03,ios,facebook,35.81,PL
u_12119,2025-06-03,android,twitter,54.97,IT
u_12120,2025-06-03,ios,facebook,17.87,IT
u_12121,2025-06-03,android,google_ads,66.13,PL
u_11159,2025-06-04,ios,tiktok,43.97,NL
u_10423,2025-06-04,android,google_ads,20.19,PL
u_10737,2025-06-04,android,facebook,13.43,IT
u_10787,2025-06-04,ios,facebook,10.77,DE
u_10603,2025-06-04,android,tiktok,15.08,DE
u_11857,2025-06-04,ios,google_ads,47.44,PT
u_12059,2025-06-04,ios,twitter,34.65,PT
u_12122,2025-06-04,android,facebook,63.25,IT
u_12123,2025-06-04,ios,instagram,25.28,FR
u_12124,2025-06-04,ios,facebook,16.76,NL
u_12125,2025-06-04,ios,google_ads,50.87,FR
u_12126,2025-06-04,android,google_ads,63.38,BE
u_12127,2025-06-04,android,google_ads,9.34,PT
u_12128,2025-06-04,android,facebook,68.02,IT
u_12129,2025-06-04,android,twitter,6.99,BE
u_12130,2025-06-04,ios,twitter,17.56,ES
u_12131,2025-06-04,android,instagram,87.37,SE
u_12132,2025-06-04,android,twitter,39.11,DE
u_12133,2025-06-04,ios,facebook,16.75,FR
u_12134,2025-06-04,android,google_ads,44.77,PL
u_12135,2025-06-04,ios,tiktok,51.73,ES
u_11589,2025-06-05,android,google_ads,25.0,IT
u_11440,2025-06-05,android,facebook,88.55,ES
u_11458,2025-06-05,android,twitter,26.93,SE
u_10550,2025-06-05,ios,facebook,40.76,IT
u_10926,2025-06-05,android,facebook,48.05,NL
u_11998,2025-06-05,android,google_ads,40.49,IE
u_11454,2025-06-05,android,google_ads,70.34,NL
u_12136,2025-06-05,ios,twitter,81.71,DE
u_12137,2025-06-05,ios,twitter,32.82,NL
u_12138,2025-06-05,android,google_ads,50.57,NL
u_12139,2025-06-05,ios,tiktok,49.36,IE
u_12140,2025-06-05,android,google_ads,32.69,DE
u_12141,2025-06-05,android,tiktok,60.39,DE
u_12142,2025-06-05,android,twitter,49.59,ES
u_12143,2025-06-05,ios,instagram,20.69,PL
u_12144,2025-06-05,ios,google_ads,58.15,BE
u_12145,2025-06-05,android,facebook,38.78,DE
u_12146,2025-06-05,ios,instagram,59.43,BE
u_12147,2025-06-05,ios,twitter,90.45,FR
u_12148,2025-06-05,ios,facebook,67.96,SE
u_12149,2025-06-05,ios,google_ads,14.9,ES
u_12150,2025-06-05,android,google_ads,45.6,FR
u_12151,2025-06-05,ios,tiktok,32.19,ES
u_11423,2025-06-06,android,google_ads,16.85,BE
u_10917,2025-06-06,android,google_ads,66.37,IE
u_11724,2025-06-06,ios,tiktok,31.76,IE
u_10800,2025-06-06,android,facebook,63.47,IT
u_11928,2025-06-06,android,facebook,20.8,PL
u_12152,2025-06-06,android,google_ads,49.79,NL
u_12153,2025-06-06,android,facebook,41.0,ES
u_12154,2025-06-06,android,twitter,28.64,NL
u_12155,2025-06-06,ios,instagram,47.62,FR
u_12156,2025-06-06,android,google_ads,12.77,PL
u_12157,2025-06-06,ios,facebook,31.26,PL
u_12158,2025-06-06,ios,facebook,50.95,FR
u_12159,2025-06-06,ios,google_ads,53.53,PT
u_12160,2025-06-06,ios,instagram,56.14,ES
u_12161,2025-06-06,ios,instagram,46.85,BE
u_11003,2025-06-07,android,twitter,20.18,PT
u_11843,2025-06-07,ios,instagram,55.2,BE
u_11330,2025-06-07,ios,google_ads,28.15,DE
u_11020,2025-06-07,ios,google_ads,29.22,FR
u_11488,2025-06-07,android,tiktok,65.93,ES
u_11121,2025-06-07,android,tiktok,78.77,FR
u_10138,2025-06-07,android,google_ads,27.02,FR
u_11850,2025-06-07,ios,tiktok,21.17,IT
u_12162,2025-06-07,android,google_ads,43.41,IT
u_12163,2025-06-07,ios,facebook,26.87,SE
u_12164,2025-06-07,ios,instagram,21.33,DE
u_12165,2025-06-07,ios,facebook,38.81,PT
u_12166,2025-06-07,ios,facebook,52.56,DE
u_12167,2025-06-07,android,twitter,47.07,DE
u_12168,2025-06-07,ios,google_ads,36.58,BE
u_12169,2025-06-07,ios,twitter,44.7,IE
u_12170,2025-06-07,android,facebook,8.22,FR
u_12171,2025-06-07,android,instagram,76.14,PT
u_12172,2025-06-07,android,tiktok,70.14,IT
u_12173,2025-06-07,ios,google_ads,9.42,DE
u_12174,2025-06-07,android,tiktok,52.25,SE
u_12175,2025-06-07,ios,google_ads,46.58,IT
u_12176,2025-06-07,ios,instagram,69.19,NL
u_12177,2025-06-07,android,facebook,30.62,IT
u_12178,2025-06-07,android,google_ads,43.48,SE
u_12179,2025-06-07,ios,instagram,71.05,PL
u_11495,2025-06-08,android,google_ads,67.06,IT
u_10448,2025-06-08,android,google_ads,37.62,NL
u_11167,2025-06-08,android,tiktok,82.61,SE
u_10577,2025-06-08,ios,google_ads,50.25,NL
u_12180,2025-06-08,ios,google_ads,63.52,BE
u_12181,2025-06-08,ios,tiktok,44.66,IT
u_12182,2025-06-08,android,twitter,28.6,SE
u_12183,2025-06-08,android,facebook,47.9,PT
u_12184,2025-06-08,android,instagram,32.43,ES
u_12185,2025-06-08,ios,tiktok,24.0,NL
u_12186,2025-06-08,ios,google_ads,65.68,ES
u_12187,2025-06-08,ios,tiktok,24.85,BE
u_12188,2025-06-08,android,twitter,44.25,FR
u_11264,2025-06-09,android,instagram,66.52,IT
u_10461,2025-06-09,android,facebook,41.49,FR
u_11455,2025-06-09,android,google_ads,40.42,IT
u_10468,2025-06-09,android,tiktok,14.66,DE
u_10347,2025-06-09,android,facebook,30.69,ES
u_10661,2025-06-09,android,google_ads,75.75,NL
u_10210,2025-06-09,ios,google_ads,80.14,SE
u_12183,2025-06-09,android,facebook,46.21,PT
u_11345,2025-06-09,android,instagram,36.69,SE
u_12189,2025-06-09,android,instagram,57.99,PL
u_12190,2025-06-09,ios,instagram,33.08,DE
u_12191,2025-06-09,android,google_ads,54.81,DE
u_12192,2025-06-09,ios,google_ads,26.53,PT
u_12193,2025-06-09,android,google_ads,52.26,IT
u_12194,2025-06-09,android,google_ads,17.53,FR
u_12195,2025-06-09,ios,twitter,31.79,SE
u_12196,2025-06-09,android,tiktok,44.47,SE
u_12197,2025-06-09,ios,google_ads,35.8,DE
u_12198,2025-06-09,ios,instagram,71.95,PL
u_12199,2025-06-09,ios,tiktok,54.12,ES
u_12200,2025-06-09,android,tiktok,35.95,ES
u_12201,2025-06-09,android,facebook,20.49,PL
u_12202,2025-06-09,android,facebook,75.89,SE
u_12203,2025-06-09,android,instagram,31.87,IT
u_12204,2025-06-09,ios,google_ads,23.37,PT
u_12205,2025-06-09,android,instagram,52.77,ES
u_12206,2025-06-09,ios,tiktok,29.57,IT
u_10151,2025-06-10,android,facebook,55.7,ES
u_10095,2025-06-10,android,google_ads,26.3,PL
u_10896,2025-06-10,ios,google_ads,33.17,NL
u_11183,2025-06-10,android,facebook,72.69,BE
u_11404,2025-06-10,android,tiktok,22.73,IT
u_10182,2025-06-10,android,tiktok,45.97,DE
u_12207,2025-06-10,ios,google_ads,63.9,IT
u_12208,2025-06-10,android,google_ads,15.33,PL
u_12209,2025-06-10,ios,facebook,50.48,BE
u_12210,2025-06-10,android,google_ads,49.96,PL
u_12211,2025-06-10,ios,google_ads,50.44,DE
u_12212,2025-06-10,ios,facebook,54.2,SE
u_12213,2025-06-10,android,tiktok,13.13,PL
u_12214,2025-06-10,ios,twitter,56.79,ES
u_12215,2025-06-10,android,google_ads,6.99,DE
u_12216,2025-06-10,android,tiktok,38.4,ES
u_12217,2025-06-10,android,instagram,37.81,IE
u_12218,2025-06-10,ios,google_ads,48.4,IT
u_12219,2025-06-10,android,instagram,22.04,PL
u_12220,2025-06-10,ios,google_ads,39.96,FR
u_10036,2025-06-11,ios,google_ads,14.16,DE
u_12028,2025-06-11,android,google_ads,63.01,DE
u_10436,2025-06-11,android,instagram,45.05,SE
u_10106,2025-06-11,ios,google_ads,60.01,DE
u_11503,2025-06-11,android,twitter,96.87,PT
u_12140,2025-06-11,android,google_ads,25.39,DE
u_10794,2025-06-11,android,tiktok,30.98,NL
u_12019,2025-06-11,android,facebook,97.87,FR
u_12221,2025-06-11,android,instagram,23.98,BE
u_12222,2025-06-11,ios,google_ads,66.28,PT
u_12223,2025-06-11,android,tiktok,28.92,DE
u_12224,2025-06-11,android,google_ads,50.06,DE
u_12225,2025-06-11,android,instagram,56.54,IT
u_12226,2025-06-11,android,google_ads,50.73,NL
u_12227,2025-06-11,ios,twitter,6.99,IT
u_12228,2025-06-11,android,tiktok,39.94,PL
u_12229,2025-06-11,android,instagram,77.15,ES
u_12230,2025-06-11,android,google_ads,25.51,DE
u_12231,2025-06-11,ios,tiktok,31.94,PT
u_12232,2025-06-11,ios,google_ads,60.55,ES
u_12233,2025-06-11,ios,twitter,45.44,FR
u_12234,2025-06-11,ios,tiktok,40.77,ES
u_12235,2025-06-11,ios,instagram,22.89,PT
u_12236,2025-06-11,ios,google_ads,19.95,IT
u_12237,2025-06-11,ios,google_ads,6.99,BE
u_12238,2025-06-11,android,instagram,50.22,NL
u_10656,2025-06-12,ios,instagram,103.65,PT
u_10875,2025-06-12,ios,instagram,27.96,DE
u_10022,2025-06-12,ios,tiktok,65.05,ES
u_10286,2025-06-12,android,instagram,25.92,DE
u_10577,2025-06-12,ios,google_ads,50.42,NL
u_10743,2025-06-12,ios,tiktok,36.91,IT
u_11351,2025-06-12,ios,tiktok,31.19,PT
u_12239,2025-06-12,ios,instagram,21.28,PL
u_12240,2025-06-12,ios,instagram,25.53,IT
u_12241,2025-06-12,android,google_ads,45.78,DE
u_12242,2025-06-12,android,instagram,26.99,DE
u_12243,2025-06-12,ios,facebook,44.82,IT
u_12244,2025-06-12,ios,google_ads,59.75,SE
u_12245,2025-06-12,android,facebook,55.37,SE
u_12246,2025-06-12,ios,instagram,33.32,DE
u_12247,2025-06-12,android,instagram,6.99,IE
u_12248,2025-06-12,android,tiktok,38.26,PT
u_12249,2025-06-12,ios,facebook,48.24,NL
u_12250,2025-06-12,android,facebook,27.41,BE
u_12251,2025-06-12,android,google_ads,25.6,DE
u_12252,2025-06-12,android,facebook,52.25,PT
u_10878,2025-06-13,android,google_ads,22.94,DE
u_11043,2025-06-13,android,facebook,34.59,ES
u_11342,2025-06-13,android,tiktok,17.39,SE
u_10648,2025-06-13,ios,tiktok,77.28,PT
u_11914,2025-06-13,android,google_ads,28.9,PT
u_10377,2025-06-13,ios,google_ads,48.08,IT
u_12253,2025-06-13,android,tiktok,71.58,PL
u_12254,2025-06-13,android,instagram,47.82,SE
u_12255,2025-06-13,ios,facebook,42.92,ES
u_12256,2025-06-13,android,tiktok,64.5,BE
u_12257,2025-06-13,ios,google_ads,29.15,ES
u_12258,2025-06-13,android,tiktok,24.89,FR
u_12259,2025-06-13,android,instagram,23.98,IE
u_12260,2025-06-13,android,tiktok,41.55,ES
u_12261,2025-06-13,ios,google_ads,56.53,ES
u_12262,2025-06-13,android,google_ads,63.44,NL
u_12263,2025-06-13,android,tiktok,39.63,ES
u_12264,2025-06-13,android,facebook,42.11,PT
u_12265,2025-06-13,android,instagram,41.02,ES
u_10534,2025-06-14,ios,facebook,50.91,DE
u_10563,2025-06-14,ios,tiktok,56.79,IT
u_10883,2025-06-14,android,facebook,53.71,DE
u_10136,2025-06-14,android,instagram,45.83,DE
u_11252,2025-06-14,ios,google_ads,47.97,SE
u_12266,2025-06-14,android,instagram,37.56,IE
u_12267,2025-06-14,ios,tiktok,20.43,SE
u_12268,2025-06-14,android,facebook,80.15,ES
u_12269,2025-06-14,android,google_ads,51.1,ES
u_12270,2025-06-14,ios,instagram,89.06,IT
u_12271,2025-06-14,ios,instagram,43.26,ES
u_12272,2025-06-14,android,google_ads,35.86,SE
u_12273,2025-06-14,ios,facebook,63.45,IT
u_12274,2025-06-14,android,twitter,46.03,ES
u_12275,2025-06-14,android,facebook,40.69,BE
u_12276,2025-06-14,ios,google_ads,6.99,NL
u_12175,2025-06-15,ios,google_ads,26.19,IT
u_11466,2025-06-15,android,instagram,85.13,PT
u_10569,2025-06-15,ios,tiktok,47.12,ES
u_11387,2025-06-15,android,tiktok,46.8,FR
u_12277,2025-06-15,ios,instagram,38.37,DE
u_12278,2025-06-15,android,facebook,37.19,NL
u_12279,2025-06-15,ios,google_ads,64.29,PL
u_12280,2025-06-15,ios,instagram,31.06,ES
u_12281,2025-06-15,ios,google_ads,6.99,PT
u_12282,2025-06-15,ios,instagram,33.22,IT
u_12283,2025-06-15,ios,tiktok,31.39,IT
u_12284,2025-06-15,ios,tiktok,56.41,BE
u_12285,2025-06-15,android,instagram,74.55,DE
u_11620,2025-06-16,android,facebook,16.86,IE
u_12265,2025-06-16,android,instagram,43.2,ES
u_12100,2025-06-16,android,tiktok,45.22,ES
u_11753,2025-06-16,ios,google_ads,30.42,ES
u_10615,2025-06-16,android,google_ads,48.01,NL
u_10240,2025-06-16,android,twitter,15.93,FR
u_10806,2025-06-16,ios,google_ads,40.57,DE
u_12286,2025-06-16,android,instagram,6.99,NL
u_12287,2025-06-16,ios,tiktok,31.88,BE
u_12288,2025-06-16,android,tiktok,58.99,SE
u_12289,2025-06-16,ios,instagram,60.7,PL
u_12290,2025-06-16,ios,twitter,48.76,DE
u_12291,2025-06-16,android,tiktok,44.39,NL
u_12292,2025-06-16,android,google_ads,37.56,IE
u_12293,2025-06-16,android,facebook,79.51,DE
u_12294,2025-06-16,ios,instagram,39.94,BE
u_12295,2025-06-16,ios,instagram,17.28,DE
u_12296,2025-06-16,ios,instagram,26.27,NL
u_12297,2025-06-16,android,google_ads,57.3,PT
u_12298,2025-06-16,android,twitter,45.6,DE
u_12299,2025-06-16,ios,google_ads,36.29,IT
u_12300,2025-06-16,ios,google_ads,34.94,PL
u_11529,2025-06-17,android,facebook,5.47,PL
u_10037,2025-06-17,ios,google_ads,24.1,PT
u_11730,2025-06-17,ios,google_ads,36.91,ES
u_11189,2025-06-17,android,twitter,65.46,ES
u_12301,2025-06-17,android,google_ads,73.0,NL
u_12302,2025-06-17,android,facebook,24.17,BE
u_12303,2025-06-17,android,google_ads,52.61,DE
u_12304,2025-06-17,android,instagram,69.69,PL
u_12305,2025-06-17,ios,twitter,69.54,DE
u_12306,2025-06-17,ios,tiktok,21.61,PL
u_12307,2025-06-17,android,google_ads,21.4,PL
u_12308,2025-06-17,android,twitter,54.63,ES
u_12309,2025-06-17,ios,google_ads,63.79,ES
u_12310,2025-06-17,ios,google_ads,39.77,FR
u_11435,2025-06-18,android,google_ads,51.48,FR
u_10411,2025-06-18,ios,google_ads,37.39,FR
u_11890,2025-06-18,android,google_ads,95.5,FR
u_11710,2025-06-18,ios,google_ads,34.31,IE
u_10803,2025-06-18,android,google_ads,17.94,DE
u_10004,2025-06-18,android,tiktok,27.94,DE
u_12311,2025-06-18,android,google_ads,15.41,BE
u_12312,2025-06-18,android,instagram,46.49,BE
u_12313,2025-06-18,ios,google_ads,44.46,ES
u_12314,2025-06-18,ios,instagram,29.39,BE
u_12315,2025-06-18,android,google_ads,54.73,PL
u_12316,2025-06-18,ios,instagram,78.94,DE
u_12317,2025-06-18,ios,google_ads,14.54,IT
u_12318,2025-06-18,ios,tiktok,43.54,PT
u_12319,2025-06-18,ios,google_ads,27.67,PL
u_12320,2025-06-18,ios,facebook,49.32,SE
u_12321,2025-06-18,android,facebook,49.92,ES
u_12322,2025-06-18,android,tiktok,52.11,DE
u_12323,2025-06-18,ios,tiktok,53.03,DE
u_12324,2025-06-18,ios,tiktok,48.09,PT
u_11098,2025-06-19,android,twitter,31.82,SE
u_11451,2025-06-19,android,twitter,85.14,PL
u_10791,2025-06-19,ios,instagram,34.72,IT
u_11414,2025-06-19,ios,tiktok,10.08,FR
u_10884,2025-06-19,ios,google_ads,56.56,FR
u_11547,2025-06-19,android,facebook,63.11,IT
u_11083,2025-06-19,ios,facebook,19.53,PL
u_11260,2025-06-19,ios,instagram,86.02,SE
u_12325,2025-06-19,android,google_ads,49.56,PL
u_12326,2025-06-19,android,twitter,36.78,IT
u_12327,2025-06-19,ios,google_ads,45.25,IT
u_12328,2025-06-19,ios,tiktok,43.14,PT
u_12329,2025-06-19,android,instagram,55.89,NL
u_12330,2025-06-19,ios,google_ads,55.25,FR
u_12331,2025-06-19,android,instagram,33.22,DE
u_12332,2025-06-19,ios,facebook,33.16,NL
u_12333,2025-06-19,android,google_ads,77.05,IT
u_12334,2025-06-19,ios,facebook,50.71,IE
u_12335,2025-06-19,android,google_ads,58.6,DE
u_12336,2025-06-19,android,twitter,49.2,NL
u_12337,2025-06-19,ios,instagram,25.25,SE
u_12338,2025-06-19,android,tiktok,64.07,DE
u_12339,2025-06-19,android,instagram,35.29,FR
u_12340,2025-06-19,ios,instagram,32.87,DE
u_12341,2025-06-19,android,instagram,33.56,DE
u_10677,2025-06-20,android,google_ads,64.75,PL
u_11152,2025-06-20,android,google_ads,32.45,DE
u_11532,2025-06-20,android,instagram,30.99,NL
u_10126,2025-06-20,ios,twitter,48.24,IT
u_11715,2025-06-20,android,tiktok,43.37,DE
u_12342,2025-06-20,android,facebook,56.18,BE
u_12343,2025-06-20,android,instagram,35.67,ES
u_12344,2025-06-20,android,instagram,20.81,FR
u_12345,2025-06-20,ios,google_ads,47.32,NL
u_12346,2025-06-20,android,instagram,34.2,BE
u_12347,2025-06-20,android,facebook,59.28,IE
u_12348,2025-06-20,android,facebook,27.73,IT
u_12349,2025-06-20,ios,google_ads,7.12,DE
u_12350,2025-06-20,android,instagram,30.93,SE
u_12351,2025-06-20,ios,tiktok,54.19,DE
u_12352,2025-06-20,android,instagram,11.18,PL
u_11956,2025-06-21,ios,facebook,61.71,FR
u_10132,2025-06-21,android,instagram,73.4,DE
u_12303,2025-06-21,android,google_ads,35.33,DE
u_10671,2025-06-21,android,google_ads,37.5,DE
u_10811,2025-06-21,android,facebook,22.06,ES
u_11187,2025-06-21,android,twitter,50.05,IT
u_12353,2025-06-21,ios,google_ads,69.28,PL
u_12354,2025-06-21,android,google_ads,20.36,SE
u_12355,2025-06-21,android,tiktok,32.69,PT
u_12356,2025-06-21,android,instagram,59.96,DE
u_12357,2025-06-21,ios,twitter,62.63,IT
u_12358,2025-06-21,android,twitter,43.0,ES
u_12359,2025-06-21,android,tiktok,66.76,FR
u_12360,2025-06-21,ios,google_ads,65.3,IT
u_12361,2025-06-21,android,google_ads,21.3,DE
u_12362,2025-06-21,ios,twitter,40.15,PL
u_12363,2025-06-21,ios,facebook,18.3,NL
u_12364,2025-06-21,android,tiktok,68.44,ES
u_12365,2025-06-21,android,instagram,13.95,DE
u_12366,2025-06-21,android,facebook,35.68,DE
u_12089,2025-06-22,ios,google_ads,10.02,SE
u_11225,2025-06-22,ios,facebook,25.66,IT
u_10694,2025-06-22,ios,google_ads,88.23,DE
u_12181,2025-06-22,ios,tiktok,25.77,IT
u_10781,2025-06-22,ios,google_ads,78.27,DE
u_10905,2025-06-22,ios,tiktok,42.31,SE
u_12367,2025-06-22,ios,twitter,55.93,FR
u_12368,2025-06-22,ios,facebook,8.38,FR
u_12369,2025-06-22,android,facebook,53.62,FR
u_12370,2025-06-22,ios,tiktok,52.06,PL
u_12371,2025-06-22,android,google_ads,20.57,IT
u_12372,2025-06-22,ios,google_ads,14.07,ES
u_12373,2025-06-22,ios,instagram,7.02,PL
u_12374,2025-06-22,android,instagram,44.37,FR
u_12375,2025-06-22,ios,twitter,24.11,NL
u_12376,2025-06-22,android,instagram,67.84,ES
u_12377,2025-06-22,android,twitter,55.72,DE
u_12378,2025-06-22,ios,facebook,57.63,ES
u_12379,2025-06-22,android,google_ads,73.12,DE
u_12380,2025-06-22,android,facebook,18.45,ES
u_10198,2025-06-23,android,instagram,61.38,NL
u_11157,2025-06-23,android,google_ads,30.04,BE
u_10164,2025-06-23,android,google_ads,48.39,PL
u_12154,2025-06-23,android,twitter,25.39,NL
u_11347,2025-06-23,ios,facebook,92.85,PT
u_11529,2025-06-23,android,facebook,7.4,PL
u_12381,2025-06-23,android,instagram,47.55,ES
u_12382,2025-06-23,ios,facebook,55.32,DE
u_12383,2025-06-23,ios,google_ads,65.8,SE
u_12384,2025-06-23,ios,facebook,56.64,DE
u_12385,2025-06-23,ios,google_ads,41.32,BE
u_12386,2025-06-23,android,facebook,25.37,IT
u_12387,2025-06-23,android,twitter,35.06,ES
u_12388,2025-06-23,ios,instagram,39.51,FR
u_12389,2025-06-23,android,instagram,49.88,PL
u_12390,2025-06-23,android,tiktok,44.26,IT
u_12391,2025-06-23,ios,tiktok,35.07,ES
u_12392,2025-06-23,android,tiktok,39.87,FR
u_12393,2025-06-23,android,instagram,44.57,ES
u_11957,2025-06-24,android,twitter,41.45,ES
u_11689,2025-06-24,ios,facebook,36.17,DE
u_10591,2025-06-24,android,instagram,22.28,SE
u_10948,2025-06-24,android,google_ads,29.11,DE
u_10310,2025-06-24,ios,instagram,12.97,NL
u_11392,2025-06-24,ios,instagram,14.77,FR
u_12394,2025-06-24,ios,instagram,73.67,FR
u_12395,2025-06-24,ios,facebook,67.02,NL
u_12396,2025-06-24,ios,tiktok,49.69,DE
u_12397,2025-06-24,ios,facebook,26.09,IT
u_12398,2025-06-24,android,google_ads,57.44,BE
u_12399,2025-06-24,android,google_ads,40.41,DE
u_12400,2025-06-24,ios,instagram,36.32,SE
u_12401,2025-06-24,ios,google_ads,37.08,SE
u_12402,2025-06-24,android,tiktok,62.75,FR
u_12403,2025-06-24,android,google_ads,64.39,FR
u_12404,2025-06-24,android,google_ads,59.93,NL
u_12405,2025-06-24,ios,facebook,42.83,SE
u_12406,2025-06-24,ios,instagram,29.74,IE
u_12407,2025-06-24,ios,instagram,9.29,PT
u_11273,2025-06-25,android,google_ads,26.71,ES
u_10845,2025-06-25,ios,google_ads,16.21,IT
u_10908,2025-06-25,ios,google_ads,29.04,PT
u_10016,2025-06-25,ios,google_ads,68.24,SE
u_10131,2025-06-25,ios,facebook,23.42,DE
u_10974,2025-06-25,ios,google_ads,57.84,ES
u_11858,2025-06-25,ios,google_ads,25.25,BE
u_10101,2025-06-25,android,google_ads,29.03,IT
u_12408,2025-06-25,android,tiktok,46.6,FR
u_12409,2025-06-25,android,google_ads,67.79,SE
u_12410,2025-06-25,ios,tiktok,62.56,NL
u_12411,2025-06-25,ios,facebook,25.99,BE
u_12412,2025-06-25,ios,google_ads,57.25,FR
u_12413,2025-06-25,android,twitter,38.05,IT
u_12414,2025-06-25,ios,facebook,7.08,ES
u_12415,2025-06-25,ios,facebook,53.42,BE
u_12416,2025-06-25,ios,google_ads,65.61,PL
u_12417,2025-06-25,ios,facebook,51.49,IT
u_12418,2025-06-25,ios,google_ads,31.15,DE
u_12419,2025-06-25,ios,google_ads,34.18,PT
u_12420,2025-06-25,ios,google_ads,32.52,NL
u_12421,2025-06-25,ios,google_ads,53.89,IE
u_12422,2025-06-25,ios,tiktok,34.93,ES
u_12423,2025-06-25,android,tiktok,14.59,FR
u_11366,2025-06-26,ios,facebook,52.44,PL
u_11638,2025-06-26,android,tiktok,23.22,PL
u_12329,2025-06-26,android,instagram,65.07,NL
u_11401,2025-06-26,ios,facebook,82.73,DE
u_10689,2025-06-26,android,google_ads,38.26,DE
u_10132,2025-06-26,android,instagram,79.86,DE
u_12424,2025-06-26,ios,tiktok,51.67,BE
u_12425,2025-06-26,ios,facebook,61.67,DE
u_12426,2025-06-26,android,google_ads,23.24,DE
u_12427,2025-06-26,ios,instagram,51.25,PL
u_12428,2025-06-26,ios,tiktok,54.44,PL
u_12429,2025-06-26,ios,twitter,43.14,IE
u_12430,2025-06-26,ios,instagram,61.46,FR
u_12431,2025-06-26,android,instagram,59.52,PT
u_12432,2025-06-26,android,google_ads,8.76,ES
u_12433,2025-06-26,ios,tiktok,53.96,IT
u_12434,2025-06-26,ios,google_ads,28.39,SE
u_12435,2025-06-26,ios,facebook,34.11,ES
u_12060,2025-06-27,android,tiktok,48.05,SE
u_11073,2025-06-27,ios,google_ads,74.81,DE
u_11889,2025-06-27,ios,tiktok,15.05,ES
u_10035,2025-06-27,ios,twitter,19.89,SE
u_12342,2025-06-27,android,facebook,69.32,BE
u_11990,2025-06-27,ios,instagram,54.55,FR
u_10880,2025-06-27,android,google_ads,53.37,PL
u_11871,2025-06-27,android,google_ads,33.78,SE
u_12436,2025-06-27,android,tiktok,26.16,PL
u_12437,2025-06-27,android,google_ads,6.99,ES
u_12438,2025-06-27,ios,tiktok,63.82,PL
u_12439,2025-06-27,ios,facebook,65.82,SE
u_12440,2025-06-27,ios,instagram,32.83,PT
u_12441,2025-06-27,android,twitter,16.84,DE
u_12442,2025-06-27,ios,facebook,18.13,BE
u_12443,2025-06-27,android,google_ads,10.12,IE
u_12444,2025-06-27,ios,tiktok,41.2,PT
u_12445,2025-06-27,android,instagram,63.63,ES
u_12446,2025-06-27,ios,instagram,51.98,PL
u_12447,2025-06-27,android,instagram,45.21,FR
u_12448,2025-06-27,ios,tiktok,35.51,IE
u_12449,2025-06-27,ios,instagram,74.72,DE
u_12450,2025-06-27,ios,instagram,67.26,DE
u_12451,2025-06-27,android,google_ads,66.96,ES
u_12452,2025-06-27,ios,google_ads,64.37,ES
u_10613,2025-06-28,android,google_ads,78.27,PL
u_11018,2025-06-28,ios,google_ads,69.88,BE
u_12359,2025-06-28,android,tiktok,92.42,FR
u_11532,2025-06-28,android,instagram,28.4,NL
u_12424,2025-06-28,ios,tiktok,37.86,BE
u_11002,2025-06-28,android,tiktok,51.46,BE
u_10413,2025-06-28,android,google_ads,61.38,SE
u_10105,2025-06-28,android,tiktok,57.49,SE
u_11555,2025-06-28,ios,instagram,45.87,NL
u_12453,2025-06-28,android,tiktok,51.76,NL
u_12454,2025-06-28,ios,google_ads,64.43,IT
u_12455,2025-06-28,android,google_ads,25.93,PL
u_12456,2025-06-28,ios,tiktok,44.73,FR
u_12457,2025-06-28,ios,twitter,47.62,SE
u_12458,2025-06-28,android,facebook,59.15,IT
u_12459,2025-06-28,android,tiktok,22.28,ES
u_12460,2025-06-28,android,google_ads,40.71,DE
u_12461,2025-06-28,ios,facebook,42.78,PT
u_12462,2025-06-28,android,google_ads,69.0,FR
u_12463,2025-06-28,ios,tiktok,36.01,IE
u_12464,2025-06-28,android,google_ads,15.03,PT
u_12465,2025-06-28,android,google_ads,48.49,PT
u_12466,2025-06-28,ios,instagram,38.35,SE
u_12467,2025-06-28,android,instagram,50.53,ES
u_12468,2025-06-28,ios,facebook,59.07,SE
u_12469,2025-06-28,android,instagram,32.0,DE
u_12470,2025-06-28,ios,facebook,22.77,NL
u_12471,2025-06-28,android,twitter,50.47,PL
u_12079,2025-06-29,ios,facebook,41.78,DE
u_11447,2025-06-29,ios,facebook,41.64,BE
u_10164,2025-06-29,android,google_ads,35.76,PL
u_10120,2025-06-29,android,twitter,46.26,PL
u_10203,2025-06-29,android,instagram,43.32,SE
u_12472,2025-06-29,ios,google_ads,42.31,DE
u_12473,2025-06-29,ios,facebook,20.86,NL
u_12474,2025-06-29,ios,facebook,58.72,IT
u_12475,2025-06-29,android,tiktok,38.66,IT
u_12476,2025-06-29,android,tiktok,38.41,NL
u_12477,2025-06-29,ios,google_ads,25.61,PT
u_12478,2025-06-29,ios,facebook,18.61,PL
u_12479,2025-06-29,ios,google_ads,61.79,PL
u_12480,2025-06-29,ios,facebook,21.39,FR
u_12481,2025-06-29,android,tiktok,58.47,NL
u_12482,2025-06-29,ios,facebook,21.25,IT
u_12483,2025-06-29,ios,google_ads,26.19,PL
u_11352,2025-06-30,ios,tiktok,44.65,NL
u_10520,2025-06-30,android,tiktok,45.84,ES
u_11078,2025-06-30,ios,facebook,20.39,BE
u_10407,2025-06-30,ios,tiktok,31.72,PT
u_11312,2025-06-30,android,tiktok,7.07,PL
u_10165,2025-06-30,android,google_ads,37.12,DE
u_11663,2025-06-30,ios,twitter,79.46,IT
u_12484,2025-06-30,ios,facebook,19.32,PT
u_12485,2025-06-30,ios,instagram,7.33,DE
u_12486,2025-06-30,ios,facebook,79.17,DE
u_12487,2025-06-30,ios,google_ads,47.96,IT
u_12488,2025-06-30,ios,google_ads,19.67,PL
u_12489,2025-06-30,ios,google_ads,43.37,SE
u_12490,2025-06-30,android,tiktok,59.44,ES
u_12491,2025-06-30,android,twitter,55.55,BE
u_12492,2025-06-30,ios,google_ads,57.69,BE
u_12493,2025-06-30,android,google_ads,16.75,SE
u_12494,2025-06-30,android,tiktok,15.46,ES
u_12495,2025-06-30,android,twitter,35.06,ES
u_12496,2025-06-30,ios,tiktok,6.99,BE
u_12497,2025-06-30,ios,google_ads,52.47,FR
u_12498,2025-06-30,ios,google_ads,29.07,DE
u_12499,2025-06-30,android,instagram,34.66,FR
u_12327,2025-07-01,ios,google_ads,40.11,IT
u_10912,2025-07-01,ios,google_ads,48.7,NL
u_11747,2025-07-01,android,google_ads,22.3,ES
u_10958,2025-07-01,android,twitter,66.48,FR
u_10267,2025-07-01,android,tiktok,16.65,SE
u_12500,2025-07-01,ios,instagram,64.39,FR
u_12501,2025-07-01,android,instagram,6.99,FR
u_12502,2025-07-01,ios,tiktok,57.17,PT
u_12503,2025-07-01,android,tiktok,49.43,DE
u_12504,2025-07-01,android,tiktok,59.17,BE
u_12505,2025-07-01,ios,tiktok,12.08,DE
u_12506,2025-07-01,android,instagram,25.69,DE
u_12507,2025-07-01,ios,tiktok,35.53,NL
u_12508,2025-07-01,android,google_ads,42.21,BE
u_12509,2025-07-01,ios,instagram,46.42,PL
u_12510,2025-07-01,android,twitter,33.46,DE
u_11525,2025-07-02,ios,google_ads,31.68,IE
u_10874,2025-07-02,android,google_ads,48.84,BE
u_10198,2025-07-02,android,instagram,83.53,NL
u_10532,2025-07-02,ios,tiktok,32.1,DE
u_11950,2025-07-02,android,instagram,38.48,ES
u_10754,2025-07-02,ios,google_ads,16.16,IE
u_11317,2025-07-02,android,tiktok,53.51,DE
u_12511,2025-07-02,android,twitter,31.74,ES
u_12512,2025-07-02,ios,facebook,17.35,SE
u_12513,2025-07-02,android,twitter,46.89,NL
u_12514,2025-07-02,android,instagram,30.16,NL
u_12515,2025-07-02,ios,google_ads,43.71,DE
u_12516,2025-07-02,android,instagram,56.52,BE
u_12517,2025-07-02,ios,tiktok,59.47,FR
u_12518,2025-07-02,ios,instagram,10.71,PT
u_12519,2025-07-02,ios,tiktok,29.96,ES
u_12520,2025-07-02,android,instagram,22.11,DE
u_12521,2025-07-02,ios,google_ads,35.37,BE
u_12522,2025-07-02,android,tiktok,35.48,NL
u_12523,2025-07-02,android,instagram,43.21,PL
u_12524,2025-07-02,ios,twitter,28.97,IT
u_12525,2025-07-02,android,google_ads,73.98,NL
u_12302,2025-07-03,android,facebook,37.13,BE
u_10667,2025-07-03,android,tiktok,8.19,ES
u_10836,2025-07-03,ios,twitter,47.95,DE
u_11555,2025-07-03,ios,instagram,60.64,NL
u_12159,2025-07-03,ios,google_ads,53.06,PT
u_12374,2025-07-03,android,instagram,61.52,FR
u_12526,2025-07-03,ios,tiktok,17.9,IT
u_12527,2025-07-03,ios,google_ads,46.44,DE
u_12528,2025-07-03,android,facebook,57.05,SE
u_12529,2025-07-03,ios,google_ads,34.71,BE
u_12530,2025-07-03,android,google_ads,58.64,ES
u_12531,2025-07-03,ios,tiktok,33.42,SE
u_12532,2025-07-03,android,instagram,27.37,FR
u_12533,2025-07-03,android,instagram,64.85,PL
u_12534,2025-07-03,ios,tiktok,22.92,PL
u_12535,2025-07-03,ios,tiktok,55.5,IT
u_12536,2025-07-03,ios,tiktok,31.62,BE
u_12537,2025-07-03,ios,twitter,63.38,IT
u_12538,2025-07-03,android,instagram,47.57,BE
u_12539,2025-07-03,ios,google_ads,59.59,SE
u_11045,2025-07-04,ios,instagram,59.36,ES
u_10657,2025-07-04,android,tiktok,68.67,PT
u_10973,2025-07-04,ios,twitter,20.13,DE
u_10026,2025-07-04,android,instagram,40.58,DE
u_11087,2025-07-04,android,google_ads,25.99,IT
u_10941,2025-07-04,android,google_ads,68.31,SE
u_11627,2025-07-04,android,tiktok,52.18,IE
u_11364,2025-07-04,ios,tiktok,30.37,SE
u_11654,2025-07-04,android,twitter,96.58,FR
u_12540,2025-07-04,android,google_ads,78.91,BE
u_12541,2025-07-04,ios,twitter,63.85,DE
u_12542,2025-07-04,ios,tiktok,10.02,PT
u_12543,2025-07-04,ios,facebook,46.8,DE
u_12544,2025-07-04,android,google_ads,34.16,BE
u_12545,2025-07-04,android,twitter,42.77,ES
u_12546,2025-07-04,ios,google_ads,14.2,IT
u_12547,2025-07-04,android,tiktok,41.66,DE
u_12548,2025-07-04,ios,facebook,20.24,SE
u_12549,2025-07-04,android,google_ads,44.33,PL
u_12550,2025-07-04,android,twitter,36.22,PT
u_12551,2025-07-04,ios,instagram,54.45,DE
u_12552,2025-07-04,android,google_ads,58.12,PL
u_12553,2025-07-04,ios,twitter,26.33,DE
u_12554,2025-07-04,android,instagram,39.0,ES
u_12555,2025-07-04,ios,google_ads,46.23,BE
u_12556,2025-07-04,ios,google_ads,50.55,BE
u_12557,2025-07-04,android,google_ads,45.99,ES
u_12558,2025-07-04,android,google_ads,52.02,SE
u_10516,2025-07-05,ios,google_ads,27.59,IT
u_11158,2025-07-05,ios,google_ads,45.63,FR
u_11293,2025-07-05,ios,tiktok,60.8,SE
u_11426,2025-07-05,ios,google_ads,26.64,PL
u_12559,2025-07-05,ios,instagram,46.29,IT
u_12560,2025-07-05,android,google_ads,45.53,ES
u_12561,2025-07-05,android,twitter,28.57,NL
u_12562,2025-07-05,android,facebook,45.61,FR
u_12563,2025-07-05,ios,google_ads,9.28,DE
u_12564,2025-07-05,ios,instagram,49.49,DE
u_12565,2025-07-05,ios,tiktok,54.24,DE
u_12566,2025-07-05,ios,instagram,46.75,PL
u_11847,2025-07-06,android,instagram,52.53,PL
u_10507,2025-07-06,android,tiktok,65.07,BE
u_11761,2025-07-06,android,instagram,34.92,IE
u_10788,2025-07-06,ios,tiktok,33.61,IT
u_10507,2025-07-06,android,tiktok,33.16,BE
u_12567,2025-07-06,ios,facebook,56.28,SE
u_12568,2025-07-06,android,google_ads,34.55,DE
u_12569,2025-07-06,android,google_ads,61.76,BE
u_12570,2025-07-06,android,facebook,28.39,PL
u_12571,2025-07-06,android,twitter,34.16,NL
u_12572,2025-07-06,ios,instagram,50.98,FR
u_12573,2025-07-06,ios,google_ads,50.89,NL
u_12574,2025-07-06,ios,tiktok,54.38,DE
u_12575,2025-07-06,android,facebook,60.06,BE
u_12576,2025-07-06,android,facebook,31.23,IT
u_12577,2025-07-06,ios,twitter,46.65,FR
u_11979,2025-07-07,android,tiktok,60.93,BE
u_12274,2025-07-07,android,twitter,72.43,ES
u_10083,2025-07-07,ios,twitter,17.27,PL
u_10381,2025-07-07,ios,google_ads,43.28,IE
u_12578,2025-07-07,android,google_ads,41.68,BE
u_12579,2025-07-07,ios,google_ads,41.08,IT
u_12580,2025-07-07,ios,facebook,53.69,ES
u_12581,2025-07-07,ios,tiktok,41.29,SE
u_12582,2025-07-07,ios,instagram,25.48,SE
u_12583,2025-07-07,android,tiktok,40.33,DE
u_12584,2025-07-07,ios,twitter,23.93,DE
u_12585,2025-07-07,android,tiktok,46.05,FR
u_10182,2025-07-08,android,tiktok,21.33,DE
u_11826,2025-07-08,ios,twitter,9.85,FR
u_10748,2025-07-08,android,instagram,51.04,DE
u_10808,2025-07-08,android,facebook,39.16,ES
u_11826,2025-07-08,ios,twitter,12.08,FR
u_10236,2025-07-08,android,instagram,48.46,DE
u_10846,2025-07-08,android,google_ads,30.26,IT
u_12232,2025-07-08,ios,google_ads,64.58,ES
u_12586,2025-07-08,android,tiktok,67.75,FR
u_12587,2025-07-08,ios,tiktok,24.49,PL
u_12588,2025-07-08,android,google_ads,42.66,BE
u_12589,2025-07-08,ios,google_ads,62.29,NL
u_12590,2025-07-08,android,facebook,51.36,PT
u_12591,2025-07-08,android,google_ads,47.96,FR
u_12592,2025-07-08,ios,tiktok,38.85,FR
u_12593,2025-07-08,ios,tiktok,25.97,PL
u_12594,2025-07-08,android,twitter,54.13,DE
u_12595,2025-07-08,android,google_ads,43.89,ES
u_12596,2025-07-08,ios,tiktok,53.01,SE
u_12597,2025-07-08,ios,instagram,39.37,SE
u_12598,2025-07-08,android,google_ads,50.9,PL
u_12599,2025-07-08,android,facebook,54.54,BE
u_12600,2025-07-08,android,tiktok,33.98,FR
u_12601,2025-07-08,ios,facebook,16.73,IE
u_12602,2025-07-08,android,twitter,69.42,PL
u_12603,2025-07-08,ios,google_ads,56.32,SE
u_10207,2025-07-09,ios,instagram,25.0,IE
u_12399,2025-07-09,android,google_ads,40.78,DE
u_10063,2025-07-09,android,facebook,28.87,ES
u_10652,2025-07-09,ios,twitter,49.84,ES
u_11456,2025-07-09,ios,twitter,44.78,SE
u_11596,2025-07-09,android,google_ads,61.69,PT
u_12604,2025-07-09,ios,google_ads,40.5,PL
u_12605,2025-07-09,android,instagram,62.04,FR
u_12606,2025-07-09,android,google_ads,19.99,PL
u_12607,2025-07-09,ios,facebook,37.96,DE
u_12608,2025-07-09,ios,google_ads,26.73,IE
u_12609,2025-07-09,android,facebook,7.95,PL
u_12610,2025-07-09,ios,twitter,35.72,IE
u_12611,2025-07-09,ios,tiktok,47.31,IT
u_12612,2025-07-09,ios,google_ads,31.02,DE
u_12613,2025-07-09,android,google_ads,51.0,ES
u_12614,2025-07-09,android,google_ads,72.93,FR
u_12615,2025-07-09,ios,facebook,45.02,ES
u_10626,2025-07-10,android,facebook,38.39,DE
u_10683,2025-07-10,ios,google_ads,34.39,BE
u_10214,2025-07-10,android,google_ads,32.41,DE
u_10420,2025-07-10,ios,twitter,28.2,PT
u_12501,2025-07-10,android,instagram,7.6,FR
u_11328,2025-07-10,android,twitter,57.94,IT
u_10060,2025-07-10,ios,twitter,46.25,PT
u_10759,2025-07-10,ios,tiktok,23.61,DE
u_12616,2025-07-10,android,tiktok,26.51,NL
u_12617,2025-07-10,android,facebook,9.11,PT
u_12618,2025-07-10,android,facebook,47.53,ES
u_12619,2025-07-10,android,google_ads,23.0,DE
u_12620,2025-07-10,ios,tiktok,31.61,PT
u_12621,2025-07-10,ios,google_ads,24.05,FR
u_12622,2025-07-10,android,twitter,71.18,IT
u_12623,2025-07-10,android,google_ads,51.87,NL
u_12624,2025-07-10,ios,instagram,64.95,SE
u_12625,2025-07-10,ios,instagram,9.81,NL
u_12626,2025-07-10,ios,google_ads,9.91,IE
u_12627,2025-07-10,android,google_ads,54.24,FR
u_12628,2025-07-10,android,google_ads,43.01,NL
u_12629,2025-07-10,ios,instagram,40.14,ES
u_12630,2025-07-10,android,facebook,31.41,NL
u_12631,2025-07-10,android,google_ads,45.26,PT
u_11569,2025-07-11,ios,instagram,7.95,PT
u_12337,2025-07-11,ios,instagram,19.27,SE
u_12119,2025-07-11,android,twitter,66.91,IT
u_11526,2025-07-11,ios,facebook,48.18,PT
u_12408,2025-07-11,android,tiktok,41.19,FR
u_12632,2025-07-11,android,google_ads,52.7,BE
u_12633,2025-07-11,ios,google_ads,75.93,DE
u_12634,2025-07-11,android,tiktok,58.39,FR
u_12635,2025-07-11,android,instagram,40.77,SE
u_12636,2025-07-11,android,tiktok,58.48,DE
u_12637,2025-07-11,ios,google_ads,31.88,NL
u_12638,2025-07-11,android,instagram,42.16,IE
u_12639,2025-07-11,ios,google_ads,34.41,BE
u_12640,2025-07-11,ios,instagram,27.55,BE
u_12641,2025-07-11,android,instagram,60.07,NL
u_12642,2025-07-11,ios,facebook,19.69,FR
u_10482,2025-07-12,ios,facebook,7.41,ES
u_10819,2025-07-12,ios,instagram,40.98,IE
u_10988,2025-07-12,ios,instagram,40.78,SE
u_11220,2025-07-12,android,twitter,44.23,IE
u_11213,2025-07-12,ios,google_ads,66.21,BE
u_10276,2025-07-12,android,instagram,9.4,ES
u_10630,2025-07-12,ios,google_ads,12.18,DE
u_12643,2025-07-12,android,twitter,62.89,DE
u_12644,2025-07-12,ios,google_ads,28.45,SE
u_12645,2025-07-12,android,instagram,36.03,PL
u_12646,2025-07-12,android,google_ads,27.09,PL
u_12647,2025-07-12,android,google_ads,37.07,ES
u_12648,2025-07-12,ios,facebook,35.85,NL
u_12649,2025-07-12,ios,twitter,48.69,FR
u_12650,2025-07-12,android,twitter,42.32,ES
u_12651,2025-07-12,android,facebook,42.95,ES
u_12652,2025-07-12,ios,google_ads,36.38,BE
u_12653,2025-07-12,android,twitter,61.58,BE
u_12654,2025-07-12,ios,facebook,39.18,PL
u_12655,2025-07-12,android,tiktok,45.75,FR
u_12656,2025-07-12,android,google_ads,51.73,SE
u_10031,2025-07-13,android,google_ads,75.13,FR
u_11556,2025-07-13,android,facebook,10.23,IT
u_11663,2025-07-13,ios,twitter,67.55,IT
u_11212,2025-07-13,android,google_ads,35.96,PT
u_11479,2025-07-13,ios,google_ads,71.86,SE
u_11601,2025-07-13,android,google_ads,42.68,NL
u_12657,2025-07-13,ios,google_ads,84.22,IE
u_12658,2025-07-13,android,facebook,59.42,DE
u_12659,2025-07-13,android,facebook,41.4,ES
u_12660,2025-07-13,android,twitter,37.26,BE
u_12661,2025-07-13,ios,facebook,30.5,DE
u_12662,2025-07-13,android,google_ads,28.29,IE
u_12663,2025-07-13,android,facebook,43.43,ES
u_12664,2025-07-13,android,instagram,40.69,IT
u_12665,2025-07-13,ios,google_ads,67.9,BE
u_12666,2025-07-13,android,tiktok,55.38,SE
u_12667,2025-07-13,android,tiktok,43.15,FR
u_12668,2025-07-13,ios,tiktok,67.93,SE
u_12669,2025-07-13,android,google_ads,27.13,SE
u_12236,2025-07-14,ios,google_ads,22.83,IT
u_11073,2025-07-14,ios,google_ads,63.03,DE
u_11533,2025-07-14,ios,facebook,13.35,FR
u_11070,2025-07-14,android,google_ads,36.81,ES
u_12670,2025-07-14,android,google_ads,56.52,DE
u_12671,2025-07-14,ios,instagram,60.45,NL
u_12672,2025-07-14,android,facebook,35.82,IT
u_12673,2025-07-14,android,instagram,13.28,PT
u_12674,2025-07-14,android,tiktok,82.65,IE
u_12675,2025-07-14,ios,facebook,23.01,ES
u_12676,2025-07-14,android,twitter,39.57,FR
u_12677,2025-07-14,ios,instagram,51.87,SE
u_12678,2025-07-14,ios,instagram,43.75,FR
u_11544,2025-07-15,android,instagram,91.77,BE
u_11688,2025-07-15,ios,twitter,31.1,FR
u_10597,2025-07-15,ios,google_ads,83.24,SE
u_11425,2025-07-15,android,google_ads,30.69,ES
u_12679,2025-07-15,ios,facebook,44.36,SE
u_12680,2025-07-15,ios,facebook,27.83,SE
u_12681,2025-07-15,android,facebook,35.71,DE
u_12682,2025-07-15,ios,facebook,60.08,ES
u_12683,2025-07-15,android,google_ads,55.23,ES
u_12684,2025-07-15,android,twitter,41.59,ES
u_12685,2025-07-15,ios,tiktok,44.71,PL
u_12686,2025-07-15,android,instagram,13.44,DE
u_12687,2025-07-15,ios,instagram,35.28,IE
u_12688,2025-07-15,ios,tiktok,25.36,IE
u_11500,2025-07-16,ios,tiktok,59.78,PL
u_11532,2025-07-16,android,instagram,24.29,NL
u_10784,2025-07-16,ios,tiktok,78.66,BE
u_10579,2025-07-16,ios,google_ads,62.91,NL
u_12008,2025-07-16,ios,google_ads,26.56,PL
u_10978,2025-07-16,android,tiktok,36.06,DE
u_11668,2025-07-16,ios,instagram,52.35,BE
u_11138,2025-07-16,android,google_ads,31.49,IT
u_10747,2025-07-16,android,google_ads,39.01,SE
u_12689,2025-07-16,android,twitter,44.59,PT
u_12690,2025-07-16,android,google_ads,35.61,FR
u_12691,2025-07-16,ios,twitter,46.15,ES
u_12692,2025-07-16,android,facebook,15.0,DE
u_12693,2025-07-16,ios,google_ads,21.69,PT
u_12694,2025-07-16,android,instagram,44.45,NL
u_12695,2025-07-16,ios,instagram,13.73,ES
u_12696,2025-07-16,ios,google_ads,58.83,SE
u_12697,2025-07-16,android,instagram,17.71,NL
u_12698,2025-07-16,android,instagram,21.81,SE
u_12699,2025-07-16,ios,google_ads,30.68,IE
u_12700,2025-07-16,ios,twitter,29.67,FR
u_12701,2025-07-16,ios,google_ads,58.17,SE
u_12702,2025-07-16,ios,facebook,41.57,NL
u_12703,2025-07-16,ios,instagram,11.39,SE
u_12704,2025-07-16,ios,google_ads,36.14,DE
u_12705,2025-07-16,android,instagram,19.1,FR
u_12706,2025-07-16,android,facebook,31.33,ES
u_12707,2025-07-16,ios,facebook,34.01,DE
u_10789,2025-07-17,ios,instagram,17.26,FR
u_12030,2025-07-17,ios,instagram,27.4,SE
u_12394,2025-07-17,ios,instagram,75.88,FR
u_10599,2025-07-17,ios,instagram,34.65,PT
u_10323,2025-07-17,ios,facebook,22.82,DE
u_10856,2025-07-17,ios,google_ads,12.12,FR
u_10364,2025-07-17,ios,instagram,43.08,NL
u_12708,2025-07-17,android,tiktok,86.25,FR
u_12709,2025-07-17,android,facebook,61.26,PL
u_12710,2025-07-17,ios,google_ads,54.65,IT
u_12711,2025-07-17,android,facebook,47.04,ES
u_12712,2025-07-17,android,instagram,42.82,NL
u_12713,2025-07-17,ios,tiktok,61.58,PL
u_12714,2025-07-17,ios,facebook,36.14,ES
u_12715,2025-07-17,android,tiktok,35.17,ES
u_12716,2025-07-17,ios,instagram,50.75,SE
u_12717,2025-07-17,android,google_ads,6.99,PT
u_12718,2025-07-17,ios,google_ads,36.95,NL
u_12719,2025-07-17,ios,instagram,27.82,ES
u_12720,2025-07-17,ios,google_ads,44.96,IT
u_12721,2025-07-17,ios,twitter,45.75,DE
u_12722,2025-07-17,android,google_ads,31.72,DE
u_12692,2025-07-18,android,facebook,16.5,DE
u_12639,2025-07-18,ios,google_ads,31.82,BE
u_10849,2025-07-18,ios,tiktok,27.41,DE
u_11679,2025-07-18,ios,facebook,36.05,BE
u_12244,2025-07-18,ios,google_ads,55.58,SE
u_12110,2025-07-18,ios,google_ads,54.25,PL
u_12723,2025-07-18,ios,google_ads,51.91,SE
u_12724,2025-07-18,android,google_ads,33.45,DE
u_12725,2025-07-18,android,instagram,50.27,DE
u_12726,2025-07-18,ios,google_ads,47.83,ES
u_12727,2025-07-18,ios,google_ads,75.51,ES
u_12728,2025-07-18,android,instagram,40.57,NL
u_12729,2025-07-18,android,instagram,60.65,PL
u_12730,2025-07-18,android,instagram,44.66,DE
u_12731,2025-07-18,android,twitter,28.48,DE
u_12732,2025-07-18,ios,tiktok,26.67,FR
u_12733,2025-07-18,ios,facebook,32.0,IT
u_12734,2025-07-18,ios,google_ads,47.06,DE
u_12735,2025-07-18,ios,instagram,52.6,FR
u_12447,2025-07-19,android,instagram,35.88,FR
u_10806,2025-07-19,ios,google_ads,26.95,DE
u_11489,2025-07-19,android,google_ads,39.57,FR
u_10714,2025-07-19,ios,tiktok,45.12,PL
u_12736,2025-07-19,android,twitter,52.86,BE
u_12737,2025-07-19,ios,google_ads,52.29,ES
u_12738,2025-07-19,ios,facebook,68.53,PT
u_12739,2025-07-19,ios,facebook,15.99,ES
u_12740,2025-07-19,android,facebook,47.42,FR
u_12741,2025-07-19,android,instagram,55.08,DE
u_12742,2025-07-19,android,google_ads,31.1,IT
u_12743,2025-07-19,android,facebook,31.65,DE
u_12744,2025-07-19,ios,twitter,67.85,SE
u_12745,2025-07-19,ios,instagram,21.96,IT
u_12112,2025-07-20,android,tiktok,15.46,FR
u_10889,2025-07-20,ios,tiktok,25.28,PL
u_12621,2025-07-20,ios,google_ads,22.59,FR
u_12441,2025-07-20,android,twitter,17.68,DE
u_11918,2025-07-20,ios,google_ads,12.52,PT
u_11152,2025-07-20,android,google_ads,39.59,DE
u_12746,2025-07-20,android,google_ads,43.22,SE
u_12747,2025-07-20,android,instagram,24.97,FR
u_12748,2025-07-20,ios,instagram,51.76,BE
u_12749,2025-07-20,ios,facebook,53.67,IE
u_12750,2025-07-20,android,instagram,50.0,SE
u_12751,2025-07-20,android,facebook,45.91,DE
u_12752,2025-07-20,ios,google_ads,9.87,FR
u_12753,2025-07-20,android,tiktok,31.75,PL
u_12754,2025-07-20,ios,facebook,26.74,PL
u_12755,2025-07-20,android,facebook,24.51,FR
u_12756,2025-07-20,ios,instagram,36.91,PT
u_12757,2025-07-20,android,tiktok,55.35,IT
u_11746,2025-07-21,android,facebook,29.92,IT
u_11977,2025-07-21,ios,tiktok,60.55,ES
u_10058,2025-07-21,android,twitter,44.18,IE
u_11931,2025-07-21,android,google_ads,23.49,DE
u_12060,2025-07-21,android,tiktok,44.6,SE
u_12758,2025-07-21,android,google_ads,45.99,ES
u_12759,2025-07-21,ios,tiktok,66.98,FR
u_12760,2025-07-21,android,twitter,47.3,FR
u_12761,2025-07-21,ios,instagram,58.58,ES
u_12762,2025-07-21,ios,google_ads,23.91,FR
u_12763,2025-07-21,ios,facebook,54.21,PT
u_12764,2025-07-21,android,facebook,28.9,DE
u_12765,2025-07-21,android,instagram,29.96,ES
u_12766,2025-07-21,ios,instagram,46.35,DE
u_12767,2025-07-21,ios,google_ads,47.08,DE
u_12768,2025-07-21,android,google_ads,54.59,ES
u_12769,2025-07-21,android,google_ads,26.82,SE
u_11549,2025-07-22,ios,twitter,52.96,ES
u_10145,2025-07-22,ios,google_ads,29.03,BE
u_11830,2025-07-22,ios,facebook,22.52,NL
u_12416,2025-07-22,ios,google_ads,64.19,PL
u_10987,2025-07-22,android,instagram,33.22,PT
u_12448,2025-07-22,ios,tiktok,36.02,IE
u_12124,2025-07-22,ios,facebook,18.28,NL
u_11775,2025-07-22,android,google_ads,49.12,IT
u_12770,2025-07-22,ios,instagram,6.99,PL
u_12771,2025-07-22,android,google_ads,13.02,PL
u_12772,2025-07-22,android,google_ads,27.52,IE
u_12773,2025-07-22,ios,tiktok,47.1,BE
u_12774,2025-07-22,ios,instagram,43.46,PL
u_12775,2025-07-22,android,instagram,60.1,SE
u_12776,2025-07-22,android,google_ads,57.23,ES
u_12777,2025-07-22,ios,instagram,61.63,SE
u_12778,2025-07-22,ios,tiktok,75.34,FR
u_12779,2025-07-22,android,instagram,62.51,ES
u_12780,2025-07-22,ios,google_ads,68.92,DE
u_12781,2025-07-22,android,instagram,35.4,DE
u_12782,2025-07-22,ios,instagram,41.0,SE
u_12783,2025-07-22,android,tiktok,70.73,NL
u_12784,2025-07-22,ios,tiktok,48.32,PT
u_12785,2025-07-22,android,google_ads,44.03,ES
u_12393,2025-07-23,android,instagram,58.08,ES
u_12224,2025-07-23,android,google_ads,33.73,DE
u_10773,2025-07-23,android,google_ads,26.0,DE
u_10985,2025-07-23,ios,tiktok,79.7,DE
u_10848,2025-07-23,android,instagram,7.18,FR
u_12786,2025-07-23,android,google_ads,25.12,ES
u_12787,2025-07-23,android,tiktok,40.82,DE
u_12788,2025-07-23,ios,tiktok,6.99,PL
u_12789,2025-07-23,ios,google_ads,76.42,PL
u_12790,2025-07-23,android,google_ads,35.02,PL
u_12791,2025-07-23,ios,google_ads,42.86,PT
u_12792,2025-07-23,android,twitter,42.83,FR
u_12793,2025-07-23,android,facebook,59.84,IE
u_12794,2025-07-23,ios,google_ads,48.18,ES
u_12795,2025-07-23,android,twitter,37.94,NL
u_11422,2025-07-24,android,google_ads,29.95,PL
u_11767,2025-07-24,ios,facebook,22.16,PT
u_12295,2025-07-24,ios,instagram,14.96,DE
u_11696,2025-07-24,ios,facebook,62.75,PL
u_12796,2025-07-24,android,tiktok,24.96,BE
u_12797,2025-07-24,android,instagram,52.86,ES
u_12798,2025-07-24,ios,google_ads,41.36,SE
u_12799,2025-07-24,android,tiktok,57.64,DE
u_12800,2025-07-24,ios,google_ads,54.15,PT
u_12801,2025-07-24,android,instagram,33.27,IT
u_12802,2025-07-24,ios,tiktok,38.26,ES
u_12803,2025-07-24,ios,facebook,55.42,DE
u_12804,2025-07-24,android,twitter,54.69,PL
u_12805,2025-07-24,ios,tiktok,45.39,ES
u_11114,2025-07-25,android,google_ads,27.16,BE
u_11834,2025-07-25,ios,facebook,6.37,ES
u_12520,2025-07-25,android,instagram,28.47,DE
u_11698,2025-07-25,android,facebook,29.37,ES
u_11762,2025-07-25,ios,twitter,14.82,DE
u_12806,2025-07-25,ios,google_ads,16.47,ES
u_12807,2025-07-25,android,instagram,56.34,PL
u_12808,2025-07-25,android,google_ads,39.45,PT
u_12809,2025-07-25,android,google_ads,25.8,ES
u_12810,2025-07-25,android,google_ads,36.79,BE
u_12811,2025-07-25,android,facebook,52.24,SE
u_12812,2025-07-25,android,google_ads,62.96,ES
u_12813,2025-07-25,ios,tiktok,39.14,DE
u_12814,2025-07-25,ios,instagram,6.99,IT
u_12815,2025-07-25,android,instagram,58.12,DE
u_10858,2025-07-26,android,instagram,8.39,PL
u_10106,2025-07-26,ios,google_ads,73.63,DE
u_10509,2025-07-26,ios,instagram,21.54,ES
u_12521,2025-07-26,ios,google_ads,45.97,BE
u_10213,2025-07-26,ios,instagram,37.85,NL
u_12816,2025-07-26,ios,google_ads,6.99,FR
u_12817,2025-07-26,android,facebook,35.58,DE
u_12818,2025-07-26,ios,google_ads,61.69,DE
u_12819,2025-07-26,ios,instagram,68.82,IT
u_12820,2025-07-26,ios,twitter,65.71,NL
u_12821,2025-07-26,android,instagram,22.86,FR
u_12822,2025-07-26,android,tiktok,20.1,NL
u_12823,2025-07-26,android,google_ads,28.79,BE
u_12824,2025-07-26,ios,tiktok,25.45,SE
u_12825,2025-07-26,ios,tiktok,44.96,DE
u_12826,2025-07-26,android,tiktok,56.68,NL
u_12827,2025-07-26,android,google_ads,51.84,PL
u_10299,2025-07-27,ios,google_ads,60.85,PT
u_12365,2025-07-27,android,instagram,7.43,DE
u_10986,2025-07-27,android,google_ads,73.6,DE
u_11771,2025-07-27,ios,instagram,24.36,ES
u_10813,2025-07-27,android,google_ads,54.06,IE
u_11386,2025-07-27,ios,google_ads,66.84,BE
u_12828,2025-07-27,ios,google_ads,33.91,DE
u_12829,2025-07-27,ios,facebook,33.57,DE
u_12830,2025-07-27,ios,google_ads,43.44,NL
u_12831,2025-07-27,ios,twitter,25.37,SE
u_12832,2025-07-27,android,tiktok,47.46,DE
u_12833,2025-07-27,ios,google_ads,51.28,BE
u_12834,2025-07-27,android,facebook,14.33,BE
u_12835,2025-07-27,ios,facebook,43.06,BE
u_12836,2025-07-27,ios,facebook,39.35,ES
u_12837,2025-07-27,android,tiktok,36.26,ES
u_12838,2025-07-27,android,google_ads,37.87,DE
u_12839,2025-07-27,ios,instagram,21.54,FR
u_12840,2025-07-27,android,google_ads,39.62,DE
u_12658,2025-07-28,android,facebook,58.34,DE
u_10981,2025-07-28,ios,google_ads,29.4,PT
u_10113,2025-07-28,ios,instagram,44.98,DE
u_11289,2025-07-28,android,tiktok,22.28,BE
u_12374,2025-07-28,android,instagram,51.63,FR
u_10379,2025-07-28,android,google_ads,34.08,NL
u_12717,2025-07-28,android,google_ads,5.46,PT
u_12841,2025-07-28,android,google_ads,59.52,DE
u_12842,2025-07-28,ios,google_ads,12.31,NL
u_12843,2025-07-28,ios,tiktok,23.45,DE
u_12844,2025-07-28,android,google_ads,37.25,ES
u_12845,2025-07-28,android,tiktok,25.24,DE
u_12846,2025-07-28,ios,tiktok,14.56,BE
u_12847,2025-07-28,ios,facebook,67.46,PL
u_12848,2025-07-28,android,instagram,41.97,PL
u_12849,2025-07-28,android,instagram,49.67,ES
u_12850,2025-07-28,ios,google_ads,13.21,FR
u_12851,2025-07-28,ios,google_ads,21.72,DE
u_12852,2025-07-28,android,tiktok,41.73,SE
u_12853,2025-07-28,ios,google_ads,32.07,ES
u_12854,2025-07-28,android,instagram,78.91,FR
u_12855,2025-07-28,ios,twitter,39.85,DE
u_12046,2025-07-29,ios,instagram,9.27,IT
u_10404,2025-07-29,android,twitter,68.66,DE
u_11893,2025-07-29,android,instagram,30.65,PL
u_12284,2025-07-29,ios,tiktok,57.8,BE
u_10489,2025-07-29,ios,tiktok,21.9,SE
u_11994,2025-07-29,android,tiktok,42.67,DE
u_12434,2025-07-29,ios,google_ads,26.77,SE
u_11680,2025-07-29,android,facebook,21.93,FR
u_12856,2025-07-29,ios,google_ads,41.52,DE
u_12857,2025-07-29,ios,instagram,36.51,DE
u_12858,2025-07-29,ios,instagram,84.01,FR
u_12859,2025-07-29,ios,facebook,36.24,IT
u_12860,2025-07-29,ios,instagram,37.42,IT
u_12861,2025-07-29,ios,google_ads,29.88,PL
u_12862,2025-07-29,ios,google_ads,71.92,ES
u_12863,2025-07-29,android,google_ads,61.09,SE
u_12864,2025-07-29,ios,google_ads,25.14,DE
u_12865,2025-07-29,android,google_ads,46.5,SE
u_12866,2025-07-29,android,facebook,78.78,ES
u_12867,2025-07-29,android,google_ads,46.87,PT
u_12868,2025-07-29,ios,facebook,51.73,DE
u_12869,2025-07-29,android,tiktok,49.06,PT
u_12870,2025-07-29,android,tiktok,78.15,DE
u_12871,2025-07-29,android,tiktok,22.12,DE
u_10050,2025-07-30,android,tiktok,23.64,IE
u_12220,2025-07-30,ios,google_ads,49.71,FR
u_10097,2025-07-30,ios,google_ads,66.91,DE
u_12483,2025-07-30,ios,google_ads,21.58,PL
u_12668,2025-07-30,ios,tiktok,48.6,SE
u_11184,2025-07-30,android,instagram,52.77,NL
u_12872,2025-07-30,android,twitter,22.53,PT
u_12873,2025-07-30,ios,google_ads,19.99,ES
u_12874,2025-07-30,android,tiktok,48.39,ES
u_12875,2025-07-30,ios,instagram,49.64,BE
u_12876,2025-07-30,ios,google_ads,23.73,PL
u_12877,2025-07-30,android,tiktok,49.59,ES
u_12878,2025-07-30,ios,google_ads,40.27,FR
u_12879,2025-07-30,android,twitter,14.66,PL
u_12880,2025-07-30,ios,facebook,13.73,IT
u_12881,2025-07-30,android,google_ads,49.12,DE
u_12882,2025-07-30,android,google_ads,33.29,FR
u_12883,2025-07-30,ios,google_ads,39.03,PL
u_12569,2025-07-31,android,google_ads,47.53,BE
u_10772,2025-07-31,android,instagram,22.83,NL
u_12368,2025-07-31,ios,facebook,8.59,FR
u_11498,2025-07-31,android,instagram,66.65,NL
u_12808,2025-07-31,android,google_ads,32.17,PT
u_10415,2025-07-31,android,tiktok,14.58,NL
u_12884,2025-07-31,ios,facebook,45.81,IT
u_12885,2025-07-31,android,google_ads,39.08,IE
u_12886,2025-07-31,ios,google_ads,21.34,BE
u_12887,2025-07-31,ios,tiktok,41.11,BE
u_12888,2025-07-31,ios,facebook,20.44,FR
u_12889,2025-07-31,android,google_ads,25.73,IT
u_12890,2025-07-31,android,google_ads,72.29,DE
u_12891,2025-07-31,ios,google_ads,52.17,IT
u_12892,2025-07-31,android,tiktok,92.9,DE
u_12893,2025-07-31,ios,google_ads,53.56,BE
u_12894,2025-07-31,ios,tiktok,37.66,IT
u_12895,2025-07-31,android,tiktok,64.59,BE
u_12896,2025-07-31,android,twitter,52.69,PT
u_11891,2025-08-01,android,google_ads,28.4,SE
u_12760,2025-08-01,android,twitter,72.69,FR
u_11222,2025-08-01,android,tiktok,86.17,IE
u_10516,2025-08-01,ios,google_ads,35.52,IT
u_11632,2025-08-01,ios,instagram,11.74,BE
u_10903,2025-08-01,ios,instagram,65.78,ES
u_12897,2025-08-01,ios,google_ads,54.5,IE
u_12898,2025-08-01,ios,instagram,70.75,BE
u_12899,2025-08-01,android,google_ads,76.04,IT
u_12900,2025-08-01,ios,facebook,47.34,NL
u_12901,2025-08-01,ios,tiktok,47.3,PL
u_12902,2025-08-01,ios,google_ads,48.59,BE
u_12903,2025-08-01,android,tiktok,37.69,BE
u_12904,2025-08-01,android,facebook,17.1,NL
u_12905,2025-08-01,ios,google_ads,14.43,IT
u_12906,2025-08-01,ios,google_ads,79.9,DE
u_12907,2025-08-01,android,facebook,57.84,PT
u_12908,2025-08-01,android,twitter,20.5,IE
u_12909,2025-08-01,ios,instagram,69.73,SE
u_10338,2025-08-02,android,google_ads,133.52,PL
u_11541,2025-08-02,ios,tiktok,36.71,SE
u_11612,2025-08-02,android,instagram,42.18,FR
u_11729,2025-08-02,android,instagram,46.64,FR
u_12910,2025-08-02,android,tiktok,75.66,SE
u_12911,2025-08-02,android,instagram,32.12,ES
u_12912,2025-08-02,ios,twitter,51.08,PT
u_12913,2025-08-02,ios,twitter,27.84,IT
u_12914,2025-08-02,ios,google_ads,36.39,DE
u_12915,2025-08-02,android,facebook,36.56,FR
u_12916,2025-08-02,android,tiktok,38.4,PT
u_12917,2025-08-02,ios,google_ads,45.1,DE
u_12918,2025-08-02,ios,instagram,26.69,PT
u_10253,2025-08-03,android,twitter,37.61,DE
u_11216,2025-08-03,ios,tiktok,54.35,PT
u_11868,2025-08-03,android,google_ads,41.57,PL
u_12736,2025-08-03,android,twitter,23.64,BE
u_11201,2025-08-03,android,instagram,34.83,PL
u_10307,2025-08-03,android,instagram,26.97,IT
u_12919,2025-08-03,android,tiktok,57.99,PT
u_12920,2025-08-03,ios,google_ads,9.47,SE
u_12921,2025-08-03,android,twitter,51.56,PT
u_12922,2025-08-03,android,google_ads,59.12,IT
u_12923,2025-08-03,ios,tiktok,44.38,DE
u_12924,2025-08-03,ios,google_ads,35.92,ES
u_12925,2025-08-03,ios,instagram,64.9,PL
u_12926,2025-08-03,android,twitter,60.77,NL
u_12927,2025-08-03,android,tiktok,36.48,ES
u_12928,2025-08-03,android,instagram,21.12,FR
u_12929,2025-08-03,android,instagram,53.67,ES
u_12930,2025-08-03,ios,facebook,43.55,SE
u_12931,2025-08-03,ios,google_ads,65.76,NL
u_10087,2025-08-04,ios,instagram,11.15,BE
u_10749,2025-08-04,ios,instagram,38.5,IE
u_12096,2025-08-04,ios,facebook,28.05,SE
u_11074,2025-08-04,android,google_ads,24.91,SE
u_10057,2025-08-04,android,facebook,47.22,SE
u_12932,2025-08-04,ios,instagram,31.88,IE
u_12933,2025-08-04,ios,twitter,17.62,BE
u_12934,2025-08-04,android,tiktok,58.92,FR
u_12935,2025-08-04,ios,tiktok,61.02,IT
u_12936,2025-08-04,ios,tiktok,57.28,BE
u_12937,2025-08-04,android,tiktok,45.12,BE
u_12938,2025-08-04,android,instagram,43.45,NL
u_12939,2025-08-04,android,tiktok,22.24,DE
u_12940,2025-08-04,android,google_ads,37.92,SE
u_12941,2025-08-04,android,twitter,36.63,PT
u_12563,2025-08-05,ios,google_ads,8.13,DE
u_12647,2025-08-05,android,google_ads,27.89,ES
u_11965,2025-08-05,ios,facebook,23.03,BE
u_10961,2025-08-05,android,google_ads,65.38,IT
u_10389,2025-08-05,android,instagram,85.96,SE
u_10347,2025-08-05,android,facebook,32.3,ES
u_10420,2025-08-05,ios,twitter,35.98,PT
u_12942,2025-08-05,android,google_ads,41.38,IT
u_12943,2025-08-05,ios,tiktok,72.64,SE
u_12944,2025-08-05,ios,google_ads,69.91,FR
u_12945,2025-08-05,ios,tiktok,25.24,ES
u_12946,2025-08-05,ios,facebook,51.69,BE
u_12947,2025-08-05,android,instagram,13.88,NL
u_12948,2025-08-05,ios,facebook,27.13,IT
u_12949,2025-08-05,ios,tiktok,59.42,BE
u_12950,2025-08-05,android,instagram,53.9,DE
u_12951,2025-08-05,android,tiktok,29.79,ES
u_12952,2025-08-05,android,google_ads,43.05,IE
u_12953,2025-08-05,android,tiktok,51.18,DE
u_12954,2025-08-05,android,google_ads,33.68,IE
u_12955,2025-08-05,android,tiktok,15.0,FR
u_10600,2025-08-06,android,tiktok,13.46,PL
u_11875,2025-08-06,android,google_ads,35.0,DE
u_10796,2025-08-06,android,google_ads,16.72,SE
u_11035,2025-08-06,ios,tiktok,40.94,IE
u_11597,2025-08-06,android,instagram,24.08,FR
u_10386,2025-08-06,ios,google_ads,86.16,IT
u_11011,2025-08-06,android,twitter,8.84,SE
u_12956,2025-08-06,ios,instagram,27.9,DE
u_12957,2025-08-06,ios,google_ads,63.73,DE
u_12958,2025-08-06,android,tiktok,45.62,ES
u_12959,2025-08-06,android,facebook,20.28,ES
u_12960,2025-08-06,android,tiktok,19.97,FR
u_12961,2025-08-06,android,google_ads,69.24,FR
u_12962,2025-08-06,android,tiktok,18.05,FR
u_12963,2025-08-06,android,tiktok,35.44,IT
u_12964,2025-08-06,android,google_ads,56.25,DE
u_12965,2025-08-06,android,google_ads,56.87,FR
u_12966,2025-08-06,android,facebook,52.56,DE
u_12967,2025-08-06,ios,facebook,57.15,DE
u_12968,2025-08-06,ios,facebook,19.22,FR
u_12969,2025-08-06,ios,google_ads,31.9,PT
u_12970,2025-08-06,ios,instagram,42.4,DE
u_12971,2025-08-06,ios,instagram,61.82,BE
u_11409,2025-08-07,android,google_ads,18.93,NL
u_10530,2025-08-07,android,twitter,37.1,BE
u_12221,2025-08-07,android,instagram,23.17,BE
u_12798,2025-08-07,ios,google_ads,32.75,SE
u_11534,2025-08-07,android,tiktok,37.85,FR
u_11913,2025-08-07,android,google_ads,29.14,FR
u_10608,2025-08-07,ios,twitter,71.08,DE
u_12237,2025-08-07,ios,google_ads,9.95,BE
u_12972,2025-08-07,ios,facebook,69.09,PL
u_12973,2025-08-07,ios,twitter,64.24,ES
u_12974,2025-08-07,ios,instagram,55.38,PT
u_12975,2025-08-07,android,google_ads,55.3,SE
u_12976,2025-08-07,android,twitter,37.53,IT
u_12977,2025-08-07,android,twitter,22.17,IT
u_12978,2025-08-07,android,tiktok,32.37,SE
u_12979,2025-08-07,ios,instagram,30.49,FR
u_12980,2025-08-07,ios,twitter,77.21,IE
u_12981,2025-08-07,android,instagram,50.0,PL
u_12982,2025-08-07,android,twitter,48.91,FR
u_12983,2025-08-07,ios,facebook,77.55,DE
u_12984,2025-08-07,ios,google_ads,51.09,BE
u_12985,2025-08-07,ios,twitter,54.78,BE
u_12986,2025-08-07,ios,instagram,13.96,PT
u_12987,2025-08-07,ios,instagram,59.67,PL
u_10303,2025-08-08,android,tiktok,30.52,DE
u_11539,2025-08-08,ios,instagram,29.86,PL
u_11517,2025-08-08,ios,tiktok,31.38,PT
u_11504,2025-08-08,ios,facebook,65.67,FR
u_10393,2025-08-08,ios,instagram,52.56,BE
u_11036,2025-08-08,ios,google_ads,18.96,SE
u_12988,2025-08-08,ios,facebook,6.99,ES
u_12989,2025-08-08,android,tiktok,23.36,ES
u_12990,2025-08-08,ios,twitter,28.36,NL
u_12991,2025-08-08,ios,google_ads,6.99,ES
u_12992,2025-08-08,ios,google_ads,54.49,PL
u_12993,2025-08-08,ios,google_ads,57.53,BE
u_12994,2025-08-08,android,tiktok,46.83,FR
u_12995,2025-08-08,android,google_ads,51.32,ES
u_12996,2025-08-08,android,instagram,66.86,FR
u_12997,2025-08-08,ios,tiktok,34.35,FR
u_12998,2025-08-08,ios,google_ads,44.34,IT
u_12999,2025-08-08,android,instagram,67.13,PL
u_13000,2025-08-08,ios,tiktok,35.38,IT
u_13001,2025-08-08,ios,tiktok,41.04,DE
u_12783,2025-08-09,android,tiktok,69.17,NL
u_12569,2025-08-09,android,google_ads,76.94,BE
u_12127,2025-08-09,android,google_ads,4.99,PT
u_12621,2025-08-09,ios,google_ads,24.56,FR
u_10444,2025-08-09,android,facebook,48.08,PT
u_12140,2025-08-09,android,google_ads,33.66,DE
u_12529,2025-08-09,ios,google_ads,28.4,BE
u_13002,2025-08-09,android,google_ads,51.09,SE
u_13003,2025-08-09,ios,instagram,92.82,DE
u_13004,2025-08-09,ios,instagram,37.47,PT
u_13005,2025-08-09,ios,instagram,16.12,DE
u_13006,2025-08-09,android,tiktok,21.85,ES
u_13007,2025-08-09,ios,instagram,23.24,IT
u_13008,2025-08-09,android,facebook,50.24,SE
u_13009,2025-08-09,ios,facebook,6.99,DE
u_13010,2025-08-09,android,tiktok,21.4,ES
u_13011,2025-08-09,android,facebook,29.79,PT
u_13012,2025-08-09,ios,instagram,38.15,IT
u_13013,2025-08-09,ios,tiktok,46.52,NL
u_13014,2025-08-09,android,tiktok,71.25,PL
u_13015,2025-08-09,ios,google_ads,25.13,ES
u_13016,2025-08-09,android,instagram,7.47,SE
u_12048,2025-08-10,ios,google_ads,17.12,FR
u_11122,2025-08-10,android,tiktok,21.33,DE
u_10653,2025-08-10,android,facebook,9.47,PT
u_12331,2025-08-10,android,instagram,39.37,DE
u_12532,2025-08-10,android,instagram,13.62,FR
u_12986,2025-08-10,ios,instagram,17.52,PT
u_12500,2025-08-10,ios,instagram,59.15,FR
u_13017,2025-08-10,android,google_ads,30.15,DE
u_13018,2025-08-10,ios,twitter,20.03,DE
u_13019,2025-08-10,android,tiktok,29.41,BE
u_13020,2025-08-10,android,tiktok,53.91,BE
u_13021,2025-08-10,ios,twitter,44.18,FR
u_13022,2025-08-10,ios,instagram,55.08,IT
u_13023,2025-08-10,android,google_ads,39.19,IE
u_13024,2025-08-10,android,tiktok,20.99,ES
u_13025,2025-08-10,android,instagram,46.97,ES
u_13026,2025-08-10,ios,facebook,25.83,FR
u_13027,2025-08-10,android,instagram,34.43,FR
u_13028,2025-08-10,android,instagram,39.29,IT
u_13029,2025-08-10,ios,instagram,51.08,FR
u_13030,2025-08-10,android,facebook,47.66,FR
u_13031,2025-08-10,android,google_ads,52.11,FR
u_13032,2025-08-10,android,google_ads,44.23,FR
u_11079,2025-08-11,ios,instagram,53.0,IE
u_11775,2025-08-11,android,google_ads,53.56,IT
u_12086,2025-08-11,ios,instagram,49.8,SE
u_10086,2025-08-11,android,tiktok,32.64,FR
u_10541,2025-08-11,ios,twitter,90.53,NL
u_12712,2025-08-11,android,instagram,49.74,NL
u_13033,2025-08-11,android,facebook,45.52,FR
u_13034,2025-08-11,android,instagram,52.5,PL
u_13035,2025-08-11,android,google_ads,50.7,DE
u_13036,2025-08-11,android,twitter,44.3,FR
u_13037,2025-08-11,android,instagram,14.53,IT
u_13038,2025-08-11,ios,google_ads,40.51,DE
u_13039,2025-08-11,ios,google_ads,60.4,BE
u_13040,2025-08-11,android,google_ads,89.66,SE
u_13041,2025-08-11,ios,facebook,35.7,FR
u_13042,2025-08-11,android,instagram,10.31,SE
u_13043,2025-08-11,android,tiktok,40.65,BE
u_13044,2025-08-11,android,facebook,73.07,PL
u_13045,2025-08-11,ios,tiktok,6.99,ES
u_13046,2025-08-11,ios,facebook,28.18,ES
u_11016,2025-08-12,android,tiktok,48.43,FR
u_10900,2025-08-12,ios,instagram,28.02,BE
u_12064,2025-08-12,ios,google_ads,63.47,PT
u_10896,2025-08-12,ios,google_ads,20.86,NL
u_12665,2025-08-12,ios,google_ads,47.5,BE
u_12015,2025-08-12,ios,tiktok,75.21,PL
u_10339,2025-08-12,android,facebook,37.06,PL
u_13047,2025-08-12,ios,facebook,24.03,FR
u_13048,2025-08-12,ios,google_ads,16.04,DE
u_13049,2025-08-12,android,instagram,44.7,FR
u_13050,2025-08-12,ios,instagram,24.35,IT
u_13051,2025-08-12,android,instagram,37.88,FR
u_13052,2025-08-12,ios,facebook,53.4,ES
u_13053,2025-08-12,android,google_ads,93.41,SE
u_13054,2025-08-12,ios,facebook,44.02,DE
u_13055,2025-08-12,ios,google_ads,65.44,IT
u_13056,2025-08-12,ios,facebook,51.06,PT
u_13057,2025-08-12,android,facebook,59.34,PL
u_13058,2025-08-12,ios,google_ads,47.78,PT
u_13059,2025-08-12,android,google_ads,44.92,FR
u_13060,2025-08-12,android,tiktok,57.45,SE
u_13061,2025-08-12,ios,facebook,13.9,IE
u_11929,2025-08-13,ios,instagram,52.32,PL
u_12870,2025-08-13,android,tiktok,94.73,DE
u_11795,2025-08-13,android,twitter,86.93,NL
u_12207,2025-08-13,ios,google_ads,47.66,IT
u_10910,2025-08-13,ios,facebook,51.57,PL
u_10024,2025-08-13,android,facebook,37.01,NL
u_13062,2025-08-13,android,instagram,28.5,PT
u_13063,2025-08-13,ios,google_ads,24.31,PL
u_13064,2025-08-13,android,instagram,50.29,IT
u_13065,2025-08-13,android,facebook,26.54,ES
u_13066,2025-08-13,android,facebook,13.99,SE
u_13067,2025-08-13,android,instagram,53.64,DE
u_13068,2025-08-13,ios,tiktok,52.68,PT
u_13069,2025-08-13,android,google_ads,59.15,DE
u_13070,2025-08-13,ios,twitter,63.6,PL
u_13071,2025-08-13,android,instagram,66.88,ES
u_13072,2025-08-13,ios,google_ads,80.93,PL
u_13073,2025-08-13,android,twitter,21.28,BE
u_13074,2025-08-13,android,tiktok,55.27,FR
u_13075,2025-08-13,android,google_ads,61.35,PL
u_10419,2025-08-14,android,google_ads,48.53,FR
u_10691,2025-08-14,ios,twitter,38.53,PT
u_11144,2025-08-14,android,tiktok,37.2,ES
u_12918,2025-08-14,ios,instagram,20.83,PT
u_10436,2025-08-14,android,instagram,25.58,SE
u_12399,2025-08-14,android,google_ads,43.55,DE
u_12981,2025-08-14,android,instagram,48.94,PL
u_12284,2025-08-14,ios,tiktok,68.74,BE
u_12359,2025-08-14,android,tiktok,98.32,FR
u_13076,2025-08-14,ios,facebook,9.58,ES
u_13077,2025-08-14,ios,instagram,6.99,ES
u_13078,2025-08-14,android,google_ads,46.67,IE
u_13079,2025-08-14,android,facebook,30.7,SE
u_13080,2025-08-14,android,google_ads,75.23,DE
u_13081,2025-08-14,android,tiktok,62.5,NL
u_13082,2025-08-14,ios,instagram,9.01,FR
u_13083,2025-08-14,ios,google_ads,29.82,SE
u_13084,2025-08-14,ios,tiktok,36.97,ES
u_13085,2025-08-14,ios,facebook,42.56,NL
u_13086,2025-08-14,android,facebook,47.46,BE
u_13087,2025-08-14,android,google_ads,35.25,SE
u_13088,2025-08-14,android,instagram,46.94,ES
u_13089,2025-08-14,ios,instagram,85.05,NL
u_13090,2025-08-14,android,google_ads,14.3,IT
u_13091,2025-08-14,ios,instagram,34.73,SE
u_13092,2025-08-14,android,google_ads,39.48,BE
u_13093,2025-08-14,ios,instagram,45.84,DE
u_11131,2025-08-15,android,google_ads,38.1,BE
u_10332,2025-08-15,ios,google_ads,29.56,IT
u_11057,2025-08-15,android,facebook,28.25,IE
u_12734,2025-08-15,ios,google_ads,38.8,DE
u_11381,2025-08-15,android,facebook,30.82,NL
u_13094,2025-08-15,android,instagram,54.89,DE
u_13095,2025-08-15,android,google_ads,35.51,IE
u_13096,2025-08-15,ios,google_ads,63.8,BE
u_13097,2025-08-15,android,facebook,29.78,ES
u_13098,2025-08-15,android,twitter,9.01,ES
u_13099,2025-08-15,ios,instagram,63.17,DE
u_13100,2025-08-15,android,instagram,51.39,DE
u_13101,2025-08-15,android,tiktok,44.31,IT
u_13102,2025-08-15,ios,facebook,48.77,PT
u_13103,2025-08-15,android,tiktok,12.37,IE
u_13104,2025-08-15,android,tiktok,69.18,BE
u_13105,2025-08-15,android,instagram,22.8,FR
u_10796,2025-08-16,android,google_ads,14.81,SE
u_12473,2025-08-16,ios,facebook,29.59,NL
u_11628,2025-08-16,android,instagram,15.85,FR
u_12253,2025-08-16,android,tiktok,73.3,PL
u_10152,2025-08-16,android,facebook,46.31,DE
u_11896,2025-08-16,ios,twitter,29.73,IE
u_13106,2025-08-16,ios,google_ads,25.06,ES
u_13107,2025-08-16,ios,google_ads,46.01,NL
u_13108,2025-08-16,ios,tiktok,42.94,ES
u_13109,2025-08-16,ios,google_ads,38.41,PT
u_13110,2025-08-16,android,instagram,37.33,DE
u_13111,2025-08-16,android,instagram,9.91,BE
u_13112,2025-08-16,android,twitter,37.71,DE
u_13113,2025-08-16,android,google_ads,26.68,ES
u_13114,2025-08-16,ios,twitter,25.4,PT
u_13115,2025-08-16,android,google_ads,42.73,DE
u_13116,2025-08-16,android,google_ads,19.98,PT
u_13117,2025-08-16,android,google_ads,63.07,IE
u_12265,2025-08-17,android,instagram,31.99,ES
u_12746,2025-08-17,android,google_ads,48.41,SE
u_12729,2025-08-17,android,instagram,43.73,PL
u_11626,2025-08-17,ios,tiktok,38.89,DE
u_13118,2025-08-17,android,twitter,51.06,PT
u_13119,2025-08-17,ios,google_ads,50.16,DE
u_13120,2025-08-17,ios,twitter,46.16,FR
u_13121,2025-08-17,android,facebook,29.01,ES
u_13122,2025-08-17,android,google_ads,37.49,FR
u_13123,2025-08-17,android,google_ads,33.59,PT
u_13124,2025-08-17,ios,facebook,31.05,NL
u_13125,2025-08-17,ios,google_ads,22.88,ES
u_13126,2025-08-17,android,google_ads,31.23,DE
u_12833,2025-08-18,ios,google_ads,53.24,BE
u_11221,2025-08-18,android,google_ads,39.38,DE
u_11123,2025-08-18,ios,twitter,27.17,FR
u_11972,2025-08-18,ios,instagram,70.38,DE
u_12885,2025-08-18,android,google_ads,18.38,IE
u_10280,2025-08-18,android,instagram,75.5,NL
u_11194,2025-08-18,ios,instagram,36.6,PT
u_13127,2025-08-18,android,google_ads,7.35,IE
u_13128,2025-08-18,android,instagram,41.9,PL
u_13129,2025-08-18,android,instagram,61.35,DE
u_13130,2025-08-18,android,tiktok,69.42,ES
u_13131,2025-08-18,android,facebook,70.58,IT
u_13132,2025-08-18,ios,google_ads,65.6,IT
u_13133,2025-08-18,ios,google_ads,43.7,IT
u_13134,2025-08-18,android,instagram,25.73,BE
u_13135,2025-08-18,ios,google_ads,58.94,DE
u_13136,2025-08-18,ios,instagram,59.85,SE
u_13137,2025-08-18,ios,tiktok,14.52,FR
u_13138,2025-08-18,ios,facebook,57.82,BE
u_13139,2025-08-18,ios,instagram,64.61,NL
u_13140,2025-08-18,ios,tiktok,69.94,DE
u_13141,2025-08-18,ios,facebook,61.34,SE
u_11356,2025-08-19,android,facebook,41.02,ES
u_12390,2025-08-19,android,tiktok,50.05,IT
u_11640,2025-08-19,ios,google_ads,18.16,PT
u_12866,2025-08-19,android,facebook,81.81,ES
u_13142,2025-08-19,android,instagram,52.51,PL
u_13143,2025-08-19,android,facebook,64.4,DE
u_13144,2025-08-19,android,google_ads,68.16,IT
u_13145,2025-08-19,ios,facebook,43.21,ES
u_13146,2025-08-19,android,instagram,12.82,NL
u_13147,2025-08-19,ios,twitter,41.59,IE
u_13148,2025-08-19,ios,instagram,55.25,IT
u_13149,2025-08-19,android,instagram,86.15,PL
u_10671,2025-08-20,android,google_ads,35.68,DE
u_10624,2025-08-20,android,google_ads,81.63,IE
u_11048,2025-08-20,android,google_ads,44.36,SE
u_10329,2025-08-20,android,twitter,68.17,PL
u_11511,2025-08-20,ios,facebook,46.23,IT
u_10170,2025-08-20,android,facebook,65.05,ES
u_10053,2025-08-20,ios,instagram,13.43,PL
u_10835,2025-08-20,ios,instagram,74.49,ES
u_10526,2025-08-20,ios,facebook,38.42,PL
u_13150,2025-08-20,android,instagram,38.29,ES
u_13151,2025-08-20,ios,google_ads,23.83,ES
u_13152,2025-08-20,ios,google_ads,36.69,PT
u_13153,2025-08-20,android,instagram,39.88,FR
u_13154,2025-08-20,ios,instagram,65.63,FR
u_13155,2025-08-20,android,tiktok,28.83,IT
u_13156,2025-08-20,ios,instagram,13.75,FR
u_13157,2025-08-20,android,tiktok,51.01,IE
u_13158,2025-08-20,ios,tiktok,55.85,ES
u_13159,2025-08-20,ios,twitter,32.59,SE
u_13160,2025-08-20,android,google_ads,46.38,DE
u_13161,2025-08-20,android,twitter,67.18,BE
u_13162,2025-08-20,android,google_ads,60.5,IT
u_13163,2025-08-20,ios,tiktok,23.17,ES
u_13164,2025-08-20,ios,facebook,78.85,ES
u_13165,2025-08-20,ios,google_ads,43.9,FR
u_13166,2025-08-20,ios,twitter,37.01,ES
u_13167,2025-08-20,ios,google_ads,39.58,IE
u_13168,2025-08-20,android,tiktok,47.05,DE
u_13169,2025-08-20,ios,tiktok,15.19,IE
u_10968,2025-08-21,android,tiktok,57.16,NL
u_12794,2025-08-21,ios,google_ads,42.01,ES
u_12272,2025-08-21,android,google_ads,42.88,SE
u_10588,2025-08-21,android,twitter,42.27,PL
u_13170,2025-08-21,android,google_ads,40.84,ES
u_13171,2025-08-21,android,google_ads,31.87,DE
u_13172,2025-08-21,ios,twitter,46.54,BE
u_13173,2025-08-21,android,google_ads,56.81,IE
u_13174,2025-08-21,android,google_ads,20.16,ES
u_13175,2025-08-21,ios,google_ads,26.24,ES
u_13176,2025-08-21,android,google_ads,87.58,PL
u_13177,2025-08-21,android,facebook,61.72,PT
u_12135,2025-08-22,ios,tiktok,62.15,ES
u_11091,2025-08-22,ios,twitter,27.64,DE
u_10134,2025-08-22,ios,facebook,14.54,SE
u_10766,2025-08-22,android,facebook,59.16,PL
u_12595,2025-08-22,android,google_ads,45.58,ES
u_12740,2025-08-22,android,facebook,64.7,FR
u_10813,2025-08-22,android,google_ads,72.53,IE
u_12919,2025-08-22,android,tiktok,66.54,PT
u_13178,2025-08-22,android,facebook,59.78,ES
u_13179,2025-08-22,ios,facebook,68.27,DE
u_13180,2025-08-22,ios,facebook,45.09,IE
u_13181,2025-08-22,android,instagram,27.26,ES
u_13182,2025-08-22,ios,tiktok,33.05,ES
u_13183,2025-08-22,android,facebook,33.38,BE
u_13184,2025-08-22,ios,google_ads,28.92,FR
u_13185,2025-08-22,android,google_ads,6.99,BE
u_13186,2025-08-22,ios,instagram,64.51,DE
u_13187,2025-08-22,ios,google_ads,28.06,IT
u_13188,2025-08-22,ios,twitter,59.74,IE
u_13189,2025-08-22,android,twitter,64.34,FR
u_13190,2025-08-22,ios,tiktok,16.5,PL
u_13191,2025-08-22,android,instagram,58.39,IT
u_13192,2025-08-22,android,tiktok,32.83,NL
u_13193,2025-08-22,ios,twitter,42.99,PL
u_13194,2025-08-22,ios,google_ads,70.31,DE
u_11877,2025-08-23,android,tiktok,24.15,PL
u_11310,2025-08-23,android,instagram,18.13,PL
u_11295,2025-08-23,ios,facebook,29.93,FR
u_11618,2025-08-23,ios,instagram,47.87,IE
u_11989,2025-08-23,android,google_ads,57.28,IE
u_10813,2025-08-23,android,google_ads,59.55,IE
u_10213,2025-08-23,ios,instagram,31.0,NL
u_11410,2025-08-23,android,facebook,39.32,DE
u_13195,2025-08-23,android,twitter,38.7,IT
u_13196,2025-08-23,ios,tiktok,56.62,NL
u_13197,2025-08-23,ios,google_ads,45.14,FR
u_13198,2025-08-23,android,google_ads,70.84,PL
u_13199,2025-08-23,android,instagram,61.32,NL
u_13200,2025-08-23,android,instagram,86.99,PL
u_13201,2025-08-23,android,instagram,71.18,IT
u_13202,2025-08-23,ios,facebook,18.7,ES
u_13203,2025-08-23,android,instagram,29.77,SE
u_13204,2025-08-23,android,instagram,51.24,SE
u_13205,2025-08-23,ios,tiktok,40.78,FR
u_13206,2025-08-23,ios,instagram,8.87,ES
u_13207,2025-08-23,ios,google_ads,22.37,IT
u_13208,2025-08-23,ios,twitter,47.94,IE
u_13209,2025-08-23,ios,google_ads,25.71,ES
u_13210,2025-08-23,android,google_ads,49.68,FR
u_13211,2025-08-23,ios,instagram,54.74,DE
u_13212,2025-08-23,android,twitter,55.98,ES
u_11704,2025-08-24,android,google_ads,67.54,NL
u_12604,2025-08-24,ios,google_ads,36.22,PL
u_12482,2025-08-24,ios,facebook,15.32,IT
u_12886,2025-08-24,ios,google_ads,32.3,BE
u_10124,2025-08-24,ios,instagram,67.97,FR
u_10155,2025-08-24,ios,google_ads,57.43,DE
u_11045,2025-08-24,ios,instagram,37.94,ES
u_10326,2025-08-24,android,google_ads,37.7,PT
u_13213,2025-08-24,ios,facebook,50.35,FR
u_13214,2025-08-24,android,google_ads,48.53,IE
u_13215,2025-08-24,android,twitter,36.13,SE
u_13216,2025-08-24,ios,tiktok,96.52,DE
u_13217,2025-08-24,ios,twitter,58.39,DE
u_13218,2025-08-24,android,google_ads,21.4,ES
u_13219,2025-08-24,ios,google_ads,30.76,NL
u_13220,2025-08-24,android,twitter,36.32,ES
u_13221,2025-08-24,ios,tiktok,34.28,FR
u_13222,2025-08-24,android,facebook,60.53,NL
u_13223,2025-08-24,ios,instagram,54.78,IE
u_13224,2025-08-24,ios,google_ads,30.08,ES
u_13225,2025-08-24,ios,google_ads,93.86,PL
u_13226,2025-08-24,ios,instagram,33.69,ES
u_13227,2025-08-24,android,tiktok,37.45,DE
u_13228,2025-08-24,android,instagram,58.76,PL
u_13229,2025-08-24,android,tiktok,19.43,PT
u_13230,2025-08-24,android,google_ads,35.41,PT
u_12481,2025-08-25,android,tiktok,31.23,NL
u_12932,2025-08-25,ios,instagram,40.25,IE
u_13011,2025-08-25,android,facebook,34.39,PT
u_11758,2025-08-25,android,facebook,61.93,FR
u_12029,2025-08-25,ios,facebook,43.71,FR
u_10196,2025-08-25,ios,google_ads,21.14,PT
u_13231,2025-08-25,android,google_ads,33.01,SE
u_13232,2025-08-25,ios,instagram,56.86,PL
u_13233,2025-08-25,android,google_ads,58.32,PL
u_13234,2025-08-25,android,facebook,29.32,DE
u_13235,2025-08-25,android,facebook,63.87,PT
u_13236,2025-08-25,android,facebook,44.31,PL
u_13237,2025-08-25,ios,twitter,52.56,DE
u_13238,2025-08-25,android,google_ads,62.09,IE
u_13239,2025-08-25,android,google_ads,72.15,NL
u_13240,2025-08-25,android,twitter,33.52,PT
u_13241,2025-08-25,ios,google_ads,6.99,PT
u_13242,2025-08-25,android,google_ads,34.94,DE
u_13243,2025-08-25,ios,facebook,42.0,NL
u_11990,2025-08-26,ios,instagram,53.59,FR
u_10298,2025-08-26,ios,google_ads,52.16,PT
u_11725,2025-08-26,ios,facebook,33.69,BE
u_13244,2025-08-26,ios,google_ads,74.88,FR
u_13245,2025-08-26,ios,twitter,48.61,ES
u_13246,2025-08-26,android,facebook,80.64,PL
u_13247,2025-08-26,android,instagram,80.54,IE
u_13248,2025-08-26,ios,google_ads,15.85,IT
u_13249,2025-08-26,ios,google_ads,16.74,DE
u_13250,2025-08-26,ios,facebook,62.88,PL
u_13251,2025-08-26,ios,google_ads,48.21,DE
u_10853,2025-08-27,ios,tiktok,52.97,SE
u_12321,2025-08-27,android,facebook,33.06,ES
u_10341,2025-08-27,ios,twitter,14.98,ES
u_11074,2025-08-27,android,google_ads,43.57,SE
u_11826,2025-08-27,ios,twitter,9.54,FR
u_13252,2025-08-27,ios,tiktok,34.16,PT
u_13253,2025-08-27,android,tiktok,28.97,PL
u_13254,2025-08-27,android,google_ads,18.66,NL
u_13255,2025-08-27,android,facebook,25.02,PT
u_13256,2025-08-27,android,tiktok,23.38,BE
u_13257,2025-08-27,ios,facebook,80.83,PL
u_13258,2025-08-27,ios,facebook,59.19,PT
u_13259,2025-08-27,ios,twitter,47.73,ES
u_13260,2025-08-27,ios,google_ads,52.12,ES
u_13261,2025-08-27,ios,google_ads,30.31,DE
u_13262,2025-08-27,ios,facebook,46.84,ES
u_13200,2025-08-28,android,instagram,130.51,PL
u_11263,2025-08-28,ios,tiktok,46.11,IT
u_10783,2025-08-28,android,facebook,38.31,PT
u_12743,2025-08-28,android,facebook,24.16,DE
u_11626,2025-08-28,ios,tiktok,55.89,DE
u_10701,2025-08-28,android,facebook,15.36,BE
u_13022,2025-08-28,ios,instagram,59.92,IT
u_12055,2025-08-28,ios,facebook,104.85,NL
u_13263,2025-08-28,android,facebook,28.96,FR
u_13264,2025-08-28,ios,tiktok,73.69,PT
u_13265,2025-08-28,android,instagram,29.09,BE
u_13266,2025-08-28,android,tiktok,47.17,ES
u_13267,2025-08-28,ios,tiktok,94.09,SE
u_13268,2025-08-28,android,facebook,54.8,ES
u_13269,2025-08-28,ios,google_ads,60.1,NL
u_13270,2025-08-28,ios,instagram,55.43,IT
u_13271,2025-08-28,ios,instagram,40.42,BE
u_13272,2025-08-28,ios,twitter,51.35,PT
u_13273,2025-08-28,android,twitter,27.04,NL
u_13274,2025-08-28,android,tiktok,39.16,IE
u_13275,2025-08-28,ios,google_ads,59.88,PL
u_13276,2025-08-28,ios,facebook,16.77,SE
u_13277,2025-08-28,android,instagram,31.61,IE
u_13278,2025-08-28,android,google_ads,24.51,IT
u_13279,2025-08-28,android,facebook,58.76,SE
u_13280,2025-08-28,android,instagram,50.14,PL
u_12123,2025-08-29,ios,instagram,22.34,FR
u_12412,2025-08-29,ios,google_ads,83.95,FR
u_11162,2025-08-29,android,instagram,31.46,SE
u_10882,2025-08-29,android,google_ads,19.76,SE
u_11307,2025-08-29,ios,tiktok,19.83,FR
u_12108,2025-08-29,ios,facebook,71.09,ES
u_12374,2025-08-29,android,instagram,40.17,FR
u_13281,2025-08-29,android,google_ads,46.72,IT
u_13282,2025-08-29,ios,google_ads,58.43,ES
u_13283,2025-08-29,ios,google_ads,23.14,PL
u_13284,2025-08-29,android,instagram,52.28,SE
u_13285,2025-08-29,ios,tiktok,32.12,BE
u_13286,2025-08-29,ios,tiktok,61.54,SE
u_13287,2025-08-29,android,google_ads,23.75,DE
u_13288,2025-08-29,ios,instagram,11.45,PT
u_13289,2025-08-29,android,tiktok,44.11,PL
u_13290,2025-08-29,android,google_ads,28.82,PL
u_13291,2025-08-29,ios,tiktok,61.14,PT
u_13292,2025-08-29,android,google_ads,43.99,SE
u_13293,2025-08-29,ios,google_ads,45.16,BE
u_13294,2025-08-29,android,twitter,30.68,SE
u_12744,2025-08-30,ios,twitter,66.73,SE
u_11075,2025-08-30,ios,facebook,19.71,ES
u_13149,2025-08-30,android,instagram,119.71,PL
u_12335,2025-08-30,android,google_ads,44.53,DE
u_12522,2025-08-30,android,tiktok,48.69,NL
u_11342,2025-08-30,android,tiktok,13.15,SE
u_10705,2025-08-30,ios,facebook,45.4,IT
u_13295,2025-08-30,android,google_ads,36.07,IT
u_13296,2025-08-30,ios,google_ads,16.42,PL
u_13297,2025-08-30,ios,google_ads,15.66,SE
u_13298,2025-08-30,ios,google_ads,39.03,BE
u_13299,2025-08-30,android,google_ads,74.57,BE
u_13300,2025-08-30,ios,tiktok,33.38,DE
u_13301,2025-08-30,ios,google_ads,38.2,NL
u_13302,2025-08-30,ios,google_ads,68.06,IT
u_13303,2025-08-30,android,google_ads,41.54,ES
u_13304,2025-08-30,android,tiktok,37.41,IE
u_13305,2025-08-30,ios,google_ads,9.57,FR
u_13306,2025-08-30,ios,tiktok,43.29,PT
u_13307,2025-08-30,android,google_ads,19.81,PL
u_13308,2025-08-30,android,google_ads,29.89,ES
u_13309,2025-08-30,android,facebook,48.33,IE
u_10341,2025-08-31,ios,twitter,30.72,ES
u_10975,2025-08-31,android,google_ads,79.36,ES
u_10740,2025-08-31,ios,twitter,52.19,IT
u_11221,2025-08-31,android,google_ads,64.14,DE
u_11420,2025-08-31,ios,google_ads,19.75,DE
u_10748,2025-08-31,android,instagram,28.22,DE
u_12439,2025-08-31,ios,facebook,55.97,SE
u_11958,2025-08-31,ios,tiktok,51.59,ES
u_13310,2025-08-31,android,facebook,58.33,SE
u_13311,2025-08-31,android,tiktok,48.35,ES
u_13312,2025-08-31,android,tiktok,40.59,ES
u_13313,2025-08-31,ios,google_ads,34.83,SE
u_13314,2025-08-31,android,facebook,15.42,IE
u_13315,2025-08-31,android,instagram,69.14,NL
u_13316,2025-08-31,android,facebook,38.38,SE
u_13317,2025-08-31,android,facebook,24.76,DE
u_13318,2025-08-31,ios,google_ads,39.8,SE
u_13319,2025-08-31,android,twitter,51.77,PL
u_13320,2025-08-31,android,facebook,68.67,IT
u_13321,2025-08-31,android,facebook,17.56,PT
u_13322,2025-08-31,ios,tiktok,32.93,BE
u_13323,2025-08-31,ios,facebook,43.72,NL
u_13324,2025-08-31,android,facebook,52.32,NL
u_13325,2025-08-31,android,google_ads,11.13,PL
u_13326,2025-08-31,android,instagram,36.08,BE
u_13327,2025-08-31,ios,facebook,44.0,PL
u_12126,2025-09-01,android,google_ads,76.3,BE
u_10948,2025-09-01,android,google_ads,31.05,DE
u_10904,2025-09-01,ios,google_ads,69.02,IT
u_11425,2025-09-01,android,google_ads,22.2,ES
u_11896,2025-09-01,ios,twitter,35.33,IE
u_11229,2025-09-01,ios,google_ads,10.04,BE
u_13328,2025-09-01,android,tiktok,21.18,PL
u_13329,2025-09-01,ios,google_ads,39.85,DE
u_13330,2025-09-01,android,google_ads,56.98,DE
u_13331,2025-09-01,ios,facebook,54.44,DE
u_13332,2025-09-01,ios,instagram,41.32,SE
u_13333,2025-09-01,ios,google_ads,55.63,NL
u_13334,2025-09-01,android,facebook,68.99,BE
u_13335,2025-09-01,android,instagram,48.75,PT
u_13336,2025-09-01,ios,twitter,58.98,NL
u_13337,2025-09-01,ios,tiktok,69.74,NL
u_13338,2025-09-01,android,google_ads,21.85,ES
u_13339,2025-09-01,android,twitter,73.85,NL
u_13340,2025-09-01,ios,tiktok,33.18,NL
u_13341,2025-09-01,ios,facebook,61.41,ES
u_13008,2025-09-02,android,facebook,53.64,SE
u_11804,2025-09-02,android,google_ads,46.66,NL
u_11977,2025-09-02,ios,tiktok,44.01,ES
u_13245,2025-09-02,ios,twitter,55.8,ES
u_10582,2025-09-02,android,google_ads,39.74,DE
u_10270,2025-09-02,ios,google_ads,50.61,ES
u_11151,2025-09-02,ios,google_ads,6.65,PL
u_13342,2025-09-02,ios,instagram,51.37,ES
u_13343,2025-09-02,android,instagram,52.05,ES
u_13344,2025-09-02,ios,instagram,53.21,DE
u_13345,2025-09-02,ios,tiktok,37.76,BE
u_13346,2025-09-02,android,tiktok,48.98,ES
u_13347,2025-09-02,android,instagram,53.81,ES
u_13348,2025-09-02,android,google_ads,36.77,PT
u_13349,2025-09-02,android,tiktok,51.51,DE
u_13350,2025-09-02,ios,google_ads,44.73,DE
u_13351,2025-09-02,ios,google_ads,24.74,IT
u_13352,2025-09-02,ios,facebook,15.81,PL
u_13353,2025-09-02,android,twitter,24.23,PT
u_13354,2025-09-02,ios,facebook,40.87,DE
u_13355,2025-09-02,android,instagram,37.69,NL
u_13356,2025-09-02,ios,tiktok,52.61,NL
u_13357,2025-09-02,android,instagram,64.03,PL
u_11335,2025-09-03,ios,google_ads,15.03,PL
u_12073,2025-09-03,android,twitter,20.86,DE
u_12670,2025-09-03,android,google_ads,45.3,DE
u_12333,2025-09-03,android,google_ads,60.1,IT
u_10520,2025-09-03,android,tiktok,84.39,ES
u_10618,2025-09-03,android,google_ads,23.3,FR
u_13358,2025-09-03,android,facebook,25.98,NL
u_13359,2025-09-03,android,google_ads,59.35,DE
u_13360,2025-09-03,ios,tiktok,15.91,FR
u_13361,2025-09-03,ios,tiktok,48.19,SE
u_13362,2025-09-03,ios,tiktok,67.6,BE
u_13363,2025-09-03,ios,tiktok,35.03,DE
u_13364,2025-09-03,android,google_ads,49.84,IT
u_13365,2025-09-03,android,tiktok,77.42,BE
u_13366,2025-09-03,ios,twitter,31.54,DE
u_13367,2025-09-03,android,tiktok,33.39,DE
u_13368,2025-09-03,ios,google_ads,56.25,NL
u_13369,2025-09-03,ios,instagram,21.98,DE
u_10591,2025-09-04,android,instagram,23.65,SE
u_11006,2025-09-04,android,instagram,40.96,IT
u_11255,2025-09-04,android,twitter,39.8,ES
u_10262,2025-09-04,ios,facebook,41.83,PL
u_13155,2025-09-04,android,tiktok,34.52,IT
u_11710,2025-09-04,ios,google_ads,45.59,IE
u_12527,2025-09-04,ios,google_ads,31.03,DE
u_11790,2025-09-04,android,facebook,38.0,BE
u_10886,2025-09-04,android,instagram,21.41,PT
u_12341,2025-09-04,android,instagram,28.27,DE
u_13370,2025-09-04,ios,google_ads,47.17,DE
u_13371,2025-09-04,ios,google_ads,45.59,IT
u_13372,2025-09-04,android,tiktok,35.87,IE
u_13373,2025-09-04,ios,google_ads,60.05,SE
u_13374,2025-09-04,android,twitter,48.02,FR
u_13375,2025-09-04,ios,tiktok,53.23,DE
u_13376,2025-09-04,ios,instagram,6.99,NL
u_13377,2025-09-04,ios,tiktok,45.45,ES
u_13378,2025-09-04,ios,tiktok,45.24,PL
u_13379,2025-09-04,android,google_ads,33.05,FR
u_13380,2025-09-04,android,google_ads,41.41,BE
u_13381,2025-09-04,ios,google_ads,45.32,DE
u_13382,2025-09-04,android,google_ads,23.25,PT
u_13383,2025-09-04,android,instagram,35.84,PL
u_13384,2025-09-04,ios,google_ads,55.37,SE
u_13385,2025-09-04,ios,google_ads,43.26,IT
u_13386,2025-09-04,android,instagram,45.6,SE
u_13387,2025-09-04,ios,tiktok,23.96,FR
u_13388,2025-09-04,android,google_ads,54.23,DE
u_13389,2025-09-04,android,google_ads,23.74,SE
u_13390,2025-09-04,android,google_ads,22.32,SE
u_10663,2025-09-05,android,tiktok,19.27,FR
u_12900,2025-09-05,ios,facebook,54.68,NL
u_13110,2025-09-05,android,instagram,24.57,DE
u_13013,2025-09-05,ios,tiktok,48.73,NL
u_13391,2025-09-05,android,google_ads,37.63,ES
u_13392,2025-09-05,ios,instagram,38.32,ES
u_13393,2025-09-05,ios,google_ads,50.12,DE
u_13394,2025-09-05,android,facebook,89.72,NL
u_13395,2025-09-05,ios,tiktok,22.32,IE
u_13396,2025-09-05,ios,tiktok,60.57,BE
u_13397,2025-09-05,android,instagram,43.73,BE
u_13398,2025-09-05,android,tiktok,54.5,FR
u_11882,2025-09-06,android,google_ads,68.03,SE
u_12261,2025-09-06,ios,google_ads,29.03,ES
u_10426,2025-09-06,android,google_ads,22.08,BE
u_12376,2025-09-06,android,instagram,96.39,ES
u_11972,2025-09-06,ios,instagram,56.4,DE
u_10356,2025-09-06,android,instagram,25.63,PL
u_13399,2025-09-06,ios,twitter,54.84,IT
u_13400,2025-09-06,android,facebook,71.49,DE
u_13401,2025-09-06,android,google_ads,45.28,ES
u_13402,2025-09-06,android,facebook,21.44,PT
u_13403,2025-09-06,ios,facebook,34.12,BE
u_13404,2025-09-06,android,google_ads,73.28,SE
u_13405,2025-09-06,ios,tiktok,17.27,DE
u_13406,2025-09-06,android,facebook,37.95,PT
u_13407,2025-09-06,android,twitter,45.36,ES
u_13408,2025-09-06,ios,facebook,30.3,ES
u_13409,2025-09-06,ios,google_ads,44.23,ES
u_13410,2025-09-06,android,facebook,44.47,PL
u_13411,2025-09-06,android,google_ads,40.43,PL
u_12383,2025-09-07,ios,google_ads,59.84,SE
u_11575,2025-09-07,android,google_ads,69.56,DE
u_12173,2025-09-07,ios,google_ads,13.86,DE
u_10964,2025-09-07,android,twitter,74.48,DE
u_13213,2025-09-07,ios,facebook,33.95,FR
u_10898,2025-09-07,android,google_ads,49.56,DE
u_13412,2025-09-07,android,tiktok,25.18,NL
u_13413,2025-09-07,android,instagram,59.01,FR
u_13414,2025-09-07,android,facebook,71.59,ES
u_13415,2025-09-07,android,instagram,62.4,FR
u_13416,2025-09-07,ios,tiktok,49.23,DE
u_13417,2025-09-07,android,google_ads,53.37,DE
u_13418,2025-09-07,ios,instagram,35.94,SE
u_13419,2025-09-07,android,google_ads,57.93,FR
u_13420,2025-09-07,ios,facebook,45.44,PT
u_13421,2025-09-07,ios,google_ads,35.81,IE
u_13422,2025-09-07,android,facebook,17.34,IT
u_13423,2025-09-07,ios,facebook,75.44,PT
u_13424,2025-09-07,ios,facebook,57.81,IT
u_10168,2025-09-08,android,tiktok,36.07,PL
u_11597,2025-09-08,android,instagram,34.85,FR
u_10801,2025-09-08,android,facebook,59.03,FR
u_12609,2025-09-08,android,facebook,8.79,PL
u_12472,2025-09-08,ios,google_ads,39.43,DE
u_12190,2025-09-08,ios,instagram,25.39,DE
u_13425,2025-09-08,ios,instagram,21.58,FR
u_13426,2025-09-08,android,google_ads,6.99,NL
u_13427,2025-09-08,ios,twitter,59.22,DE
u_13428,2025-09-08,android,twitter,49.62,DE
u_13429,2025-09-08,android,instagram,73.7,DE
u_13430,2025-09-08,android,google_ads,25.69,NL
u_13431,2025-09-08,android,tiktok,25.09,IT
u_13432,2025-09-08,android,tiktok,40.56,PT
u_13433,2025-09-08,android,google_ads,53.5,ES
u_13434,2025-09-08,android,google_ads,20.1,IT
u_13435,2025-09-08,android,instagram,68.73,PT
u_13436,2025-09-08,android,tiktok,53.87,PL
u_13437,2025-09-08,ios,google_ads,42.66,FR
u_13438,2025-09-08,ios,google_ads,43.61,PL
u_12869,2025-09-09,android,tiktok,29.25,PT
u_13206,2025-09-09,ios,instagram,10.41,ES
u_11165,2025-09-09,android,tiktok,51.16,PL
u_11050,2025-09-09,android,tiktok,37.91,SE
u_13006,2025-09-09,android,tiktok,21.26,ES
u_12571,2025-09-09,android,twitter,38.25,NL
u_11782,2025-09-09,ios,facebook,21.93,BE
u_13439,2025-09-09,ios,google_ads,30.71,DE
u_13440,2025-09-09,ios,google_ads,34.76,IT
u_13441,2025-09-09,android,twitter,54.74,SE
u_13442,2025-09-09,ios,instagram,58.62,SE
u_13443,2025-09-09,ios,google_ads,30.31,BE
u_13444,2025-09-09,android,instagram,59.47,IE
u_13445,2025-09-09,ios,tiktok,17.2,NL
u_13446,2025-09-09,ios,tiktok,60.09,DE
u_13447,2025-09-09,ios,twitter,38.31,NL
u_13448,2025-09-09,android,tiktok,50.98,DE
u_13449,2025-09-09,ios,tiktok,58.39,ES
u_13450,2025-09-09,android,google_ads,44.97,SE
u_13451,2025-09-09,android,tiktok,13.78,NL
u_13452,2025-09-09,ios,google_ads,24.27,SE
u_13453,2025-09-09,ios,instagram,56.01,DE
u_10751,2025-09-10,ios,google_ads,17.14,NL
u_12015,2025-09-10,ios,tiktok,25.05,PL
u_10898,2025-09-10,android,google_ads,32.66,DE
u_10944,2025-09-10,android,google_ads,9.95,DE
u_12931,2025-09-10,ios,google_ads,68.54,NL
u_12634,2025-09-10,android,tiktok,36.56,FR
u_10564,2025-09-10,ios,facebook,47.11,NL
u_10088,2025-09-10,ios,google_ads,71.26,BE
u_11905,2025-09-10,ios,instagram,58.44,FR
u_10959,2025-09-10,android,facebook,27.84,PL
u_11444,2025-09-10,android,tiktok,24.81,PL
u_10734,2025-09-10,ios,instagram,56.28,DE
u_13211,2025-09-10,ios,instagram,74.41,DE
u_13454,2025-09-10,ios,facebook,21.18,DE
u_13455,2025-09-10,android,twitter,46.07,PL
u_13456,2025-09-10,android,google_ads,32.75,IT
u_13457,2025-09-10,android,tiktok,28.61,IE
u_13458,2025-09-10,ios,tiktok,18.29,DE
u_13459,2025-09-10,ios,facebook,37.97,BE
u_13460,2025-09-10,ios,instagram,59.39,FR
u_13461,2025-09-10,android,google_ads,11.31,ES
u_13462,2025-09-10,ios,instagram,31.65,ES
u_13463,2025-09-10,android,facebook,53.66,FR
u_13464,2025-09-10,ios,instagram,37.49,PL
u_13465,2025-09-10,ios,google_ads,45.21,ES
u_13466,2025-09-10,ios,google_ads,61.9,IT
u_13467,2025-09-10,android,google_ads,25.98,FR
u_13468,2025-09-10,android,google_ads,82.2,DE
u_13469,2025-09-10,ios,google_ads,46.2,IT
u_13470,2025-09-10,android,facebook,77.85,FR
u_13471,2025-09-10,android,instagram,67.97,PT
u_13472,2025-09-10,android,google_ads,22.52,ES
u_13473,2025-09-10,android,facebook,47.03,ES
u_13474,2025-09-10,android,google_ads,47.28,BE
u_13475,2025-09-10,ios,facebook,35.92,DE
u_13476,2025-09-10,ios,twitter,49.9,ES
u_13477,2025-09-10,android,instagram,8.53,IT
u_13478,2025-09-10,android,google_ads,20.78,SE
u_13479,2025-09-10,android,twitter,32.74,SE
u_12109,2025-09-11,android,google_ads,20.35,DE
u_13459,2025-09-11,ios,facebook,52.53,BE
u_13063,2025-09-11,ios,google_ads,20.81,PL
u_10385,2025-09-11,android,instagram,51.28,DE
u_12189,2025-09-11,android,instagram,60.04,PL
u_13480,2025-09-11,ios,twitter,87.32,DE
u_13481,2025-09-11,ios,google_ads,30.35,FR
u_13482,2025-09-11,android,tiktok,37.3,IE
u_13483,2025-09-11,ios,facebook,34.84,FR
u_13484,2025-09-11,android,tiktok,45.35,IT
u_13485,2025-09-11,android,facebook,31.48,PT
u_13486,2025-09-11,android,facebook,6.99,FR
u_13487,2025-09-11,ios,instagram,38.92,FR
u_13488,2025-09-11,android,facebook,43.09,ES
u_13489,2025-09-11,ios,tiktok,27.32,DE
u_13490,2025-09-11,ios,google_ads,37.86,IE
u_12917,2025-09-12,ios,google_ads,56.93,DE
u_12912,2025-09-12,ios,twitter,57.29,PT
u_10076,2025-09-12,ios,tiktok,32.77,ES
u_12841,2025-09-12,android,google_ads,92.7,DE
u_11769,2025-09-12,android,twitter,22.87,PL
u_10048,2025-09-12,ios,google_ads,69.53,IT
u_12543,2025-09-12,ios,facebook,39.35,DE
u_12443,2025-09-12,android,google_ads,11.21,IE
u_13491,2025-09-12,android,tiktok,57.24,IE
u_13492,2025-09-12,ios,instagram,42.06,DE
u_13493,2025-09-12,ios,google_ads,68.44,PL
u_13494,2025-09-12,ios,google_ads,68.45,IT
u_13495,2025-09-12,ios,facebook,53.01,PT
u_13496,2025-09-12,android,facebook,84.83,ES
u_13497,2025-09-12,android,twitter,41.54,PL
u_13498,2025-09-12,ios,google_ads,6.99,DE
u_13499,2025-09-12,ios,google_ads,46.57,IE
u_13500,2025-09-12,android,twitter,45.81,PL
u_13501,2025-09-12,ios,google_ads,34.22,PL
u_13502,2025-09-12,android,facebook,67.03,IE
u_13503,2025-09-12,ios,instagram,27.74,IT
u_13504,2025-09-12,android,google_ads,7.94,FR
u_13505,2025-09-12,ios,google_ads,41.67,PL
u_13506,2025-09-12,android,google_ads,53.17,FR
u_13507,2025-09-12,ios,tiktok,66.18,FR
u_13353,2025-09-13,android,twitter,30.31,PT
u_11510,2025-09-13,ios,facebook,67.1,DE
u_13309,2025-09-13,android,facebook,59.73,IE
u_12650,2025-09-13,android,twitter,41.77,ES
u_13008,2025-09-13,android,facebook,59.84,SE
u_10705,2025-09-13,ios,facebook,65.25,IT
u_13508,2025-09-13,ios,tiktok,45.99,DE
u_13509,2025-09-13,android,instagram,10.57,SE
u_13510,2025-09-13,android,google_ads,79.34,DE
u_13511,2025-09-13,ios,instagram,45.28,FR
u_13512,2025-09-13,ios,instagram,50.97,PL
u_13513,2025-09-13,ios,twitter,45.64,NL
u_13514,2025-09-13,ios,google_ads,34.27,PL
u_13515,2025-09-13,ios,facebook,46.62,NL
u_13516,2025-09-13,android,google_ads,58.23,ES
u_13517,2025-09-13,ios,google_ads,65.74,DE
u_13518,2025-09-13,android,instagram,64.77,FR
u_13519,2025-09-13,android,facebook,24.18,ES
u_13520,2025-09-13,ios,facebook,17.0,SE
u_13521,2025-09-13,ios,tiktok,54.09,NL
u_12976,2025-09-14,android,twitter,43.49,IT
u_10141,2025-09-14,android,google_ads,24.89,BE
u_12185,2025-09-14,ios,tiktok,26.79,NL
u_13294,2025-09-14,android,twitter,35.5,SE
u_13522,2025-09-14,android,tiktok,38.44,ES
u_13523,2025-09-14,ios,tiktok,32.72,DE
u_13524,2025-09-14,android,instagram,35.03,FR
u_13525,2025-09-14,android,google_ads,45.55,BE
u_13526,2025-09-14,android,facebook,48.92,ES
u_13527,2025-09-14,ios,google_ads,6.99,IE
u_13528,2025-09-14,android,tiktok,35.89,DE
u_13529,2025-09-14,android,facebook,43.28,ES
u_13530,2025-09-14,ios,facebook,56.15,ES
u_13531,2025-09-14,android,instagram,40.66,DE
u_11371,2025-09-15,android,google_ads,55.67,PL
u_11170,2025-09-15,android,tiktok,64.43,ES
u_11021,2025-09-15,ios,instagram,28.83,DE
u_10539,2025-09-15,android,google_ads,32.62,IE
u_13224,2025-09-15,ios,google_ads,26.87,ES
u_11464,2025-09-15,android,instagram,34.22,PL
u_10117,2025-09-15,ios,instagram,38.6,SE
u_12524,2025-09-15,ios,twitter,26.7,IT
u_13532,2025-09-15,ios,google_ads,59.09,SE
u_13533,2025-09-15,android,twitter,35.99,DE
u_13534,2025-09-15,ios,twitter,33.47,NL
u_13535,2025-09-15,ios,tiktok,32.93,IT
u_13536,2025-09-15,ios,facebook,49.09,FR
u_13537,2025-09-15,ios,google_ads,52.79,ES
u_13538,2025-09-15,ios,instagram,51.01,FR
u_13539,2025-09-15,android,twitter,31.36,SE
u_13540,2025-09-15,android,instagram,57.9,IE
u_13541,2025-09-15,ios,google_ads,47.69,BE
u_13542,2025-09-15,ios,facebook,18.76,PL
u_13543,2025-09-15,ios,facebook,9.12,DE
u_13544,2025-09-15,ios,google_ads,31.92,FR
u_13545,2025-09-15,android,facebook,80.58,BE
u_13546,2025-09-15,ios,google_ads,32.24,NL
u_13547,2025-09-15,ios,tiktok,57.53,PT
u_13548,2025-09-15,android,tiktok,24.18,IT
u_12512,2025-09-16,ios,facebook,13.7,SE
u_12554,2025-09-16,android,instagram,36.72,ES
u_13443,2025-09-16,ios,google_ads,27.41,BE
u_10170,2025-09-16,android,facebook,45.19,ES
u_12356,2025-09-16,android,instagram,74.76,DE
u_12299,2025-09-16,ios,google_ads,52.68,IT
u_12580,2025-09-16,ios,facebook,31.38,ES
u_12852,2025-09-16,android,tiktok,40.75,SE
u_10919,2025-09-16,ios,instagram,38.07,DE
u_13549,2025-09-16,ios,twitter,42.36,PL
u_13550,2025-09-16,android,facebook,62.84,BE
u_13551,2025-09-16,ios,tiktok,72.02,PT
u_13552,2025-09-16,android,instagram,42.52,ES
u_13553,2025-09-16,ios,instagram,26.86,IE
u_13554,2025-09-16,android,tiktok,28.8,IE
u_13555,2025-09-16,ios,facebook,52.39,NL
u_13556,2025-09-16,android,facebook,17.42,NL
u_13557,2025-09-16,android,tiktok,64.78,ES
u_13558,2025-09-16,android,facebook,26.64,ES
u_13559,2025-09-16,android,google_ads,48.15,DE
u_13560,2025-09-16,android,tiktok,26.74,SE
u_13561,2025-09-16,android,google_ads,16.58,DE
u_13562,2025-09-16,ios,instagram,41.92,DE
u_13563,2025-09-16,android,tiktok,60.66,SE
u_13564,2025-09-16,android,twitter,16.53,PL
u_13565,2025-09-16,android,tiktok,44.27,FR
u_13566,2025-09-16,android,instagram,6.99,PT
u_12363,2025-09-17,ios,facebook,11.97,NL
u_10307,2025-09-17,android,instagram,40.04,IT
u_10903,2025-09-17,ios,instagram,59.51,ES
u_11631,2025-09-17,android,twitter,40.09,FR
u_13567,2025-09-17,android,instagram,40.73,IT
u_13568,2025-09-17,ios,instagram,53.2,PT
u_13569,2025-09-17,android,tiktok,37.42,DE
u_13570,2025-09-17,android,google_ads,24.82,SE
u_13571,2025-09-17,android,tiktok,36.73,SE
u_13572,2025-09-17,ios,facebook,26.53,FR
u_13573,2025-09-17,android,google_ads,43.67,IE
u_13574,2025-09-17,ios,facebook,63.37,SE
u_13575,2025-09-17,android,google_ads,52.28,PL
u_11337,2025-09-18,android,instagram,40.61,IT
u_12894,2025-09-18,ios,tiktok,37.2,IT
u_12254,2025-09-18,android,instagram,38.78,SE
u_10670,2025-09-18,ios,tiktok,21.75,SE
u_12590,2025-09-18,android,facebook,67.27,PT
u_11252,2025-09-18,ios,google_ads,29.4,SE
u_13576,2025-09-18,ios,twitter,35.39,BE
u_13577,2025-09-18,ios,google_ads,56.63,DE
u_13578,2025-09-18,ios,instagram,25.77,DE
u_13579,2025-09-18,ios,google_ads,36.68,SE
u_13580,2025-09-18,ios,tiktok,32.73,PL
u_13581,2025-09-18,android,google_ads,52.59,DE
u_13582,2025-09-18,android,google_ads,64.12,IT
u_13583,2025-09-18,android,instagram,28.2,NL
u_13584,2025-09-18,android,tiktok,6.99,IE
u_13585,2025-09-18,android,google_ads,68.44,PL
u_13586,2025-09-18,ios,instagram,44.71,IE
u_13587,2025-09-18,android,tiktok,82.61,IT
u_13588,2025-09-18,android,twitter,51.26,BE
u_11106,2025-09-19,ios,facebook,73.42,DE
u_12454,2025-09-19,ios,google_ads,69.99,IT
u_10141,2025-09-19,android,google_ads,27.97,BE
u_13407,2025-09-19,android,twitter,31.48,ES
u_13580,2025-09-19,ios,tiktok,30.53,PL
u_11283,2025-09-19,android,instagram,18.05,FR
u_12432,2025-09-19,android,google_ads,7.26,ES
u_11202,2025-09-19,android,google_ads,49.72,SE
u_11992,2025-09-19,android,facebook,48.74,FR
u_12350,2025-09-19,android,instagram,29.42,SE
u_13589,2025-09-19,ios,instagram,29.6,IT
u_13590,2025-09-19,ios,facebook,38.09,DE
u_13591,2025-09-19,android,tiktok,34.44,DE
u_13592,2025-09-19,ios,instagram,6.99,FR
u_13593,2025-09-19,android,tiktok,20.28,IE
u_13594,2025-09-19,android,tiktok,20.64,NL
u_13595,2025-09-19,android,facebook,32.94,FR
u_13596,2025-09-19,ios,twitter,56.42,NL
u_13597,2025-09-19,android,google_ads,10.01,IE
u_13598,2025-09-19,ios,google_ads,34.47,PT
u_13599,2025-09-19,ios,tiktok,53.37,ES
u_13600,2025-09-19,ios,google_ads,21.41,FR
u_13601,2025-09-19,ios,facebook,34.29,DE
u_13602,2025-09-19,ios,facebook,10.03,PT
u_13603,2025-09-19,android,google_ads,31.85,ES
u_13604,2025-09-19,ios,instagram,14.34,BE
u_13605,2025-09-19,android,instagram,36.31,SE
u_13606,2025-09-19,ios,tiktok,24.14,IE
u_13607,2025-09-19,ios,instagram,39.27,IT
u_13608,2025-09-19,android,instagram,61.95,PT
u_13609,2025-09-19,android,google_ads,23.46,ES
u_11295,2025-09-20,ios,facebook,21.14,FR
u_12587,2025-09-20,ios,tiktok,26.95,PL
u_12618,2025-09-20,android,facebook,47.16,ES
u_11895,2025-09-20,ios,google_ads,36.81,NL
u_12355,2025-09-20,android,tiktok,35.02,PT
u_11709,2025-09-20,android,google_ads,7.79,ES
u_13529,2025-09-20,android,facebook,54.48,ES
u_10526,2025-09-20,ios,facebook,61.52,PL
u_12363,2025-09-20,ios,facebook,24.65,NL
u_13610,2025-09-20,ios,instagram,42.83,IT
u_13611,2025-09-20,android,twitter,47.7,FR
u_13612,2025-09-20,ios,tiktok,36.75,ES
u_13613,2025-09-20,android,twitter,45.32,NL
u_13614,2025-09-20,ios,google_ads,63.2,FR
u_13615,2025-09-20,android,facebook,37.96,DE
u_13616,2025-09-20,android,tiktok,22.55,DE
u_13617,2025-09-20,android,twitter,53.06,SE
u_13618,2025-09-20,ios,google_ads,19.96,ES
u_13619,2025-09-20,ios,tiktok,36.95,ES
u_13620,2025-09-20,ios,facebook,26.87,ES
u_13621,2025-09-20,ios,instagram,22.66,PT
u_13622,2025-09-20,ios,facebook,43.4,PT
u_13623,2025-09-20,ios,google_ads,34.5,DE
u_13624,2025-09-20,android,google_ads,12.36,DE
u_13625,2025-09-20,android,facebook,11.09,IE
u_13626,2025-09-20,ios,tiktok,43.78,NL
u_13627,2025-09-20,android,tiktok,74.29,BE
u_13628,2025-09-20,android,tiktok,20.14,ES
u_13252,2025-09-21,ios,tiktok,39.06,PT
u_11049,2025-09-21,ios,twitter,66.64,SE
u_11227,2025-09-21,android,google_ads,11.87,BE
u_11172,2025-09-21,android,instagram,68.12,PT
u_12131,2025-09-21,android,instagram,77.15,SE
u_11396,2025-09-21,android,twitter,20.0,NL
u_11103,2025-09-21,android,google_ads,97.4,NL
u_10947,2025-09-21,android,tiktok,42.08,IE
u_13629,2025-09-21,ios,google_ads,24.93,IT
u_13630,2025-09-21,ios,facebook,25.86,SE
u_13631,2025-09-21,android,instagram,29.1,PL
u_13632,2025-09-21,ios,google_ads,22.6,DE
u_13633,2025-09-21,android,instagram,49.27,SE
u_13634,2025-09-21,ios,instagram,43.66,DE
u_13635,2025-09-21,ios,tiktok,59.91,FR
u_13636,2025-09-21,android,google_ads,15.04,IT
u_13637,2025-09-21,ios,facebook,52.28,FR
u_13638,2025-09-21,android,tiktok,71.06,DE
u_13639,2025-09-21,android,facebook,63.31,DE
u_13640,2025-09-21,ios,twitter,50.58,ES
u_13641,2025-09-21,ios,facebook,59.32,SE
u_13642,2025-09-21,android,google_ads,79.64,FR
u_13643,2025-09-21,ios,google_ads,35.29,ES
u_13644,2025-09-21,android,google_ads,78.87,FR
u_13324,2025-09-22,android,facebook,49.99,NL
u_13122,2025-09-22,android,google_ads,39.12,FR
u_12520,2025-09-22,android,instagram,17.18,DE
u_10748,2025-09-22,android,instagram,40.12,DE
u_13645,2025-09-22,android,twitter,32.5,PT
u_13646,2025-09-22,android,google_ads,23.33,DE
u_13647,2025-09-22,android,tiktok,47.22,PT
u_13648,2025-09-22,android,instagram,48.04,IT
u_13649,2025-09-22,ios,facebook,40.18,DE
u_13650,2025-09-22,android,facebook,58.61,BE
u_13651,2025-09-22,android,google_ads,9.56,IE
u_13652,2025-09-22,android,tiktok,32.32,ES
u_13653,2025-09-22,ios,tiktok,37.48,IE
u_12747,2025-09-23,android,instagram,30.41,FR
u_11693,2025-09-23,ios,twitter,55.29,FR
u_11342,2025-09-23,android,tiktok,30.06,SE
u_13010,2025-09-23,android,tiktok,22.32,ES
u_12126,2025-09-23,android,google_ads,88.62,BE
u_12683,2025-09-23,android,google_ads,40.7,ES
u_10493,2025-09-23,ios,google_ads,39.53,DE
u_10344,2025-09-23,ios,instagram,93.5,PL
u_13654,2025-09-23,ios,facebook,16.31,IT
u_13655,2025-09-23,android,google_ads,25.87,NL
u_13656,2025-09-23,android,tiktok,20.33,IT
u_13657,2025-09-23,ios,facebook,46.67,DE
u_13658,2025-09-23,ios,tiktok,39.53,PL
u_13659,2025-09-23,ios,google_ads,53.3,BE
u_13660,2025-09-23,ios,instagram,37.87,ES
u_13661,2025-09-23,android,facebook,7.28,DE
u_13662,2025-09-23,android,google_ads,40.16,ES
u_13663,2025-09-23,ios,google_ads,68.73,FR
u_13664,2025-09-23,ios,google_ads,37.32,ES
u_13665,2025-09-23,android,tiktok,44.02,ES
u_13666,2025-09-23,android,google_ads,64.08,PL
u_13667,2025-09-23,android,facebook,35.62,SE
u_13668,2025-09-23,ios,tiktok,21.34,DE
u_13669,2025-09-23,android,tiktok,43.58,SE
u_13670,2025-09-23,ios,facebook,6.99,PT
u_13671,2025-09-23,ios,google_ads,33.49,NL
u_13052,2025-09-24,ios,facebook,32.31,ES
u_12354,2025-09-24,android,google_ads,26.79,SE
u_10371,2025-09-24,android,google_ads,72.41,ES
u_12672,2025-09-24,android,facebook,31.12,IT
u_11147,2025-09-24,ios,instagram,26.85,IE
u_10236,2025-09-24,android,instagram,59.14,DE
u_10462,2025-09-24,ios,instagram,69.18,IT
u_10584,2025-09-24,ios,instagram,79.14,IT
u_13672,2025-09-24,android,google_ads,38.08,DE
u_13673,2025-09-24,ios,tiktok,68.96,FR
u_13674,2025-09-24,android,tiktok,52.15,NL
u_13675,2025-09-24,android,instagram,95.43,PL
u_13676,2025-09-24,android,google_ads,38.84,PT
u_13677,2025-09-24,android,tiktok,73.19,DE
u_13678,2025-09-24,android,instagram,31.67,IE
u_13679,2025-09-24,ios,facebook,53.26,ES
u_13680,2025-09-24,android,instagram,34.51,IE
u_13681,2025-09-24,android,instagram,48.98,SE
u_13682,2025-09-24,android,google_ads,62.32,IT
u_13683,2025-09-24,android,tiktok,25.75,BE
u_13684,2025-09-24,ios,instagram,62.82,DE
u_13685,2025-09-24,ios,google_ads,63.69,PL
u_13686,2025-09-24,android,google_ads,34.87,ES
u_13687,2025-09-24,android,google_ads,24.64,DE
u_13688,2025-09-24,android,facebook,48.0,ES
u_11384,2025-09-25,ios,facebook,19.26,ES
u_11415,2025-09-25,ios,tiktok,43.31,FR
u_10039,2025-09-25,android,tiktok,27.56,NL
u_12046,2025-09-25,ios,instagram,9.31,IT
u_11152,2025-09-25,android,google_ads,16.64,DE
u_11419,2025-09-25,android,facebook,85.29,PL
u_11093,2025-09-25,ios,facebook,32.12,FR
u_13689,2025-09-25,ios,twitter,76.96,DE
u_13690,2025-09-25,android,tiktok,28.43,FR
u_13691,2025-09-25,android,google_ads,29.27,DE
u_13692,2025-09-25,ios,tiktok,36.48,SE
u_13693,2025-09-25,android,instagram,33.68,IE
u_13694,2025-09-25,android,facebook,6.99,FR
u_13695,2025-09-25,android,google_ads,65.07,IE
u_13696,2025-09-25,ios,instagram,26.13,IT
u_13697,2025-09-25,android,tiktok,35.3,PL
u_13698,2025-09-25,ios,google_ads,43.7,FR
u_13699,2025-09-25,android,google_ads,33.57,ES
u_13700,2025-09-25,ios,twitter,68.53,IT
u_13701,2025-09-25,android,facebook,59.9,NL
u_13702,2025-09-25,ios,twitter,45.58,IT
u_12972,2025-09-26,ios,facebook,75.61,PL
u_13409,2025-09-26,ios,google_ads,57.89,ES
u_13535,2025-09-26,ios,tiktok,31.51,IT
u_10956,2025-09-26,android,google_ads,29.04,ES
u_12601,2025-09-26,ios,facebook,14.62,IE
u_13680,2025-09-26,android,instagram,46.68,IE
u_13412,2025-09-26,android,tiktok,13.86,NL
u_11255,2025-09-26,android,twitter,22.85,ES
u_10225,2025-09-26,ios,tiktok,27.29,FR
u_13703,2025-09-26,android,tiktok,34.32,SE
u_13704,2025-09-26,android,google_ads,48.48,NL
u_13705,2025-09-26,ios,instagram,24.55,SE
u_13706,2025-09-26,android,facebook,64.8,IT
u_13707,2025-09-26,ios,tiktok,45.84,NL
u_13708,2025-09-26,android,facebook,54.04,IT
u_13709,2025-09-26,ios,google_ads,70.92,NL
u_13710,2025-09-26,ios,instagram,56.06,IE
u_13711,2025-09-26,ios,facebook,28.44,IE
u_13712,2025-09-26,ios,facebook,25.01,IT
u_13713,2025-09-26,android,google_ads,26.62,DE
u_13714,2025-09-26,android,instagram,26.9,IT
u_13715,2025-09-26,ios,instagram,22.23,FR
u_13716,2025-09-26,android,google_ads,63.51,BE
u_13717,2025-09-26,ios,google_ads,36.44,NL
u_13718,2025-09-26,ios,twitter,54.67,PT
u_13719,2025-09-26,ios,google_ads,56.27,PT
u_13720,2025-09-26,android,tiktok,36.02,SE
u_13721,2025-09-26,ios,facebook,42.82,DE
u_12087,2025-09-27,android,tiktok,9.56,ES
u_12629,2025-09-27,ios,instagram,41.28,ES
u_10553,2025-09-27,android,twitter,29.68,PL
u_13722,2025-09-27,ios,twitter,35.57,FR
u_13723,2025-09-27,ios,facebook,53.08,NL
u_13724,2025-09-27,ios,facebook,57.65,DE
u_13725,2025-09-27,android,twitter,51.0,IT
u_13726,2025-09-27,ios,instagram,35.45,PT
u_13727,2025-09-27,ios,instagram,37.47,NL
u_13728,2025-09-27,ios,instagram,61.8,FR
u_13640,2025-09-28,ios,twitter,92.33,ES
u_11483,2025-09-28,ios,tiktok,11.88,IT
u_12559,2025-09-28,ios,instagram,53.67,IT
u_13120,2025-09-28,ios,twitter,54.91,FR
u_12622,2025-09-28,android,twitter,53.34,IT
u_10468,2025-09-28,android,tiktok,16.12,DE
u_12999,2025-09-28,android,instagram,72.7,PL
u_13693,2025-09-28,android,instagram,41.05,IE
u_13729,2025-09-28,android,facebook,40.19,DE
u_13730,2025-09-28,android,facebook,56.12,PL
u_13731,2025-09-28,android,google_ads,75.06,FR
u_13732,2025-09-28,ios,facebook,80.4,IT
u_13733,2025-09-28,ios,twitter,20.35,ES
u_13734,2025-09-28,ios,facebook,10.95,DE
u_13735,2025-09-28,android,google_ads,73.77,FR
u_13736,2025-09-28,android,facebook,70.3,SE
u_13737,2025-09-28,android,facebook,15.82,DE
u_13738,2025-09-28,ios,facebook,57.84,PL
u_13739,2025-09-28,ios,instagram,76.6,FR
u_13740,2025-09-28,ios,google_ads,68.07,DE
u_13741,2025-09-28,ios,instagram,53.65,NL
u_13742,2025-09-28,ios,tiktok,38.42,FR
u_13743,2025-09-28,ios,google_ads,39.66,ES
u_13744,2025-09-28,ios,twitter,51.07,PT
u_11978,2025-09-29,ios,instagram,34.04,SE
u_11464,2025-09-29,android,instagram,45.92,PL
u_13266,2025-09-29,android,tiktok,48.05,ES
u_10550,2025-09-29,ios,facebook,43.38,IT
u_10777,2025-09-29,ios,google_ads,7.56,IT
u_13745,2025-09-29,android,facebook,42.92,IT
u_13746,2025-09-29,android,google_ads,72.01,SE
u_13747,2025-09-29,android,facebook,48.98,DE
u_13748,2025-09-29,android,facebook,41.0,BE
u_13749,2025-09-29,android,google_ads,30.64,PT
u_13750,2025-09-29,android,facebook,40.4,DE
u_13751,2025-09-29,ios,twitter,61.2,DE
u_13752,2025-09-29,android,google_ads,49.28,ES
u_13753,2025-09-29,android,facebook,60.86,ES
u_13754,2025-09-29,ios,instagram,50.05,DE
u_10086,2025-09-30,android,tiktok,31.92,FR
u_13223,2025-09-30,ios,instagram,72.64,IE
u_11603,2025-09-30,ios,instagram,78.22,SE
u_10187,2025-09-30,ios,google_ads,59.27,IT
u_11445,2025-09-30,ios,tiktok,47.28,ES
u_13714,2025-09-30,android,instagram,15.32,IT
u_11224,2025-09-30,android,google_ads,84.8,IT
u_13755,2025-09-30,android,twitter,29.0,DE
u_13756,2025-09-30,android,tiktok,86.11,ES
u_13757,2025-09-30,android,instagram,37.92,IT
u_13758,2025-09-30,ios,tiktok,33.16,DE
u_13759,2025-09-30,ios,tiktok,69.27,NL
u_13760,2025-09-30,android,google_ads,37.18,FR
u_13761,2025-09-30,ios,google_ads,54.41,PL
u_13762,2025-09-30,android,tiktok,87.59,DE
u_13763,2025-09-30,ios,google_ads,47.17,IT
u_13764,2025-09-30,ios,google_ads,25.05,IT
u_13765,2025-09-30,android,tiktok,38.77,PL
u_13766,2025-09-30,android,tiktok,37.04,DE
u_13767,2025-09-30,android,google_ads,63.42,NL
u_13768,2025-09-30,android,twitter,37.22,PL
u_13769,2025-09-30,ios,facebook,52.11,FR
u_11669,2025-10-01,android,google_ads,43.26,PL
u_11799,2025-10-01,android,facebook,80.14,DE
u_12457,2025-10-01,ios,twitter,41.65,SE
u_12516,2025-10-01,android,instagram,63.04,BE
u_12719,2025-10-01,ios,instagram,36.76,ES
u_10938,2025-10-01,ios,facebook,67.65,DE
u_13025,2025-10-01,android,instagram,46.6,ES
u_11146,2025-10-01,android,twitter,40.33,FR
u_13770,2025-10-01,ios,tiktok,6.99,ES
u_13771,2025-10-01,ios,tiktok,51.43,FR
u_13772,2025-10-01,android,facebook,53.75,ES
u_13773,2025-10-01,ios,facebook,46.52,DE
u_13774,2025-10-01,ios,tiktok,65.39,PL
u_13775,2025-10-01,android,tiktok,40.44,ES
u_13776,2025-10-01,android,twitter,29.63,PT
u_13777,2025-10-01,android,facebook,75.42,FR
u_13778,2025-10-01,ios,facebook,67.54,NL
u_13779,2025-10-01,ios,tiktok,49.17,SE
u_13780,2025-10-01,ios,facebook,74.26,FR
u_13781,2025-10-01,android,google_ads,48.38,IT
u_13782,2025-10-01,ios,instagram,38.36,IE
u_13783,2025-10-01,ios,twitter,16.35,FR
u_13784,2025-10-01,android,google_ads,47.71,PT
u_13785,2025-10-01,ios,google_ads,33.61,IT
u_13786,2025-10-01,android,google_ads,16.99,NL
u_12153,2025-10-02,android,facebook,37.73,ES
u_13362,2025-10-02,ios,tiktok,82.1,BE
u_13353,2025-10-02,android,twitter,28.47,PT
u_13787,2025-10-02,android,instagram,70.06,FR
u_13788,2025-10-02,android,tiktok,53.73,ES
u_13789,2025-10-02,android,tiktok,57.07,NL
u_13790,2025-10-02,android,instagram,44.81,PT
u_13791,2025-10-02,ios,facebook,36.38,NL
u_13792,2025-10-02,android,tiktok,57.11,ES
u_13793,2025-10-02,ios,twitter,26.33,FR
u_11984,2025-10-03,ios,tiktok,24.43,PT
u_12285,2025-10-03,android,instagram,64.63,DE
u_11348,2025-10-03,ios,tiktok,56.6,FR
u_12183,2025-10-03,android,facebook,35.59,PT
u_13224,2025-10-03,ios,google_ads,41.52,ES
u_10323,2025-10-03,ios,facebook,25.87,DE
u_10042,2025-10-03,ios,tiktok,10.72,NL
u_13794,2025-10-03,android,twitter,28.77,DE
u_13795,2025-10-03,android,facebook,16.79,NL
u_13796,2025-10-03,android,tiktok,22.26,IT
u_13797,2025-10-03,android,tiktok,17.31,DE
u_13798,2025-10-03,ios,facebook,50.44,IT
u_13799,2025-10-03,ios,instagram,17.44,DE
u_13800,2025-10-03,android,google_ads,20.52,IT
u_13801,2025-10-03,android,instagram,64.23,SE
u_13802,2025-10-03,android,google_ads,45.2,PL
u_13803,2025-10-03,android,facebook,41.39,IT
u_13804,2025-10-03,ios,tiktok,46.01,ES
u_13805,2025-10-03,ios,tiktok,68.34,ES
u_13806,2025-10-03,ios,google_ads,67.31,PL
u_13807,2025-10-03,ios,tiktok,56.57,ES
u_13808,2025-10-03,ios,twitter,58.45,IE
u_10729,2025-10-04,ios,facebook,58.84,SE
u_10243,2025-10-04,ios,google_ads,37.16,IE
u_10299,2025-10-04,ios,google_ads,46.95,PT
u_10509,2025-10-04,ios,instagram,32.02,ES
u_13346,2025-10-04,android,tiktok,41.38,ES
u_13353,2025-10-04,android,twitter,25.84,PT
u_13128,2025-10-04,android,instagram,29.46,PL
u_10385,2025-10-04,android,instagram,27.54,DE
u_13809,2025-10-04,android,google_ads,30.78,FR
u_13810,2025-10-04,android,google_ads,58.32,FR
u_13811,2025-10-04,android,facebook,67.32,PT
u_13812,2025-10-04,android,twitter,45.52,NL
u_13813,2025-10-04,android,twitter,47.14,IT
u_13814,2025-10-04,android,facebook,11.02,DE
u_13815,2025-10-04,android,facebook,54.16,DE
u_13816,2025-10-04,android,instagram,12.6,FR
u_13817,2025-10-04,ios,facebook,52.03,DE
u_13818,2025-10-04,ios,tiktok,45.04,NL
u_13819,2025-10-04,android,instagram,52.07,SE
u_13820,2025-10-04,android,twitter,50.99,IE
u_13821,2025-10-04,ios,tiktok,51.32,DE
u_13822,2025-10-04,ios,tiktok,27.39,ES
u_13823,2025-10-04,ios,instagram,35.47,IE
u_13824,2025-10-04,ios,tiktok,46.84,ES
u_12108,2025-10-05,ios,facebook,59.66,ES
u_12678,2025-10-05,ios,instagram,35.56,FR
u_13334,2025-10-05,android,facebook,32.39,BE
u_10250,2025-10-05,ios,instagram,43.42,ES
u_10364,2025-10-05,ios,instagram,50.72,NL
u_13825,2025-10-05,android,tiktok,55.88,NL
u_13826,2025-10-05,android,google_ads,26.63,SE
u_13827,2025-10-05,ios,facebook,30.4,NL
u_13828,2025-10-05,ios,google_ads,31.27,SE
u_13829,2025-10-05,ios,google_ads,23.58,NL
u_13830,2025-10-05,android,twitter,42.36,IE
u_13831,2025-10-05,ios,google_ads,11.91,IE
u_13832,2025-10-05,ios,tiktok,24.45,ES
u_13833,2025-10-05,ios,facebook,70.89,ES
u_13834,2025-10-05,ios,facebook,10.12,IT
u_13835,2025-10-05,android,instagram,44.93,DE
u_12162,2025-10-06,android,google_ads,46.99,IT
u_10509,2025-10-06,ios,instagram,38.38,ES
u_12837,2025-10-06,android,tiktok,42.36,ES
u_11761,2025-10-06,android,instagram,37.8,IE
u_11340,2025-10-06,android,facebook,83.77,ES
u_10697,2025-10-06,android,google_ads,4.99,FR
u_11262,2025-10-06,ios,facebook,29.76,DE
u_13836,2025-10-06,ios,instagram,63.27,SE
u_13837,2025-10-06,ios,tiktok,46.18,SE
u_13838,2025-10-06,android,instagram,69.22,ES
u_13839,2025-10-06,android,instagram,14.65,ES
u_13840,2025-10-06,ios,tiktok,57.94,IE
u_13841,2025-10-06,android,instagram,43.71,ES
u_13842,2025-10-06,android,google_ads,45.48,NL
u_13843,2025-10-06,android,facebook,47.62,PT
u_13844,2025-10-06,android,facebook,52.67,IT
u_13845,2025-10-06,android,tiktok,31.4,IE
u_13846,2025-10-06,ios,twitter,33.58,BE
u_13847,2025-10-06,ios,tiktok,67.11,PL
u_13848,2025-10-06,android,facebook,32.33,PL
u_13849,2025-10-06,android,facebook,63.17,PT
u_13850,2025-10-06,android,facebook,47.91,DE
u_10702,2025-10-07,ios,google_ads,62.71,IE
u_12815,2025-10-07,android,instagram,64.78,DE
u_13436,2025-10-07,android,tiktok,21.47,PL
u_13123,2025-10-07,android,google_ads,14.22,PT
u_11561,2025-10-07,ios,facebook,22.12,FR
u_11953,2025-10-07,android,instagram,35.76,FR
u_10256,2025-10-07,android,google_ads,15.75,FR
u_12436,2025-10-07,android,tiktok,32.45,PL
u_11581,2025-10-07,android,facebook,24.31,DE
u_13851,2025-10-07,android,tiktok,46.06,PT
u_13852,2025-10-07,ios,google_ads,20.73,FR
u_13853,2025-10-07,ios,google_ads,31.47,FR
u_13854,2025-10-07,android,google_ads,34.28,DE
u_13855,2025-10-07,android,tiktok,29.33,ES
u_13856,2025-10-07,android,facebook,42.03,PL
u_13857,2025-10-07,android,facebook,76.33,IE
u_13858,2025-10-07,android,tiktok,36.9,FR
u_13859,2025-10-07,android,google_ads,30.38,BE
u_13860,2025-10-07,android,tiktok,70.02,DE
u_13861,2025-10-07,android,instagram,53.13,DE
u_13862,2025-10-07,ios,google_ads,53.68,PL
u_13863,2025-10-07,android,instagram,6.99,SE
u_13864,2025-10-07,android,facebook,36.33,ES
u_13865,2025-10-07,ios,google_ads,24.71,PT
u_13866,2025-10-07,ios,google_ads,55.83,ES
u_13867,2025-10-07,ios,tiktok,20.06,IT
u_13868,2025-10-07,ios,tiktok,35.02,DE
u_13869,2025-10-07,ios,google_ads,23.15,PL
u_13714,2025-10-08,android,instagram,31.05,IT
u_12414,2025-10-08,ios,facebook,7.35,ES
u_12994,2025-10-08,android,tiktok,50.56,FR
u_12157,2025-10-08,ios,facebook,37.54,PL
u_13718,2025-10-08,ios,twitter,66.43,PT
u_11262,2025-10-08,ios,facebook,25.04,DE
u_13870,2025-10-08,ios,instagram,42.91,PT
u_13871,2025-10-08,android,google_ads,53.34,NL
u_13872,2025-10-08,android,google_ads,52.36,PT
u_13873,2025-10-08,ios,tiktok,21.96,PL
u_13874,2025-10-08,ios,tiktok,49.42,IT
u_13875,2025-10-08,android,google_ads,42.43,FR
u_13876,2025-10-08,ios,twitter,31.53,ES
u_13877,2025-10-08,android,google_ads,62.43,IT
u_13878,2025-10-08,android,instagram,28.7,PL
u_13879,2025-10-08,ios,instagram,31.8,BE
u_13880,2025-10-08,android,google_ads,23.63,DE
u_13881,2025-10-08,ios,tiktok,50.09,FR
u_13882,2025-10-08,ios,google_ads,38.8,SE
u_13765,2025-10-09,android,tiktok,25.57,PL
u_11044,2025-10-09,ios,facebook,53.92,IT
u_12669,2025-10-09,android,google_ads,26.92,SE
u_11300,2025-10-09,ios,tiktok,24.38,PL
u_12003,2025-10-09,android,google_ads,40.9,IT
u_10032,2025-10-09,android,google_ads,61.98,BE
u_12762,2025-10-09,ios,google_ads,26.73,FR
u_12969,2025-10-09,ios,google_ads,23.52,PT
u_13883,2025-10-09,android,tiktok,47.41,BE
u_13884,2025-10-09,ios,tiktok,61.74,NL
u_13885,2025-10-09,ios,tiktok,42.55,SE
u_13886,2025-10-09,ios,tiktok,35.11,PL
u_13887,2025-10-09,ios,google_ads,29.62,NL
u_13888,2025-10-09,android,tiktok,37.88,PT
u_13889,2025-10-09,ios,instagram,29.71,BE
u_13890,2025-10-09,ios,google_ads,56.49,DE
u_13891,2025-10-09,android,instagram,25.09,ES
u_13892,2025-10-09,android,google_ads,50.79,NL
u_13893,2025-10-09,android,google_ads,45.22,IT
u_13894,2025-10-09,android,google_ads,30.86,IT
u_13895,2025-10-09,android,instagram,43.89,PT
u_13896,2025-10-09,android,google_ads,59.57,PL
u_13897,2025-10-09,ios,instagram,32.78,IT
u_13898,2025-10-09,android,facebook,40.31,IT
u_13899,2025-10-09,ios,tiktok,61.77,DE
u_13900,2025-10-09,android,tiktok,45.09,IT
u_11808,2025-10-10,android,facebook,11.17,PT
u_11377,2025-10-10,android,instagram,82.61,BE
u_10421,2025-10-10,android,tiktok,11.91,DE
u_12042,2025-10-10,ios,twitter,26.95,FR
u_10366,2025-10-10,ios,google_ads,72.6,DE
u_12807,2025-10-10,android,instagram,61.79,PL
u_13901,2025-10-10,android,google_ads,41.32,IE
u_13902,2025-10-10,android,google_ads,30.97,ES
u_13903,2025-10-10,ios,instagram,87.84,SE
u_13904,2025-10-10,ios,google_ads,39.84,NL
u_13905,2025-10-10,android,tiktok,31.94,ES
u_13906,2025-10-10,ios,google_ads,35.05,IE
u_13907,2025-10-10,ios,google_ads,6.99,NL
u_13908,2025-10-10,android,instagram,31.53,FR
u_13909,2025-10-10,android,google_ads,60.71,SE
u_13910,2025-10-10,android,twitter,43.55,PT
u_13911,2025-10-10,android,google_ads,25.35,SE
u_13912,2025-10-10,ios,google_ads,83.77,PL
u_13913,2025-10-10,ios,facebook,69.66,DE
u_13914,2025-10-10,android,tiktok,63.12,DE
u_12477,2025-10-11,ios,google_ads,22.7,PT
u_12779,2025-10-11,android,instagram,40.13,ES
u_10858,2025-10-11,android,instagram,4.99,PL
u_10177,2025-10-11,ios,facebook,42.95,ES
u_13915,2025-10-11,android,facebook,61.97,PT
u_13916,2025-10-11,ios,google_ads,59.25,SE
u_13917,2025-10-11,android,google_ads,53.93,FR
u_13918,2025-10-11,ios,facebook,47.21,ES
u_13919,2025-10-11,android,google_ads,33.05,PL
u_13920,2025-10-11,android,tiktok,35.24,DE
u_13921,2025-10-11,android,tiktok,15.36,FR
u_13922,2025-10-11,android,twitter,51.67,ES
u_13923,2025-10-11,android,google_ads,41.46,PL
u_13924,2025-10-11,ios,instagram,50.55,PL
u_10836,2025-10-12,ios,twitter,72.98,DE
u_10531,2025-10-12,ios,facebook,47.74,IE
u_10976,2025-10-12,ios,instagram,58.56,ES
u_12496,2025-10-12,ios,tiktok,7.2,BE
u_11343,2025-10-12,android,tiktok,27.25,DE
u_11935,2025-10-12,ios,google_ads,19.73,ES
u_13509,2025-10-12,android,instagram,11.54,SE
u_13925,2025-10-12,android,google_ads,50.34,PL
u_13926,2025-10-12,android,facebook,28.02,DE
u_13927,2025-10-12,ios,tiktok,22.31,ES
u_13928,2025-10-12,android,google_ads,71.49,BE
u_13929,2025-10-12,ios,facebook,22.69,IE
u_13930,2025-10-12,ios,tiktok,8.9,DE
u_13931,2025-10-12,android,google_ads,37.4,DE
u_13932,2025-10-12,android,twitter,64.2,NL
u_13933,2025-10-12,android,tiktok,38.47,IT
u_13934,2025-10-12,android,google_ads,25.33,IT
u_13935,2025-10-12,ios,twitter,18.97,DE
u_13936,2025-10-12,ios,facebook,6.99,DE
u_13937,2025-10-12,android,tiktok,43.09,FR
u_13938,2025-10-12,ios,instagram,56.44,BE
u_13939,2025-10-12,android,tiktok,69.41,SE
u_13940,2025-10-12,android,google_ads,28.82,PL
u_12699,2025-10-13,ios,google_ads,39.12,IE
u_10469,2025-10-13,ios,facebook,21.53,ES
u_11870,2025-10-13,android,google_ads,67.86,IT
u_10263,2025-10-13,android,google_ads,20.68,FR
u_12850,2025-10-13,ios,google_ads,12.97,FR
u_12384,2025-10-13,ios,facebook,60.16,DE
u_13941,2025-10-13,android,google_ads,70.67,PL
u_13942,2025-10-13,ios,facebook,37.29,DE
u_13943,2025-10-13,android,facebook,54.27,SE
u_13944,2025-10-13,ios,facebook,30.26,BE
u_13945,2025-10-13,android,instagram,36.12,FR
u_13946,2025-10-13,android,google_ads,73.17,IT
u_13947,2025-10-13,android,google_ads,50.28,SE
u_13948,2025-10-13,android,facebook,64.49,FR
u_13949,2025-10-13,android,tiktok,90.21,DE
u_13950,2025-10-13,ios,facebook,22.43,IT
u_13951,2025-10-13,ios,instagram,65.67,DE
u_13952,2025-10-13,ios,instagram,32.43,DE
u_11733,2025-10-14,ios,twitter,63.75,ES
u_10335,2025-10-14,android,tiktok,70.23,SE
u_10149,2025-10-14,android,facebook,34.5,IE
u_10556,2025-10-14,ios,tiktok,44.01,ES
u_11758,2025-10-14,android,facebook,46.65,FR
u_11880,2025-10-14,android,instagram,7.14,PT
u_10434,2025-10-14,ios,facebook,51.87,BE
u_11387,2025-10-14,android,tiktok,56.58,FR
u_12219,2025-10-14,android,instagram,19.19,PL
u_11350,2025-10-14,android,facebook,54.12,DE
u_13953,2025-10-14,android,tiktok,31.15,DE
u_13954,2025-10-14,ios,tiktok,10.01,SE
u_13955,2025-10-14,android,tiktok,53.47,DE
u_13956,2025-10-14,ios,google_ads,61.06,IT
u_13957,2025-10-14,android,tiktok,30.99,BE
u_13958,2025-10-14,ios,google_ads,65.05,ES
u_13959,2025-10-14,ios,google_ads,40.32,NL
u_13960,2025-10-14,ios,instagram,59.28,PT
u_13961,2025-10-14,android,google_ads,35.91,SE
u_13962,2025-10-14,android,twitter,40.82,ES
u_13963,2025-10-14,android,twitter,57.9,SE
u_13964,2025-10-14,android,facebook,28.83,ES
u_13965,2025-10-14,ios,google_ads,75.26,BE
u_13966,2025-10-14,android,google_ads,23.39,SE
u_13967,2025-10-14,ios,facebook,61.26,IE
u_13968,2025-10-14,android,tiktok,38.77,FR
u_13969,2025-10-14,android,tiktok,6.99,FR
u_13970,2025-10-14,android,google_ads,34.74,NL
u_13971,2025-10-14,android,twitter,54.47,IT
u_13972,2025-10-14,ios,google_ads,55.53,PT
u_13973,2025-10-14,android,facebook,77.27,NL
u_13974,2025-10-14,android,instagram,40.65,DE
u_13972,2025-10-15,ios,google_ads,67.81,PT
u_12689,2025-10-15,android,twitter,61.67,PT
u_13739,2025-10-15,ios,instagram,85.75,FR
u_10167,2025-10-15,ios,instagram,35.44,PL
u_13975,2025-10-15,ios,twitter,36.58,NL
u_13976,2025-10-15,android,facebook,41.74,SE
u_13977,2025-10-15,ios,facebook,19.84,PL
u_13978,2025-10-15,ios,google_ads,41.11,DE
u_13979,2025-10-15,ios,tiktok,21.96,IT
u_13980,2025-10-15,android,instagram,39.49,FR
u_13981,2025-10-15,android,tiktok,42.9,DE
u_13982,2025-10-15,ios,google_ads,43.62,SE
u_13983,2025-10-15,android,tiktok,35.81,DE
u_13984,2025-10-15,ios,instagram,59.15,ES
u_10150,2025-10-16,android,instagram,78.1,IT
u_12317,2025-10-16,ios,google_ads,9.74,IT
u_11841,2025-10-16,ios,instagram,29.06,FR
u_10403,2025-10-16,ios,tiktok,15.58,DE
u_13227,2025-10-16,android,tiktok,34.09,DE
u_13092,2025-10-16,android,google_ads,36.62,BE
u_12689,2025-10-16,android,twitter,44.49,PT
u_13985,2025-10-16,android,google_ads,26.29,DE
u_13986,2025-10-16,ios,google_ads,77.95,PL
u_13987,2025-10-16,android,instagram,12.08,PL
u_13988,2025-10-16,android,tiktok,18.95,PT
u_13989,2025-10-16,android,google_ads,44.59,FR
u_13990,2025-10-16,android,instagram,65.3,NL
u_13991,2025-10-16,android,instagram,71.82,SE
u_13992,2025-10-16,ios,facebook,6.99,IT
u_13993,2025-10-16,ios,google_ads,64.31,IE
u_13994,2025-10-16,android,google_ads,37.27,DE
u_13995,2025-10-16,ios,google_ads,64.14,PT
u_13996,2025-10-16,ios,tiktok,76.06,BE
u_13997,2025-10-16,ios,facebook,51.97,SE
u_13998,2025-10-16,ios,instagram,68.49,PL
u_13999,2025-10-16,ios,google_ads,47.91,SE
u_14000,2025-10-16,ios,google_ads,6.99,SE
u_12965,2025-10-17,android,google_ads,52.44,FR
u_12215,2025-10-17,android,google_ads,7.39,DE
u_12766,2025-10-17,ios,instagram,65.3,DE
u_12808,2025-10-17,android,google_ads,44.84,PT
u_10755,2025-10-17,android,twitter,47.34,FR
u_13802,2025-10-17,android,google_ads,54.65,PL
u_10245,2025-10-17,ios,twitter,45.44,BE
u_10422,2025-10-17,ios,twitter,46.45,PT
u_14001,2025-10-17,android,twitter,42.68,FR
u_14002,2025-10-17,android,google_ads,25.23,ES
u_14003,2025-10-17,android,instagram,51.27,PT
u_14004,2025-10-17,android,facebook,50.05,IT
u_14005,2025-10-17,ios,tiktok,22.64,ES
u_14006,2025-10-17,android,google_ads,13.27,DE
u_14007,2025-10-17,ios,tiktok,51.32,PL
u_14008,2025-10-17,android,instagram,42.79,PT
u_14009,2025-10-17,android,twitter,32.12,BE
u_14010,2025-10-17,android,instagram,59.1,ES
u_14011,2025-10-17,android,google_ads,46.85,FR
u_14012,2025-10-17,android,google_ads,55.3,PT
u_14013,2025-10-17,android,instagram,35.81,SE
u_14014,2025-10-17,ios,twitter,46.0,SE
u_14015,2025-10-17,android,twitter,33.3,ES
u_14016,2025-10-17,android,tiktok,58.33,ES
u_12534,2025-10-18,ios,tiktok,33.0,PL
u_10703,2025-10-18,android,google_ads,40.05,DE
u_10491,2025-10-18,ios,instagram,37.83,DE
u_11736,2025-10-18,ios,tiktok,31.25,DE
u_10746,2025-10-18,ios,facebook,34.27,PT
u_14017,2025-10-18,android,facebook,48.06,ES
u_14018,2025-10-18,android,google_ads,13.15,DE
u_14019,2025-10-18,android,tiktok,47.55,DE
u_14020,2025-10-18,android,google_ads,63.36,DE
u_14021,2025-10-18,ios,twitter,42.68,PT
u_14022,2025-10-18,ios,facebook,51.04,PL
u_14023,2025-10-18,ios,instagram,12.99,ES
u_14024,2025-10-18,android,facebook,16.6,FR
u_14025,2025-10-18,android,tiktok,55.97,ES
u_14026,2025-10-18,android,tiktok,65.78,IT
u_14027,2025-10-18,android,google_ads,85.08,NL
u_12605,2025-10-19,android,instagram,37.44,FR
u_11371,2025-10-19,android,google_ads,41.89,PL
u_11251,2025-10-19,android,facebook,36.34,FR
u_12464,2025-10-19,android,google_ads,18.59,PT
u_12338,2025-10-19,android,tiktok,54.67,DE
u_13750,2025-10-19,android,facebook,48.92,DE
u_14028,2025-10-19,android,instagram,62.64,ES
u_14029,2025-10-19,android,google_ads,70.18,SE
u_14030,2025-10-19,android,google_ads,43.56,PL
u_14031,2025-10-19,ios,twitter,49.56,IE
u_14032,2025-10-19,android,instagram,60.39,PL
u_14033,2025-10-19,android,tiktok,9.28,BE
u_14034,2025-10-19,android,facebook,16.99,IT
u_14035,2025-10-19,android,google_ads,77.49,PT
u_14036,2025-10-19,android,google_ads,27.81,ES
u_14037,2025-10-19,ios,facebook,6.99,PL
u_14038,2025-10-19,android,google_ads,25.86,FR
u_14039,2025-10-19,ios,google_ads,19.18,IE
u_14040,2025-10-19,android,google_ads,68.9,DE
u_14041,2025-10-19,android,tiktok,33.73,SE
u_10378,2025-10-20,android,google_ads,31.27,PT
u_12795,2025-10-20,android,twitter,43.98,NL
u_11073,2025-10-20,ios,google_ads,71.59,DE
u_10437,2025-10-20,android,facebook,26.49,ES
u_13641,2025-10-20,ios,facebook,70.09,SE
u_11385,2025-10-20,ios,facebook,34.14,NL
u_10700,2025-10-20,android,google_ads,49.51,PT
u_14042,2025-10-20,android,google_ads,55.95,IT
u_14043,2025-10-20,ios,google_ads,50.49,ES
u_14044,2025-10-20,android,facebook,49.92,PL
u_14045,2025-10-20,android,google_ads,42.64,PT
u_14046,2025-10-20,android,tiktok,28.1,IT
u_14047,2025-10-20,android,facebook,37.83,DE
u_14048,2025-10-20,android,tiktok,44.74,ES
u_14049,2025-10-20,ios,instagram,28.33,SE
u_14050,2025-10-20,ios,google_ads,42.74,ES
u_14051,2025-10-20,android,tiktok,13.18,NL
u_14052,2025-10-20,android,facebook,50.98,DE
u_14053,2025-10-20,ios,facebook,65.93,NL
u_14054,2025-10-20,android,google_ads,41.39,SE
u_14055,2025-10-20,ios,google_ads,51.78,BE
u_12369,2025-10-21,android,facebook,38.62,FR
u_13441,2025-10-21,android,twitter,60.34,SE
u_11722,2025-10-21,ios,google_ads,17.01,DE
u_13173,2025-10-21,android,google_ads,63.39,IE
u_11545,2025-10-21,ios,google_ads,51.66,SE
u_11612,2025-10-21,android,instagram,46.78,FR
u_11505,2025-10-21,android,tiktok,42.24,IE
u_10514,2025-10-21,ios,twitter,76.79,BE
u_13796,2025-10-21,android,tiktok,20.8,IT
u_14056,2025-10-21,ios,facebook,34.18,SE
u_14057,2025-10-21,ios,instagram,39.76,ES
u_14058,2025-10-21,ios,facebook,38.57,DE
u_14059,2025-10-21,ios,facebook,40.43,FR
u_14060,2025-10-21,android,facebook,16.2,SE
u_14061,2025-10-21,ios,instagram,26.16,FR
u_14062,2025-10-21,ios,tiktok,6.99,BE
u_14063,2025-10-21,ios,twitter,40.05,IE
u_14064,2025-10-21,android,google_ads,31.75,PL
u_14065,2025-10-21,ios,google_ads,26.41,SE
u_14066,2025-10-21,ios,tiktok,10.02,FR
u_14067,2025-10-21,ios,google_ads,53.28,DE
u_14068,2025-10-21,ios,facebook,66.88,DE
u_14069,2025-10-21,ios,instagram,45.96,PL
u_14070,2025-10-21,ios,twitter,58.14,DE
u_14071,2025-10-21,android,tiktok,6.99,ES
u_14072,2025-10-21,android,tiktok,30.67,SE
u_14073,2025-10-21,ios,tiktok,66.41,FR
u_14074,2025-10-21,android,google_ads,16.02,IE
u_10286,2025-10-22,android,instagram,29.21,DE
u_10424,2025-10-22,android,tiktok,49.73,IT
u_11227,2025-10-22,android,google_ads,21.77,BE
u_13631,2025-10-22,android,instagram,19.55,PL
u_13591,2025-10-22,android,tiktok,20.65,DE
u_14075,2025-10-22,ios,instagram,18.23,DE
u_14076,2025-10-22,android,tiktok,57.46,FR
u_14077,2025-10-22,android,google_ads,32.63,DE
u_14078,2025-10-22,ios,facebook,37.54,PT
u_14079,2025-10-22,android,google_ads,31.76,DE
u_14080,2025-10-22,ios,facebook,46.12,FR
u_14081,2025-10-22,ios,twitter,25.08,SE
u_14082,2025-10-22,ios,facebook,61.77,PL
u_14083,2025-10-22,android,facebook,46.77,ES
u_14084,2025-10-22,ios,instagram,33.52,BE
u_10068,2025-10-23,ios,tiktok,14.43,PL
u_10438,2025-10-23,android,google_ads,37.35,IT
u_13132,2025-10-23,ios,google_ads,71.56,IT
u_11129,2025-10-23,ios,twitter,13.27,DE
u_11476,2025-10-23,ios,facebook,15.42,NL
u_11355,2025-10-23,ios,facebook,34.45,DE
u_14046,2025-10-23,android,tiktok,30.45,IT
u_11252,2025-10-23,ios,google_ads,35.75,SE
u_14085,2025-10-23,ios,google_ads,51.21,ES
u_14086,2025-10-23,ios,tiktok,30.59,PT
u_14087,2025-10-23,ios,instagram,32.08,DE
u_14088,2025-10-23,ios,google_ads,26.74,PL
u_14089,2025-10-23,android,instagram,43.03,IT
u_14090,2025-10-23,ios,tiktok,26.41,DE
u_14091,2025-10-23,ios,google_ads,42.74,BE
u_14092,2025-10-23,ios,google_ads,6.99,NL
u_14093,2025-10-23,ios,facebook,56.83,SE
u_14094,2025-10-23,ios,tiktok,6.99,NL
u_14095,2025-10-23,ios,facebook,65.27,NL
u_14096,2025-10-23,android,instagram,44.23,IE
u_14097,2025-10-23,ios,twitter,39.69,ES
u_14098,2025-10-23,ios,facebook,39.22,DE
u_14099,2025-10-23,ios,facebook,57.92,DE
u_14100,2025-10-23,android,twitter,21.17,DE
u_13254,2025-10-24,android,google_ads,18.52,NL
u_11136,2025-10-24,ios,instagram,52.59,PL
u_12794,2025-10-24,ios,google_ads,54.0,ES
u_11681,2025-10-24,android,tiktok,43.03,DE
u_10479,2025-10-24,android,google_ads,55.1,IE
u_13887,2025-10-24,ios,google_ads,24.45,NL
u_13515,2025-10-24,ios,facebook,55.52,NL
u_14101,2025-10-24,ios,tiktok,48.14,SE
u_14102,2025-10-24,ios,facebook,50.46,PT
u_14103,2025-10-24,ios,google_ads,22.82,DE
u_14104,2025-10-24,android,google_ads,38.38,BE
u_14105,2025-10-24,ios,instagram,37.74,DE
u_14106,2025-10-24,android,twitter,54.21,ES
u_14107,2025-10-24,android,tiktok,56.9,NL
u_14108,2025-10-24,ios,google_ads,6.99,IE
u_14109,2025-10-24,ios,instagram,52.94,FR
u_14110,2025-10-24,ios,tiktok,31.34,PT
u_14111,2025-10-24,android,facebook,34.8,PT
u_14112,2025-10-24,ios,tiktok,66.87,DE
u_14113,2025-10-24,android,tiktok,38.62,FR
u_14114,2025-10-24,ios,instagram,38.85,PL
u_14115,2025-10-24,ios,google_ads,46.13,IT
u_14116,2025-10-24,ios,google_ads,11.51,FR
u_11653,2025-10-25,ios,tiktok,14.73,NL
u_10037,2025-10-25,ios,google_ads,27.44,PT
u_10389,2025-10-25,android,instagram,59.73,SE
u_14096,2025-10-25,android,instagram,50.25,IE
u_11886,2025-10-25,ios,twitter,70.56,ES
u_10174,2025-10-25,android,tiktok,21.16,IE
u_14117,2025-10-25,ios,tiktok,28.19,NL
u_14118,2025-10-25,ios,instagram,73.3,NL
u_14119,2025-10-25,ios,twitter,30.42,PT
u_14120,2025-10-25,ios,instagram,40.78,SE
u_14121,2025-10-25,ios,tiktok,39.34,IE
u_14122,2025-10-25,ios,google_ads,40.74,PT
u_14123,2025-10-25,android,twitter,26.59,PT
u_14124,2025-10-25,android,instagram,30.86,ES
u_14125,2025-10-25,ios,google_ads,42.83,IT
u_14126,2025-10-25,ios,twitter,62.94,FR
u_14127,2025-10-25,android,twitter,54.86,BE
u_14128,2025-10-25,ios,facebook,56.15,FR
u_14129,2025-10-25,ios,instagram,55.97,SE
u_14130,2025-10-25,ios,facebook,59.12,NL
u_12309,2025-10-26,ios,google_ads,67.21,ES
u_11684,2025-10-26,ios,google_ads,36.58,PL
u_13427,2025-10-26,ios,twitter,59.12,DE
u_13736,2025-10-26,android,facebook,100.84,SE
u_10341,2025-10-26,ios,twitter,31.53,ES
u_12088,2025-10-26,android,tiktok,53.79,BE
u_14131,2025-10-26,android,facebook,24.85,ES
u_14132,2025-10-26,android,instagram,6.99,BE
u_14133,2025-10-26,android,instagram,43.75,BE
u_14134,2025-10-26,android,google_ads,33.03,IT
u_14135,2025-10-26,ios,instagram,43.5,IE
u_14136,2025-10-26,android,google_ads,53.43,DE
u_14137,2025-10-26,ios,google_ads,27.89,FR
u_14138,2025-10-26,ios,facebook,44.1,DE
u_14139,2025-10-26,android,tiktok,21.19,IE
u_14140,2025-10-26,ios,google_ads,56.4,SE
u_14141,2025-10-26,android,tiktok,48.47,BE
u_14142,2025-10-26,ios,instagram,6.99,BE
u_14143,2025-10-26,ios,google_ads,39.1,PT
u_14144,2025-10-26,android,instagram,66.11,PL
u_10176,2025-10-27,android,facebook,18.01,IT
u_11465,2025-10-27,android,tiktok,27.39,SE
u_10899,2025-10-27,android,google_ads,12.39,IT
u_14145,2025-10-27,android,twitter,25.18,PL
u_14146,2025-10-27,android,google_ads,58.48,PT
u_14147,2025-10-27,ios,instagram,46.32,FR
u_14148,2025-10-27,android,google_ads,43.81,NL
u_14149,2025-10-27,ios,facebook,28.74,PT
u_14150,2025-10-27,android,instagram,25.26,SE
u_14151,2025-10-27,ios,google_ads,27.8,ES
u_12111,2025-10-28,android,google_ads,28.21,ES
u_10640,2025-10-28,android,google_ads,21.42,NL
u_13602,2025-10-28,ios,facebook,11.17,PT
u_12106,2025-10-28,android,tiktok,38.28,PT
u_11848,2025-10-28,android,google_ads,29.13,FR
u_11139,2025-10-28,android,instagram,50.65,IT
u_11147,2025-10-28,ios,instagram,54.21,IE
u_14152,2025-10-28,ios,instagram,40.87,SE
u_14153,2025-10-28,android,google_ads,18.65,FR
u_14154,2025-10-28,ios,facebook,31.37,DE
u_14155,2025-10-28,android,google_ads,30.32,ES
u_14156,2025-10-28,android,instagram,40.04,IT
u_14157,2025-10-28,android,google_ads,42.24,SE
u_14158,2025-10-28,ios,tiktok,30.24,BE
u_14159,2025-10-28,ios,google_ads,42.91,NL
u_14160,2025-10-28,ios,google_ads,33.03,ES
u_14161,2025-10-28,android,twitter,33.67,IT
u_14162,2025-10-28,ios,google_ads,47.59,IT
u_14163,2025-10-28,ios,facebook,59.04,ES
u_14164,2025-10-28,ios,facebook,25.81,PT
u_14165,2025-10-28,ios,facebook,13.49,PT
u_14166,2025-10-28,android,google_ads,67.72,NL
u_14167,2025-10-28,ios,facebook,74.01,ES
u_12907,2025-10-29,android,facebook,79.62,PT
u_11295,2025-10-29,ios,facebook,17.63,FR
u_12267,2025-10-29,ios,tiktok,18.64,SE
u_12764,2025-10-29,android,facebook,40.92,DE
u_12597,2025-10-29,ios,instagram,29.12,SE
u_10080,2025-10-29,android,instagram,23.81,SE
u_13912,2025-10-29,ios,google_ads,80.71,PL
u_11825,2025-10-29,ios,tiktok,17.72,DE
u_11618,2025-10-29,ios,instagram,68.08,IE
u_14168,2025-10-29,android,google_ads,33.67,SE
u_14169,2025-10-29,android,facebook,51.38,IT
u_14170,2025-10-29,ios,twitter,37.38,SE
u_14171,2025-10-29,ios,facebook,48.53,SE
u_14172,2025-10-29,android,google_ads,22.95,SE
u_14173,2025-10-29,android,facebook,68.41,SE
u_14174,2025-10-29,ios,tiktok,58.66,DE
u_14175,2025-10-29,ios,google_ads,69.39,SE
u_14176,2025-10-29,ios,facebook,61.89,IT
u_14177,2025-10-29,ios,facebook,23.6,DE
u_14178,2025-10-29,android,instagram,33.33,PL
u_14179,2025-10-29,ios,facebook,53.01,DE
u_14180,2025-10-29,android,tiktok,22.32,FR
u_14181,2025-10-29,android,instagram,13.8,NL
u_14182,2025-10-29,ios,google_ads,35.98,ES
u_14183,2025-10-29,ios,tiktok,55.86,IE
u_14184,2025-10-29,ios,tiktok,53.16,PL
u_14185,2025-10-29,android,instagram,16.75,DE
u_14186,2025-10-29,android,google_ads,61.57,FR
u_14187,2025-10-29,android,tiktok,41.47,BE
u_10904,2025-10-30,ios,google_ads,59.78,IT
u_12522,2025-10-30,android,tiktok,39.87,NL
u_10990,2025-10-30,ios,google_ads,35.92,IT
u_10614,2025-10-30,android,google_ads,87.96,SE
u_13655,2025-10-30,android,google_ads,31.32,NL
u_11196,2025-10-30,ios,instagram,57.6,DE
u_10910,2025-10-30,ios,facebook,31.64,PL
u_14188,2025-10-30,ios,facebook,39.87,NL
u_14189,2025-10-30,android,facebook,6.99,IT
u_14190,2025-10-30,android,instagram,50.36,PT
u_14191,2025-10-30,ios,instagram,56.99,FR
u_14192,2025-10-30,android,tiktok,41.56,FR
u_14193,2025-10-30,android,instagram,17.99,NL
u_14194,2025-10-30,ios,twitter,46.75,PT
u_14195,2025-10-30,android,google_ads,38.34,DE
u_14196,2025-10-30,ios,instagram,31.35,FR
u_14197,2025-10-30,android,twitter,39.68,NL
u_14198,2025-10-30,android,instagram,38.54,FR
u_14199,2025-10-30,ios,google_ads,58.91,FR
u_14200,2025-10-30,android,instagram,33.12,DE
u_14201,2025-10-30,ios,tiktok,53.31,FR
u_14202,2025-10-30,ios,google_ads,35.78,IT
u_14203,2025-10-30,ios,instagram,25.13,PL
u_11945,2025-10-31,android,tiktok,14.98,DE
u_11429,2025-10-31,android,facebook,7.63,DE
u_13190,2025-10-31,ios,tiktok,19.82,PL
u_11048,2025-10-31,android,google_ads,33.08,SE
u_10804,2025-10-31,android,facebook,8.78,SE
u_10970,2025-10-31,ios,facebook,36.12,SE
u_14204,2025-10-31,android,google_ads,6.99,SE
u_14205,2025-10-31,android,twitter,30.02,BE
u_14206,2025-10-31,android,instagram,25.36,DE
u_14207,2025-10-31,android,instagram,10.38,PL
u_14208,2025-10-31,ios,google_ads,52.86,FR
u_14209,2025-10-31,android,google_ads,60.01,FR
u_14210,2025-10-31,android,instagram,54.37,IT
u_14211,2025-10-31,android,google_ads,27.51,BE
u_14212,2025-10-31,android,google_ads,59.07,FR
u_14213,2025-10-31,ios,google_ads,6.99,SE
u_14214,2025-10-31,ios,facebook,55.73,PL
u_14215,2025-10-31,ios,facebook,63.18,PT
u_14216,2025-10-31,android,twitter,27.34,ES
u_14217,2025-10-31,ios,google_ads,25.04,ES
u_10054,2025-11-01,ios,google_ads,44.71,DE
u_13542,2025-11-01,ios,facebook,27.2,PL
u_10244,2025-11-01,android,google_ads,24.18,IT
u_10582,2025-11-01,android,google_ads,42.27,DE
u_11683,2025-11-01,android,instagram,12.11,DE
u_10732,2025-11-01,ios,google_ads,30.93,BE
u_13274,2025-11-01,android,tiktok,49.67,IE
u_13480,2025-11-01,ios,twitter,106.65,DE
u_13261,2025-11-01,ios,google_ads,26.36,DE
u_14218,2025-11-01,android,google_ads,51.95,PT
u_14219,2025-11-01,android,google_ads,36.33,NL
u_14220,2025-11-01,android,facebook,11.35,IT
u_14221,2025-11-01,android,google_ads,24.65,IE
u_14222,2025-11-01,android,google_ads,51.51,PL
u_14223,2025-11-01,android,tiktok,34.84,SE
u_14224,2025-11-01,android,facebook,42.99,FR
u_14225,2025-11-01,android,google_ads,38.0,DE
u_14226,2025-11-01,ios,instagram,27.92,BE
u_14227,2025-11-01,ios,instagram,53.85,DE
u_14228,2025-11-01,ios,instagram,29.24,IT
u_14229,2025-11-01,ios,instagram,53.08,DE
u_14230,2025-11-01,android,instagram,57.35,FR
u_14231,2025-11-01,android,facebook,19.64,IE
u_14232,2025-11-01,ios,twitter,41.81,ES
u_14233,2025-11-01,ios,facebook,69.14,IT
u_14234,2025-11-01,android,google_ads,96.57,PL
u_14235,2025-11-01,android,google_ads,38.28,DE
u_14236,2025-11-01,ios,instagram,7.5,DE
u_14195,2025-11-02,android,google_ads,29.18,DE
u_13309,2025-11-02,android,facebook,53.96,IE
u_12564,2025-11-02,ios,instagram,46.67,DE
u_12227,2025-11-02,ios,twitter,5.6,IT
u_11636,2025-11-02,ios,twitter,53.7,BE
u_13183,2025-11-02,android,facebook,33.57,BE
u_14237,2025-11-02,ios,facebook,71.95,DE
u_14238,2025-11-02,android,tiktok,22.68,PT
u_14239,2025-11-02,ios,instagram,25.12,FR
u_14240,2025-11-02,android,twitter,38.97,DE
u_14241,2025-11-02,android,google_ads,42.86,FR
u_14242,2025-11-02,ios,google_ads,47.39,PT
u_14243,2025-11-02,ios,tiktok,31.44,IT
u_14244,2025-11-02,android,google_ads,53.07,PT
u_14245,2025-11-02,ios,facebook,52.56,IT
u_14246,2025-11-02,android,facebook,31.46,ES
u_14247,2025-11-02,ios,facebook,6.99,IT
u_14248,2025-11-02,android,instagram,46.06,ES
u_14249,2025-11-02,android,facebook,33.48,ES
u_11839,2025-11-03,ios,instagram,37.01,PL
u_11764,2025-11-03,ios,instagram,45.55,PT
u_10205,2025-11-03,android,tiktok,66.41,FR
u_12401,2025-11-03,ios,google_ads,33.78,SE
u_13439,2025-11-03,ios,google_ads,23.64,DE
u_13490,2025-11-03,ios,google_ads,40.28,IE
u_10692,2025-11-03,ios,tiktok,27.96,FR
u_11188,2025-11-03,android,twitter,43.71,SE
u_14250,2025-11-03,android,google_ads,76.21,SE
u_14251,2025-11-03,android,google_ads,48.17,DE
u_14252,2025-11-03,android,google_ads,22.38,NL
u_14253,2025-11-03,android,facebook,33.87,IT
u_14254,2025-11-03,android,twitter,56.56,ES
u_14255,2025-11-03,ios,google_ads,62.12,SE
u_14256,2025-11-03,android,google_ads,57.68,DE
u_14257,2025-11-03,ios,instagram,42.81,IE
u_14258,2025-11-03,android,facebook,35.53,IE
u_14259,2025-11-03,android,google_ads,45.48,SE
u_14260,2025-11-03,ios,google_ads,46.74,FR
u_14261,2025-11-03,android,google_ads,6.99,PL
u_14262,2025-11-03,ios,tiktok,45.45,PL
u_14263,2025-11-03,android,tiktok,59.83,PT
u_14264,2025-11-03,ios,facebook,17.08,FR
u_14265,2025-11-03,ios,google_ads,64.15,PL
u_13960,2025-11-04,ios,instagram,55.68,PT
u_10233,2025-11-04,ios,tiktok,102.74,FR
u_12118,2025-11-04,ios,facebook,39.15,PL
u_11089,2025-11-04,ios,facebook,56.25,PT
u_12453,2025-11-04,android,tiktok,86.57,NL
u_12928,2025-11-04,android,instagram,18.22,FR
u_13611,2025-11-04,android,twitter,66.16,FR
u_11564,2025-11-04,android,google_ads,39.64,DE
u_13096,2025-11-04,ios,google_ads,93.4,BE
u_14266,2025-11-04,android,google_ads,45.84,DE
u_14267,2025-11-04,android,facebook,65.42,IT
u_14268,2025-11-04,android,twitter,44.1,BE
u_14269,2025-11-04,android,twitter,27.52,DE
u_14270,2025-11-04,ios,tiktok,41.95,ES
u_14271,2025-11-04,android,facebook,55.84,PL
u_14272,2025-11-04,android,google_ads,38.65,FR
u_14273,2025-11-04,ios,tiktok,44.28,DE
u_14274,2025-11-04,android,instagram,50.76,PL
u_14275,2025-11-04,android,facebook,57.9,PT
u_14276,2025-11-04,ios,instagram,53.76,SE
u_14277,2025-11-04,android,tiktok,21.54,FR
u_14278,2025-11-04,android,google_ads,67.73,PT
u_14279,2025-11-04,ios,google_ads,13.05,DE
u_14280,2025-11-04,android,facebook,49.53,IT
u_14281,2025-11-04,ios,google_ads,17.41,PL
u_14282,2025-11-04,ios,instagram,37.97,NL
u_14283,2025-11-04,android,google_ads,57.44,DE
u_11333,2025-11-05,ios,facebook,32.1,NL
u_13470,2025-11-05,android,facebook,64.05,FR
u_12553,2025-11-05,ios,twitter,28.7,DE
u_14159,2025-11-05,ios,google_ads,36.36,NL
u_13664,2025-11-05,ios,google_ads,34.21,ES
u_11608,2025-11-05,android,google_ads,20.64,NL
u_10358,2025-11-05,android,google_ads,62.08,IT
u_14284,2025-11-05,android,twitter,33.9,BE
u_14285,2025-11-05,android,instagram,60.93,SE
u_14286,2025-11-05,android,tiktok,37.18,FR
u_14287,2025-11-05,android,instagram,21.94,IT
u_14288,2025-11-05,android,instagram,41.99,FR
u_14289,2025-11-05,android,google_ads,34.27,ES
u_14290,2025-11-05,android,instagram,37.84,IT
u_14291,2025-11-05,ios,twitter,35.17,ES
u_14292,2025-11-05,ios,google_ads,32.88,PL
u_14293,2025-11-05,ios,facebook,61.81,SE
u_14294,2025-11-05,ios,facebook,44.48,DE
u_14295,2025-11-05,ios,facebook,37.52,FR
u_14296,2025-11-05,android,tiktok,29.41,DE
u_14297,2025-11-05,ios,google_ads,22.92,NL
u_14298,2025-11-05,ios,instagram,65.73,FR
u_14299,2025-11-05,ios,instagram,23.18,NL
u_13999,2025-11-06,ios,google_ads,39.13,SE
u_10168,2025-11-06,android,tiktok,30.97,PL
u_10485,2025-11-06,android,tiktok,26.88,IT
u_11956,2025-11-06,ios,facebook,46.31,FR
u_11592,2025-11-06,ios,google_ads,15.45,FR
u_13565,2025-11-06,android,tiktok,44.51,FR
u_14300,2025-11-06,ios,google_ads,38.8,NL
u_14301,2025-11-06,android,facebook,42.47,PT
u_14302,2025-11-06,android,tiktok,37.42,PT
u_14303,2025-11-06,android,tiktok,28.54,SE
u_14304,2025-11-06,android,instagram,69.1,DE
u_14305,2025-11-06,android,facebook,45.04,FR
u_14306,2025-11-06,ios,google_ads,18.89,ES
u_14307,2025-11-06,android,instagram,25.78,FR
u_14308,2025-11-06,android,tiktok,42.79,PT
u_14309,2025-11-06,android,google_ads,49.51,IT
u_14310,2025-11-06,android,instagram,43.97,ES
u_14311,2025-11-06,ios,instagram,57.82,DE
u_14312,2025-11-06,android,tiktok,48.65,DE
u_13059,2025-11-07,android,google_ads,59.25,FR
u_14164,2025-11-07,ios,facebook,38.85,PT
u_12124,2025-11-07,ios,facebook,15.8,NL
u_12884,2025-11-07,ios,facebook,49.93,IT
u_11676,2025-11-07,ios,tiktok,35.63,NL
u_12967,2025-11-07,ios,facebook,48.64,DE
u_11486,2025-11-07,android,tiktok,45.81,IE
u_13204,2025-11-07,android,instagram,42.26,SE
u_14313,2025-11-07,android,google_ads,53.05,ES
u_14314,2025-11-07,android,facebook,12.13,SE
u_14315,2025-11-07,ios,twitter,52.03,IE
u_14316,2025-11-07,android,tiktok,33.2,PL
u_14317,2025-11-07,ios,facebook,56.64,DE
u_14318,2025-11-07,android,google_ads,36.94,PT
u_14319,2025-11-07,ios,google_ads,22.26,FR
u_14320,2025-11-07,android,twitter,55.65,BE
u_14321,2025-11-07,android,tiktok,37.56,PT
u_14322,2025-11-07,ios,google_ads,9.02,NL
u_14323,2025-11-07,ios,facebook,14.16,DE
u_14324,2025-11-07,android,tiktok,38.19,PT
u_14325,2025-11-07,ios,facebook,49.92,ES
u_14326,2025-11-07,ios,instagram,11.09,BE
u_14327,2025-11-07,ios,google_ads,64.69,PT
u_14328,2025-11-07,ios,instagram,18.13,NL
u_11632,2025-11-08,ios,instagram,15.06,BE
u_11597,2025-11-08,android,instagram,30.67,FR
u_13400,2025-11-08,android,facebook,96.26,DE
u_14110,2025-11-08,ios,tiktok,26.23,PT
u_11806,2025-11-08,ios,tiktok,53.39,DE
u_14329,2025-11-08,ios,instagram,18.53,IE
u_14330,2025-11-08,ios,twitter,49.91,FR
u_14331,2025-11-08,android,google_ads,42.97,ES
u_14332,2025-11-08,ios,facebook,69.77,IE
u_14333,2025-11-08,android,google_ads,21.19,BE
u_14334,2025-11-08,ios,google_ads,55.15,PL
u_14335,2025-11-08,ios,instagram,47.65,NL
u_14336,2025-11-08,android,facebook,53.98,DE
u_14337,2025-11-08,ios,instagram,69.32,FR
u_14338,2025-11-08,ios,google_ads,24.92,DE
u_14339,2025-11-08,ios,facebook,45.1,DE
u_14340,2025-11-08,android,google_ads,52.15,PT
u_12330,2025-11-09,ios,google_ads,54.92,FR
u_11298,2025-11-09,ios,google_ads,14.12,DE
u_10814,2025-11-09,android,google_ads,35.56,DE
u_11168,2025-11-09,ios,instagram,40.51,ES
u_13561,2025-11-09,android,google_ads,17.43,DE
u_14341,2025-11-09,android,google_ads,30.49,SE
u_14342,2025-11-09,ios,google_ads,51.26,PL
u_14343,2025-11-09,ios,google_ads,38.57,IT
u_14344,2025-11-09,ios,facebook,49.77,ES
u_14345,2025-11-09,android,facebook,41.09,SE
u_14346,2025-11-09,ios,google_ads,42.45,PT
u_14347,2025-11-09,android,google_ads,57.14,ES
u_14348,2025-11-09,android,tiktok,52.4,FR
u_14349,2025-11-09,android,facebook,72.16,DE
u_14350,2025-11-09,ios,facebook,30.85,BE
u_13650,2025-11-10,android,facebook,38.67,BE
u_13254,2025-11-10,android,google_ads,14.6,NL
u_13925,2025-11-10,android,google_ads,59.24,PL
u_10294,2025-11-10,ios,google_ads,46.47,PL
u_10155,2025-11-10,ios,google_ads,64.38,DE
u_10989,2025-11-10,ios,google_ads,36.86,BE
u_13633,2025-11-10,android,instagram,29.25,SE
u_14351,2025-11-10,android,instagram,63.91,FR
u_14352,2025-11-10,ios,facebook,15.35,SE
u_14353,2025-11-10,android,facebook,35.25,PL
u_14354,2025-11-10,android,tiktok,42.26,IE
u_14355,2025-11-10,android,google_ads,42.66,SE
u_14356,2025-11-10,android,instagram,32.13,DE
u_14357,2025-11-10,ios,facebook,35.16,DE
u_14358,2025-11-10,ios,twitter,59.68,ES
u_14359,2025-11-10,android,tiktok,63.18,FR
u_14360,2025-11-10,ios,google_ads,68.2,FR
u_14361,2025-11-10,android,google_ads,6.99,BE
u_14362,2025-11-10,android,google_ads,39.05,NL
u_14363,2025-11-10,ios,instagram,54.27,BE
u_14364,2025-11-10,ios,facebook,50.17,NL
u_10908,2025-11-11,ios,google_ads,23.55,PT
u_12968,2025-11-11,ios,facebook,30.1,FR
u_10134,2025-11-11,ios,facebook,16.06,SE
u_13479,2025-11-11,android,twitter,24.08,SE
u_11819,2025-11-11,android,google_ads,26.75,FR
u_12598,2025-11-11,android,google_ads,47.35,PL
u_14130,2025-11-11,ios,facebook,70.74,NL
u_10771,2025-11-11,ios,instagram,45.37,BE
u_14365,2025-11-11,ios,google_ads,17.41,ES
u_14366,2025-11-11,android,twitter,30.88,PL
u_14367,2025-11-11,ios,google_ads,49.56,IT
u_14368,2025-11-11,ios,tiktok,33.03,PL
u_14369,2025-11-11,ios,tiktok,28.37,PL
u_14370,2025-11-11,ios,instagram,46.91,DE
u_14371,2025-11-11,ios,twitter,14.67,ES
u_14372,2025-11-11,android,twitter,22.18,PL
u_14373,2025-11-11,ios,tiktok,35.48,DE
u_14374,2025-11-11,ios,instagram,72.15,IT
u_14375,2025-11-11,ios,google_ads,47.17,NL
u_14376,2025-11-11,android,facebook,74.27,PL
u_14377,2025-11-11,ios,twitter,36.96,NL
u_14378,2025-11-11,ios,twitter,44.91,ES
u_14379,2025-11-11,android,tiktok,70.72,DE
u_14380,2025-11-11,android,instagram,29.56,PL
u_14381,2025-11-11,android,tiktok,45.67,IT
u_14382,2025-11-11,ios,instagram,49.4,PL
u_11141,2025-11-12,android,tiktok,47.2,SE
u_12570,2025-11-12,android,facebook,20.79,PL
u_11982,2025-11-12,android,instagram,64.42,IT
u_12374,2025-11-12,android,instagram,58.14,FR
u_11356,2025-11-12,android,facebook,33.93,ES
u_10711,2025-11-12,android,google_ads,41.53,PL
u_12036,2025-11-12,ios,tiktok,53.1,SE
u_14383,2025-11-12,android,google_ads,64.15,BE
u_14384,2025-11-12,ios,tiktok,43.51,DE
u_14385,2025-11-12,ios,facebook,58.72,ES
u_14386,2025-11-12,android,google_ads,35.18,BE
u_14387,2025-11-12,ios,google_ads,35.45,DE
u_14388,2025-11-12,android,twitter,52.12,PL
u_14389,2025-11-12,ios,twitter,10.29,ES
u_14390,2025-11-12,android,facebook,57.54,FR
u_14391,2025-11-12,ios,instagram,43.92,BE
u_14392,2025-11-12,android,google_ads,34.77,FR
u_14393,2025-11-12,ios,facebook,45.05,BE
u_14394,2025-11-12,ios,facebook,20.42,IT
u_14395,2025-11-12,android,tiktok,59.11,PT
u_14396,2025-11-12,android,tiktok,29.12,NL
u_14397,2025-11-12,android,facebook,29.83,ES
u_10993,2025-11-13,android,tiktok,43.08,PT
u_14155,2025-11-13,android,google_ads,39.81,ES
u_14205,2025-11-13,android,twitter,30.45,BE
u_10304,2025-11-13,android,twitter,49.01,DE
u_10047,2025-11-13,ios,tiktok,24.45,BE
u_12704,2025-11-13,ios,google_ads,33.44,DE
u_13841,2025-11-13,android,instagram,34.39,ES
u_13731,2025-11-13,android,google_ads,71.22,FR
u_14398,2025-11-13,android,tiktok,28.74,DE
u_14399,2025-11-13,android,facebook,39.89,FR
u_14400,2025-11-13,android,google_ads,50.32,IE
u_14401,2025-11-13,android,facebook,38.74,DE
u_14402,2025-11-13,android,instagram,33.54,FR
u_14403,2025-11-13,android,instagram,34.93,PT
u_14404,2025-11-13,ios,tiktok,56.87,ES
u_14405,2025-11-13,ios,google_ads,28.94,IT
u_14406,2025-11-13,ios,instagram,35.59,FR
u_14407,2025-11-13,ios,facebook,36.33,PL
u_14408,2025-11-13,android,google_ads,10.33,SE
u_14409,2025-11-13,ios,facebook,51.86,DE
u_14410,2025-11-13,android,google_ads,28.97,ES
u_14411,2025-11-13,ios,google_ads,40.34,DE
u_14412,2025-11-13,android,google_ads,45.92,IE
u_14413,2025-11-13,ios,google_ads,40.39,FR
u_14414,2025-11-13,ios,google_ads,53.89,PT
u_10812,2025-11-14,android,google_ads,59.8,PL
u_11640,2025-11-14,ios,google_ads,28.08,PT
u_10433,2025-11-14,android,google_ads,57.36,NL
u_13517,2025-11-14,ios,google_ads,69.03,DE
u_10194,2025-11-14,ios,tiktok,35.3,BE
u_14390,2025-11-14,android,facebook,41.17,FR
u_10838,2025-11-14,android,tiktok,40.48,DE
u_11362,2025-11-14,ios,twitter,13.27,DE
u_14415,2025-11-14,ios,tiktok,19.36,BE
u_14416,2025-11-14,android,facebook,71.43,PL
u_14417,2025-11-14,ios,tiktok,39.13,SE
u_14418,2025-11-14,android,facebook,44.91,PL
u_14419,2025-11-14,ios,google_ads,38.8,IE
u_14420,2025-11-14,android,google_ads,34.0,PT
u_14421,2025-11-14,android,facebook,20.89,FR
u_14422,2025-11-14,android,facebook,49.32,ES
u_14423,2025-11-14,android,twitter,38.95,IE
u_14424,2025-11-14,android,google_ads,17.39,BE
u_14425,2025-11-14,ios,twitter,10.77,ES
u_14426,2025-11-14,android,google_ads,34.95,SE
u_14427,2025-11-14,ios,tiktok,51.77,NL
u_14428,2025-11-14,ios,facebook,57.13,ES
u_14429,2025-11-14,ios,google_ads,84.66,PT
u_14430,2025-11-14,android,google_ads,51.97,DE
u_14431,2025-11-14,android,instagram,6.99,FR
u_14432,2025-11-14,android,tiktok,55.98,NL
u_11571,2025-11-15,android,facebook,68.37,SE
u_10279,2025-11-15,ios,instagram,33.89,DE
u_10229,2025-11-15,android,tiktok,43.07,PL
u_12115,2025-11-15,android,twitter,32.37,FR
u_14433,2025-11-15,ios,tiktok,6.99,DE
u_14434,2025-11-15,android,google_ads,49.1,ES
u_14435,2025-11-15,ios,facebook,29.27,ES
u_14436,2025-11-15,android,facebook,18.76,PT
u_14437,2025-11-15,android,facebook,36.17,IT
u_14438,2025-11-15,android,google_ads,38.09,BE
u_14439,2025-11-15,android,instagram,49.73,ES
u_14440,2025-11-15,android,google_ads,50.86,DE
u_14441,2025-11-15,android,twitter,39.53,DE
u_14442,2025-11-15,ios,facebook,74.14,FR
u_12807,2025-11-16,android,instagram,59.09,PL
u_10786,2025-11-16,android,facebook,71.06,DE
u_10802,2025-11-16,ios,google_ads,58.4,DE
u_14201,2025-11-16,ios,tiktok,41.22,FR
u_10229,2025-11-16,android,tiktok,47.46,PL
u_10718,2025-11-16,ios,facebook,32.97,FR
u_14443,2025-11-16,ios,facebook,29.15,FR
u_14444,2025-11-16,android,tiktok,38.22,PL
u_14445,2025-11-16,ios,google_ads,58.23,BE
u_14446,2025-11-16,ios,instagram,73.59,PL
u_14447,2025-11-16,ios,tiktok,73.81,ES
u_14448,2025-11-16,ios,tiktok,29.67,DE
u_14449,2025-11-16,android,tiktok,32.56,PL
u_14450,2025-11-16,ios,google_ads,47.79,PT
u_14451,2025-11-16,ios,google_ads,19.41,SE
u_14452,2025-11-16,android,tiktok,77.23,PT
u_14453,2025-11-16,android,facebook,58.13,DE
u_14454,2025-11-16,ios,google_ads,38.86,PT
u_14455,2025-11-16,android,google_ads,60.68,ES
u_14456,2025-11-16,ios,google_ads,65.28,PT
u_11690,2025-11-17,android,facebook,23.93,SE
u_11404,2025-11-17,android,tiktok,34.45,IT
u_12774,2025-11-17,ios,instagram,25.3,PL
u_10781,2025-11-17,ios,google_ads,83.56,DE
u_10101,2025-11-17,android,google_ads,18.55,IT
u_10472,2025-11-17,ios,instagram,62.85,PL
u_10326,2025-11-17,android,google_ads,36.64,PT
u_10123,2025-11-17,ios,facebook,87.24,PT
u_12779,2025-11-17,android,instagram,80.7,ES
u_13909,2025-11-17,android,google_ads,63.92,SE
u_14457,2025-11-17,android,tiktok,53.5,SE
u_14458,2025-11-17,ios,google_ads,61.21,PT
u_14459,2025-11-17,android,tiktok,30.5,NL
u_14460,2025-11-17,android,instagram,53.73,FR
u_14461,2025-11-17,ios,google_ads,21.1,SE
u_14462,2025-11-17,android,facebook,35.16,FR
u_14463,2025-11-17,ios,facebook,59.54,IE
u_14464,2025-11-17,ios,twitter,54.56,ES
u_14465,2025-11-17,android,google_ads,49.71,ES
u_14466,2025-11-17,ios,google_ads,30.82,PT
u_14467,2025-11-17,ios,google_ads,54.23,BE
u_14468,2025-11-17,android,facebook,26.32,DE
u_14469,2025-11-17,android,twitter,50.18,DE
u_14470,2025-11-17,ios,instagram,21.05,ES
u_14471,2025-11-17,ios,google_ads,39.33,FR
u_14472,2025-11-17,android,instagram,31.38,ES
u_14473,2025-11-17,ios,tiktok,54.73,DE
u_14474,2025-11-17,ios,google_ads,30.74,NL
u_14475,2025-11-17,ios,instagram,22.32,PL
u_14476,2025-11-17,android,instagram,9.22,PL
u_14477,2025-11-17,ios,google_ads,46.07,IE
u_12125,2025-11-18,ios,google_ads,72.52,FR
u_10689,2025-11-18,android,google_ads,37.74,DE
u_14243,2025-11-18,ios,tiktok,28.87,IT
u_13321,2025-11-18,android,facebook,17.7,PT
u_10098,2025-11-18,android,twitter,59.36,SE
u_13706,2025-11-18,android,facebook,48.93,IT
u_14406,2025-11-18,ios,instagram,34.27,FR
u_14478,2025-11-18,android,instagram,22.11,IT
u_14479,2025-11-18,android,tiktok,47.47,IE
u_14480,2025-11-18,ios,instagram,56.62,PT
u_14481,2025-11-18,android,instagram,24.39,FR
u_14482,2025-11-18,ios,google_ads,45.4,PL
u_14483,2025-11-18,ios,google_ads,24.39,IT
u_14484,2025-11-18,ios,google_ads,63.45,IT
u_14485,2025-11-18,ios,tiktok,42.6,PT
u_14486,2025-11-18,android,google_ads,51.51,ES
u_14487,2025-11-18,android,instagram,53.96,NL
u_14488,2025-11-18,ios,twitter,64.63,IE
u_14489,2025-11-18,ios,tiktok,21.48,ES
u_14490,2025-11-18,ios,google_ads,42.4,ES
u_14491,2025-11-18,android,twitter,30.04,NL
u_11368,2025-11-19,ios,tiktok,7.56,SE
u_12513,2025-11-19,android,twitter,61.49,NL
u_12225,2025-11-19,android,instagram,78.37,IT
u_14037,2025-11-19,ios,facebook,8.27,PL
u_11358,2025-11-19,android,google_ads,51.51,DE
u_10568,2025-11-19,ios,google_ads,28.8,DE
u_10126,2025-11-19,ios,twitter,52.01,IT
u_14165,2025-11-19,ios,facebook,16.0,PT
u_10313,2025-11-19,android,instagram,53.79,PL
u_13771,2025-11-19,ios,tiktok,50.23,FR
u_14492,2025-11-19,android,instagram,57.29,FR
u_14493,2025-11-19,android,tiktok,37.81,FR
u_14494,2025-11-19,ios,tiktok,44.9,ES
u_14495,2025-11-19,ios,google_ads,42.85,DE
u_14496,2025-11-19,ios,google_ads,45.37,FR
u_14497,2025-11-19,android,google_ads,73.8,ES
u_14498,2025-11-19,android,google_ads,78.59,FR
u_14499,2025-11-19,android,google_ads,27.04,SE
u_14500,2025-11-19,ios,google_ads,51.97,BE
u_14501,2025-11-19,android,google_ads,30.05,ES
u_14502,2025-11-19,ios,google_ads,39.03,NL
u_14503,2025-11-19,android,tiktok,55.17,PT
u_14504,2025-11-19,android,google_ads,68.24,ES
u_14505,2025-11-19,android,facebook,65.22,PL
u_14506,2025-11-19,android,twitter,31.18,BE
u_14507,2025-11-19,android,tiktok,21.02,BE
u_14508,2025-11-19,ios,tiktok,8.01,IT
u_14509,2025-11-19,android,google_ads,26.21,IE
u_14510,2025-11-19,android,twitter,14.82,SE
u_14511,2025-11-19,android,facebook,46.93,NL
u_14239,2025-11-20,ios,instagram,21.35,FR
u_11041,2025-11-20,android,tiktok,41.25,BE
u_10974,2025-11-20,ios,google_ads,77.35,ES
u_11781,2025-11-20,android,google_ads,58.38,PT
u_12936,2025-11-20,ios,tiktok,83.32,BE
u_10517,2025-11-20,ios,google_ads,32.21,NL
u_11879,2025-11-20,ios,instagram,44.5,ES
u_14512,2025-11-20,android,facebook,14.4,PL
u_14513,2025-11-20,ios,tiktok,18.77,IE
u_14514,2025-11-20,ios,instagram,58.89,PL
u_14515,2025-11-20,android,facebook,52.32,NL
u_14516,2025-11-20,android,instagram,75.59,FR
u_14517,2025-11-20,ios,instagram,33.67,BE
u_14518,2025-11-20,ios,tiktok,52.58,ES
u_14519,2025-11-20,ios,instagram,6.99,IE
u_14520,2025-11-20,android,instagram,65.73,BE
u_14521,2025-11-20,android,twitter,70.09,BE
u_14522,2025-11-20,ios,google_ads,39.53,ES
u_14523,2025-11-20,ios,google_ads,51.59,DE
u_14524,2025-11-20,android,twitter,58.03,PL
u_14525,2025-11-20,android,instagram,45.66,NL
u_11460,2025-11-21,ios,tiktok,50.21,DE
u_13559,2025-11-21,android,google_ads,42.14,DE
u_11127,2025-11-21,android,facebook,58.76,DE
u_12044,2025-11-21,android,google_ads,31.45,DE
u_13410,2025-11-21,android,facebook,41.7,PL
u_14526,2025-11-21,android,tiktok,37.54,PT
u_14527,2025-11-21,android,twitter,48.56,IT
u_14528,2025-11-21,ios,tiktok,37.32,FR
u_14529,2025-11-21,android,google_ads,23.55,FR
u_14530,2025-11-21,ios,facebook,39.35,PL
u_14531,2025-11-21,android,tiktok,19.89,FR
u_14532,2025-11-21,android,facebook,43.01,BE
u_14533,2025-11-21,ios,twitter,47.84,PL
u_14534,2025-11-21,ios,google_ads,45.36,IT
u_14535,2025-11-21,android,google_ads,27.97,ES
u_14536,2025-11-21,android,facebook,55.1,IE
u_14537,2025-11-21,android,google_ads,12.72,DE
u_11214,2025-11-22,ios,tiktok,42.16,NL
u_10378,2025-11-22,android,google_ads,82.38,PT
u_13094,2025-11-22,android,instagram,47.83,DE
u_14133,2025-11-22,android,instagram,43.71,BE
u_12022,2025-11-22,ios,facebook,19.62,SE
u_11401,2025-11-22,ios,facebook,43.52,DE
u_13152,2025-11-22,ios,google_ads,41.31,PT
u_14538,2025-11-22,android,google_ads,39.19,ES
u_14539,2025-11-22,android,tiktok,38.75,DE
u_14540,2025-11-22,ios,instagram,49.39,SE
u_14541,2025-11-22,android,instagram,63.67,BE
u_14542,2025-11-22,android,google_ads,81.89,PT
u_14543,2025-11-22,ios,instagram,39.45,SE
u_14544,2025-11-22,android,facebook,26.09,DE
u_14545,2025-11-22,ios,google_ads,42.32,DE
u_14546,2025-11-22,android,facebook,56.46,IT
u_14547,2025-11-22,ios,google_ads,41.38,DE
u_14548,2025-11-22,android,facebook,51.39,PT
u_14549,2025-11-22,ios,facebook,6.99,NL
u_14550,2025-11-22,android,google_ads,40.69,FR
u_14551,2025-11-22,ios,tiktok,27.42,SE
u_14552,2025-11-22,ios,instagram,33.91,DE
u_11590,2025-11-23,android,instagram,66.02,FR
u_13167,2025-11-23,ios,google_ads,51.9,IE
u_11674,2025-11-23,android,google_ads,59.83,ES
u_11224,2025-11-23,android,google_ads,11.86,IT
u_10993,2025-11-23,android,tiktok,23.49,PT
u_10084,2025-11-23,android,instagram,28.3,PL
u_14099,2025-11-23,ios,facebook,68.46,DE
u_11179,2025-11-23,ios,facebook,24.06,ES
u_14553,2025-11-23,android,tiktok,57.51,DE
u_14554,2025-11-23,android,tiktok,51.75,PL
u_14555,2025-11-23,ios,twitter,62.77,IT
u_14556,2025-11-23,ios,google_ads,63.42,PL
u_14557,2025-11-23,ios,instagram,35.46,ES
u_14558,2025-11-23,android,google_ads,27.77,PL
u_14559,2025-11-23,android,google_ads,46.39,DE
u_14560,2025-11-23,ios,facebook,38.76,ES
u_14561,2025-11-23,android,instagram,43.81,FR
u_14562,2025-11-23,ios,facebook,27.44,NL
u_14563,2025-11-23,ios,google_ads,69.96,DE
u_14564,2025-11-23,ios,instagram,46.62,IT
u_14565,2025-11-23,ios,twitter,47.0,PT
u_14566,2025-11-23,ios,twitter,52.61,IE
u_14567,2025-11-23,ios,facebook,45.14,FR
u_14568,2025-11-23,android,google_ads,35.22,ES
u_14569,2025-11-23,ios,instagram,38.55,PT
u_14570,2025-11-23,android,google_ads,43.1,NL
u_14382,2025-11-24,ios,instagram,63.36,PL
u_14473,2025-11-24,ios,tiktok,36.78,DE
u_12075,2025-11-24,ios,twitter,59.53,FR
u_12026,2025-11-24,android,google_ads,68.71,DE
u_11548,2025-11-24,ios,google_ads,47.81,ES
u_12213,2025-11-24,android,tiktok,15.69,PL
u_10317,2025-11-24,ios,twitter,27.99,FR
u_14571,2025-11-24,ios,tiktok,47.05,PL
u_14572,2025-11-24,ios,google_ads,37.02,DE
u_14573,2025-11-24,android,google_ads,48.19,PL
u_14574,2025-11-24,ios,tiktok,40.0,ES
u_14575,2025-11-24,ios,tiktok,53.12,SE
u_14576,2025-11-24,android,facebook,44.17,DE
u_14577,2025-11-24,android,twitter,70.28,DE
u_14578,2025-11-24,android,instagram,32.81,ES
u_14579,2025-11-24,ios,instagram,42.89,PT
u_14580,2025-11-24,android,instagram,55.0,PL
u_14581,2025-11-24,android,google_ads,20.35,IT
u_14582,2025-11-24,android,twitter,51.76,PL
u_14583,2025-11-24,ios,google_ads,30.22,ES
u_14584,2025-11-24,ios,google_ads,58.21,IT
u_10334,2025-11-25,android,google_ads,32.41,IT
u_13398,2025-11-25,android,tiktok,55.28,FR
u_11818,2025-11-25,ios,facebook,43.88,BE
u_10307,2025-11-25,android,instagram,26.44,IT
u_11612,2025-11-25,android,instagram,43.51,FR
u_10746,2025-11-25,ios,facebook,23.21,PT
u_13734,2025-11-25,ios,facebook,13.51,DE
u_14457,2025-11-25,android,tiktok,72.92,SE
u_11766,2025-11-25,android,google_ads,59.87,ES
u_14585,2025-11-25,ios,facebook,51.77,PL
u_14586,2025-11-25,ios,google_ads,26.08,NL
u_14587,2025-11-25,ios,tiktok,32.3,NL
u_14588,2025-11-25,ios,google_ads,64.91,ES
u_14589,2025-11-25,ios,google_ads,72.9,DE
u_14590,2025-11-25,ios,google_ads,55.86,DE
u_14591,2025-11-25,ios,tiktok,61.34,DE
u_14592,2025-11-25,android,instagram,31.08,DE
u_14593,2025-11-25,android,tiktok,59.33,ES
u_14594,2025-11-25,android,tiktok,30.9,FR
u_14595,2025-11-25,android,instagram,36.83,SE
u_14596,2025-11-25,android,google_ads,51.28,FR
u_14597,2025-11-25,ios,tiktok,6.99,NL
u_14598,2025-11-25,ios,facebook,11.36,DE
u_14599,2025-11-25,android,facebook,49.77,DE
u_14600,2025-11-25,android,facebook,52.91,IT
u_14601,2025-11-25,ios,facebook,45.48,SE
u_14602,2025-11-25,android,google_ads,45.92,PL
u_14603,2025-11-25,android,facebook,69.5,DE
u_10289,2025-11-26,android,instagram,51.66,PL
u_11288,2025-11-26,android,google_ads,92.75,NL
u_10878,2025-11-26,android,google_ads,35.97,DE
u_13276,2025-11-26,ios,facebook,17.61,SE
u_13705,2025-11-26,ios,instagram,23.72,SE
u_12553,2025-11-26,ios,twitter,25.95,DE
u_10883,2025-11-26,android,facebook,35.64,DE
u_12647,2025-11-26,android,google_ads,34.83,ES
u_14604,2025-11-26,ios,tiktok,63.57,DE
u_14605,2025-11-26,ios,google_ads,24.51,IE
u_14606,2025-11-26,android,instagram,30.76,FR
u_14607,2025-11-26,ios,tiktok,39.67,ES
u_14608,2025-11-26,ios,google_ads,43.01,SE
u_14609,2025-11-26,android,google_ads,33.79,DE
u_14610,2025-11-26,ios,twitter,37.78,FR
u_14611,2025-11-26,android,instagram,47.4,NL
u_14612,2025-11-26,android,tiktok,44.04,IT
u_14613,2025-11-26,ios,google_ads,64.36,IT
u_14614,2025-11-26,ios,google_ads,31.76,FR
u_14615,2025-11-26,android,instagram,10.94,SE
u_14616,2025-11-26,android,facebook,37.85,DE
u_14617,2025-11-26,android,instagram,19.71,FR
u_14618,2025-11-26,ios,google_ads,79.84,NL
u_14619,2025-11-26,ios,tiktok,72.14,SE
u_14620,2025-11-26,android,twitter,50.17,PL
u_14621,2025-11-26,android,google_ads,47.98,DE
u_13840,2025-11-27,ios,tiktok,29.22,IE
u_14188,2025-11-27,ios,facebook,26.99,NL
u_12063,2025-11-27,ios,google_ads,62.11,NL
u_11979,2025-11-27,android,tiktok,31.6,BE
u_13943,2025-11-27,android,facebook,78.38,SE
u_14622,2025-11-27,ios,facebook,49.61,SE
u_14623,2025-11-27,android,tiktok,6.99,BE
u_14624,2025-11-27,ios,google_ads,73.49,SE
u_14625,2025-11-27,android,google_ads,43.49,PL
u_14626,2025-11-27,android,google_ads,25.9,PL
u_14627,2025-11-27,android,facebook,36.85,DE
u_14628,2025-11-27,android,google_ads,47.36,SE
u_14629,2025-11-27,android,facebook,39.26,FR
u_14630,2025-11-27,android,tiktok,42.02,BE
u_14631,2025-11-27,ios,google_ads,17.31,IE
u_14632,2025-11-27,android,tiktok,27.96,DE
u_11423,2025-11-28,android,google_ads,14.72,BE
u_11599,2025-11-28,android,instagram,85.06,PL
u_10898,2025-11-28,android,google_ads,47.09,DE
u_12898,2025-11-28,ios,instagram,85.29,BE
u_11817,2025-11-28,ios,facebook,25.68,NL
u_14039,2025-11-28,ios,google_ads,23.26,IE
u_13905,2025-11-28,android,tiktok,33.42,ES
u_14154,2025-11-28,ios,facebook,27.06,DE
u_14633,2025-11-28,ios,instagram,48.37,PL
u_14634,2025-11-28,ios,google_ads,10.91,ES
u_14635,2025-11-28,android,tiktok,57.99,SE
u_14636,2025-11-28,android,facebook,36.47,BE
u_14637,2025-11-28,android,instagram,67.92,FR
u_14638,2025-11-28,ios,facebook,35.02,FR
u_14639,2025-11-28,ios,google_ads,40.68,FR
u_14640,2025-11-28,android,instagram,29.7,PL
u_14641,2025-11-28,android,facebook,67.02,SE
u_14642,2025-11-28,ios,google_ads,25.76,IT
u_14643,2025-11-28,android,facebook,34.0,ES
u_14644,2025-11-28,android,google_ads,46.17,PL
u_14645,2025-11-28,android,facebook,34.91,DE
u_14646,2025-11-28,android,facebook,69.55,IT
u_14647,2025-11-28,ios,facebook,65.25,NL
u_14648,2025-11-28,android,google_ads,53.59,SE
u_10867,2025-11-29,ios,google_ads,67.1,DE
u_10725,2025-11-29,android,google_ads,36.74,FR
u_10126,2025-11-29,ios,twitter,40.54,IT
u_11297,2025-11-29,android,instagram,48.05,DE
u_11364,2025-11-29,ios,tiktok,34.47,SE
u_11439,2025-11-29,android,google_ads,66.78,ES
u_14649,2025-11-29,ios,google_ads,47.86,ES
u_14650,2025-11-29,ios,instagram,32.78,BE
u_14651,2025-11-29,android,tiktok,20.2,IE
u_14652,2025-11-29,android,tiktok,35.26,SE
u_14653,2025-11-29,ios,google_ads,40.45,IT
u_14654,2025-11-29,android,instagram,27.77,BE
u_14655,2025-11-29,android,facebook,63.47,ES
u_14656,2025-11-29,ios,facebook,66.11,DE
u_14657,2025-11-29,ios,google_ads,47.48,IT
u_14658,2025-11-29,ios,google_ads,42.22,DE
u_14659,2025-11-29,ios,facebook,11.06,BE
u_14660,2025-11-29,ios,google_ads,45.32,FR
u_14661,2025-11-29,ios,google_ads,17.53,DE
u_11714,2025-11-30,ios,twitter,47.04,BE
u_13843,2025-11-30,android,facebook,26.06,PT
u_10060,2025-11-30,ios,twitter,29.88,PT
u_10181,2025-11-30,android,tiktok,54.95,PL
u_14662,2025-11-30,android,facebook,49.9,BE
u_14663,2025-11-30,android,google_ads,55.02,IE
u_14664,2025-11-30,android,google_ads,6.99,IT
u_14665,2025-11-30,android,twitter,49.78,PL
u_14666,2025-11-30,ios,google_ads,6.99,DE
u_14667,2025-11-30,ios,tiktok,43.34,SE
u_14668,2025-11-30,ios,google_ads,79.48,BE
u_14669,2025-11-30,android,google_ads,45.23,ES
u_14670,2025-11-30,ios,instagram,40.97,FR
u_14671,2025-11-30,android,tiktok,56.07,IE
u_10945,2025-12-01,ios,facebook,35.32,ES
u_10406,2025-12-01,ios,instagram,38.83,IT
u_10296,2025-12-01,android,google_ads,24.51,IT
u_11519,2025-12-01,ios,instagram,37.83,ES
u_12463,2025-12-01,ios,tiktok,17.8,IE
u_14672,2025-12-01,ios,google_ads,69.2,ES
u_14673,2025-12-01,ios,facebook,60.22,PL
u_14674,2025-12-01,android,tiktok,44.42,PT
u_14675,2025-12-01,ios,facebook,45.42,FR
u_14676,2025-12-01,ios,facebook,60.94,NL
u_14677,2025-12-01,android,twitter,62.5,DE
u_14678,2025-12-01,android,tiktok,30.49,SE
u_14679,2025-12-01,ios,instagram,23.77,NL
u_14680,2025-12-01,android,google_ads,60.78,IT
u_14681,2025-12-01,ios,google_ads,55.73,FR
u_14682,2025-12-01,android,facebook,45.58,NL
u_14683,2025-12-01,android,instagram,22.76,PL
u_11584,2025-12-02,ios,facebook,78.73,IE
u_13898,2025-12-02,android,facebook,54.48,IT
u_12136,2025-12-02,ios,twitter,101.63,DE
u_12373,2025-12-02,ios,instagram,10.5,PL
u_10471,2025-12-02,ios,google_ads,50.45,DE
u_13880,2025-12-02,android,google_ads,18.08,DE
u_10336,2025-12-02,android,tiktok,45.29,PT
u_14684,2025-12-02,ios,google_ads,58.23,PL
u_14685,2025-12-02,android,instagram,43.58,ES
u_14686,2025-12-02,android,twitter,36.09,IE
u_14687,2025-12-02,ios,google_ads,52.46,IT
u_14688,2025-12-02,ios,instagram,20.31,PL
u_14689,2025-12-02,ios,tiktok,61.75,PT
u_14690,2025-12-02,android,facebook,48.61,DE
u_14691,2025-12-02,ios,twitter,54.31,PT
u_14692,2025-12-02,android,google_ads,44.06,NL
u_14693,2025-12-02,ios,facebook,40.86,PL
u_14694,2025-12-02,ios,facebook,38.1,SE
u_14695,2025-12-02,android,google_ads,37.88,FR
u_14696,2025-12-02,ios,tiktok,13.95,DE
u_14697,2025-12-02,android,google_ads,61.36,NL
u_14698,2025-12-02,android,google_ads,40.68,IE
u_13551,2025-12-03,ios,tiktok,63.18,PT
u_14435,2025-12-03,ios,facebook,24.39,ES
u_11687,2025-12-03,ios,instagram,46.9,PT
u_10286,2025-12-03,android,instagram,33.02,DE
u_11049,2025-12-03,ios,twitter,58.11,SE
u_12316,2025-12-03,ios,instagram,48.0,DE
u_13444,2025-12-03,android,instagram,58.57,IE
u_11770,2025-12-03,ios,google_ads,57.97,NL
u_14699,2025-12-03,ios,facebook,6.99,NL
u_14700,2025-12-03,ios,google_ads,45.87,ES
u_14701,2025-12-03,ios,instagram,58.46,BE
u_14702,2025-12-03,android,instagram,56.71,DE
u_14703,2025-12-03,android,twitter,67.78,DE
u_14704,2025-12-03,ios,tiktok,44.26,PL
u_14705,2025-12-03,ios,twitter,45.82,ES
u_14706,2025-12-03,ios,google_ads,70.18,DE
u_14707,2025-12-03,ios,twitter,60.45,ES
u_14708,2025-12-03,android,google_ads,51.99,NL
u_14709,2025-12-03,android,instagram,63.22,FR
u_14710,2025-12-03,ios,instagram,44.17,IE
u_14711,2025-12-03,ios,tiktok,49.73,BE
u_14712,2025-12-03,android,facebook,17.86,NL
u_14713,2025-12-03,android,twitter,34.35,DE
u_14714,2025-12-03,android,google_ads,53.5,PL
u_10149,2025-12-04,android,facebook,71.16,IE
u_13909,2025-12-04,android,google_ads,77.7,SE
u_13244,2025-12-04,ios,google_ads,84.08,FR
u_11312,2025-12-04,android,tiktok,4.99,PL
u_14223,2025-12-04,android,tiktok,34.11,SE
u_11030,2025-12-04,android,tiktok,50.95,FR
u_13022,2025-12-04,ios,instagram,54.24,IT
u_13130,2025-12-04,android,tiktok,76.68,ES
u_11306,2025-12-04,ios,instagram,36.78,PL
u_12479,2025-12-04,ios,google_ads,62.17,PL
u_14715,2025-12-04,android,twitter,51.91,IE
u_14716,2025-12-04,ios,tiktok,34.96,IT
u_14717,2025-12-04,android,google_ads,76.62,IT
u_14718,2025-12-04,ios,google_ads,51.41,IT
u_14719,2025-12-04,ios,google_ads,14.25,SE
u_14720,2025-12-04,android,tiktok,6.99,NL
u_14721,2025-12-04,ios,google_ads,12.29,NL
u_14722,2025-12-04,ios,google_ads,60.43,BE
u_14723,2025-12-04,ios,tiktok,27.26,DE
u_14724,2025-12-04,ios,twitter,24.08,ES
u_14725,2025-12-04,ios,google_ads,31.18,SE
u_14726,2025-12-04,ios,instagram,57.77,BE
u_14727,2025-12-04,android,twitter,41.98,SE
u_14728,2025-12-04,ios,facebook,61.02,SE
u_14729,2025-12-04,ios,google_ads,56.18,NL
u_14730,2025-12-04,android,tiktok,72.66,FR
u_14731,2025-12-04,ios,tiktok,12.88,SE
u_14732,2025-12-04,android,google_ads,49.43,NL
u_14733,2025-12-04,ios,google_ads,16.82,SE
u_14734,2025-12-04,ios,twitter,53.61,IE
u_14231,2025-12-05,android,facebook,20.75,IE
u_12726,2025-12-05,ios,google_ads,51.03,ES
u_10386,2025-12-05,ios,google_ads,64.83,IT
u_12864,2025-12-05,ios,google_ads,27.32,DE
u_14409,2025-12-05,ios,facebook,52.88,DE
u_13857,2025-12-05,android,facebook,72.86,IE
u_13242,2025-12-05,android,google_ads,30.25,DE
u_13776,2025-12-05,android,twitter,33.05,PT
u_14735,2025-12-05,ios,instagram,26.1,IE
u_14736,2025-12-05,ios,google_ads,47.64,FR
u_14737,2025-12-05,android,google_ads,62.55,IT
u_14738,2025-12-05,ios,tiktok,39.44,NL
u_14739,2025-12-05,android,google_ads,64.8,FR
u_14740,2025-12-05,android,google_ads,43.12,PL
u_14741,2025-12-05,android,google_ads,37.35,IE
u_14742,2025-12-05,ios,twitter,11.63,BE
u_14743,2025-12-05,ios,google_ads,48.58,PT
u_14744,2025-12-05,android,tiktok,44.06,SE
u_14745,2025-12-05,ios,tiktok,62.51,NL
u_14746,2025-12-05,android,facebook,16.53,NL
u_14747,2025-12-05,android,tiktok,44.84,SE
u_14748,2025-12-05,android,google_ads,26.06,PL
u_14749,2025-12-05,android,tiktok,57.09,PL
u_14750,2025-12-05,android,google_ads,53.17,PL
u_14751,2025-12-05,ios,google_ads,6.99,NL
u_14752,2025-12-05,ios,google_ads,36.2,IT
u_10659,2025-12-06,ios,google_ads,34.6,BE
u_11845,2025-12-06,ios,instagram,47.46,PT
u_10851,2025-12-06,android,google_ads,43.17,DE
u_13295,2025-12-06,android,google_ads,26.01,IT
u_13908,2025-12-06,android,instagram,37.69,FR
u_13512,2025-12-06,ios,instagram,44.23,PL
u_12688,2025-12-06,ios,tiktok,25.9,IE
u_10410,2025-12-06,ios,facebook,28.57,PL
u_12871,2025-12-06,android,tiktok,27.3,DE
u_14753,2025-12-06,android,google_ads,19.8,NL
u_14754,2025-12-06,ios,tiktok,54.85,FR
u_14755,2025-12-06,android,google_ads,71.0,ES
u_14756,2025-12-06,ios,instagram,19.17,NL
u_14757,2025-12-06,ios,tiktok,69.26,FR
u_14758,2025-12-06,ios,facebook,27.12,SE
u_14759,2025-12-06,android,instagram,39.21,SE
u_14760,2025-12-06,ios,google_ads,37.63,DE
u_14761,2025-12-06,android,google_ads,49.82,SE
u_14762,2025-12-06,android,google_ads,46.01,FR
u_14763,2025-12-06,ios,tiktok,50.56,ES
u_14764,2025-12-06,android,twitter,49.62,PL
u_14765,2025-12-06,android,facebook,59.99,SE
u_14766,2025-12-06,android,google_ads,62.7,SE
u_14767,2025-12-06,android,google_ads,43.6,BE
u_14768,2025-12-06,android,twitter,45.17,FR
u_14769,2025-12-06,ios,tiktok,25.21,ES
u_14770,2025-12-06,ios,instagram,32.68,IT
u_11947,2025-12-07,ios,instagram,32.53,PT
u_13189,2025-12-07,android,twitter,51.85,FR
u_13450,2025-12-07,android,google_ads,37.21,SE
u_14237,2025-12-07,ios,facebook,80.65,DE
u_13696,2025-12-07,ios,instagram,25.28,IT
u_12045,2025-12-07,android,twitter,39.78,IT
u_11684,2025-12-07,ios,google_ads,31.15,PL
u_14771,2025-12-07,android,google_ads,6.99,DE
u_14772,2025-12-07,ios,tiktok,25.8,ES
u_14773,2025-12-07,android,facebook,46.37,BE
u_14774,2025-12-07,ios,twitter,27.05,FR
u_14775,2025-12-07,ios,tiktok,32.12,IT
u_14776,2025-12-07,android,google_ads,45.12,ES
u_14777,2025-12-07,android,google_ads,26.0,IE
u_14778,2025-12-07,android,instagram,36.31,PT
u_14779,2025-12-07,android,twitter,42.85,PT
u_14780,2025-12-07,android,facebook,60.14,ES
u_14781,2025-12-07,android,instagram,67.59,ES
u_14782,2025-12-07,ios,tiktok,51.84,PL
u_14783,2025-12-07,android,tiktok,21.71,IT
u_14784,2025-12-07,ios,instagram,48.97,IT
u_10624,2025-12-08,android,google_ads,67.5,IE
u_13707,2025-12-08,ios,tiktok,49.81,NL
u_14307,2025-12-08,android,instagram,36.03,FR
u_14065,2025-12-08,ios,google_ads,15.23,SE
u_10711,2025-12-08,android,google_ads,48.09,PL
u_11523,2025-12-08,ios,tiktok,31.4,IT
u_11507,2025-12-08,android,google_ads,22.95,IE
u_13560,2025-12-08,android,tiktok,35.25,SE
u_12872,2025-12-08,android,twitter,12.55,PT
u_14619,2025-12-08,ios,tiktok,92.16,SE
u_14785,2025-12-08,ios,google_ads,37.62,FR
u_14786,2025-12-08,ios,google_ads,29.37,BE
u_14787,2025-12-08,ios,google_ads,63.07,FR
u_14788,2025-12-08,android,google_ads,27.1,IE
u_14789,2025-12-08,ios,instagram,28.6,DE
u_14790,2025-12-08,ios,tiktok,9.33,BE
u_14791,2025-12-08,android,facebook,50.87,BE
u_14792,2025-12-08,android,facebook,21.57,IE
u_14793,2025-12-08,ios,instagram,82.66,SE
u_14794,2025-12-08,ios,twitter,44.18,FR
u_14795,2025-12-08,android,tiktok,6.99,BE
u_14796,2025-12-08,android,facebook,36.88,NL
u_14797,2025-12-08,ios,instagram,61.78,IT
u_14798,2025-12-08,ios,twitter,48.22,PT
u_14799,2025-12-08,ios,twitter,6.99,SE
u_14800,2025-12-08,ios,google_ads,71.65,ES
u_14801,2025-12-08,ios,google_ads,29.2,IT
u_14802,2025-12-08,android,instagram,25.72,SE
u_14803,2025-12-08,android,twitter,11.6,IE
u_14804,2025-12-08,ios,tiktok,37.59,ES
u_13689,2025-12-09,ios,twitter,71.13,DE
u_10151,2025-12-09,android,facebook,42.27,ES
u_10881,2025-12-09,android,facebook,26.55,FR
u_10541,2025-12-09,ios,twitter,74.24,NL
u_14769,2025-12-09,ios,tiktok,25.17,ES
u_11462,2025-12-09,ios,facebook,51.86,BE
u_13310,2025-12-09,android,facebook,50.17,SE
u_11808,2025-12-09,android,facebook,17.16,PT
u_10144,2025-12-09,android,facebook,57.78,IT
u_14805,2025-12-09,ios,google_ads,53.41,IT
u_14806,2025-12-09,ios,google_ads,23.36,ES
u_14807,2025-12-09,ios,google_ads,83.6,NL
u_14808,2025-12-09,android,google_ads,51.09,PL
u_14809,2025-12-09,ios,instagram,61.48,SE
u_14810,2025-12-09,ios,google_ads,91.58,SE
u_14811,2025-12-09,android,google_ads,17.02,PT
u_14812,2025-12-09,android,twitter,29.18,PT
u_14813,2025-12-09,android,tiktok,37.57,SE
u_14814,2025-12-09,ios,tiktok,45.74,PL
u_14815,2025-12-09,android,twitter,9.17,IT
u_14816,2025-12-09,ios,google_ads,69.96,SE
u_14817,2025-12-09,android,twitter,54.04,SE
u_14818,2025-12-09,android,twitter,52.62,IT
u_14819,2025-12-09,android,google_ads,43.67,NL
u_14820,2025-12-09,ios,tiktok,31.01,DE
u_14821,2025-12-09,ios,google_ads,20.65,PL
u_14822,2025-12-09,ios,instagram,51.96,NL
u_10588,2025-12-10,android,twitter,65.8,PL
u_12778,2025-12-10,ios,tiktok,71.34,FR
u_10322,2025-12-10,ios,instagram,44.53,FR
u_14399,2025-12-10,android,facebook,51.69,FR
u_11673,2025-12-10,android,google_ads,38.32,IT
u_13759,2025-12-10,ios,tiktok,29.62,NL
u_14823,2025-12-10,ios,google_ads,30.69,SE
u_14824,2025-12-10,android,google_ads,60.64,NL
u_14825,2025-12-10,android,instagram,49.06,SE
u_14826,2025-12-10,android,facebook,55.94,ES
u_14827,2025-12-10,ios,tiktok,36.42,DE
u_14828,2025-12-10,ios,google_ads,66.59,IE
u_14829,2025-12-10,ios,facebook,18.04,PT
u_14830,2025-12-10,android,google_ads,6.99,PT
u_14831,2025-12-10,ios,tiktok,42.87,PT
u_14832,2025-12-10,android,facebook,76.5,DE
u_14833,2025-12-10,android,instagram,38.72,IE
u_14834,2025-12-10,android,tiktok,19.17,DE
u_11430,2025-12-11,ios,tiktok,87.1,PT
u_12715,2025-12-11,android,tiktok,28.31,ES
u_14812,2025-12-11,android,twitter,30.01,PT
u_14758,2025-12-11,ios,facebook,20.43,SE
u_10026,2025-12-11,android,instagram,39.5,DE
u_13074,2025-12-11,android,tiktok,60.73,FR
u_13711,2025-12-11,ios,facebook,35.71,IE
u_14757,2025-12-11,ios,tiktok,42.1,FR
u_14835,2025-12-11,ios,tiktok,19.18,IT
u_14836,2025-12-11,android,facebook,54.44,NL
u_14837,2025-12-11,ios,twitter,56.36,PL
u_14838,2025-12-11,ios,tiktok,50.91,PL
u_14839,2025-12-11,ios,facebook,56.91,PL
u_14840,2025-12-11,android,google_ads,70.18,IT
u_14841,2025-12-11,ios,twitter,6.99,PL
u_14842,2025-12-11,ios,google_ads,51.66,FR
u_14843,2025-12-11,ios,google_ads,52.97,FR
u_14844,2025-12-11,android,google_ads,29.19,SE
u_14845,2025-12-11,android,google_ads,60.55,ES
u_14846,2025-12-11,ios,instagram,54.44,BE
u_14847,2025-12-11,ios,tiktok,65.15,PL
u_14848,2025-12-11,ios,facebook,27.82,FR
u_14849,2025-12-11,android,tiktok,63.02,ES
u_14850,2025-12-11,android,facebook,6.99,FR
u_14851,2025-12-11,android,tiktok,57.84,ES
u_14852,2025-12-11,ios,instagram,41.26,IT
u_11524,2025-12-12,android,google_ads,47.39,PL
u_11168,2025-12-12,ios,instagram,46.34,ES
u_13207,2025-12-12,ios,google_ads,17.28,IT
u_11234,2025-12-12,android,instagram,26.51,DE
u_12388,2025-12-12,ios,instagram,43.2,FR
u_12478,2025-12-12,ios,facebook,25.36,PL
u_10180,2025-12-12,android,twitter,38.68,PT
u_12123,2025-12-12,ios,instagram,23.47,FR
u_14853,2025-12-12,android,facebook,35.91,FR
u_14854,2025-12-12,ios,facebook,59.12,PL
u_14855,2025-12-12,ios,instagram,38.87,DE
u_14856,2025-12-12,ios,twitter,55.55,PT
u_14857,2025-12-12,android,google_ads,41.18,SE
u_14858,2025-12-12,android,tiktok,58.03,DE
u_14859,2025-12-12,android,facebook,29.03,DE
u_14860,2025-12-12,ios,google_ads,22.69,SE
u_14861,2025-12-12,android,google_ads,6.99,BE
u_14862,2025-12-12,android,tiktok,38.72,ES
u_14863,2025-12-12,ios,facebook,50.06,IT
u_14864,2025-12-12,ios,facebook,28.63,IT
u_14865,2025-12-12,ios,tiktok,17.21,IT
u_14866,2025-12-12,android,tiktok,20.52,IE
u_14867,2025-12-12,ios,tiktok,54.98,IE
u_14868,2025-12-12,ios,twitter,51.23,FR
u_14869,2025-12-12,android,facebook,63.26,PT
u_14161,2025-12-13,android,twitter,25.45,IT
u_10222,2025-12-13,ios,instagram,44.54,PL
u_12817,2025-12-13,android,facebook,36.19,DE
u_12161,2025-12-13,ios,instagram,63.0,BE
u_10974,2025-12-13,ios,google_ads,65.87,ES
u_10028,2025-12-13,ios,facebook,13.12,SE
u_10252,2025-12-13,ios,facebook,22.88,SE
u_11267,2025-12-13,ios,twitter,37.4,PL
u_14870,2025-12-13,android,tiktok,61.07,PT
u_14871,2025-12-13,android,twitter,40.32,SE
u_14872,2025-12-13,ios,facebook,36.9,FR
u_14873,2025-12-13,android,facebook,72.29,ES
u_14874,2025-12-13,android,google_ads,61.3,IT
u_14875,2025-12-13,android,instagram,34.62,SE
u_14876,2025-12-13,android,google_ads,65.52,DE
u_14877,2025-12-13,android,twitter,68.85,BE
u_14878,2025-12-13,ios,google_ads,31.37,ES
u_14879,2025-12-13,android,google_ads,21.24,FR
u_14880,2025-12-13,android,tiktok,24.87,SE
u_14881,2025-12-13,android,facebook,23.95,PT
u_14882,2025-12-13,ios,google_ads,37.07,SE
u_14883,2025-12-13,android,tiktok,25.03,BE
u_14884,2025-12-13,ios,tiktok,54.54,FR
u_14885,2025-12-13,android,google_ads,6.99,SE
u_14886,2025-12-13,android,facebook,56.29,FR
u_14887,2025-12-13,ios,facebook,39.04,PT
u_11957,2025-12-14,android,twitter,20.57,ES
u_12582,2025-12-14,ios,instagram,28.45,SE
u_10105,2025-12-14,android,tiktok,36.3,SE
u_13555,2025-12-14,ios,facebook,46.01,NL
u_11154,2025-12-14,android,tiktok,54.1,ES
u_10506,2025-12-14,android,tiktok,62.9,SE
u_10005,2025-12-14,ios,facebook,13.41,FR
u_14888,2025-12-14,ios,tiktok,42.78,PT
u_14889,2025-12-14,ios,facebook,43.91,FR
u_14890,2025-12-14,android,instagram,42.97,IT
u_14891,2025-12-14,android,tiktok,31.77,BE
u_14892,2025-12-14,android,google_ads,41.48,PL
u_14893,2025-12-14,android,twitter,45.45,PT
u_14894,2025-12-14,android,google_ads,48.31,FR
u_14895,2025-12-14,android,instagram,67.07,IT
u_14896,2025-12-14,android,facebook,20.57,FR
u_14897,2025-12-14,android,tiktok,28.54,SE
u_14898,2025-12-14,android,tiktok,32.72,FR
u_14899,2025-12-14,ios,google_ads,35.82,PT
u_14900,2025-12-14,ios,google_ads,38.87,FR
u_14901,2025-12-14,ios,instagram,22.65,IE
u_10326,2025-12-15,android,google_ads,20.32,PT
u_12708,2025-12-15,android,tiktok,72.07,FR
u_10266,2025-12-15,ios,google_ads,66.62,FR
u_14865,2025-12-15,ios,tiktok,17.2,IT
u_10568,2025-12-15,ios,google_ads,58.55,DE
u_12899,2025-12-15,android,google_ads,90.01,IT
u_14247,2025-12-15,ios,facebook,4.99,IT
u_14902,2025-12-15,android,google_ads,58.69,ES
u_14903,2025-12-15,ios,instagram,36.29,PL
u_14904,2025-12-15,ios,facebook,45.24,PL
u_14905,2025-12-15,ios,google_ads,19.51,FR
u_14906,2025-12-15,android,facebook,49.81,PL
u_14907,2025-12-15,android,google_ads,43.14,PL
u_14908,2025-12-15,ios,facebook,45.11,ES
u_14909,2025-12-15,android,facebook,56.78,PL
u_14910,2025-12-15,ios,google_ads,30.76,DE
u_14911,2025-12-15,android,instagram,53.01,DE
u_14912,2025-12-15,android,google_ads,52.31,DE
u_14913,2025-12-15,android,tiktok,40.67,IT
u_14914,2025-12-15,android,google_ads,42.38,ES
u_14915,2025-12-15,android,facebook,27.43,NL
u_14185,2025-12-16,android,instagram,20.19,DE
u_13909,2025-12-16,android,google_ads,56.7,SE
u_10164,2025-12-16,android,google_ads,22.41,PL
u_10478,2025-12-16,android,tiktok,74.89,ES
u_13172,2025-12-16,ios,twitter,68.49,BE
u_10929,2025-12-16,ios,facebook,24.64,DE
u_13803,2025-12-16,android,facebook,45.41,IT
u_14916,2025-12-16,ios,instagram,51.51,SE
u_14917,2025-12-16,ios,instagram,42.49,DE
u_14918,2025-12-16,ios,google_ads,45.76,PT
u_14919,2025-12-16,android,facebook,23.83,DE
u_14920,2025-12-16,ios,google_ads,55.06,ES
u_14921,2025-12-16,ios,instagram,28.44,DE
u_14922,2025-12-16,android,instagram,36.36,ES
u_14923,2025-12-16,ios,tiktok,51.47,ES
u_14924,2025-12-16,android,instagram,16.41,PL
u_14925,2025-12-16,ios,instagram,53.09,IT
u_14926,2025-12-16,android,twitter,60.86,IT
u_14927,2025-12-16,android,tiktok,22.83,FR
u_14928,2025-12-16,android,google_ads,64.7,NL
u_14929,2025-12-16,android,tiktok,39.46,PL
u_12582,2025-12-17,ios,instagram,33.87,SE
u_12015,2025-12-17,ios,tiktok,47.21,PL
u_14053,2025-12-17,ios,facebook,59.73,NL
u_12222,2025-12-17,ios,google_ads,57.71,PT
u_14191,2025-12-17,ios,instagram,40.46,FR
u_14930,2025-12-17,ios,google_ads,17.36,ES
u_14931,2025-12-17,ios,google_ads,73.75,PL
u_14932,2025-12-17,android,instagram,32.74,DE
u_14933,2025-12-17,android,facebook,73.25,PL
u_14934,2025-12-17,ios,google_ads,46.25,IT
u_14935,2025-12-17,android,instagram,64.13,PT
u_14936,2025-12-17,ios,instagram,44.62,ES
u_14937,2025-12-17,ios,facebook,53.26,ES
u_14938,2025-12-17,ios,google_ads,13.42,NL
u_14939,2025-12-17,ios,instagram,46.1,ES
u_11232,2025-12-18,ios,tiktok,11.07,SE
u_12294,2025-12-18,ios,instagram,50.72,BE
u_13814,2025-12-18,android,facebook,10.97,DE
u_14640,2025-12-18,android,instagram,26.55,PL
u_11312,2025-12-18,android,tiktok,8.44,PL
u_13342,2025-12-18,ios,instagram,51.81,ES
u_14812,2025-12-18,android,twitter,25.78,PT
u_14940,2025-12-18,ios,twitter,31.2,NL
u_14941,2025-12-18,ios,instagram,69.8,DE
u_14942,2025-12-18,ios,google_ads,44.91,IE
u_14943,2025-12-18,android,tiktok,44.2,ES
u_14944,2025-12-18,android,tiktok,36.16,SE
u_14945,2025-12-18,android,google_ads,11.66,ES
u_14946,2025-12-18,android,tiktok,44.89,ES
u_14947,2025-12-18,android,google_ads,41.12,ES
u_14948,2025-12-18,ios,twitter,35.69,PT
u_14949,2025-12-18,android,google_ads,49.6,SE
u_14950,2025-12-18,android,google_ads,53.56,IE
u_14951,2025-12-18,ios,tiktok,30.79,FR
u_14952,2025-12-18,ios,tiktok,72.81,BE
u_14953,2025-12-18,android,instagram,51.62,PL
u_14954,2025-12-18,ios,google_ads,33.43,DE
u_13630,2025-12-19,ios,facebook,24.89,SE
u_11408,2025-12-19,android,tiktok,43.86,DE
u_11003,2025-12-19,android,twitter,20.54,PT
u_10526,2025-12-19,ios,facebook,60.12,PL
u_14746,2025-12-19,android,facebook,10.27,NL
u_13239,2025-12-19,android,google_ads,63.18,NL
u_14955,2025-12-19,android,facebook,50.39,PT
u_14956,2025-12-19,android,google_ads,31.57,DE
u_14957,2025-12-19,android,twitter,37.59,SE
u_14958,2025-12-19,android,tiktok,43.18,IE
u_14959,2025-12-19,ios,google_ads,43.99,SE
u_14960,2025-12-19,ios,google_ads,54.45,SE
u_14961,2025-12-19,android,facebook,49.79,IT
u_14962,2025-12-19,ios,google_ads,33.9,ES
u_14963,2025-12-19,android,instagram,21.11,PL
u_14964,2025-12-19,android,instagram,40.3,FR
u_14965,2025-12-19,ios,twitter,6.99,BE
u_14966,2025-12-19,ios,instagram,23.4,DE
u_14967,2025-12-19,android,facebook,36.74,NL
u_14968,2025-12-19,android,google_ads,59.53,BE
u_13778,2025-12-20,ios,facebook,84.44,NL
u_12848,2025-12-20,android,instagram,49.08,PL
u_10070,2025-12-20,ios,google_ads,13.17,SE
u_11634,2025-12-20,android,facebook,22.71,BE
u_13403,2025-12-20,ios,facebook,25.32,BE
u_14676,2025-12-20,ios,facebook,73.71,NL
u_14695,2025-12-20,android,google_ads,44.94,FR
u_14969,2025-12-20,ios,google_ads,56.61,BE
u_14970,2025-12-20,ios,instagram,42.93,PT
u_14971,2025-12-20,ios,facebook,34.96,IT
u_14972,2025-12-20,ios,facebook,6.99,SE
u_14973,2025-12-20,ios,google_ads,43.36,ES
u_14974,2025-12-20,ios,instagram,60.88,FR
u_14975,2025-12-20,ios,twitter,56.01,DE
u_14976,2025-12-20,android,facebook,33.36,PT
u_14977,2025-12-20,android,google_ads,19.33,BE
u_14978,2025-12-20,android,google_ads,25.91,NL
u_14979,2025-12-20,android,google_ads,44.56,ES
u_14980,2025-12-20,android,facebook,54.54,ES
u_14981,2025-12-20,android,google_ads,17.89,FR
u_14982,2025-12-20,android,facebook,47.64,ES
u_14983,2025-12-20,android,instagram,68.18,NL
u_14984,2025-12-20,ios,instagram,60.53,ES
u_10353,2025-12-21,ios,facebook,43.7,SE
u_14185,2025-12-21,android,instagram,17.07,DE
u_13503,2025-12-21,ios,instagram,38.36,IT
u_14101,2025-12-21,ios,tiktok,42.14,SE
u_12866,2025-12-21,android,facebook,60.94,ES
u_12740,2025-12-21,android,facebook,60.23,FR
u_14985,2025-12-21,android,google_ads,62.02,PL
u_14986,2025-12-21,ios,tiktok,42.06,DE
u_14987,2025-12-21,android,tiktok,49.82,FR
u_14988,2025-12-21,ios,google_ads,33.62,FR
u_14989,2025-12-21,ios,twitter,91.21,BE
u_14990,2025-12-21,ios,instagram,33.18,IT
u_14991,2025-12-21,ios,tiktok,39.73,NL
u_14992,2025-12-21,ios,instagram,18.33,SE
u_14993,2025-12-21,ios,google_ads,91.84,PL
u_14994,2025-12-21,android,google_ads,31.44,DE
u_14995,2025-12-21,android,tiktok,51.81,PL
u_14996,2025-12-21,ios,tiktok,14.56,ES
u_14997,2025-12-21,android,twitter,76.62,PL
u_14998,2025-12-21,android,facebook,40.72,DE
u_13972,2025-12-22,ios,google_ads,75.44,PT
u_12506,2025-12-22,android,instagram,30.49,DE
u_11812,2025-12-22,ios,google_ads,113.25,DE
u_12660,2025-12-22,android,twitter,38.84,BE
u_10713,2025-12-22,ios,google_ads,44.31,SE
u_11340,2025-12-22,android,facebook,53.85,ES
u_14999,2025-12-22,ios,facebook,40.79,IT
u_15000,2025-12-22,ios,instagram,44.11,BE
u_15001,2025-12-22,ios,twitter,31.62,SE
u_15002,2025-12-22,android,twitter,56.3,DE
u_15003,2025-12-22,android,facebook,73.77,IT
u_15004,2025-12-22,android,google_ads,48.58,NL
u_15005,2025-12-22,android,google_ads,54.06,ES
u_15006,2025-12-22,android,google_ads,31.19,DE
u_15007,2025-12-22,android,twitter,31.87,PL
u_15008,2025-12-22,android,google_ads,35.25,PL
u_15009,2025-12-22,android,google_ads,6.99,ES
u_15010,2025-12-22,ios,twitter,29.33,SE
u_15011,2025-12-22,android,google_ads,47.9,ES
u_13783,2025-12-23,ios,twitter,19.77,FR
u_14245,2025-12-23,ios,facebook,58.06,IT
u_14983,2025-12-23,android,instagram,90.71,NL
u_11372,2025-12-23,android,facebook,16.62,SE
u_13321,2025-12-23,android,facebook,18.39,PT
u_11541,2025-12-23,ios,tiktok,62.32,SE
u_14307,2025-12-23,android,instagram,32.13,FR
u_14634,2025-12-23,ios,google_ads,14.47,ES
u_11458,2025-12-23,android,twitter,35.32,SE
u_15012,2025-12-23,android,google_ads,60.34,IE
u_15013,2025-12-23,ios,facebook,24.68,BE
u_15014,2025-12-23,ios,facebook,34.62,PL
u_15015,2025-12-23,ios,facebook,31.64,FR
u_15016,2025-12-23,ios,google_ads,42.56,IT
u_15017,2025-12-23,ios,facebook,19.79,SE
u_15018,2025-12-23,android,instagram,6.99,IT
u_15019,2025-12-23,android,tiktok,53.42,PL
u_15020,2025-12-23,ios,google_ads,7.84,IE
u_15021,2025-12-23,ios,facebook,44.31,ES
u_15022,2025-12-23,android,tiktok,55.98,NL
u_15023,2025-12-23,android,google_ads,41.74,DE
u_15024,2025-12-23,ios,tiktok,65.55,ES
u_15025,2025-12-23,android,twitter,36.56,SE
u_15026,2025-12-23,android,google_ads,40.28,PT
u_15027,2025-12-23,android,instagram,55.34,FR
u_15028,2025-12-23,android,instagram,34.03,NL
u_15029,2025-12-23,ios,instagram,70.75,SE
u_10533,2025-12-24,ios,google_ads,31.28,PL
u_12673,2025-12-24,android,instagram,15.15,PT
u_11425,2025-12-24,android,google_ads,32.72,ES
u_13980,2025-12-24,android,instagram,43.78,FR
u_12275,2025-12-24,android,facebook,59.0,BE
u_14398,2025-12-24,android,tiktok,34.87,DE
u_11917,2025-12-24,ios,instagram,89.95,BE
u_15030,2025-12-24,android,facebook,6.99,FR
u_15031,2025-12-24,android,google_ads,41.87,FR
u_15032,2025-12-24,ios,twitter,48.12,ES
u_15033,2025-12-24,android,google_ads,36.17,SE
u_15034,2025-12-24,ios,google_ads,41.55,IE
u_15035,2025-12-24,android,instagram,38.89,FR
u_15036,2025-12-24,android,google_ads,24.26,PT
u_15037,2025-12-24,ios,instagram,21.82,IE
u_15038,2025-12-24,android,facebook,44.4,BE
u_15039,2025-12-24,ios,tiktok,37.16,PT
u_15040,2025-12-24,android,twitter,48.18,FR
u_15041,2025-12-24,android,facebook,42.88,IE
u_15042,2025-12-24,android,google_ads,35.69,FR
u_15043,2025-12-24,android,twitter,48.72,SE
u_15044,2025-12-24,android,google_ads,61.07,DE
u_14417,2025-12-25,ios,tiktok,34.25,SE
u_12330,2025-12-25,ios,google_ads,51.57,FR
u_14332,2025-12-25,ios,facebook,75.9,IE
u_11484,2025-12-25,ios,twitter,81.28,DE
u_11000,2025-12-25,android,facebook,47.91,IE
u_14630,2025-12-25,android,tiktok,36.56,BE
u_11352,2025-12-25,ios,tiktok,61.77,NL
u_15045,2025-12-25,android,facebook,44.62,IT
u_15046,2025-12-25,android,facebook,44.15,ES
u_15047,2025-12-25,android,instagram,39.87,PL
u_15048,2025-12-25,android,facebook,30.97,SE
u_15049,2025-12-25,ios,instagram,50.3,NL
u_15050,2025-12-25,ios,google_ads,38.47,IT
u_15051,2025-12-25,ios,facebook,65.88,DE
u_15052,2025-12-25,android,google_ads,30.76,SE
u_15053,2025-12-25,ios,google_ads,46.23,SE
u_15054,2025-12-25,ios,google_ads,27.5,ES
u_15055,2025-12-25,android,twitter,32.13,SE
u_15056,2025-12-25,android,tiktok,27.93,DE
u_15057,2025-12-25,ios,google_ads,76.36,IT
u_15058,2025-12-25,ios,tiktok,49.74,ES
u_14442,2025-12-26,ios,facebook,96.95,FR
u_12848,2025-12-26,android,instagram,31.85,PL
u_13931,2025-12-26,android,google_ads,34.24,DE
u_14731,2025-12-26,ios,tiktok,7.14,SE
u_12848,2025-12-26,android,instagram,19.89,PL
u_11945,2025-12-26,android,tiktok,13.36,DE
u_13856,2025-12-26,android,facebook,43.73,PL
u_14779,2025-12-26,android,twitter,53.3,PT
u_10707,2025-12-26,android,twitter,86.74,DE
u_15059,2025-12-26,android,instagram,42.38,NL
u_15060,2025-12-26,ios,twitter,36.11,ES
u_15061,2025-12-26,ios,instagram,33.31,NL
u_15062,2025-12-26,android,google_ads,42.0,DE
u_15063,2025-12-26,android,google_ads,34.05,ES
u_15064,2025-12-26,android,instagram,55.13,ES
u_15065,2025-12-26,ios,facebook,48.95,SE
u_15066,2025-12-26,ios,facebook,25.64,IT
u_15067,2025-12-26,ios,google_ads,73.74,PT
u_15068,2025-12-26,android,facebook,25.39,NL
u_15069,2025-12-26,android,google_ads,41.72,ES
u_15070,2025-12-26,android,tiktok,44.62,FR
u_15071,2025-12-26,android,instagram,52.49,DE
u_15072,2025-12-26,android,facebook,41.62,PT
u_15073,2025-12-26,android,tiktok,77.29,ES
u_15074,2025-12-26,android,google_ads,63.36,PL
u_15075,2025-12-26,ios,google_ads,41.94,PT
u_15076,2025-12-26,android,twitter,27.29,DE
u_13321,2025-12-27,android,facebook,12.06,PT
u_11589,2025-12-27,android,google_ads,25.29,IT
u_14527,2025-12-27,android,twitter,29.73,IT
u_10541,2025-12-27,ios,twitter,58.77,NL
u_11565,2025-12-27,ios,facebook,47.88,ES
u_12574,2025-12-27,ios,tiktok,88.2,DE
u_15077,2025-12-27,ios,tiktok,58.53,IT
u_15078,2025-12-27,ios,facebook,40.2,ES
u_15079,2025-12-27,ios,facebook,24.42,FR
u_15080,2025-12-27,ios,instagram,39.4,PL
u_15081,2025-12-27,android,instagram,72.68,SE
u_15082,2025-12-27,android,instagram,67.94,PL
u_15083,2025-12-27,ios,facebook,75.41,ES
u_15084,2025-12-27,android,facebook,41.11,ES
u_15085,2025-12-27,android,facebook,41.97,IT
u_15086,2025-12-27,android,google_ads,57.59,ES
u_15087,2025-12-27,ios,instagram,69.27,PL
u_15088,2025-12-27,android,google_ads,45.18,FR
u_15089,2025-12-27,ios,instagram,33.07,BE
u_13987,2025-12-28,android,instagram,12.74,PL
u_11938,2025-12-28,android,google_ads,60.16,FR
u_15090,2025-12-28,ios,facebook,16.25,IT
u_15091,2025-12-28,ios,facebook,54.52,DE
u_15092,2025-12-28,ios,facebook,24.14,IE
u_15093,2025-12-28,ios,facebook,26.86,IE
u_15094,2025-12-28,android,google_ads,25.5,DE
u_15095,2025-12-28,android,google_ads,40.82,PL
u_11741,2025-12-29,android,facebook,54.82,PT
u_13739,2025-12-29,ios,instagram,47.05,FR
u_15083,2025-12-29,ios,facebook,76.08,ES
u_10943,2025-12-29,android,instagram,23.2,SE
u_11386,2025-12-29,ios,google_ads,76.87,BE
u_10606,2025-12-29,ios,google_ads,39.95,PT
u_11246,2025-12-29,ios,google_ads,33.47,DE
u_15096,2025-12-29,android,google_ads,21.76,PL
u_15097,2025-12-29,ios,google_ads,49.17,NL
u_15098,2025-12-29,android,tiktok,56.07,FR
u_15099,2025-12-29,ios,tiktok,26.09,NL
u_15100,2025-12-29,android,tiktok,16.4,FR
u_15101,2025-12-29,ios,google_ads,24.64,IE
u_15102,2025-12-29,ios,tiktok,44.3,FR
u_15103,2025-12-29,ios,instagram,47.12,IE
u_15104,2025-12-29,android,instagram,51.61,SE
u_15105,2025-12-29,ios,google_ads,44.51,ES
u_15106,2025-12-29,ios,instagram,23.86,IT
u_15107,2025-12-29,ios,tiktok,6.99,ES
u_15108,2025-12-29,ios,tiktok,43.45,PT
u_15109,2025-12-29,android,google_ads,53.38,ES
u_14696,2025-12-30,ios,tiktok,18.42,DE
u_14180,2025-12-30,android,tiktok,19.55,FR
u_13646,2025-12-30,android,google_ads,23.07,DE
u_12851,2025-12-30,ios,google_ads,23.68,DE
u_13370,2025-12-30,ios,google_ads,55.49,DE
u_12900,2025-12-30,ios,facebook,28.48,NL
u_13650,2025-12-30,android,facebook,84.02,BE
u_15110,2025-12-30,ios,instagram,22.37,FR
u_15111,2025-12-30,ios,google_ads,16.05,IT
u_15112,2025-12-30,android,tiktok,47.87,IE
u_15113,2025-12-30,android,tiktok,11.76,NL
u_15114,2025-12-30,android,twitter,62.53,BE
u_15115,2025-12-30,android,google_ads,50.63,ES
u_15116,2025-12-30,android,facebook,23.62,SE
u_15117,2025-12-30,android,tiktok,28.09,ES
u_15118,2025-12-30,ios,twitter,52.3,SE
u_15119,2025-12-30,ios,facebook,48.04,SE
u_15120,2025-12-30,android,instagram,16.95,FR
u_15121,2025-12-30,ios,instagram,38.1,IT
u_15122,2025-12-30,ios,instagram,54.94,PL
u_15123,2025-12-30,android,tiktok,32.96,PT
u_10336,2025-12-31,android,tiktok,43.61,PT
u_12352,2025-12-31,android,instagram,13.26,PL
u_14102,2025-12-31,ios,facebook,67.79,PT
u_12518,2025-12-31,ios,instagram,6.31,PT
u_14054,2025-12-31,android,google_ads,50.7,SE
u_11002,2025-12-31,android,tiktok,42.3,BE
u_12972,2025-12-31,ios,facebook,67.98,PL
u_11278,2025-12-31,ios,facebook,9.09,PL
u_15124,2025-12-31,android,facebook,25.24,ES
u_15125,2025-12-31,ios,tiktok,36.83,BE
u_15126,2025-12-31,ios,facebook,37.25,BE
u_15127,2025-12-31,android,facebook,47.84,IT
u_15128,2025-12-31,android,tiktok,16.78,DE
u_15129,2025-12-31,android,google_ads,63.77,DE
u_15130,2025-12-31,ios,google_ads,45.01,DE
u_15131,2025-12-31,ios,twitter,100.02,IT
u_15132,2025-12-31,ios,facebook,22.29,ES
u_15133,2025-12-31,ios,google_ads,20.73,ES
u_15134,2025-12-31,android,facebook,54.2,PT
u_15135,2025-12-31,ios,google_ads,7.04,BE
u_15136,2025-12-31,ios,twitter,53.16,DE
u_15137,2025-12-31,android,google_ads,10.29,SE
u_15138,2025-12-31,android,google_ads,49.4,FR
u_15139,2025-12-31,ios,google_ads,46.72,SE
u_15140,2025-12-31,ios,google_ads,26.53,ES
AFF_AFF001_AU_0001,2025-01-01,ios,affiliate,102.25,AU
AFF_AFF004_US_0002,2025-01-01,ios,affiliate,117.36,US
AFF_AFF008_DE_0003,2025-01-01,ios,affiliate,64.11,DE
AFF_AFF010_FR_0004,2025-01-01,ios,affiliate,62.55,FR
AFF_AFF010_US_0005,2025-01-02,ios,affiliate,89.72,US
AFF_AFF001_DE_0006,2025-01-02,ios,affiliate,60.6,DE
AFF_AFF003_US_0007,2025-01-03,android,affiliate,72.24,US
AFF_AFF003_DE_0008,2025-01-03,android,affiliate,69.53,DE
AFF_AFF004_SE_0009,2025-01-03,ios,affiliate,96.45,SE
AFF_AFF005_US_0010,2025-01-03,ios,affiliate,59.06,US
AFF_AFF006_BR_0011,2025-01-04,ios,affiliate,53.31,BR
AFF_AFF003_FR_0012,2025-01-04,android,affiliate,75.08,FR
AFF_AFF006_FR_0013,2025-01-05,ios,affiliate,80.29,FR
AFF_AFF007_US_0014,2025-01-05,ios,affiliate,86.83,US
AFF_AFF003_GB_0015,2025-01-06,ios,affiliate,54.83,GB
AFF_AFF004_NL_0016,2025-01-06,android,affiliate,54.47,NL
AFF_AFF008_AU_0017,2025-01-07,android,affiliate,102.57,AU
AFF_AFF006_US_0018,2025-01-07,ios,affiliate,90.12,US
AFF_AFF009_DE_0019,2025-01-08,ios,affiliate,45.48,DE
AFF_AFF004_US_0020,2025-01-08,android,affiliate,98.56,US
AFF_AFF002_NL_0021,2025-01-08,ios,affiliate,54.75,NL
AFF_AFF010_US_0022,2025-01-09,ios,affiliate,67.07,US
AFF_AFF003_GB_0023,2025-01-09,ios,affiliate,130.37,GB
AFF_AFF003_GB_0024,2025-01-09,android,affiliate,103.07,GB
AFF_AFF001_AU_0025,2025-01-09,android,affiliate,123.7,AU
AFF_AFF007_US_0026,2025-01-10,ios,affiliate,102.5,US
AFF_AFF001_SE_0027,2025-01-10,android,affiliate,107.44,SE
AFF_AFF003_SE_0028,2025-01-10,ios,affiliate,83.51,SE
AFF_AFF007_PL_0029,2025-01-11,ios,affiliate,16.81,PL
AFF_AFF004_US_0030,2025-01-11,ios,affiliate,92.34,US
AFF_AFF005_US_0031,2025-01-11,ios,affiliate,40.55,US
AFF_AFF010_AU_0032,2025-01-11,ios,affiliate,115.8,AU
AFF_AFF004_CA_0033,2025-01-12,ios,affiliate,79.17,CA
AFF_AFF008_CA_0034,2025-01-12,ios,affiliate,126.03,CA
AFF_AFF006_FR_0035,2025-01-12,ios,affiliate,107.37,FR
AFF_AFF009_US_0036,2025-01-13,android,affiliate,43.78,US
AFF_AFF009_GB_0037,2025-01-13,android,affiliate,88.98,GB
AFF_AFF002_US_0038,2025-01-13,ios,affiliate,89.61,US
AFF_AFF004_DE_0039,2025-01-13,ios,affiliate,45.93,DE
AFF_AFF007_NL_0040,2025-01-14,ios,affiliate,69.17,NL
AFF_AFF006_PL_0041,2025-01-14,ios,affiliate,64.62,PL
AFF_AFF010_US_0042,2025-01-14,ios,affiliate,103.56,US
AFF_AFF010_AU_0043,2025-01-14,android,affiliate,50.37,AU
AFF_AFF008_SE_0044,2025-01-14,ios,affiliate,82.38,SE
AFF_AFF007_CA_0045,2025-01-15,android,affiliate,88.18,CA
AFF_AFF009_SE_0046,2025-01-15,android,affiliate,85.94,SE
AFF_AFF009_BR_0047,2025-01-16,ios,affiliate,54.61,BR
AFF_AFF007_DE_0048,2025-01-16,ios,affiliate,108.54,DE
AFF_AFF006_GB_0049,2025-01-17,ios,affiliate,93.39,GB
AFF_AFF001_US_0050,2025-01-17,ios,affiliate,84.67,US
AFF_AFF001_CA_0051,2025-01-17,ios,affiliate,94.91,CA
AFF_AFF004_DE_0052,2025-01-17,ios,affiliate,92.97,DE
AFF_AFF005_AU_0053,2025-01-17,ios,affiliate,108.03,AU
AFF_AFF002_FR_0054,2025-01-18,ios,affiliate,71.46,FR
AFF_AFF008_US_0055,2025-01-18,android,affiliate,144.16,US
AFF_AFF002_AU_0056,2025-01-19,ios,affiliate,87.31,AU
AFF_AFF008_SE_0057,2025-01-19,ios,affiliate,92.12,SE
AFF_AFF002_US_0058,2025-01-19,ios,affiliate,43.69,US
AFF_AFF003_US_0059,2025-01-19,ios,affiliate,35.74,US
AFF_AFF005_NL_0060,2025-01-19,ios,affiliate,63.44,NL
AFF_AFF006_DE_0061,2025-01-20,android,affiliate,94.83,DE
AFF_AFF002_US_0062,2025-01-20,android,affiliate,86.09,US
AFF_AFF003_US_0063,2025-01-20,android,affiliate,95.94,US
AFF_AFF010_US_0064,2025-01-20,ios,affiliate,95.92,US
AFF_AFF001_DE_0065,2025-01-20,android,affiliate,92.89,DE
AFF_AFF006_US_0066,2025-01-21,ios,affiliate,98.84,US
AFF_AFF005_CA_0067,2025-01-21,ios,affiliate,80.92,CA
AFF_AFF010_PL_0068,2025-01-21,ios,affiliate,51.76,PL
AFF_AFF008_FR_0069,2025-01-21,ios,affiliate,59.12,FR
AFF_AFF005_US_0070,2025-01-22,ios,affiliate,99.44,US
AFF_AFF004_DE_0071,2025-01-22,android,affiliate,37.03,DE
AFF_AFF004_GB_0072,2025-01-22,ios,affiliate,94.2,GB
AFF_AFF008_US_0073,2025-01-22,android,affiliate,82.12,US
AFF_AFF002_US_0074,2025-01-22,ios,affiliate,68.14,US
AFF_AFF005_NL_0075,2025-01-23,android,affiliate,46.56,NL
AFF_AFF003_DE_0076,2025-01-23,ios,affiliate,92.21,DE
AFF_AFF003_US_0077,2025-01-23,ios,affiliate,59.85,US
AFF_AFF008_US_0078,2025-01-24,ios,affiliate,89.87,US
AFF_AFF001_US_0079,2025-01-24,ios,affiliate,73.33,US
AFF_AFF003_US_0080,2025-01-25,android,affiliate,108.31,US
AFF_AFF001_US_0081,2025-01-25,ios,affiliate,115.63,US
AFF_AFF009_DE_0082,2025-01-26,ios,affiliate,48.08,DE
AFF_AFF009_AU_0083,2025-01-26,android,affiliate,113.79,AU
AFF_AFF002_GB_0084,2025-01-27,ios,affiliate,101.96,GB
AFF_AFF008_DE_0085,2025-01-27,ios,affiliate,84.4,DE
AFF_AFF006_US_0086,2025-01-27,ios,affiliate,107.54,US
AFF_AFF003_US_0087,2025-01-27,ios,affiliate,103.81,US
AFF_AFF004_US_0088,2025-01-28,ios,affiliate,75.13,US
AFF_AFF008_CA_0089,2025-01-28,ios,affiliate,86.75,CA
AFF_AFF008_BR_0090,2025-01-28,android,affiliate,44.11,BR
AFF_AFF004_GB_0091,2025-01-29,ios,affiliate,118.75,GB
AFF_AFF008_US_0092,2025-01-29,android,affiliate,72.43,US
AFF_AFF007_US_0093,2025-01-30,ios,affiliate,98.45,US
AFF_AFF007_CA_0094,2025-01-30,android,affiliate,34.04,CA
AFF_AFF002_US_0095,2025-01-30,android,affiliate,93.33,US
AFF_AFF001_FR_0096,2025-01-30,ios,affiliate,69.76,FR
AFF_AFF008_US_0097,2025-01-31,android,affiliate,110.6,US
AFF_AFF003_BR_0098,2025-01-31,ios,affiliate,31.54,BR
AFF_AFF010_AU_0099,2025-02-01,android,affiliate,95.14,AU
AFF_AFF007_BR_0100,2025-02-01,ios,affiliate,63.85,BR
AFF_AFF005_US_0101,2025-02-02,android,affiliate,75.79,US
AFF_AFF010_US_0102,2025-02-02,ios,affiliate,89.33,US
AFF_AFF004_DE_0103,2025-02-03,ios,affiliate,80.44,DE
AFF_AFF001_CA_0104,2025-02-03,ios,affiliate,74.35,CA
AFF_AFF005_NL_0105,2025-02-03,ios,affiliate,54.54,NL
AFF_AFF006_GB_0106,2025-02-04,ios,affiliate,63.63,GB
AFF_AFF009_US_0107,2025-02-04,ios,affiliate,112.01,US
AFF_AFF007_CA_0108,2025-02-05,ios,affiliate,93.03,CA
AFF_AFF009_FR_0109,2025-02-05,android,affiliate,96.46,FR
AFF_AFF008_US_0110,2025-02-05,android,affiliate,78.92,US
AFF_AFF008_US_0111,2025-02-06,ios,affiliate,74.97,US
AFF_AFF002_NL_0112,2025-02-06,ios,affiliate,71.69,NL
AFF_AFF008_NL_0113,2025-02-06,android,affiliate,92.42,NL
AFF_AFF010_AU_0114,2025-02-06,android,affiliate,72.56,AU
AFF_AFF009_DE_0115,2025-02-06,ios,affiliate,59.26,DE
AFF_AFF006_US_0116,2025-02-07,ios,affiliate,72.26,US
AFF_AFF001_AU_0117,2025-02-07,ios,affiliate,95.52,AU
AFF_AFF001_DE_0118,2025-02-07,ios,affiliate,110.18,DE
AFF_AFF004_PL_0119,2025-02-08,android,affiliate,33.5,PL
AFF_AFF006_FR_0120,2025-02-08,ios,affiliate,104.97,FR
AFF_AFF002_BR_0121,2025-02-09,ios,affiliate,48.83,BR
AFF_AFF010_GB_0122,2025-02-09,android,affiliate,89.69,GB
AFF_AFF002_PL_0123,2025-02-09,ios,affiliate,19.35,PL
AFF_AFF003_SE_0124,2025-02-09,android,affiliate,61.97,SE
AFF_AFF008_AU_0125,2025-02-09,android,affiliate,121.36,AU
AFF_AFF004_US_0126,2025-02-10,ios,affiliate,91.64,US
AFF_AFF002_AU_0127,2025-02-10,android,affiliate,57.89,AU
AFF_AFF006_CA_0128,2025-02-10,ios,affiliate,88.44,CA
AFF_AFF010_FR_0129,2025-02-11,android,affiliate,74.07,FR
AFF_AFF005_AU_0130,2025-02-11,ios,affiliate,122.13,AU
AFF_AFF007_DE_0131,2025-02-11,android,affiliate,26.09,DE
AFF_AFF006_PL_0132,2025-02-12,android,affiliate,41.81,PL
AFF_AFF006_CA_0133,2025-02-12,ios,affiliate,44.25,CA
AFF_AFF006_CA_0134,2025-02-12,ios,affiliate,106.16,CA
AFF_AFF003_FR_0135,2025-02-13,ios,affiliate,89.44,FR
AFF_AFF002_GB_0136,2025-02-13,ios,affiliate,104.53,GB
AFF_AFF009_US_0137,2025-02-13,ios,affiliate,52.63,US
AFF_AFF004_FR_0138,2025-02-13,ios,affiliate,93.71,FR
AFF_AFF005_NL_0139,2025-02-13,ios,affiliate,77.52,NL
AFF_AFF004_FR_0140,2025-02-14,android,affiliate,55.58,FR
AFF_AFF010_US_0141,2025-02-14,ios,affiliate,74.31,US
AFF_AFF005_US_0142,2025-02-14,ios,affiliate,107.21,US
AFF_AFF007_CA_0143,2025-02-14,ios,affiliate,54.24,CA
AFF_AFF007_NL_0144,2025-02-14,ios,affiliate,48.27,NL
AFF_AFF002_US_0145,2025-02-15,ios,affiliate,98.05,US
AFF_AFF009_GB_0146,2025-02-15,ios,affiliate,107.04,GB
AFF_AFF003_FR_0147,2025-02-15,ios,affiliate,67.45,FR
AFF_AFF004_NL_0148,2025-02-15,android,affiliate,70.17,NL
AFF_AFF006_GB_0149,2025-02-16,ios,affiliate,53.85,GB
AFF_AFF008_US_0150,2025-02-16,ios,affiliate,89.32,US
AFF_AFF002_US_0151,2025-02-16,android,affiliate,68.57,US
AFF_AFF007_DE_0152,2025-02-17,android,affiliate,68.42,DE
AFF_AFF006_US_0153,2025-02-17,android,affiliate,135.45,US
AFF_AFF002_FR_0154,2025-02-17,ios,affiliate,90.26,FR
AFF_AFF008_CA_0155,2025-02-17,ios,affiliate,96.06,CA
AFF_AFF005_DE_0156,2025-02-17,ios,affiliate,110.8,DE
AFF_AFF008_US_0157,2025-02-18,ios,affiliate,71.17,US
AFF_AFF009_SE_0158,2025-02-18,ios,affiliate,70.26,SE
AFF_AFF004_US_0159,2025-02-18,android,affiliate,88.7,US
AFF_AFF005_AU_0160,2025-02-19,ios,affiliate,107.97,AU
AFF_AFF005_DE_0161,2025-02-19,ios,affiliate,76.86,DE
AFF_AFF004_PL_0162,2025-02-19,ios,affiliate,59.39,PL
AFF_AFF010_CA_0163,2025-02-19,ios,affiliate,83.46,CA
AFF_AFF002_DE_0164,2025-02-20,ios,affiliate,23.61,DE
AFF_AFF008_FR_0165,2025-02-20,ios,affiliate,68.44,FR
AFF_AFF005_CA_0166,2025-02-20,ios,affiliate,87.3,CA
AFF_AFF003_FR_0167,2025-02-20,ios,affiliate,83.28,FR
AFF_AFF008_US_0168,2025-02-21,ios,affiliate,63.48,US
AFF_AFF009_DE_0169,2025-02-21,android,affiliate,71.0,DE
AFF_AFF006_US_0170,2025-02-21,android,affiliate,88.39,US
AFF_AFF007_US_0171,2025-02-21,android,affiliate,99.2,US
AFF_AFF009_PL_0172,2025-02-22,android,affiliate,47.63,PL
AFF_AFF004_US_0173,2025-02-22,ios,affiliate,96.55,US
AFF_AFF001_CA_0174,2025-02-22,ios,affiliate,98.18,CA
AFF_AFF006_PL_0175,2025-02-22,ios,affiliate,24.52,PL
AFF_AFF005_FR_0176,2025-02-22,ios,affiliate,53.85,FR
AFF_AFF007_CA_0177,2025-02-23,ios,affiliate,91.39,CA
AFF_AFF009_DE_0178,2025-02-23,ios,affiliate,31.13,DE
AFF_AFF004_DE_0179,2025-02-24,android,affiliate,58.6,DE
AFF_AFF002_FR_0180,2025-02-24,android,affiliate,64.79,FR
AFF_AFF001_AU_0181,2025-02-24,android,affiliate,106.22,AU
AFF_AFF001_FR_0182,2025-02-25,android,affiliate,90.18,FR
AFF_AFF010_CA_0183,2025-02-25,ios,affiliate,103.1,CA
AFF_AFF001_NL_0184,2025-02-26,android,affiliate,60.44,NL
AFF_AFF004_NL_0185,2025-02-26,ios,affiliate,40.25,NL
AFF_AFF010_CA_0186,2025-02-26,ios,affiliate,83.48,CA
AFF_AFF003_GB_0187,2025-02-26,ios,affiliate,94.06,GB
AFF_AFF009_SE_0188,2025-02-27,android,affiliate,132.87,SE
AFF_AFF001_SE_0189,2025-02-27,ios,affiliate,104.1,SE
AFF_AFF007_GB_0190,2025-02-27,android,affiliate,105.13,GB
AFF_AFF009_PL_0191,2025-02-27,ios,affiliate,42.16,PL
AFF_AFF007_CA_0192,2025-02-28,ios,affiliate,68.34,CA
AFF_AFF004_DE_0193,2025-02-28,ios,affiliate,63.97,DE
AFF_AFF001_BR_0194,2025-02-28,ios,affiliate,43.5,BR
AFF_AFF004_GB_0195,2025-02-28,ios,affiliate,108.52,GB
AFF_AFF006_SE_0196,2025-03-01,ios,affiliate,81.47,SE
AFF_AFF004_US_0197,2025-03-01,ios,affiliate,59.62,US
AFF_AFF002_CA_0198,2025-03-01,ios,affiliate,83.41,CA
AFF_AFF010_US_0199,2025-03-02,android,affiliate,63.38,US
AFF_AFF002_FR_0200,2025-03-02,android,affiliate,81.3,FR
AFF_AFF009_FR_0201,2025-03-02,android,affiliate,59.8,FR
AFF_AFF009_SE_0202,2025-03-03,ios,affiliate,82.99,SE
AFF_AFF002_US_0203,2025-03-03,ios,affiliate,139.61,US
AFF_AFF004_GB_0204,2025-03-03,ios,affiliate,65.09,GB
AFF_AFF002_GB_0205,2025-03-03,ios,affiliate,63.51,GB
AFF_AFF003_AU_0206,2025-03-04,ios,affiliate,92.48,AU
AFF_AFF010_SE_0207,2025-03-04,android,affiliate,108.3,SE
AFF_AFF006_SE_0208,2025-03-05,ios,affiliate,82.5,SE
AFF_AFF007_US_0209,2025-03-05,ios,affiliate,100.34,US
AFF_AFF005_CA_0210,2025-03-05,ios,affiliate,55.98,CA
AFF_AFF004_DE_0211,2025-03-05,ios,affiliate,68.42,DE
AFF_AFF009_PL_0212,2025-03-05,android,affiliate,47.13,PL
AFF_AFF008_US_0213,2025-03-06,ios,affiliate,49.02,US
AFF_AFF010_US_0214,2025-03-06,ios,affiliate,65.86,US
AFF_AFF004_US_0215,2025-03-06,android,affiliate,92.02,US
AFF_AFF002_PL_0216,2025-03-06,ios,affiliate,60.88,PL
AFF_AFF010_PL_0217,2025-03-06,android,affiliate,45.88,PL
AFF_AFF005_BR_0218,2025-03-07,ios,affiliate,43.91,BR
AFF_AFF008_US_0219,2025-03-07,android,affiliate,105.65,US
AFF_AFF006_US_0220,2025-03-08,ios,affiliate,84.34,US
AFF_AFF009_NL_0221,2025-03-08,ios,affiliate,44.91,NL
AFF_AFF001_US_0222,2025-03-09,android,affiliate,75.02,US
AFF_AFF006_US_0223,2025-03-09,ios,affiliate,89.16,US
AFF_AFF002_GB_0224,2025-03-09,ios,affiliate,67.99,GB
AFF_AFF003_US_0225,2025-03-10,ios,affiliate,75.99,US
AFF_AFF009_US_0226,2025-03-10,ios,affiliate,71.27,US
AFF_AFF008_US_0227,2025-03-10,ios,affiliate,81.64,US
AFF_AFF010_GB_0228,2025-03-10,ios,affiliate,108.15,GB
AFF_AFF005_NL_0229,2025-03-10,ios,affiliate,71.18,NL
AFF_AFF009_GB_0230,2025-03-11,android,affiliate,73.0,GB
AFF_AFF003_DE_0231,2025-03-11,android,affiliate,72.61,DE
AFF_AFF008_GB_0232,2025-03-12,ios,affiliate,102.49,GB
AFF_AFF001_US_0233,2025-03-12,android,affiliate,90.01,US
AFF_AFF006_DE_0234,2025-03-12,ios,affiliate,79.36,DE
AFF_AFF007_CA_0235,2025-03-13,ios,affiliate,110.27,CA
AFF_AFF007_US_0236,2025-03-13,android,affiliate,70.03,US
AFF_AFF004_US_0237,2025-03-14,ios,affiliate,47.54,US
AFF_AFF002_US_0238,2025-03-14,android,affiliate,109.31,US
AFF_AFF002_US_0239,2025-03-15,android,affiliate,107.62,US
AFF_AFF008_BR_0240,2025-03-15,android,affiliate,46.35,BR
AFF_AFF005_AU_0241,2025-03-15,android,affiliate,93.88,AU
AFF_AFF007_AU_0242,2025-03-15,ios,affiliate,104.16,AU
AFF_AFF003_AU_0243,2025-03-16,ios,affiliate,60.48,AU
AFF_AFF008_NL_0244,2025-03-16,ios,affiliate,112.3,NL
AFF_AFF009_AU_0245,2025-03-16,android,affiliate,87.13,AU
AFF_AFF004_CA_0246,2025-03-17,android,affiliate,91.29,CA
AFF_AFF002_DE_0247,2025-03-17,ios,affiliate,91.92,DE
AFF_AFF004_NL_0248,2025-03-17,ios,affiliate,33.8,NL
AFF_AFF003_GB_0249,2025-03-17,ios,affiliate,120.01,GB
AFF_AFF007_NL_0250,2025-03-18,ios,affiliate,73.4,NL
AFF_AFF010_SE_0251,2025-03-18,android,affiliate,58.12,SE
AFF_AFF003_US_0252,2025-03-18,ios,affiliate,34.6,US
AFF_AFF004_US_0253,2025-03-19,ios,affiliate,140.2,US
AFF_AFF007_BR_0254,2025-03-19,ios,affiliate,37.68,BR
AFF_AFF003_FR_0255,2025-03-19,android,affiliate,38.5,FR
AFF_AFF006_US_0256,2025-03-19,ios,affiliate,78.63,US
AFF_AFF002_SE_0257,2025-03-19,android,affiliate,60.93,SE
AFF_AFF008_US_0258,2025-03-20,ios,affiliate,79.15,US
AFF_AFF009_SE_0259,2025-03-20,android,affiliate,96.63,SE
AFF_AFF001_US_0260,2025-03-21,ios,affiliate,89.41,US
AFF_AFF005_DE_0261,2025-03-21,ios,affiliate,45.56,DE
AFF_AFF010_US_0262,2025-03-21,android,affiliate,86.57,US
AFF_AFF009_CA_0263,2025-03-21,android,affiliate,105.7,CA
AFF_AFF004_PL_0264,2025-03-22,ios,affiliate,42.87,PL
AFF_AFF009_BR_0265,2025-03-22,ios,affiliate,43.5,BR
AFF_AFF007_US_0266,2025-03-22,android,affiliate,108.92,US
AFF_AFF010_PL_0267,2025-03-22,ios,affiliate,58.23,PL
AFF_AFF009_US_0268,2025-03-22,ios,affiliate,127.72,US
AFF_AFF008_US_0269,2025-03-23,ios,affiliate,96.71,US
AFF_AFF008_AU_0270,2025-03-23,ios,affiliate,88.86,AU
AFF_AFF004_PL_0271,2025-03-23,ios,affiliate,66.55,PL
AFF_AFF002_SE_0272,2025-03-23,android,affiliate,57.36,SE
AFF_AFF002_US_0273,2025-03-24,ios,affiliate,75.13,US
AFF_AFF008_NL_0274,2025-03-24,ios,affiliate,51.84,NL
AFF_AFF005_US_0275,2025-03-24,ios,affiliate,107.1,US
AFF_AFF008_BR_0276,2025-03-24,ios,affiliate,43.93,BR
AFF_AFF001_FR_0277,2025-03-24,ios,affiliate,57.41,FR
AFF_AFF002_FR_0278,2025-03-25,ios,affiliate,87.52,FR
AFF_AFF006_DE_0279,2025-03-25,ios,affiliate,103.03,DE
AFF_AFF003_FR_0280,2025-03-26,android,affiliate,75.85,FR
AFF_AFF008_US_0281,2025-03-26,ios,affiliate,88.73,US
AFF_AFF002_BR_0282,2025-03-26,android,affiliate,49.6,BR
AFF_AFF002_US_0283,2025-03-27,ios,affiliate,127.93,US
AFF_AFF003_US_0284,2025-03-27,android,affiliate,69.28,US
AFF_AFF004_US_0285,2025-03-27,ios,affiliate,99.41,US
AFF_AFF003_FR_0286,2025-03-28,android,affiliate,71.14,FR
AFF_AFF001_PL_0287,2025-03-28,ios,affiliate,40.96,PL
AFF_AFF002_AU_0288,2025-03-29,ios,affiliate,104.09,AU
AFF_AFF008_SE_0289,2025-03-29,ios,affiliate,73.13,SE
AFF_AFF010_SE_0290,2025-03-29,ios,affiliate,110.98,SE
AFF_AFF004_US_0291,2025-03-29,android,affiliate,58.4,US
AFF_AFF009_US_0292,2025-03-30,ios,affiliate,115.68,US
AFF_AFF008_US_0293,2025-03-30,ios,affiliate,119.56,US
AFF_AFF008_SE_0294,2025-03-30,android,affiliate,30.37,SE
AFF_AFF001_BR_0295,2025-03-30,ios,affiliate,33.4,BR
AFF_AFF001_GB_0296,2025-03-30,ios,affiliate,88.88,GB
AFF_AFF005_DE_0297,2025-03-31,ios,affiliate,90.76,DE
AFF_AFF002_US_0298,2025-03-31,ios,affiliate,71.13,US
AFF_AFF006_GB_0299,2025-04-01,android,affiliate,54.36,GB
AFF_AFF002_AU_0300,2025-04-01,android,affiliate,104.73,AU
AFF_AFF005_BR_0301,2025-04-01,ios,affiliate,41.36,BR
AFF_AFF001_CA_0302,2025-04-01,android,affiliate,78.93,CA
AFF_AFF006_CA_0303,2025-04-01,ios,affiliate,60.91,CA
AFF_AFF001_CA_0304,2025-04-02,ios,affiliate,78.73,CA
AFF_AFF005_FR_0305,2025-04-02,ios,affiliate,89.8,FR
AFF_AFF002_AU_0306,2025-04-03,ios,affiliate,101.71,AU
AFF_AFF005_DE_0307,2025-04-03,ios,affiliate,102.67,DE
AFF_AFF009_AU_0308,2025-04-03,ios,affiliate,121.52,AU
AFF_AFF001_CA_0309,2025-04-03,android,affiliate,80.23,CA
AFF_AFF004_US_0310,2025-04-04,ios,affiliate,105.19,US
AFF_AFF006_US_0311,2025-04-04,android,affiliate,71.16,US
AFF_AFF010_CA_0312,2025-04-04,ios,affiliate,68.56,CA
AFF_AFF009_SE_0313,2025-04-05,ios,affiliate,68.74,SE
AFF_AFF005_NL_0314,2025-04-05,ios,affiliate,66.61,NL
AFF_AFF009_AU_0315,2025-04-06,android,affiliate,63.19,AU
AFF_AFF005_US_0316,2025-04-06,ios,affiliate,96.99,US
AFF_AFF002_SE_0317,2025-04-06,ios,affiliate,98.66,SE
AFF_AFF001_NL_0318,2025-04-06,android,affiliate,82.84,NL
AFF_AFF009_FR_0319,2025-04-06,ios,affiliate,118.68,FR
AFF_AFF001_SE_0320,2025-04-07,android,affiliate,88.24,SE
AFF_AFF005_DE_0321,2025-04-07,ios,affiliate,51.05,DE
AFF_AFF008_NL_0322,2025-04-07,ios,affiliate,41.67,NL
AFF_AFF001_SE_0323,2025-04-08,android,affiliate,68.99,SE
AFF_AFF003_GB_0324,2025-04-08,ios,affiliate,74.89,GB
AFF_AFF007_US_0325,2025-04-08,ios,affiliate,81.67,US
AFF_AFF007_DE_0326,2025-04-08,ios,affiliate,94.92,DE
AFF_AFF002_GB_0327,2025-04-08,android,affiliate,60.87,GB
AFF_AFF001_AU_0328,2025-04-09,ios,affiliate,113.54,AU
AFF_AFF010_US_0329,2025-04-09,ios,affiliate,86.63,US
AFF_AFF007_GB_0330,2025-04-09,ios,affiliate,61.13,GB
AFF_AFF002_US_0331,2025-04-09,ios,affiliate,57.45,US
AFF_AFF008_FR_0332,2025-04-09,android,affiliate,44.77,FR
AFF_AFF009_DE_0333,2025-04-10,ios,affiliate,69.31,DE
AFF_AFF006_AU_0334,2025-04-10,ios,affiliate,96.35,AU
AFF_AFF008_AU_0335,2025-04-10,ios,affiliate,104.12,AU
AFF_AFF002_DE_0336,2025-04-10,android,affiliate,73.49,DE
AFF_AFF001_AU_0337,2025-04-10,android,affiliate,91.07,AU
AFF_AFF009_FR_0338,2025-04-11,ios,affiliate,80.15,FR
AFF_AFF005_US_0339,2025-04-11,android,affiliate,65.06,US
AFF_AFF006_US_0340,2025-04-11,android,affiliate,98.69,US
AFF_AFF005_SE_0341,2025-04-11,android,affiliate,90.94,SE
AFF_AFF010_US_0342,2025-04-12,ios,affiliate,65.51,US
AFF_AFF010_SE_0343,2025-04-12,android,affiliate,71.02,SE
AFF_AFF001_DE_0344,2025-04-12,ios,affiliate,76.27,DE
AFF_AFF008_DE_0345,2025-04-13,ios,affiliate,40.29,DE
AFF_AFF005_CA_0346,2025-04-13,android,affiliate,96.4,CA
AFF_AFF007_SE_0347,2025-04-13,android,affiliate,86.81,SE
AFF_AFF001_DE_0348,2025-04-13,android,affiliate,101.91,DE
AFF_AFF001_DE_0349,2025-04-13,android,affiliate,86.2,DE
AFF_AFF002_US_0350,2025-04-14,ios,affiliate,99.9,US
AFF_AFF007_CA_0351,2025-04-14,ios,affiliate,104.09,CA
AFF_AFF004_GB_0352,2025-04-14,ios,affiliate,125.69,GB
AFF_AFF002_FR_0353,2025-04-14,ios,affiliate,66.55,FR
AFF_AFF010_BR_0354,2025-04-15,ios,affiliate,44.61,BR
AFF_AFF008_SE_0355,2025-04-15,ios,affiliate,30.01,SE
AFF_AFF010_US_0356,2025-04-15,ios,affiliate,133.68,US
AFF_AFF008_US_0357,2025-04-15,ios,affiliate,33.65,US
AFF_AFF006_NL_0358,2025-04-15,ios,affiliate,58.94,NL
AFF_AFF003_GB_0359,2025-04-16,ios,affiliate,92.91,GB
AFF_AFF001_AU_0360,2025-04-16,ios,affiliate,96.36,AU
AFF_AFF001_US_0361,2025-04-17,android,affiliate,63.99,US
AFF_AFF004_DE_0362,2025-04-17,ios,affiliate,54.31,DE
AFF_AFF006_GB_0363,2025-04-17,android,affiliate,66.18,GB
AFF_AFF003_US_0364,2025-04-18,android,affiliate,86.34,US
AFF_AFF010_SE_0365,2025-04-18,android,affiliate,63.55,SE
AFF_AFF009_FR_0366,2025-04-18,ios,affiliate,69.29,FR
AFF_AFF003_DE_0367,2025-04-18,android,affiliate,122.74,DE
AFF_AFF010_US_0368,2025-04-19,ios,affiliate,93.78,US
AFF_AFF010_SE_0369,2025-04-19,android,affiliate,55.12,SE
AFF_AFF006_NL_0370,2025-04-19,android,affiliate,56.22,NL
AFF_AFF003_DE_0371,2025-04-19,ios,affiliate,79.49,DE
AFF_AFF008_US_0372,2025-04-20,android,affiliate,68.38,US
AFF_AFF006_GB_0373,2025-04-20,ios,affiliate,60.48,GB
AFF_AFF004_DE_0374,2025-04-20,ios,affiliate,77.7,DE
AFF_AFF007_GB_0375,2025-04-21,android,affiliate,88.01,GB
AFF_AFF004_DE_0376,2025-04-21,android,affiliate,123.37,DE
AFF_AFF010_GB_0377,2025-04-21,android,affiliate,111.97,GB
AFF_AFF004_DE_0378,2025-04-22,ios,affiliate,95.7,DE
AFF_AFF003_BR_0379,2025-04-22,ios,affiliate,54.11,BR
AFF_AFF007_CA_0380,2025-04-22,ios,affiliate,52.46,CA
AFF_AFF007_DE_0381,2025-04-22,ios,affiliate,98.22,DE
AFF_AFF008_US_0382,2025-04-22,ios,affiliate,80.43,US
AFF_AFF005_US_0383,2025-04-23,ios,affiliate,56.16,US
AFF_AFF006_CA_0384,2025-04-23,android,affiliate,74.31,CA
AFF_AFF003_GB_0385,2025-04-23,android,affiliate,92.17,GB
AFF_AFF007_US_0386,2025-04-23,ios,affiliate,70.53,US
AFF_AFF007_PL_0387,2025-04-24,ios,affiliate,49.75,PL
AFF_AFF003_GB_0388,2025-04-24,ios,affiliate,98.63,GB
AFF_AFF008_NL_0389,2025-04-24,android,affiliate,55.19,NL
AFF_AFF005_US_0390,2025-04-25,android,affiliate,101.77,US
AFF_AFF002_DE_0391,2025-04-25,ios,affiliate,51.78,DE
AFF_AFF001_CA_0392,2025-04-25,ios,affiliate,78.48,CA
AFF_AFF006_GB_0393,2025-04-25,ios,affiliate,62.54,GB
AFF_AFF004_GB_0394,2025-04-25,ios,affiliate,73.83,GB
AFF_AFF006_FR_0395,2025-04-26,android,affiliate,71.89,FR
AFF_AFF008_GB_0396,2025-04-26,ios,affiliate,108.87,GB
AFF_AFF002_US_0397,2025-04-26,android,affiliate,75.68,US
AFF_AFF005_US_0398,2025-04-26,ios,affiliate,109.78,US
AFF_AFF007_CA_0399,2025-04-26,ios,affiliate,91.89,CA
AFF_AFF005_CA_0400,2025-04-27,ios,affiliate,80.34,CA
AFF_AFF002_DE_0401,2025-04-27,ios,affiliate,62.8,DE
AFF_AFF005_US_0402,2025-04-28,ios,affiliate,96.26,US
AFF_AFF009_GB_0403,2025-04-28,ios,affiliate,54.42,GB
AFF_AFF001_GB_0404,2025-04-29,ios,affiliate,90.81,GB
AFF_AFF005_US_0405,2025-04-29,ios,affiliate,86.04,US
AFF_AFF004_FR_0406,2025-04-29,ios,affiliate,67.85,FR
AFF_AFF007_US_0407,2025-04-29,ios,affiliate,73.02,US
AFF_AFF004_US_0408,2025-04-29,android,affiliate,76.27,US
AFF_AFF001_DE_0409,2025-04-30,ios,affiliate,61.26,DE
AFF_AFF001_DE_0410,2025-04-30,android,affiliate,61.06,DE
AFF_AFF008_SE_0411,2025-05-01,ios,affiliate,52.66,SE
AFF_AFF005_PL_0412,2025-05-01,android,affiliate,47.19,PL
AFF_AFF005_AU_0413,2025-05-01,ios,affiliate,75.52,AU
AFF_AFF008_BR_0414,2025-05-02,ios,affiliate,40.62,BR
AFF_AFF003_DE_0415,2025-05-02,ios,affiliate,92.54,DE
AFF_AFF008_PL_0416,2025-05-02,android,affiliate,43.83,PL
AFF_AFF002_US_0417,2025-05-03,android,affiliate,43.35,US
AFF_AFF003_US_0418,2025-05-03,ios,affiliate,128.79,US
AFF_AFF006_CA_0419,2025-05-03,ios,affiliate,74.63,CA
AFF_AFF001_SE_0420,2025-05-03,ios,affiliate,114.23,SE
AFF_AFF010_SE_0421,2025-05-03,ios,affiliate,102.85,SE
AFF_AFF002_PL_0422,2025-05-04,ios,affiliate,35.99,PL
AFF_AFF009_GB_0423,2025-05-04,android,affiliate,121.74,GB
AFF_AFF002_DE_0424,2025-05-05,ios,affiliate,97.77,DE
AFF_AFF009_SE_0425,2025-05-05,ios,affiliate,67.91,SE
AFF_AFF003_NL_0426,2025-05-05,ios,affiliate,66.71,NL
AFF_AFF009_US_0427,2025-05-05,ios,affiliate,85.21,US
AFF_AFF001_CA_0428,2025-05-05,android,affiliate,67.42,CA
AFF_AFF004_US_0429,2025-05-06,ios,affiliate,110.2,US
AFF_AFF005_US_0430,2025-05-06,ios,affiliate,100.28,US
AFF_AFF002_US_0431,2025-05-06,ios,affiliate,97.9,US
AFF_AFF006_US_0432,2025-05-06,ios,affiliate,112.86,US
AFF_AFF007_DE_0433,2025-05-07,android,affiliate,64.06,DE
AFF_AFF008_US_0434,2025-05-07,ios,affiliate,85.82,US
AFF_AFF006_DE_0435,2025-05-07,android,affiliate,103.66,DE
AFF_AFF006_US_0436,2025-05-07,ios,affiliate,95.79,US
AFF_AFF009_DE_0437,2025-05-07,ios,affiliate,70.53,DE
AFF_AFF007_US_0438,2025-05-08,ios,affiliate,68.45,US
AFF_AFF001_US_0439,2025-05-08,ios,affiliate,89.47,US
AFF_AFF004_DE_0440,2025-05-08,ios,affiliate,71.91,DE
AFF_AFF002_US_0441,2025-05-09,ios,affiliate,130.24,US
AFF_AFF009_BR_0442,2025-05-09,ios,affiliate,52.75,BR
AFF_AFF003_DE_0443,2025-05-09,android,affiliate,78.39,DE
AFF_AFF005_FR_0444,2025-05-09,android,affiliate,48.66,FR
AFF_AFF008_NL_0445,2025-05-10,ios,affiliate,59.01,NL
AFF_AFF009_CA_0446,2025-05-10,ios,affiliate,89.43,CA
AFF_AFF008_DE_0447,2025-05-10,ios,affiliate,39.39,DE
AFF_AFF003_FR_0448,2025-05-11,android,affiliate,73.41,FR
AFF_AFF008_US_0449,2025-05-11,ios,affiliate,79.68,US
AFF_AFF004_AU_0450,2025-05-12,ios,affiliate,87.57,AU
AFF_AFF010_DE_0451,2025-05-12,android,affiliate,95.62,DE
AFF_AFF006_CA_0452,2025-05-13,android,affiliate,61.27,CA
AFF_AFF001_FR_0453,2025-05-13,android,affiliate,76.16,FR
AFF_AFF007_AU_0454,2025-05-13,ios,affiliate,93.2,AU
AFF_AFF004_PL_0455,2025-05-13,ios,affiliate,52.89,PL
AFF_AFF001_NL_0456,2025-05-14,android,affiliate,11.02,NL
AFF_AFF004_US_0457,2025-05-14,ios,affiliate,76.63,US
AFF_AFF002_DE_0458,2025-05-14,ios,affiliate,67.28,DE
AFF_AFF004_US_0459,2025-05-14,ios,affiliate,117.77,US
AFF_AFF009_DE_0460,2025-05-15,android,affiliate,112.61,DE
AFF_AFF004_GB_0461,2025-05-15,android,affiliate,115.11,GB
AFF_AFF001_FR_0462,2025-05-15,ios,affiliate,60.31,FR
AFF_AFF003_NL_0463,2025-05-16,ios,affiliate,57.15,NL
AFF_AFF007_AU_0464,2025-05-16,ios,affiliate,59.15,AU
AFF_AFF002_DE_0465,2025-05-16,android,affiliate,50.11,DE
AFF_AFF003_FR_0466,2025-05-16,ios,affiliate,71.72,FR
AFF_AFF007_FR_0467,2025-05-16,ios,affiliate,84.92,FR
AFF_AFF002_AU_0468,2025-05-17,android,affiliate,124.86,AU
AFF_AFF004_US_0469,2025-05-17,android,affiliate,106.95,US
AFF_AFF008_GB_0470,2025-05-17,ios,affiliate,85.61,GB
AFF_AFF008_NL_0471,2025-05-18,android,affiliate,59.73,NL
AFF_AFF004_GB_0472,2025-05-18,android,affiliate,93.19,GB
AFF_AFF005_US_0473,2025-05-18,ios,affiliate,75.13,US
AFF_AFF001_DE_0474,2025-05-18,android,affiliate,68.51,DE
AFF_AFF009_US_0475,2025-05-18,ios,affiliate,64.25,US
AFF_AFF009_AU_0476,2025-05-19,ios,affiliate,68.37,AU
AFF_AFF010_PL_0477,2025-05-19,android,affiliate,41.03,PL
AFF_AFF001_DE_0478,2025-05-19,ios,affiliate,65.92,DE
AFF_AFF008_FR_0479,2025-05-19,android,affiliate,40.27,FR
AFF_AFF006_NL_0480,2025-05-19,ios,affiliate,50.55,NL
AFF_AFF003_GB_0481,2025-05-20,ios,affiliate,100.97,GB
AFF_AFF008_AU_0482,2025-05-20,ios,affiliate,100.22,AU
AFF_AFF004_NL_0483,2025-05-20,ios,affiliate,58.53,NL
AFF_AFF008_DE_0484,2025-05-20,ios,affiliate,55.05,DE
AFF_AFF007_US_0485,2025-05-20,ios,affiliate,72.09,US
AFF_AFF003_FR_0486,2025-05-21,android,affiliate,101.33,FR
AFF_AFF006_GB_0487,2025-05-21,ios,affiliate,122.37,GB
AFF_AFF006_US_0488,2025-05-21,ios,affiliate,89.46,US
AFF_AFF010_US_0489,2025-05-22,ios,affiliate,75.47,US
AFF_AFF003_FR_0490,2025-05-22,ios,affiliate,108.18,FR
AFF_AFF005_PL_0491,2025-05-23,android,affiliate,41.91,PL
AFF_AFF003_SE_0492,2025-05-23,ios,affiliate,78.82,SE
AFF_AFF001_BR_0493,2025-05-23,android,affiliate,28.73,BR
AFF_AFF005_US_0494,2025-05-23,ios,affiliate,87.02,US
AFF_AFF007_FR_0495,2025-05-23,ios,affiliate,78.61,FR
AFF_AFF004_SE_0496,2025-05-24,ios,affiliate,111.76,SE
AFF_AFF001_BR_0497,2025-05-24,ios,affiliate,35.96,BR
AFF_AFF004_GB_0498,2025-05-24,ios,affiliate,42.08,GB
AFF_AFF010_US_0499,2025-05-24,ios,affiliate,112.0,US
AFF_AFF009_BR_0500,2025-05-24,ios,affiliate,37.04,BR
AFF_AFF009_FR_0501,2025-05-25,ios,affiliate,108.36,FR
AFF_AFF004_CA_0502,2025-05-25,android,affiliate,42.31,CA
AFF_AFF009_FR_0503,2025-05-25,ios,affiliate,64.32,FR
AFF_AFF008_GB_0504,2025-05-25,ios,affiliate,92.02,GB
AFF_AFF005_SE_0505,2025-05-25,ios,affiliate,86.8,SE
AFF_AFF003_US_0506,2025-05-26,android,affiliate,73.47,US
AFF_AFF006_US_0507,2025-05-26,ios,affiliate,81.02,US
AFF_AFF008_FR_0508,2025-05-27,ios,affiliate,89.74,FR
AFF_AFF007_PL_0509,2025-05-27,android,affiliate,43.45,PL
AFF_AFF007_PL_0510,2025-05-27,ios,affiliate,34.28,PL
AFF_AFF004_BR_0511,2025-05-27,ios,affiliate,30.06,BR
AFF_AFF004_SE_0512,2025-05-28,ios,affiliate,101.66,SE
AFF_AFF008_US_0513,2025-05-28,ios,affiliate,90.18,US
AFF_AFF006_CA_0514,2025-05-28,ios,affiliate,69.05,CA
AFF_AFF007_GB_0515,2025-05-29,android,affiliate,125.61,GB
AFF_AFF004_US_0516,2025-05-29,android,affiliate,95.91,US
AFF_AFF006_CA_0517,2025-05-29,ios,affiliate,68.94,CA
AFF_AFF001_US_0518,2025-05-30,android,affiliate,89.27,US
AFF_AFF003_US_0519,2025-05-30,ios,affiliate,103.44,US
AFF_AFF008_US_0520,2025-05-31,ios,affiliate,76.97,US
AFF_AFF001_AU_0521,2025-05-31,android,affiliate,95.71,AU
AFF_AFF006_DE_0522,2025-05-31,android,affiliate,84.17,DE
AFF_AFF003_US_0523,2025-05-31,ios,affiliate,51.83,US
AFF_AFF009_US_0524,2025-06-01,ios,affiliate,54.65,US
AFF_AFF001_US_0525,2025-06-01,android,affiliate,76.38,US
AFF_AFF007_US_0526,2025-06-02,android,affiliate,83.57,US
AFF_AFF010_NL_0527,2025-06-02,ios,affiliate,85.05,NL
AFF_AFF007_US_0528,2025-06-02,android,affiliate,128.71,US
AFF_AFF009_NL_0529,2025-06-03,ios,affiliate,52.52,NL
AFF_AFF002_GB_0530,2025-06-03,ios,affiliate,92.07,GB
AFF_AFF008_US_0531,2025-06-03,ios,affiliate,107.31,US
AFF_AFF009_SE_0532,2025-06-04,ios,affiliate,62.72,SE
AFF_AFF005_SE_0533,2025-06-04,ios,affiliate,94.69,SE
AFF_AFF004_US_0534,2025-06-04,android,affiliate,71.2,US
AFF_AFF008_FR_0535,2025-06-04,ios,affiliate,55.31,FR
AFF_AFF007_DE_0536,2025-06-04,android,affiliate,79.47,DE
AFF_AFF002_US_0537,2025-06-05,android,affiliate,73.99,US
AFF_AFF007_CA_0538,2025-06-05,ios,affiliate,82.7,CA
AFF_AFF005_DE_0539,2025-06-05,android,affiliate,97.91,DE
AFF_AFF001_DE_0540,2025-06-05,ios,affiliate,107.8,DE
AFF_AFF001_GB_0541,2025-06-05,android,affiliate,138.85,GB
AFF_AFF003_AU_0542,2025-06-06,ios,affiliate,84.13,AU
AFF_AFF005_US_0543,2025-06-06,ios,affiliate,69.22,US
AFF_AFF010_SE_0544,2025-06-06,ios,affiliate,53.6,SE
AFF_AFF002_GB_0545,2025-06-07,ios,affiliate,141.67,GB
AFF_AFF001_US_0546,2025-06-07,ios,affiliate,74.23,US
AFF_AFF005_SE_0547,2025-06-07,ios,affiliate,70.3,SE
AFF_AFF002_US_0548,2025-06-08,ios,affiliate,101.48,US
AFF_AFF005_AU_0549,2025-06-08,ios,affiliate,70.86,AU
AFF_AFF008_CA_0550,2025-06-09,ios,affiliate,74.21,CA
AFF_AFF007_US_0551,2025-06-09,ios,affiliate,78.76,US
AFF_AFF002_GB_0552,2025-06-09,android,affiliate,92.55,GB
AFF_AFF009_SE_0553,2025-06-09,ios,affiliate,95.44,SE
AFF_AFF010_AU_0554,2025-06-09,android,affiliate,121.69,AU
AFF_AFF007_DE_0555,2025-06-10,android,affiliate,77.72,DE
AFF_AFF006_DE_0556,2025-06-10,android,affiliate,63.47,DE
AFF_AFF001_CA_0557,2025-06-10,android,affiliate,73.88,CA
AFF_AFF002_GB_0558,2025-06-10,ios,affiliate,67.79,GB
AFF_AFF007_AU_0559,2025-06-10,ios,affiliate,114.98,AU
AFF_AFF010_FR_0560,2025-06-11,ios,affiliate,92.83,FR
AFF_AFF007_DE_0561,2025-06-11,ios,affiliate,82.15,DE
AFF_AFF006_FR_0562,2025-06-11,android,affiliate,83.46,FR
AFF_AFF009_PL_0563,2025-06-11,ios,affiliate,53.96,PL
AFF_AFF010_SE_0564,2025-06-12,android,affiliate,118.02,SE
AFF_AFF007_NL_0565,2025-06-12,android,affiliate,84.48,NL
AFF_AFF006_GB_0566,2025-06-12,ios,affiliate,99.61,GB
AFF_AFF007_CA_0567,2025-06-12,android,affiliate,72.82,CA
AFF_AFF004_SE_0568,2025-06-13,android,affiliate,108.67,SE
AFF_AFF003_CA_0569,2025-06-13,ios,affiliate,42.2,CA
AFF_AFF001_GB_0570,2025-06-13,ios,affiliate,116.35,GB
AFF_AFF006_US_0571,2025-06-13,android,affiliate,61.5,US
AFF_AFF001_CA_0572,2025-06-14,ios,affiliate,73.81,CA
AFF_AFF006_DE_0573,2025-06-14,ios,affiliate,64.46,DE
AFF_AFF002_DE_0574,2025-06-15,ios,affiliate,71.08,DE
AFF_AFF006_PL_0575,2025-06-15,ios,affiliate,68.93,PL
AFF_AFF006_GB_0576,2025-06-16,ios,affiliate,135.8,GB
AFF_AFF004_AU_0577,2025-06-16,ios,affiliate,78.4,AU
AFF_AFF010_GB_0578,2025-06-17,ios,affiliate,87.53,GB
AFF_AFF008_US_0579,2025-06-17,android,affiliate,83.01,US
AFF_AFF001_AU_0580,2025-06-17,ios,affiliate,93.04,AU
AFF_AFF001_US_0581,2025-06-17,ios,affiliate,84.61,US
AFF_AFF005_US_0582,2025-06-17,android,affiliate,93.44,US
AFF_AFF010_PL_0583,2025-06-18,ios,affiliate,39.25,PL
AFF_AFF008_AU_0584,2025-06-18,ios,affiliate,100.25,AU
AFF_AFF004_US_0585,2025-06-18,ios,affiliate,91.89,US
AFF_AFF002_NL_0586,2025-06-18,ios,affiliate,61.92,NL
AFF_AFF007_BR_0587,2025-06-19,ios,affiliate,64.34,BR
AFF_AFF008_GB_0588,2025-06-19,ios,affiliate,83.54,GB
AFF_AFF004_US_0589,2025-06-19,ios,affiliate,120.37,US
AFF_AFF005_US_0590,2025-06-20,android,affiliate,118.19,US
AFF_AFF008_BR_0591,2025-06-20,android,affiliate,51.99,BR
AFF_AFF002_AU_0592,2025-06-20,ios,affiliate,79.87,AU
AFF_AFF001_SE_0593,2025-06-20,ios,affiliate,44.54,SE
AFF_AFF009_GB_0594,2025-06-21,ios,affiliate,118.39,GB
AFF_AFF007_CA_0595,2025-06-21,ios,affiliate,88.46,CA
AFF_AFF004_DE_0596,2025-06-22,ios,affiliate,80.76,DE
AFF_AFF003_AU_0597,2025-06-22,android,affiliate,83.66,AU
AFF_AFF002_DE_0598,2025-06-22,ios,affiliate,72.16,DE
AFF_AFF009_US_0599,2025-06-22,ios,affiliate,82.13,US
AFF_AFF003_US_0600,2025-06-22,ios,affiliate,106.33,US
AFF_AFF005_NL_0601,2025-06-23,ios,affiliate,54.86,NL
AFF_AFF006_CA_0602,2025-06-23,android,affiliate,85.94,CA
AFF_AFF007_BR_0603,2025-06-24,ios,affiliate,58.6,BR
AFF_AFF009_AU_0604,2025-06-24,android,affiliate,56.33,AU
AFF_AFF007_BR_0605,2025-06-24,ios,affiliate,48.95,BR
AFF_AFF006_US_0606,2025-06-25,ios,affiliate,107.74,US
AFF_AFF005_CA_0607,2025-06-25,ios,affiliate,119.13,CA
AFF_AFF006_US_0608,2025-06-26,ios,affiliate,101.67,US
AFF_AFF005_US_0609,2025-06-26,android,affiliate,85.03,US
AFF_AFF005_US_0610,2025-06-26,ios,affiliate,67.64,US
AFF_AFF009_US_0611,2025-06-26,android,affiliate,68.66,US
AFF_AFF009_GB_0612,2025-06-26,android,affiliate,68.85,GB
AFF_AFF003_GB_0613,2025-06-27,android,affiliate,104.3,GB
AFF_AFF008_US_0614,2025-06-27,ios,affiliate,58.67,US
AFF_AFF005_US_0615,2025-06-28,ios,affiliate,99.41,US
AFF_AFF001_DE_0616,2025-06-28,ios,affiliate,82.61,DE
AFF_AFF006_US_0617,2025-06-29,android,affiliate,102.92,US
AFF_AFF005_FR_0618,2025-06-29,ios,affiliate,82.07,FR
AFF_AFF003_NL_0619,2025-06-29,android,affiliate,48.91,NL
AFF_AFF009_DE_0620,2025-06-29,ios,affiliate,68.92,DE
AFF_AFF002_CA_0621,2025-06-29,ios,affiliate,78.0,CA
AFF_AFF005_NL_0622,2025-06-30,ios,affiliate,67.84,NL
AFF_AFF006_GB_0623,2025-06-30,ios,affiliate,100.8,GB
AFF_AFF007_CA_0624,2025-06-30,ios,affiliate,74.61,CA
AFF_AFF006_CA_0625,2025-06-30,ios,affiliate,83.12,CA
AFF_AFF002_CA_0626,2025-06-30,android,affiliate,81.78,CA
AFF_AFF008_US_0627,2025-07-01,android,affiliate,86.66,US
AFF_AFF007_NL_0628,2025-07-01,ios,affiliate,58.57,NL
AFF_AFF003_US_0629,2025-07-01,ios,affiliate,81.42,US
AFF_AFF002_DE_0630,2025-07-01,android,affiliate,78.74,DE
AFF_AFF008_GB_0631,2025-07-02,ios,affiliate,89.92,GB
AFF_AFF007_GB_0632,2025-07-02,ios,affiliate,68.17,GB
AFF_AFF004_CA_0633,2025-07-03,android,affiliate,102.08,CA
AFF_AFF007_DE_0634,2025-07-03,ios,affiliate,69.0,DE
AFF_AFF009_DE_0635,2025-07-03,ios,affiliate,87.15,DE
AFF_AFF007_US_0636,2025-07-03,ios,affiliate,101.06,US
AFF_AFF006_NL_0637,2025-07-03,ios,affiliate,62.16,NL
AFF_AFF004_DE_0638,2025-07-04,android,affiliate,111.84,DE
AFF_AFF005_FR_0639,2025-07-04,ios,affiliate,85.33,FR
AFF_AFF005_CA_0640,2025-07-05,ios,affiliate,67.99,CA
AFF_AFF001_AU_0641,2025-07-05,ios,affiliate,102.5,AU
AFF_AFF007_AU_0642,2025-07-06,ios,affiliate,81.94,AU
AFF_AFF005_BR_0643,2025-07-06,ios,affiliate,25.92,BR
AFF_AFF010_SE_0644,2025-07-07,ios,affiliate,73.43,SE
AFF_AFF010_BR_0645,2025-07-07,ios,affiliate,42.33,BR
AFF_AFF008_CA_0646,2025-07-07,android,affiliate,81.75,CA
AFF_AFF003_CA_0647,2025-07-07,android,affiliate,97.28,CA
AFF_AFF004_US_0648,2025-07-07,android,affiliate,56.28,US
AFF_AFF003_BR_0649,2025-07-08,ios,affiliate,19.42,BR
AFF_AFF004_NL_0650,2025-07-08,android,affiliate,52.08,NL
AFF_AFF003_DE_0651,2025-07-09,ios,affiliate,77.84,DE
AFF_AFF009_AU_0652,2025-07-09,ios,affiliate,88.56,AU
AFF_AFF005_CA_0653,2025-07-09,ios,affiliate,65.09,CA
AFF_AFF007_BR_0654,2025-07-10,ios,affiliate,38.27,BR
AFF_AFF008_FR_0655,2025-07-10,android,affiliate,92.21,FR
AFF_AFF005_US_0656,2025-07-10,ios,affiliate,96.0,US
AFF_AFF007_NL_0657,2025-07-11,ios,affiliate,75.64,NL
AFF_AFF007_GB_0658,2025-07-11,ios,affiliate,94.47,GB
AFF_AFF006_CA_0659,2025-07-11,android,affiliate,64.37,CA
AFF_AFF008_DE_0660,2025-07-11,android,affiliate,98.48,DE
AFF_AFF006_FR_0661,2025-07-12,ios,affiliate,68.94,FR
AFF_AFF005_GB_0662,2025-07-12,ios,affiliate,60.43,GB
AFF_AFF002_US_0663,2025-07-12,ios,affiliate,85.22,US
AFF_AFF005_US_0664,2025-07-13,ios,affiliate,88.93,US
AFF_AFF009_NL_0665,2025-07-13,ios,affiliate,68.82,NL
AFF_AFF007_SE_0666,2025-07-13,ios,affiliate,86.64,SE
AFF_AFF005_DE_0667,2025-07-13,android,affiliate,82.99,DE
AFF_AFF010_GB_0668,2025-07-13,android,affiliate,90.43,GB
AFF_AFF002_GB_0669,2025-07-14,ios,affiliate,102.65,GB
AFF_AFF008_US_0670,2025-07-14,ios,affiliate,93.87,US
AFF_AFF010_PL_0671,2025-07-14,android,affiliate,50.75,PL
AFF_AFF005_GB_0672,2025-07-14,ios,affiliate,60.23,GB
AFF_AFF010_SE_0673,2025-07-15,ios,affiliate,79.86,SE
AFF_AFF003_CA_0674,2025-07-15,ios,affiliate,89.99,CA
AFF_AFF008_US_0675,2025-07-15,ios,affiliate,83.2,US
AFF_AFF002_BR_0676,2025-07-15,ios,affiliate,37.44,BR
AFF_AFF008_CA_0677,2025-07-16,ios,affiliate,54.38,CA
AFF_AFF001_US_0678,2025-07-16,ios,affiliate,100.53,US
AFF_AFF007_US_0679,2025-07-16,android,affiliate,76.35,US
AFF_AFF008_NL_0680,2025-07-16,ios,affiliate,79.67,NL
AFF_AFF008_FR_0681,2025-07-16,ios,affiliate,57.51,FR
AFF_AFF003_AU_0682,2025-07-17,android,affiliate,109.07,AU
AFF_AFF008_BR_0683,2025-07-17,ios,affiliate,29.04,BR
AFF_AFF004_DE_0684,2025-07-17,ios,affiliate,79.01,DE
AFF_AFF007_CA_0685,2025-07-17,ios,affiliate,91.2,CA
AFF_AFF009_PL_0686,2025-07-18,ios,affiliate,45.43,PL
AFF_AFF001_NL_0687,2025-07-18,ios,affiliate,79.56,NL
AFF_AFF007_GB_0688,2025-07-18,ios,affiliate,116.83,GB
AFF_AFF001_GB_0689,2025-07-18,ios,affiliate,105.53,GB
AFF_AFF009_US_0690,2025-07-19,ios,affiliate,30.63,US
AFF_AFF001_US_0691,2025-07-19,android,affiliate,110.87,US
AFF_AFF003_DE_0692,2025-07-19,android,affiliate,90.39,DE
AFF_AFF007_US_0693,2025-07-20,ios,affiliate,71.9,US
AFF_AFF005_GB_0694,2025-07-20,ios,affiliate,81.54,GB
AFF_AFF008_FR_0695,2025-07-21,ios,affiliate,65.64,FR
AFF_AFF010_NL_0696,2025-07-21,ios,affiliate,50.35,NL
AFF_AFF007_US_0697,2025-07-21,ios,affiliate,78.1,US
AFF_AFF001_DE_0698,2025-07-22,ios,affiliate,118.13,DE
AFF_AFF008_US_0699,2025-07-22,ios,affiliate,127.41,US
AFF_AFF007_GB_0700,2025-07-22,ios,affiliate,159.97,GB
AFF_AFF003_GB_0701,2025-07-22,android,affiliate,95.18,GB
AFF_AFF007_US_0702,2025-07-22,android,affiliate,95.58,US
AFF_AFF007_CA_0703,2025-07-23,android,affiliate,86.57,CA
AFF_AFF003_FR_0704,2025-07-23,ios,affiliate,86.02,FR
AFF_AFF001_BR_0705,2025-07-24,ios,affiliate,36.98,BR
AFF_AFF001_US_0706,2025-07-24,android,affiliate,115.69,US
AFF_AFF002_AU_0707,2025-07-24,android,affiliate,54.61,AU
AFF_AFF005_FR_0708,2025-07-25,android,affiliate,65.57,FR
AFF_AFF004_GB_0709,2025-07-25,ios,affiliate,85.93,GB
AFF_AFF004_AU_0710,2025-07-25,ios,affiliate,45.14,AU
AFF_AFF010_PL_0711,2025-07-25,ios,affiliate,63.18,PL
AFF_AFF004_FR_0712,2025-07-26,ios,affiliate,98.88,FR
AFF_AFF009_AU_0713,2025-07-26,ios,affiliate,58.4,AU
AFF_AFF002_FR_0714,2025-07-26,ios,affiliate,84.28,FR
AFF_AFF008_CA_0715,2025-07-27,android,affiliate,48.31,CA
AFF_AFF008_US_0716,2025-07-27,android,affiliate,108.64,US
AFF_AFF006_GB_0717,2025-07-27,ios,affiliate,64.88,GB
AFF_AFF003_AU_0718,2025-07-27,ios,affiliate,115.19,AU
AFF_AFF003_DE_0719,2025-07-28,android,affiliate,68.25,DE
AFF_AFF009_AU_0720,2025-07-28,ios,affiliate,58.83,AU
AFF_AFF010_SE_0721,2025-07-28,android,affiliate,79.45,SE
AFF_AFF005_FR_0722,2025-07-29,android,affiliate,67.19,FR
AFF_AFF007_NL_0723,2025-07-29,ios,affiliate,57.07,NL
AFF_AFF003_US_0724,2025-07-29,ios,affiliate,121.16,US
AFF_AFF004_US_0725,2025-07-30,android,affiliate,105.15,US
AFF_AFF003_US_0726,2025-07-30,ios,affiliate,57.67,US
AFF_AFF001_US_0727,2025-07-31,ios,affiliate,89.19,US
AFF_AFF006_US_0728,2025-07-31,ios,affiliate,67.73,US
AFF_AFF004_CA_0729,2025-07-31,android,affiliate,45.73,CA
AFF_AFF007_FR_0730,2025-08-01,ios,affiliate,110.46,FR
AFF_AFF006_SE_0731,2025-08-01,ios,affiliate,91.03,SE
AFF_AFF005_DE_0732,2025-08-01,ios,affiliate,81.39,DE
AFF_AFF002_US_0733,2025-08-02,ios,affiliate,52.46,US
AFF_AFF002_US_0734,2025-08-02,android,affiliate,95.93,US
AFF_AFF010_NL_0735,2025-08-03,ios,affiliate,78.99,NL
AFF_AFF005_CA_0736,2025-08-03,android,affiliate,56.21,CA
AFF_AFF008_SE_0737,2025-08-03,ios,affiliate,47.89,SE
AFF_AFF010_AU_0738,2025-08-04,ios,affiliate,78.34,AU
AFF_AFF007_DE_0739,2025-08-04,ios,affiliate,57.04,DE
AFF_AFF003_US_0740,2025-08-05,android,affiliate,98.81,US
AFF_AFF002_US_0741,2025-08-05,ios,affiliate,65.53,US
AFF_AFF006_NL_0742,2025-08-06,ios,affiliate,53.86,NL
AFF_AFF006_CA_0743,2025-08-06,ios,affiliate,92.98,CA
AFF_AFF009_US_0744,2025-08-07,ios,affiliate,77.92,US
AFF_AFF002_US_0745,2025-08-07,ios,affiliate,76.64,US
AFF_AFF007_CA_0746,2025-08-07,android,affiliate,106.66,CA
AFF_AFF002_SE_0747,2025-08-07,ios,affiliate,102.14,SE
AFF_AFF010_US_0748,2025-08-07,android,affiliate,98.63,US
AFF_AFF009_GB_0749,2025-08-08,ios,affiliate,102.11,GB
AFF_AFF006_FR_0750,2025-08-08,android,affiliate,75.32,FR
AFF_AFF010_US_0751,2025-08-08,ios,affiliate,85.54,US
AFF_AFF009_AU_0752,2025-08-09,ios,affiliate,45.77,AU
AFF_AFF003_NL_0753,2025-08-09,android,affiliate,67.51,NL
AFF_AFF008_US_0754,2025-08-09,ios,affiliate,81.73,US
AFF_AFF008_BR_0755,2025-08-10,ios,affiliate,54.1,BR
AFF_AFF001_US_0756,2025-08-10,ios,affiliate,96.61,US
AFF_AFF009_FR_0757,2025-08-10,ios,affiliate,87.43,FR
AFF_AFF007_PL_0758,2025-08-11,ios,affiliate,39.17,PL
AFF_AFF003_AU_0759,2025-08-11,ios,affiliate,62.8,AU
AFF_AFF003_US_0760,2025-08-11,ios,affiliate,56.03,US
AFF_AFF007_US_0761,2025-08-11,ios,affiliate,74.91,US
AFF_AFF008_DE_0762,2025-08-11,android,affiliate,94.37,DE
AFF_AFF004_GB_0763,2025-08-12,android,affiliate,37.76,GB
AFF_AFF001_US_0764,2025-08-12,ios,affiliate,62.35,US
AFF_AFF002_BR_0765,2025-08-12,android,affiliate,46.11,BR
AFF_AFF005_FR_0766,2025-08-12,ios,affiliate,92.17,FR
AFF_AFF010_SE_0767,2025-08-13,ios,affiliate,86.27,SE
AFF_AFF006_FR_0768,2025-08-13,ios,affiliate,56.13,FR
AFF_AFF003_US_0769,2025-08-13,ios,affiliate,55.73,US
AFF_AFF009_DE_0770,2025-08-14,ios,affiliate,64.41,DE
AFF_AFF002_GB_0771,2025-08-14,android,affiliate,132.1,GB
AFF_AFF002_US_0772,2025-08-14,ios,affiliate,93.28,US
AFF_AFF005_FR_0773,2025-08-14,android,affiliate,71.24,FR
AFF_AFF003_US_0774,2025-08-14,android,affiliate,126.04,US
AFF_AFF008_BR_0775,2025-08-15,android,affiliate,57.29,BR
AFF_AFF002_US_0776,2025-08-15,android,affiliate,100.21,US
AFF_AFF007_DE_0777,2025-08-15,ios,affiliate,92.58,DE
AFF_AFF010_US_0778,2025-08-15,ios,affiliate,80.25,US
AFF_AFF007_FR_0779,2025-08-16,android,affiliate,78.7,FR
AFF_AFF004_US_0780,2025-08-16,ios,affiliate,93.27,US
AFF_AFF003_GB_0781,2025-08-16,android,affiliate,97.51,GB
AFF_AFF004_US_0782,2025-08-16,ios,affiliate,78.68,US
AFF_AFF007_PL_0783,2025-08-16,ios,affiliate,49.46,PL
AFF_AFF005_GB_0784,2025-08-17,ios,affiliate,91.31,GB
AFF_AFF001_PL_0785,2025-08-17,ios,affiliate,54.51,PL
AFF_AFF005_GB_0786,2025-08-17,android,affiliate,90.77,GB
AFF_AFF010_CA_0787,2025-08-18,ios,affiliate,65.61,CA
AFF_AFF003_CA_0788,2025-08-18,ios,affiliate,54.8,CA
AFF_AFF001_US_0789,2025-08-18,ios,affiliate,97.36,US
AFF_AFF006_DE_0790,2025-08-18,ios,affiliate,71.19,DE
AFF_AFF006_BR_0791,2025-08-19,android,affiliate,36.74,BR
AFF_AFF010_FR_0792,2025-08-19,ios,affiliate,73.48,FR
AFF_AFF003_DE_0793,2025-08-19,ios,affiliate,87.54,DE
AFF_AFF007_CA_0794,2025-08-19,ios,affiliate,60.1,CA
AFF_AFF010_SE_0795,2025-08-19,ios,affiliate,90.83,SE
AFF_AFF010_FR_0796,2025-08-20,ios,affiliate,97.95,FR
AFF_AFF010_CA_0797,2025-08-20,ios,affiliate,109.99,CA
AFF_AFF009_CA_0798,2025-08-20,ios,affiliate,65.22,CA
AFF_AFF006_GB_0799,2025-08-20,ios,affiliate,90.35,GB
AFF_AFF002_DE_0800,2025-08-20,ios,affiliate,91.92,DE
AFF_AFF010_GB_0801,2025-08-21,ios,affiliate,88.16,GB
AFF_AFF007_US_0802,2025-08-21,android,affiliate,96.55,US
AFF_AFF002_FR_0803,2025-08-21,ios,affiliate,69.37,FR
AFF_AFF001_PL_0804,2025-08-21,ios,affiliate,66.13,PL
AFF_AFF001_GB_0805,2025-08-22,ios,affiliate,106.63,GB
AFF_AFF009_US_0806,2025-08-22,ios,affiliate,102.35,US
AFF_AFF008_SE_0807,2025-08-23,android,affiliate,88.91,SE
AFF_AFF005_GB_0808,2025-08-23,ios,affiliate,115.0,GB
AFF_AFF009_CA_0809,2025-08-23,ios,affiliate,84.53,CA
AFF_AFF005_US_0810,2025-08-24,android,affiliate,91.72,US
AFF_AFF010_US_0811,2025-08-24,ios,affiliate,137.05,US
AFF_AFF002_AU_0812,2025-08-24,android,affiliate,62.12,AU
AFF_AFF004_GB_0813,2025-08-25,ios,affiliate,66.79,GB
AFF_AFF010_FR_0814,2025-08-25,ios,affiliate,92.04,FR
AFF_AFF010_GB_0815,2025-08-26,android,affiliate,94.36,GB
AFF_AFF006_NL_0816,2025-08-26,ios,affiliate,57.75,NL
AFF_AFF004_SE_0817,2025-08-27,ios,affiliate,50.26,SE
AFF_AFF008_AU_0818,2025-08-27,android,affiliate,57.23,AU
AFF_AFF001_SE_0819,2025-08-27,ios,affiliate,94.04,SE
AFF_AFF006_CA_0820,2025-08-27,android,affiliate,76.79,CA
AFF_AFF009_AU_0821,2025-08-27,android,affiliate,88.03,AU
AFF_AFF007_DE_0822,2025-08-28,ios,affiliate,51.06,DE
AFF_AFF004_BR_0823,2025-08-28,ios,affiliate,41.01,BR
AFF_AFF005_GB_0824,2025-08-28,ios,affiliate,118.76,GB
AFF_AFF006_US_0825,2025-08-28,android,affiliate,96.12,US
AFF_AFF009_PL_0826,2025-08-29,android,affiliate,66.64,PL
AFF_AFF004_DE_0827,2025-08-29,ios,affiliate,97.2,DE
AFF_AFF005_DE_0828,2025-08-29,ios,affiliate,80.62,DE
AFF_AFF009_DE_0829,2025-08-29,ios,affiliate,67.88,DE
AFF_AFF002_DE_0830,2025-08-29,android,affiliate,78.33,DE
AFF_AFF003_FR_0831,2025-08-30,android,affiliate,93.83,FR
AFF_AFF007_AU_0832,2025-08-30,ios,affiliate,76.92,AU
AFF_AFF010_NL_0833,2025-08-30,android,affiliate,95.63,NL
AFF_AFF008_US_0834,2025-08-30,ios,affiliate,114.91,US
AFF_AFF003_GB_0835,2025-08-30,android,affiliate,126.83,GB
AFF_AFF004_FR_0836,2025-08-31,android,affiliate,53.9,FR
AFF_AFF003_US_0837,2025-08-31,ios,affiliate,81.24,US
